n_subject,coef_type,rep,seed,success,error_message,elapsed_seconds,covariance_mode,signal_bandwidth_input,signal_bandwidth_method,best_signal_bandwidth,variance_bandwidth_input,variance_bandwidth_method,best_variance_bandwidth,sigma2_true,rho_true,miae_iid,rmise_iid,beta_mae_iid,beta_rmse_iid,miae_final,rmise_final,beta_mae_final,beta_rmse_final,sigma2_miae,sigma2_rmise,rho_abs_error,Sigma_fro_error
1000,base1,2,125,1,,931.8919906140072,exchangeable_varying_sigma,0.18,fixed,0.18,0.18,fixed,0.18,1.0,0.6,0.0520749087209774,0.07024703577483801,0.019262968189979773,0.02272338570460012,0.046218564860046926,0.06309799041800389,0.014647675881047095,0.017585782288972993,0.29433031459164566,0.3021212611269474,0.1351825082807569,0.5667630767611805
1000,base1,0,123,1,,988.3206631370122,exchangeable_varying_sigma,0.18,fixed,0.18,0.18,fixed,0.18,1.0,0.6,0.05274510861573332,0.07134792293049386,0.019874104874760296,0.02578002256757645,0.047194769545299026,0.06491633608361658,0.026667766760463923,0.029388462951340906,0.33483771496531484,0.3429055285342664,0.22123240808743672,0.6830237544200325
1000,base1,2,125,1,,1002.0879980989848,exchangeable_varying_sigma,0.18,fixed,0.18,0.18,fixed,0.18,1.0,0.0,0.04889307366818189,0.06456818674841024,0.015861626466648016,0.01760693805241396,0.048942429970059986,0.06464573646347291,0.016160293109033608,0.017534382311049916,0.2849064241351605,0.2945105373691836,0.01792380186046353,0.4033260492843178
1000,base1,1,124,1,,1008.021459275973,exchangeable_varying_sigma,0.18,fixed,0.18,0.18,fixed,0.18,1.0,0.3,0.04978863854327239,0.06783777761504671,0.024957659782837233,0.030968366041796567,0.048621194909803704,0.06626479160457947,0.027161337738459856,0.03261764565744014,0.37194217979352984,0.38172847151479905,0.08207215660996489,0.5743726357494812
1000,base1,1,124,1,,1011.7839665939682,exchangeable_varying_sigma,0.18,fixed,0.18,0.18,fixed,0.18,1.0,0.6,0.04985993331904043,0.06822508644889218,0.02711256127976233,0.034388665867012454,0.044551776008350724,0.06102808068555513,0.02946659120610126,0.03572329258897501,0.3705202825963467,0.3809670533520303,0.16314590634828302,0.6970168799649572
1000,base1,0,123,1,,1027.136858992977,exchangeable_varying_sigma,0.18,fixed,0.18,0.18,fixed,0.18,1.0,0.0,0.052750318465247685,0.07553554725784978,0.019814341710950298,0.020836200365893287,0.052849894443647925,0.07584745763485803,0.01958611764879685,0.021260638804043573,0.2861290520804139,0.29519099200495325,0.01380275459161693,0.40488745016443994
1000,base1,2,125,1,,1076.390547153016,exchangeable_varying_sigma,0.18,fixed,0.18,0.18,fixed,0.18,1.0,0.3,0.051961279642137,0.07012887934321052,0.016080244567264812,0.020715148477136916,0.05052234989222854,0.0685245288542524,0.014113851858164134,0.01906043714878202,0.298851085611626,0.3068508210426387,0.05887759010159954,0.46142506158546104
1000,base1,0,123,1,,1101.31098794,exchangeable_varying_sigma,0.18,fixed,0.18,0.18,fixed,0.18,1.0,0.3,0.0525141406119155,0.07150960749650863,0.019791130798758938,0.02474605649687282,0.05157101521150179,0.07049873835667318,0.024867746221423126,0.028045657243057003,0.3237303654950347,0.33118463501379064,0.15107834501938935,0.5376195272976017
1000,base1,1,124,1,,1123.0922627020045,exchangeable_varying_sigma,0.18,fixed,0.18,0.18,fixed,0.18,1.0,0.9,0.04978543489417025,0.06850608130655539,0.02877723704126553,0.037677312952544284,0.03570571196762031,0.04968082696943328,0.02999590350956835,0.037216798481773,0.36938246228400873,0.3806780213961651,0.24479095299216347,0.8642117407869901
1000,base1,1,124,1,,1125.6250506180222,exchangeable_varying_sigma,0.18,fixed,0.18,0.18,fixed,0.18,1.0,0.0,0.04759699440113233,0.06570871610641142,0.022204525187819596,0.02659589847518915,0.04783518669812717,0.06632865542817382,0.022845416791551332,0.02885760535602487,0.36417417692001136,0.3737666509409943,0.020560637160727244,0.5153517906192404
1000,base1,0,123,1,,1160.7547781940084,exchangeable_varying_sigma,0.18,fixed,0.18,0.18,fixed,0.18,1.0,0.9,0.05329599414871246,0.07147391041696806,0.019679718434871207,0.02638012218981973,0.037948282594781856,0.05319145513245496,0.027012259415761436,0.0295402673627162,0.3444831369204834,0.35332780552085125,0.2834520413594003,0.8538481520028605
1000,base1,2,125,1,,1247.7684488269733,exchangeable_varying_sigma,0.18,fixed,0.18,0.18,fixed,0.18,1.0,0.9,0.051925001160669323,0.06988245447834644,0.022860956220732337,0.025717293662413935,0.03645388549193941,0.05078325829943973,0.015359486817842383,0.016019023080191146,0.28829738712815234,0.2959821648629683,0.21578886696481003,0.7123505856304914
1000,base2,0,123,1,,928.1877239129972,exchangeable_varying_sigma,0.18,fixed,0.18,0.18,fixed,0.18,1.0,0.0,0.05349852894591991,0.0753383744379483,0.018050996822601847,0.01983084925048996,0.053589189328574656,0.0756151333788797,0.018097406124314375,0.02039630815156828,0.2838300008443757,0.2919735632351659,0.01976650846040656,0.40189517743149494
1000,base2,2,125,1,,939.9984165340429,exchangeable_varying_sigma,0.18,fixed,0.18,0.18,fixed,0.18,1.0,0.0,0.05011766795852035,0.06525946326163219,0.01840073118437141,0.019197785713378407,0.05019730135182898,0.06537404318744722,0.01830717731017001,0.019567064460122404,0.28421303293737266,0.2958815613658137,0.004347100164198521,0.40196201345735666
1000,base2,1,124,1,,1003.4762310729711,exchangeable_varying_sigma,0.18,fixed,0.18,0.18,fixed,0.18,1.0,0.0,0.04842785023154969,0.0664699349083704,0.020629990028218123,0.02492929607157376,0.04877674958925785,0.06719993918629506,0.02099296623070253,0.026995338160876275,0.3677963646567546,0.37838929138872074,0.007960243778632732,0.5201912953158744
1000,base2,0,123,1,,1012.733938616002,exchangeable_varying_sigma,0.18,fixed,0.18,0.18,fixed,0.18,1.0,0.3,0.05021425965134624,0.06933697083726918,0.01609553348171422,0.022148845170644485,0.049535420568489974,0.06846060921293079,0.021375882150696773,0.024849951664576903,0.32270003646306766,0.3311669315706947,0.13682561643862348,0.5292234694864915
1000,base2,1,124,1,,1039.3603062350303,exchangeable_varying_sigma,0.18,fixed,0.18,0.18,fixed,0.18,1.0,0.3,0.04799331235440546,0.0662914638031027,0.026794996723750214,0.033262798933919424,0.046853079826829264,0.06493109153612497,0.028415908250438188,0.034499882391843345,0.3728600543164,0.38357921081434365,0.07524283363972145,0.5732716415869903
1000,base2,2,125,1,,1059.4909743890166,exchangeable_varying_sigma,0.18,fixed,0.18,0.18,fixed,0.18,1.0,0.3,0.05208068774368798,0.0702523527885011,0.017809098085975555,0.02159532004204736,0.05071719596720006,0.0688441241558626,0.014673215551030627,0.018419181585094844,0.3041774698597644,0.31245307289187113,0.05138773176419459,0.46616621246712386
1000,base2,1,124,1,,1060.7471704490017,exchangeable_varying_sigma,0.18,fixed,0.18,0.18,fixed,0.18,1.0,0.6,0.04795524286941228,0.06671673081730908,0.028949898220674813,0.036764999365309414,0.042793403718288166,0.059862536233871444,0.030237981538576653,0.03700747921664232,0.37030760199967405,0.3820691912032248,0.1539629746800597,0.6913380517003844
1000,base2,0,123,1,,1096.291326061997,exchangeable_varying_sigma,0.18,fixed,0.18,0.18,fixed,0.18,1.0,0.6,0.05023145544357737,0.06919663691205172,0.016178507557715632,0.023286379578052813,0.04529204274779155,0.06303170249558027,0.023576513298824653,0.026274003511113996,0.33442132903840505,0.3432940212452494,0.20376905386401584,0.6707010299906984
1000,base2,2,125,1,,1092.6355800949968,exchangeable_varying_sigma,0.18,fixed,0.18,0.18,fixed,0.18,1.0,0.6,0.052093664014258155,0.07014723551979297,0.018485199297996524,0.02337670019093543,0.04636298807922479,0.0633490131199748,0.012841210968774525,0.016487234771200013,0.3000199747796652,0.3082383304336872,0.12833761849263287,0.5706640279164306
1000,base2,0,123,1,,1156.067930123012,exchangeable_varying_sigma,0.18,fixed,0.18,0.18,fixed,0.18,1.0,0.9,0.05073726558481089,0.06946279699293942,0.01677550357536997,0.02403556524736775,0.03591549739576503,0.051305718357720735,0.024311214845757434,0.026509277499501556,0.3449281111612389,0.35431504229926924,0.2616353197688154,0.8380107001807476
1000,base2,1,124,1,,1125.989212267974,exchangeable_varying_sigma,0.18,fixed,0.18,0.18,fixed,0.18,1.0,0.9,0.04775593688100015,0.0671145278454716,0.03069678951023566,0.040133502703707,0.03386313913886672,0.04867889222856913,0.030110701045287208,0.03771116601144289,0.3676127072211608,0.38071850610439995,0.23382861774553942,0.8535965702040832
1000,base2,2,125,1,,1078.2390929150279,exchangeable_varying_sigma,0.18,fixed,0.18,0.18,fixed,0.18,1.0,0.9,0.0517276878239644,0.06946685661603559,0.02050510695707436,0.026101259366734953,0.036202539483961176,0.050646023781765755,0.010615932871160416,0.014966027436677114,0.2942757484022851,0.3026052578034301,0.21061708478266528,0.7177307130732126
1000,base3,0,123,1,,998.2615963840508,exchangeable_varying_sigma,0.18,fixed,0.18,0.18,fixed,0.18,1.0,0.0,0.06653487044355373,0.08928301612500561,0.013202573939199283,0.015706265423925277,0.06784211450120459,0.09077519529647024,0.015133996316421289,0.018155491155364765,0.16579433951361944,0.20246329954099773,0.039047281571991194,0.2231943434794798
1000,base3,1,124,1,,926.0026022790116,exchangeable_varying_sigma,0.18,fixed,0.18,0.18,fixed,0.18,1.0,0.0,0.0638623794587119,0.08248668804821528,0.02199685418500741,0.025746782660560383,0.06521951160616274,0.08431837705787792,0.023759203764025946,0.029126033329362474,0.2347804027435306,0.2627695761649881,7.832065435887491e-05,0.3320296405573423
1000,base3,2,125,1,,989.8137058920111,exchangeable_varying_sigma,0.18,fixed,0.18,0.18,fixed,0.18,1.0,0.0,0.05911705237992046,0.07648733597026403,0.016803834021789005,0.021641102874952925,0.06017281831369406,0.0776558036451024,0.015194175436647667,0.019627528071385607,0.15579053778005147,0.19367627385642677,0.016362194568957936,0.21730326143912385
1000,base3,0,123,1,,1015.5824130860274,exchangeable_varying_sigma,0.18,fixed,0.18,0.18,fixed,0.18,1.0,0.3,0.0666812656493483,0.08598240335332817,0.014156420210936105,0.022247014384754866,0.06704045624318478,0.08649117895994729,0.020032715762690972,0.026350055867148055,0.18456623898962174,0.22265294131950808,0.18546577017022686,0.3917915018330721
1000,base3,1,124,1,,1079.6215435390477,exchangeable_varying_sigma,0.18,fixed,0.18,0.18,fixed,0.18,1.0,0.3,0.06602971556420503,0.08500768350249727,0.024704537747390565,0.03114776472285842,0.0663553533448607,0.08531216210887378,0.026521581387601578,0.0322147664569365,0.2459814131093394,0.27312626288128045,0.10005069326651414,0.40688522573818525
1000,base3,2,125,1,,1089.5279915279825,exchangeable_varying_sigma,0.18,fixed,0.18,0.18,fixed,0.18,1.0,0.3,0.06764228368041322,0.08603430439671365,0.019914471329003258,0.022934338965294822,0.06731073387180693,0.08562624846328568,0.018716136507294034,0.02285551314433969,0.18196455226644873,0.21338756510227452,0.11340014396449435,0.33113292449671
1000,base3,0,123,1,,1103.4980222640443,exchangeable_varying_sigma,0.18,fixed,0.18,0.18,fixed,0.18,1.0,0.6,0.06715166185152555,0.08610966627395134,0.01583411368993931,0.023872440177955655,0.06406602327363942,0.082671134263176,0.02050617161228757,0.026941492056585702,0.19571507164694021,0.23244597586462795,0.2941317606427519,0.5720431751070943
1000,base3,1,124,1,,1119.5032202819712,exchangeable_varying_sigma,0.18,fixed,0.18,0.18,fixed,0.18,1.0,0.6,0.0659655362123393,0.08513199443488587,0.027603885554785018,0.03477271999311436,0.06353065129887037,0.08171802337671003,0.028913785039209883,0.035742808913403284,0.24345064369843455,0.27063195167076215,0.21884251994013937,0.5592583201283401
1000,base3,2,125,1,,1131.4217864119564,exchangeable_varying_sigma,0.18,fixed,0.18,0.18,fixed,0.18,1.0,0.6,0.06823598917128192,0.08661624222718854,0.02309719495172119,0.024882506546505055,0.06473842850769382,0.08230140167646303,0.020275831333202793,0.02309838286157687,0.17774405826031725,0.2096386484196359,0.22197239212379838,0.4800189352967545
1000,base3,1,124,1,,1096.013931146008,exchangeable_varying_sigma,0.18,fixed,0.18,0.18,fixed,0.18,1.0,0.9,0.06572922341340375,0.08503114837615804,0.031706481689203675,0.03830594539722818,0.05803960820306899,0.07493840785383611,0.029996467106349983,0.038245848704792765,0.2408062926045949,0.2685245684505222,0.34004256506681174,0.7529971196376903
1000,base3,0,123,1,,1114.1730304270168,exchangeable_varying_sigma,0.18,fixed,0.18,0.18,fixed,0.18,1.0,0.9,0.06788560108233126,0.08657903305063858,0.01816782594974578,0.02526298621312293,0.0588219267503314,0.07591507131333086,0.019731983610267984,0.026224275463066365,0.2055436509264145,0.24047281270827375,0.3960283870021769,0.7640221093257985
1000,base3,2,125,1,,1153.2881259819842,exchangeable_varying_sigma,0.18,fixed,0.18,0.18,fixed,0.18,1.0,0.9,0.06870454354572977,0.08691631176622229,0.02669518298246859,0.027850270154459737,0.05936168534777299,0.0753774298797908,0.022406942854394846,0.02427189330493964,0.17441656287638016,0.20459834372549304,0.33242779356840524,0.6547971560157645
1000,base4,1,124,1,,925.6108032109914,exchangeable_varying_sigma,0.18,fixed,0.18,0.18,fixed,0.18,1.0,0.0,0.04609484866720449,0.06422737227661697,0.021611903681395594,0.025746142983594456,0.046303099070878095,0.06482218530879848,0.022200513551691406,0.02781564492675642,0.3781335635954461,0.3862654172658184,0.013859547658584317,0.5349005055439356
1000,base4,0,123,1,,1032.5609083889867,exchangeable_varying_sigma,0.18,fixed,0.18,0.18,fixed,0.18,1.0,0.0,0.05097239192254161,0.07374715972884015,0.01787481744567855,0.019171521790404874,0.05102533383790118,0.07399277029568505,0.017936620716828583,0.019744454315673482,0.3012911919186814,0.308993859749041,0.0222154647376471,0.42665517501964223
1000,base4,2,125,1,,1000.7452396239969,exchangeable_varying_sigma,0.18,fixed,0.18,0.18,fixed,0.18,1.0,0.0,0.04608201382212175,0.06199117868986469,0.016122211406735143,0.017769568848376518,0.04610453120082909,0.06204773863572854,0.01654756673041835,0.018032004054356784,0.295997363770666,0.3048052577537298,0.010448505704131122,0.41873272332904304
1000,base4,0,123,1,,1019.3628595480113,exchangeable_varying_sigma,0.18,fixed,0.18,0.18,fixed,0.18,1.0,0.3,0.04977723462646586,0.06893953794810864,0.017031582765599962,0.023053262651937342,0.048770623966581286,0.06781526420346211,0.02194356947103787,0.025801396788141057,0.3378637297258646,0.34428610861094217,0.1442146511983842,0.552994353598415
1000,base4,1,124,1,,1101.9656652919948,exchangeable_varying_sigma,0.18,fixed,0.18,0.18,fixed,0.18,1.0,0.3,0.04747099732006137,0.0657971188457281,0.02555010330506896,0.03173823572483419,0.04616734837138093,0.06411739232975552,0.027400130989689048,0.03289383789171511,0.38564165834256664,0.39401119085358793,0.0687966096542851,0.5893560948078105
1000,base4,2,125,1,,1134.276269243972,exchangeable_varying_sigma,0.18,fixed,0.18,0.18,fixed,0.18,1.0,0.3,0.05023414133161778,0.06875381083090848,0.015968915034916986,0.020374464288974208,0.0487846194579552,0.06709375536949426,0.013617899596746974,0.01847617469258836,0.315046845839438,0.32190978478220467,0.06073815853982459,0.4853499997248937
1000,base4,0,123,1,,1151.4655963510158,exchangeable_varying_sigma,0.18,fixed,0.18,0.18,fixed,0.18,1.0,0.6,0.050104869098695555,0.06884650831110845,0.017114556841600126,0.024249621198285023,0.04407364301792,0.06195384507772254,0.023656811121179927,0.02695017282013488,0.3491942559203226,0.35606178222850643,0.2076422386616843,0.6938604433569127
1000,base4,0,123,1,,1049.548464181018,exchangeable_varying_sigma,0.18,fixed,0.18,0.18,fixed,0.18,1.0,0.9,0.05076358029434637,0.06911632752197605,0.018212505974011917,0.025063982987010885,0.03353976869185962,0.049334828038185334,0.023855094068384985,0.026843416724484825,0.3591777853990351,0.3665474361090097,0.26210147878660794,0.8605884252600162
1000,base4,2,125,1,,1089.812361875025,exchangeable_varying_sigma,0.18,fixed,0.18,0.18,fixed,0.18,1.0,0.6,0.05044980193541045,0.06891646592788021,0.018582096811030957,0.02238403068712136,0.044421828544276384,0.06153348168007075,0.01410003009567437,0.016913777454056173,0.3107132768011862,0.31754648984023,0.13277227640708555,0.5895706801766701
1000,base4,1,124,1,,1174.7237760170246,exchangeable_varying_sigma,0.18,fixed,0.18,0.18,fixed,0.18,1.0,0.6,0.04747856620034412,0.06615891889360455,0.02770500480199181,0.03523547422249074,0.04162883403771218,0.05851799465706903,0.029422267969244076,0.035757691365673645,0.3836022924107995,0.392713387722519,0.1446373822163573,0.7058514348840836
1000,base4,1,124,1,,1288.4741276269779,exchangeable_varying_sigma,0.18,fixed,0.18,0.18,fixed,0.18,1.0,0.9,0.04732325861559375,0.06640401357908693,0.02977413588561892,0.03860687285274444,0.031276228595354394,0.04603561034533188,0.02951184513028507,0.036925447956072596,0.38161818987900004,0.391670387076943,0.22183149090914478,0.8679175721653715
1000,base4,2,125,1,,1321.2727955469745,exchangeable_varying_sigma,0.18,fixed,0.18,0.18,fixed,0.18,1.0,0.9,0.050434336291292146,0.06858321301598373,0.022180084841782965,0.025392688001210872,0.033794231628904665,0.048517350328627744,0.014690197265787575,0.015476947950264506,0.30480370231022014,0.31180221623396637,0.2093330306268647,0.7337302751572307
2000,base1,1,124,1,,4048.651952310989,exchangeable_varying_sigma,0.18,fixed,0.18,0.18,fixed,0.18,1.0,0.0,0.03215164432124312,0.041580451208023006,0.00845072940473579,0.008721292544091395,0.03216558253566122,0.041576906719650523,0.008646280257810529,0.008991320493996244,0.1459876990126711,0.14962791271230289,0.003375501921460467,0.20649803068577688
2000,base1,2,125,1,,4164.083954333968,exchangeable_varying_sigma,0.18,fixed,0.18,0.18,fixed,0.18,1.0,0.0,0.03421798681140546,0.04412742098780802,0.014604387625343829,0.016256343872401487,0.03424376248102902,0.044177909134145356,0.014604359494525945,0.01633906603416731,0.1504078234592216,0.15725221410370877,0.010058157157894513,0.21305180614318775
2000,base1,0,123,1,,4162.069003497018,exchangeable_varying_sigma,0.18,fixed,0.18,0.18,fixed,0.18,1.0,0.3,0.03364180285503965,0.04321857525794452,0.013743739564941404,0.01452351870949673,0.032596846373285415,0.04170796332146318,0.014464587523303762,0.01522114561583266,0.1861999741082417,0.19056719875829659,0.07241518984401482,0.30934612727140004
2000,base1,0,123,1,,4482.085233641032,exchangeable_varying_sigma,0.18,fixed,0.18,0.18,fixed,0.18,1.0,0.0,0.03179245937115042,0.04020809542976751,0.004933063725679698,0.005295963147121268,0.03183531982052101,0.04025643580757547,0.005109675642640532,0.005769747947467107,0.1763206644060306,0.18071451112880982,0.013560120719727153,0.24985486799021805
2000,base1,1,124,1,,4247.025140077982,exchangeable_varying_sigma,0.18,fixed,0.18,0.18,fixed,0.18,1.0,0.3,0.0324551414970087,0.04321240174955544,0.011877364062259171,0.01341588865821386,0.03177632193304737,0.041989979467595064,0.011494562273567377,0.013472822539953237,0.1503149818438261,0.15763217894399634,0.019391033189659457,0.22971962416008787
2000,base1,2,125,1,,4343.948176001955,exchangeable_varying_sigma,0.18,fixed,0.18,0.18,fixed,0.18,1.0,0.3,0.03323700026890015,0.04245504122646498,0.014361632733966928,0.018411684724047018,0.0325181627470451,0.04159770781671413,0.012903943048260924,0.015540860231293169,0.14402051467381685,0.15734072543480446,0.048145798818952035,0.23608601140068633
2000,base1,1,124,1,,4390.426036130986,exchangeable_varying_sigma,0.18,fixed,0.18,0.18,fixed,0.18,1.0,0.6,0.03185856521921451,0.04269634659835328,0.013852512028191405,0.015037834831538515,0.028311450258481797,0.03725531634158055,0.013354676525318326,0.014923271349159216,0.14594713603331605,0.15565762246471432,0.06359955909893344,0.28786145652900896
2000,base1,2,125,1,,4482.759041587997,exchangeable_varying_sigma,0.18,fixed,0.18,0.18,fixed,0.18,1.0,0.6,0.03290531893864975,0.04236436139327492,0.016554741741039658,0.02199248165317797,0.02925990370400073,0.03739877113981289,0.013431179898031664,0.016482608003577353,0.14725493200951859,0.16025629447735507,0.09130339697465073,0.31403907816231613
2000,base1,0,123,1,,4476.032161058043,exchangeable_varying_sigma,0.18,fixed,0.18,0.18,fixed,0.18,1.0,0.9,0.03410458350912583,0.043681503489202404,0.01666685653802019,0.01774614392337674,0.02184058054169229,0.0273777381362307,0.017722431537722405,0.01874222750833274,0.19390088315009127,0.19939148246147778,0.15006593322169592,0.49981052465968745
2000,base1,0,123,1,,4568.572222098999,exchangeable_varying_sigma,0.18,fixed,0.18,0.18,fixed,0.18,1.0,0.6,0.03382723649002737,0.043496489554787215,0.015254636610769395,0.016160793673139707,0.02937266238394305,0.03731294693181067,0.016142644369511544,0.017052917311651403,0.19017443671877543,0.19505954596889194,0.11265951805619473,0.39580427367161003
2000,base1,1,124,1,,4568.19779373199,exchangeable_varying_sigma,0.18,fixed,0.18,0.18,fixed,0.18,1.0,0.9,0.03127109643848493,0.04174996728058734,0.015935773867860242,0.016747120971225805,0.02074690560363589,0.026527441103872885,0.01611294122613524,0.017047937157431414,0.14015047719907645,0.15315710677234706,0.1124171787354652,0.3722385991272044
2000,base1,2,125,1,,4519.395312196983,exchangeable_varying_sigma,0.18,fixed,0.18,0.18,fixed,0.18,1.0,0.9,0.03251450519254454,0.04237567261133435,0.019687482971700893,0.026104568380599397,0.021785279313384604,0.027185966522786476,0.013958336156692036,0.01836318936177702,0.151278759701867,0.1634568585855176,0.13133557967651355,0.41036575419826454
2000,base2,0,123,1,,4159.893347338017,exchangeable_varying_sigma,0.18,fixed,0.18,0.18,fixed,0.18,1.0,0.0,0.03205373756354665,0.04129086570860169,0.005091542234717944,0.006406545162923437,0.03213383074658659,0.04136492249815437,0.005677928287019893,0.007325781047268639,0.17821708893396432,0.18327951113127225,0.020505798889849842,0.2531612040138821
2000,base2,1,124,1,,4147.184368571034,exchangeable_varying_sigma,0.18,fixed,0.18,0.18,fixed,0.18,1.0,0.0,0.03215681328108945,0.041595922890774566,0.006647108550815933,0.007368576877505355,0.032178973747949535,0.04159831222371578,0.006845433796899808,0.007756808427360426,0.14435041397041123,0.14829080143368964,0.007670655795527455,0.20435322433026387
2000,base2,2,125,1,,4330.9661582710105,exchangeable_varying_sigma,0.18,fixed,0.18,0.18,fixed,0.18,1.0,0.0,0.0340867769696022,0.04413806084330212,0.013124583818208538,0.01628029336008012,0.034165916602158584,0.04423901882449477,0.013404126113939596,0.016799938519333764,0.1513685308397399,0.15995418086982222,0.017465444158851925,0.2150912163545862
2000,base2,0,123,1,,4619.794504420017,exchangeable_varying_sigma,0.18,fixed,0.18,0.18,fixed,0.18,1.0,0.3,0.03166988523335867,0.04137596780189561,0.012825246508161608,0.013196574867871208,0.030804227698062847,0.040092799619615246,0.013557702945976108,0.01373382198194359,0.1856012776729409,0.1921140386810669,0.05869892344676328,0.30052261079744685
2000,base2,0,123,1,,4358.812584752974,exchangeable_varying_sigma,0.18,fixed,0.18,0.18,fixed,0.18,1.0,0.6,0.031730051100550966,0.0414604712174107,0.014336143553990821,0.014856574647151791,0.027588154321618305,0.0357161480660568,0.015220706838134479,0.01555529126790864,0.18925710109897134,0.1960870762113428,0.09742034086323659,0.3818083004056385
2000,base2,2,125,1,,4351.362798749004,exchangeable_varying_sigma,0.18,fixed,0.18,0.18,fixed,0.18,1.0,0.6,0.03188928345822083,0.041321572837793405,0.014786978152719454,0.021014591372658153,0.028244294790357963,0.03659632302111858,0.011980262752594228,0.015720206189582236,0.1500517561529012,0.1651358462528784,0.08985601873095506,0.3168779798839047
2000,base2,2,125,1,,4670.29049778101,exchangeable_varying_sigma,0.18,fixed,0.18,0.18,fixed,0.18,1.0,0.3,0.032013157768183545,0.041370535186853644,0.012828247341955562,0.01735027857940751,0.031408042243762375,0.04066025432303223,0.011458738124565049,0.01452534704320422,0.1470095083007057,0.16262239610686136,0.04668834318591253,0.23939770988113887
2000,base2,0,123,1,,4341.87933496997,exchangeable_varying_sigma,0.18,fixed,0.18,0.18,fixed,0.18,1.0,0.9,0.03185914297759667,0.04146719634560649,0.01574836348124048,0.016482279018596988,0.020119482433874753,0.025748725318486338,0.016808339214345852,0.017363278318347067,0.19256909314954043,0.19971260060076682,0.13365166795393935,0.48201928650794784
2000,base2,1,124,1,,4478.077791545016,exchangeable_varying_sigma,0.18,fixed,0.18,0.18,fixed,0.18,1.0,0.6,0.03221186451140853,0.04271270458185212,0.015550120000788842,0.016673875362554727,0.028525284627764432,0.037046503779528124,0.01497398751762688,0.016452812074855914,0.14416458033618154,0.15181854399042571,0.07515693677091784,0.2950603830288176
2000,base2,1,124,1,,4919.547769734985,exchangeable_varying_sigma,0.18,fixed,0.18,0.18,fixed,0.18,1.0,0.3,0.032690029750058386,0.04311276381383586,0.013574972034859328,0.015058769488823892,0.031998694889357776,0.041786388185042406,0.013205867361235468,0.015072936749654132,0.14771725610584865,0.15412809893708138,0.032342066272608494,0.23232342934117375
2000,base2,1,124,1,,4572.1361813269905,exchangeable_varying_sigma,0.18,fixed,0.18,0.18,fixed,0.18,1.0,0.9,0.031582818529355794,0.041927078231344825,0.017633381840459067,0.01835787621389926,0.02042514382129171,0.02628854514889229,0.017534726066185613,0.018362611086007286,0.13963609224602172,0.14952634266024087,0.12058813276781266,0.37982302676229557
2000,base2,2,125,1,,4819.771759261959,exchangeable_varying_sigma,0.18,fixed,0.18,0.18,fixed,0.18,1.0,0.9,0.031817872978804854,0.04143809774204733,0.017700516565978597,0.025218379341981866,0.020587236514412813,0.02657414062476277,0.013846895072656795,0.018061988363838197,0.15372163451331777,0.16755150071737995,0.13043621910211045,0.41351989619949003
2000,base3,1,124,1,,4120.117491928977,exchangeable_varying_sigma,0.18,fixed,0.18,0.18,fixed,0.18,1.0,0.0,0.050291943878127056,0.06257124963323353,0.015200018179832353,0.01607642855722632,0.051162767702326556,0.06363161715734793,0.014786703025784581,0.015870346102122995,0.08103525204514497,0.09827359633445654,0.0051105095256106,0.03431332383816136
2000,base3,0,123,1,,4739.7088712779805,exchangeable_varying_sigma,0.18,fixed,0.18,0.18,fixed,0.18,1.0,0.0,0.049617670355457166,0.06071439156246933,0.006145718923629528,0.007277921431423762,0.05046346308403032,0.06176754241948204,0.006627682259727707,0.007490801711444272,0.0778762009461521,0.09258648555067421,0.01620520082600487,0.03309466524690379
2000,base3,2,125,1,,4402.1834804309765,exchangeable_varying_sigma,0.18,fixed,0.18,0.18,fixed,0.18,1.0,0.0,0.051043014995928476,0.06276166101546952,0.023622192040975293,0.02385975022044243,0.05213975745390374,0.06406967277120346,0.023478064652121253,0.023729960039180074,0.09685197727938945,0.11403638441459142,0.00685976645203573,0.02730125534677518
2000,base3,0,123,1,,4150.774562728009,exchangeable_varying_sigma,0.18,fixed,0.18,0.18,fixed,0.18,1.0,0.3,0.05098175048122309,0.06264464202459373,0.015294893419249694,0.01756046359860073,0.051219216595796244,0.06298698196855289,0.015662509043684714,0.018307989355663398,0.08714954121439185,0.10097450741994761,0.11386555280245925,0.16903825801079445
2000,base3,0,123,1,,4251.216798149049,exchangeable_varying_sigma,0.18,fixed,0.18,0.18,fixed,0.18,1.0,0.9,0.05137550426017167,0.06291954861720399,0.017768404612029498,0.020664779437126298,0.04518463380400693,0.055904414628451436,0.019480077160940523,0.022384800516994843,0.09268702124151491,0.10856279461785692,0.27748220345187924,0.4195341501933412
2000,base3,1,124,1,,4561.358181074029,exchangeable_varying_sigma,0.18,fixed,0.18,0.18,fixed,0.18,1.0,0.3,0.05262297105364236,0.06525428940180536,0.00475007081268361,0.006166626631623531,0.05263886682312043,0.06536884768874392,0.005084719573875296,0.007093169123194914,0.08192962373802774,0.0979839193016809,0.0938185160126494,0.13042963824432335
2000,base3,2,125,1,,4454.675374367973,exchangeable_varying_sigma,0.18,fixed,0.18,0.18,fixed,0.18,1.0,0.3,0.05081332591956536,0.06264865639053971,0.0196893544507932,0.02277730515429771,0.05099065596129883,0.06301533874358393,0.019178279103694712,0.02209566829861282,0.09580662816514417,0.1175584651810344,0.10270939662438983,0.14261445955777025
2000,base3,1,124,1,,4479.716754185967,exchangeable_varying_sigma,0.18,fixed,0.18,0.18,fixed,0.18,1.0,0.6,0.05245189755291498,0.06505394942335309,0.0067252187786144835,0.00768542623416489,0.05040212313974605,0.06262011624952092,0.006577667844075902,0.008365056936235953,0.08337366886904556,0.10024571045278251,0.17984679049634417,0.2466472735670961
2000,base3,2,125,1,,4464.065784989973,exchangeable_varying_sigma,0.18,fixed,0.18,0.18,fixed,0.18,1.0,0.6,0.05083657371487511,0.0626886230293709,0.021648085261557676,0.025332264044155887,0.048730453032324886,0.06035076429449691,0.020107901045017695,0.02293053639490499,0.09601995913919226,0.11832268201496944,0.18730280006316113,0.2586242623443976
2000,base3,0,123,1,,4839.472108557005,exchangeable_varying_sigma,0.18,fixed,0.18,0.18,fixed,0.18,1.0,0.6,0.05115334354790695,0.06280742826093182,0.01640022104010233,0.019133902370211835,0.049161766221298524,0.060501572653429876,0.017587383667366646,0.02039957456083645,0.08956099351766293,0.10423037826721171,0.1969852743367202,0.29470908039062305
2000,base3,1,124,1,,4543.924855584977,exchangeable_varying_sigma,0.18,fixed,0.18,0.18,fixed,0.18,1.0,0.9,0.05213010730927536,0.06456176202699751,0.008808480618280934,0.00948121168717213,0.04599667355496941,0.057395992645351925,0.008432527023767483,0.010408405363242682,0.08455668678541894,0.1025737931276555,0.26877918000966494,0.3639084480113294
2000,base3,2,125,1,,4329.675686489034,exchangeable_varying_sigma,0.18,fixed,0.18,0.18,fixed,0.18,1.0,0.9,0.05092527475120638,0.06280736874728957,0.023610024295214305,0.028428409210379448,0.04459799215107839,0.05545791238564658,0.02109124953747521,0.024253083475318467,0.09675039295284492,0.11892293151339951,0.2687800604337598,0.37425943853619315
2000,base4,0,123,1,,4375.712204465002,exchangeable_varying_sigma,0.18,fixed,0.18,0.18,fixed,0.18,1.0,0.0,0.028647291319878615,0.03753983337912632,0.004453280470836624,0.005102896892579532,0.02865684133839806,0.037556512343079315,0.00464786584605173,0.005601518766813512,0.19485802694212231,0.1973828019348347,0.01635492490667283,0.27619937671641454
2000,base4,0,123,1,,4241.950865858991,exchangeable_varying_sigma,0.18,fixed,0.18,0.18,fixed,0.18,1.0,0.3,0.030182847359016256,0.039652787894538966,0.01364257660987006,0.014352886123259592,0.029163002754179178,0.038015347205455616,0.01430997203690118,0.015026068314756436,0.20260113328799503,0.20536833229569715,0.06232515361988064,0.32635160282250425
2000,base4,1,124,1,,4766.874459973013,exchangeable_varying_sigma,0.18,fixed,0.18,0.18,fixed,0.18,1.0,0.0,0.02926285155160363,0.038670250989943505,0.009169319860881348,0.009431880165924854,0.029252829894411702,0.038652428835424246,0.009255034736882106,0.009660082125427544,0.16221058171793004,0.16445233281887212,0.002908614702008368,0.22942628815272517
2000,base4,2,125,1,,4665.691906718013,exchangeable_varying_sigma,0.18,fixed,0.18,0.18,fixed,0.18,1.0,0.0,0.031223787182613982,0.04137492900873575,0.015890017175971646,0.01716733954404425,0.03122390835301025,0.041399349563856366,0.015895171071041533,0.017272206613728303,0.166572576214284,0.17154651429056783,0.011323494256092258,0.23594696852850028
2000,base4,1,124,1,,4118.882056569972,exchangeable_varying_sigma,0.18,fixed,0.18,0.18,fixed,0.18,1.0,0.3,0.030289547797499473,0.04088058044452844,0.011046068202755,0.012329092832800906,0.029393670900009914,0.039468115022397256,0.010604338759071102,0.012222372299142243,0.16791790248904978,0.17245991787766105,0.019619823622430643,0.2555206527347441
2000,base4,1,124,1,,4055.8445002780063,exchangeable_varying_sigma,0.18,fixed,0.18,0.18,fixed,0.18,1.0,0.6,0.02983788583057843,0.04042317626358431,0.013021216168685401,0.013961374055125693,0.025479750502923715,0.03433497170398393,0.012342124871089905,0.013572275035745325,0.16399400742974876,0.1704337554824916,0.0580367643354851,0.31137821009632954
2000,base4,0,123,1,,4190.061466823041,exchangeable_varying_sigma,0.18,fixed,0.18,0.18,fixed,0.18,1.0,0.6,0.03032620360817965,0.03987132627477286,0.01515347365569819,0.016014333604294002,0.025539679678101807,0.03312714779474063,0.015990348427562612,0.016886363155398463,0.2064603801597275,0.20960974483439263,0.09622462948281396,0.40674231907351205
2000,base4,2,125,1,,4107.018426494964,exchangeable_varying_sigma,0.18,fixed,0.18,0.18,fixed,0.18,1.0,0.6,0.030024187109597963,0.03946122193473421,0.016849223000891672,0.021673318981744082,0.025693957668548068,0.03374161928520112,0.013997289613128905,0.01647683232369066,0.16596737439958617,0.17532232637301354,0.08506802000473057,0.3365282334484708
2000,base4,2,125,1,,4249.914258221979,exchangeable_varying_sigma,0.18,fixed,0.18,0.18,fixed,0.18,1.0,0.3,0.030298199319710777,0.039510307373559685,0.014890492190129723,0.018189014551674855,0.029428479478167152,0.038412680675557656,0.013482799888276858,0.015631518797478428,0.16264256915583428,0.1722631278107236,0.04715637836322928,0.2617092967253917
2000,base4,0,123,1,,3848.5182665340253,exchangeable_varying_sigma,0.18,fixed,0.18,0.18,fixed,0.18,1.0,0.9,0.030561829667237958,0.039999940986022116,0.016565693582948127,0.01762570353307388,0.016465720928107268,0.021398105431697675,0.017553399727124303,0.01859210095583351,0.21007983735972346,0.21374032746600985,0.12714762299140758,0.5058628432895057
2000,base4,1,124,1,,3676.302572408982,exchangeable_varying_sigma,0.18,fixed,0.18,0.18,fixed,0.18,1.0,0.9,0.029128699876475,0.039522621241859575,0.015104478008354738,0.015690172817336204,0.015999342602073686,0.021849797758751434,0.014923988462414911,0.015583568295927996,0.15881256657800844,0.1679220154070493,0.10040761272338394,0.3922473118068067
2000,base4,2,125,1,,3578.2596391520347,exchangeable_varying_sigma,0.18,fixed,0.18,0.18,fixed,0.18,1.0,0.9,0.029736207628372573,0.03954712425326552,0.018811162034547885,0.02569138661146266,0.016523527056049953,0.021804819628995758,0.014496917340470372,0.018155921575524238,0.17004947779216983,0.17871206948976562,0.11969934700058871,0.4303883486194134
1000,base1,2,128,1,,496.7650292739272,exchangeable_varying_sigma,0.18,fixed,0.18,0.18,fixed,0.18,1.0,0.9,0.04754543647783182,0.06617824739447603,0.0364234867161584,0.03842803317968318,0.03429527827995988,0.050119268622770316,0.04025751915831417,0.04105477958902005,0.2893619920139172,0.298266339452498,0.21975108006722455,0.7173241612262156
1000,base1,2,128,1,,552.4175038598478,exchangeable_varying_sigma,0.18,fixed,0.18,0.18,fixed,0.18,1.0,0.0,0.051558851346023754,0.07090335502099403,0.026129208379977467,0.031020183361013507,0.05180104783937075,0.07144964152335875,0.026615561502808027,0.031001883574738875,0.2732214260753967,0.28439964566726356,0.03430346877540875,0.38799872095132704
1000,base1,0,126,1,,558.4938920997083,exchangeable_varying_sigma,0.18,fixed,0.18,0.18,fixed,0.18,1.0,0.9,0.0474209014829473,0.06759575730471651,0.02660239600283848,0.029973482180135694,0.032935248599004,0.04814827564691678,0.022738209193729625,0.02646872913588876,0.33406966521924064,0.3385038430414592,0.2087180843679719,0.780895043976047
1000,base1,1,127,1,,611.5649402942508,exchangeable_varying_sigma,0.18,fixed,0.18,0.18,fixed,0.18,1.0,0.0,0.05149850425755986,0.06847237483052376,0.02045529246560912,0.024679165234175404,0.051543519130998194,0.06894740387132714,0.017365238856010323,0.021124769174972705,0.2545125235241275,0.2794070791261985,0.045047659269716184,0.3630548350920315
1000,base1,0,126,1,,676.8845371296629,exchangeable_varying_sigma,0.18,fixed,0.18,0.18,fixed,0.18,1.0,0.6,0.04746820033881149,0.06763259607477348,0.026603566675797524,0.028830503954951906,0.04237840214933537,0.0604298619985514,0.024785521575723835,0.027157440636324914,0.3306087375550933,0.33632420977141586,0.13678702301102724,0.6218699624028415
1000,base1,2,128,1,,841.8658214705065,exchangeable_varying_sigma,0.18,fixed,0.18,0.18,fixed,0.18,1.0,0.6,0.04789005856957121,0.06686395829239741,0.034992789042101985,0.037046497437165184,0.04422937771897694,0.06240145659202513,0.03932591985326711,0.04062207251643293,0.2863998168498303,0.29533878534130387,0.1446621022687426,0.5615848931983543
1000,base1,0,126,1,,867.4960914300755,exchangeable_varying_sigma,0.18,fixed,0.18,0.18,fixed,0.18,1.0,0.0,0.050348566990758965,0.07150463879728096,0.022591456732447834,0.02426214308674569,0.05049544137769745,0.07174011481833663,0.02098494632837014,0.02252432062734857,0.33306644868805463,0.3397555676757105,0.03740365206890196,0.4723463765289144
1000,base1,1,127,1,,912.0944721186534,exchangeable_varying_sigma,0.18,fixed,0.18,0.18,fixed,0.18,1.0,0.3,0.05032456867027224,0.06977730850952095,0.03602070131495243,0.04184992838064036,0.04844238696074559,0.06765767370280779,0.034394022182642855,0.03964695644466572,0.24056244700934729,0.26996018985254827,0.06369078476052681,0.3805251059654599
1000,base1,0,126,1,,938.3418078674003,exchangeable_varying_sigma,0.18,fixed,0.18,0.18,fixed,0.18,1.0,0.3,0.04767132427078065,0.06768307106335937,0.025689297130199906,0.02714862938687302,0.0466956866672424,0.06609549476774672,0.025166111089691662,0.02675332098671193,0.3281260902991026,0.33544402179630617,0.0630498649675616,0.5049578167284748
1000,base2,2,128,1,,384.3613234087825,exchangeable_varying_sigma,0.18,fixed,0.18,0.18,fixed,0.18,1.0,0.0,0.05010747551234028,0.06947625080017454,0.028120918604926215,0.034114351191133256,0.05034137268434998,0.07007651971453328,0.028715065675441714,0.03431150589655194,0.26488685959110714,0.2778488688372904,0.03580632917675958,0.37645153854772023
1000,base2,0,126,1,,459.34671413805336,exchangeable_varying_sigma,0.18,fixed,0.18,0.18,fixed,0.18,1.0,0.0,0.04980169604873069,0.07042519394114209,0.020461546984613332,0.021558259339794827,0.05007772485375384,0.07076915882091978,0.018626873747468242,0.019677133567362625,0.33417743114248505,0.3410320980457896,0.05863184759670641,0.47581204847302094
1000,base2,1,127,1,,421.14009685534984,exchangeable_varying_sigma,0.18,fixed,0.18,0.18,fixed,0.18,1.0,0.0,0.05180260932003729,0.06891208889954155,0.020746672852368503,0.02751500164040775,0.05192009067551244,0.06945455838826979,0.016324761741213112,0.022580814990730367,0.25293943078535597,0.27814427339788794,0.057479959527889625,0.3628285713558288
1000,base1,1,127,1,,1022.0390821453184,exchangeable_varying_sigma,0.18,fixed,0.18,0.18,fixed,0.18,1.0,0.9,0.05155334600077359,0.07092157752724257,0.0400698726003048,0.04996903621616708,0.03455656821160325,0.05000163338982348,0.03811788219229216,0.04435242967484263,0.22514285522978889,0.2594334460298217,0.22719580773407722,0.6230288013228243
1000,base1,2,128,1,,1034.0084422063082,exchangeable_varying_sigma,0.18,fixed,0.18,0.18,fixed,0.18,1.0,0.3,0.048346047366256195,0.06765118164839863,0.03280720037171747,0.0348731464712787,0.04814731249442188,0.06762122597413325,0.03655310075322807,0.03847652714038859,0.28211818402197186,0.2918231199164394,0.07020229784477897,0.4423221021808512
1000,base2,0,126,1,,538.5485422266647,exchangeable_varying_sigma,0.18,fixed,0.18,0.18,fixed,0.18,1.0,0.3,0.050551001498350526,0.07061999321735675,0.026555222347358992,0.028777712692681912,0.049980498372130394,0.06910763638120543,0.02618676762045294,0.028463597230579424,0.33254507535595307,0.33887971232663183,0.051327949273282075,0.5070469179620358
1000,base1,1,127,1,,1169.8982505491003,exchangeable_varying_sigma,0.18,fixed,0.18,0.18,fixed,0.18,1.0,0.6,0.050740204983074265,0.07035244394689899,0.03846102428838663,0.04604116174012622,0.043888191185845624,0.061975347727255756,0.03673340104756137,0.04218764080335336,0.23217717408808397,0.26400740820934904,0.14486859122873735,0.4830660187560261
1000,base2,1,127,1,,525.6437971573323,exchangeable_varying_sigma,0.18,fixed,0.18,0.18,fixed,0.18,1.0,0.3,0.050344717711307004,0.06981952814020517,0.033115722374542106,0.039052460158246864,0.04904251380171216,0.06801649279015838,0.031142034852078934,0.03665831634235083,0.23511973972189396,0.2670806905764752,0.03470631674630531,0.35973942196149133
1000,base2,2,128,1,,373.18141878955066,exchangeable_varying_sigma,0.18,fixed,0.18,0.18,fixed,0.18,1.0,0.9,0.04953954612742539,0.06851722162454764,0.03470731574244389,0.036477426653974,0.03574560630138294,0.05196094929138378,0.03724022562419277,0.03804698931727868,0.2913683907083722,0.3008766530230117,0.23584320581295537,0.7338166034165893
1000,base2,1,127,1,,443.9493179861456,exchangeable_varying_sigma,0.18,fixed,0.18,0.18,fixed,0.18,1.0,0.9,0.0504531567341734,0.07004423026443221,0.03765130544083499,0.04737871484992458,0.03411661346489036,0.049447493452291436,0.03410007618931271,0.04062056083699272,0.2197868392232753,0.2567654501041795,0.2038704510967161,0.5927273477547237
1000,base2,0,126,1,,493.5348477801308,exchangeable_varying_sigma,0.18,fixed,0.18,0.18,fixed,0.18,1.0,0.9,0.04966367707688173,0.06988478344820208,0.0274683212199954,0.03169195728663368,0.035259114516176596,0.05048717008348233,0.023876462469784226,0.028436635961962758,0.33759714652422695,0.34146576207354895,0.21189244142928554,0.7890266855490233
1000,base2,2,128,1,,608.8269777111709,exchangeable_varying_sigma,0.18,fixed,0.18,0.18,fixed,0.18,1.0,0.3,0.04936479431043463,0.06944410124782968,0.03109102939800322,0.03302971012968565,0.04883567817636812,0.06921026035473184,0.03463278662554818,0.036452065462819004,0.281101242488319,0.29156017690414765,0.0903454209279329,0.45011621301127397
1000,base2,0,126,1,,816.4092443166301,exchangeable_varying_sigma,0.18,fixed,0.18,0.18,fixed,0.18,1.0,0.6,0.05006391299685239,0.07035951456909872,0.02746949189295672,0.030504021940566544,0.04557941639255515,0.06330159088213373,0.025832110915939982,0.02899952831183195,0.33470758246948484,0.33961175023392287,0.13076395300919735,0.6242915790410795
1000,base2,2,128,1,,786.9201476005837,exchangeable_varying_sigma,0.18,fixed,0.18,0.18,fixed,0.18,1.0,0.6,0.04941967489007475,0.06893238111044078,0.03327661806838786,0.03515655380251962,0.0451125522401101,0.06408568460420404,0.03692794779120072,0.03818641454293328,0.28665476466939355,0.2962853643538395,0.1639813124719161,0.5756275600353575
1000,base3,2,128,1,,667.5908455792814,exchangeable_varying_sigma,0.18,fixed,0.18,0.18,fixed,0.18,1.0,0.0,0.06761558037443857,0.08694481837149953,0.030050620771205988,0.03664103530967169,0.06915118428654961,0.0888531714015508,0.03212172059104548,0.03736331977477489,0.14279239747209269,0.18328214101161705,0.05425631737262148,0.19686473599188825
1000,base3,2,128,1,,481.6934858309105,exchangeable_varying_sigma,0.18,fixed,0.18,0.18,fixed,0.18,1.0,0.3,0.0638758785195075,0.08328530379379998,0.02961000147898779,0.03158583739846829,0.06541375205688889,0.08514882193947984,0.03336358282123361,0.03524636916139001,0.13534138465361964,0.17553284062118157,0.10745383895976837,0.2646534864315634
1000,base3,0,126,1,,493.636083483696,exchangeable_varying_sigma,0.18,fixed,0.18,0.18,fixed,0.18,1.0,0.6,0.0623483453760708,0.08190934808031505,0.021242060060896212,0.025724196002348654,0.06009402714680203,0.07837427822015118,0.02195178464614042,0.026300070950743812,0.18869594495317188,0.21682345332002345,0.18263430094336336,0.4559180599045464
1000,base3,1,127,1,,508.1911836275831,exchangeable_varying_sigma,0.18,fixed,0.18,0.18,fixed,0.18,1.0,0.6,0.0649289129550524,0.08599256105336175,0.041402006842545344,0.04374922121948957,0.061543847387702764,0.08123943260193944,0.039731672300532206,0.04066192760313893,0.130442149589455,0.1825036093207813,0.2156950094436551,0.39525233008696936
1000,base3,1,127,1,,744.0373032484204,exchangeable_varying_sigma,0.18,fixed,0.18,0.18,fixed,0.18,1.0,0.3,0.06431192404655096,0.08520374792317849,0.03896168386911135,0.0402164546917857,0.06418410362264211,0.0847582050874015,0.038062063570638224,0.038754783049343995,0.13198306860889925,0.18591958430406658,0.10224594813062865,0.24242089260264904
1000,base3,1,127,1,,954.3313118703663,exchangeable_varying_sigma,0.18,fixed,0.18,0.18,fixed,0.18,1.0,0.0,0.06432399990103785,0.08285886591369096,0.030028996303602118,0.033794789123475916,0.06523133067406728,0.08411228083460744,0.02890338848906246,0.030101242171632042,0.13112382315175947,0.19083654621637294,0.0226330485449217,0.16948663980907033
1000,base2,1,127,1,,1116.8185858475044,exchangeable_varying_sigma,0.18,fixed,0.18,0.18,fixed,0.18,1.0,0.6,0.05021129177765329,0.07000599304601923,0.03555604534797628,0.04333498628520064,0.04440495486770841,0.062194010461893025,0.03316556064870689,0.0388514853761143,0.226660769714053,0.261191064502319,0.11807013013848922,0.4539659518328652
1000,base3,2,128,1,,745.4792577950284,exchangeable_varying_sigma,0.18,fixed,0.18,0.18,fixed,0.18,1.0,0.6,0.06301636972090063,0.08235028689600418,0.03179559014937029,0.033636069365200576,0.06277476663191953,0.08159262397976032,0.036068903679538356,0.03751600114154651,0.14184980107236234,0.17807536289626838,0.22530541950219474,0.43718239934276176
1000,base4,1,127,1,,335.5983833083883,exchangeable_varying_sigma,0.18,fixed,0.18,0.18,fixed,0.18,1.0,0.0,0.04936126903828027,0.06643660764255109,0.02118837473470067,0.027034785025343636,0.0493758900525172,0.06689550210616868,0.018928742204714216,0.023285581528202353,0.2674361037656721,0.2892750124611769,0.04641134302400144,0.38125587273797856
1000,base3,0,126,1,,557.5585024626926,exchangeable_varying_sigma,0.18,fixed,0.18,0.18,fixed,0.18,1.0,0.9,0.062489153573710585,0.08179444061081928,0.021873635146014314,0.02734198230958629,0.05514597905180679,0.07131133442222397,0.022890392185590136,0.026623600644962903,0.19184072436045277,0.21620922323180364,0.2954735560214561,0.6420139561172313
1000,base3,2,128,1,,510.6523150149733,exchangeable_varying_sigma,0.18,fixed,0.18,0.18,fixed,0.18,1.0,0.9,0.06238819830267984,0.0813813693524866,0.033226287823427014,0.03486660132378226,0.05695914299929725,0.07409950972951103,0.037296683500333896,0.03837434467584765,0.14919424105221743,0.18277144399975243,0.3439571056509334,0.632018967451671
1000,base4,0,126,1,,727.4779116716236,exchangeable_varying_sigma,0.18,fixed,0.18,0.18,fixed,0.18,1.0,0.0,0.04868104626815158,0.06982419348589572,0.023011920913949935,0.024242478152160296,0.04881322745033261,0.07004272913798647,0.021138701658514752,0.022256196876946556,0.3499240229696136,0.35543934314090103,0.03744825721518011,0.4960634284614836
1000,base4,0,126,1,,627.45927442424,exchangeable_varying_sigma,0.18,fixed,0.18,0.18,fixed,0.18,1.0,0.3,0.046134004262309354,0.06658893131923414,0.02492006963322599,0.026868341076057532,0.045220070842353396,0.0649299924910604,0.024252849317452696,0.026455035965178512,0.3432385903599414,0.3492522869768184,0.04703352231697305,0.5210213025216404
1000,base3,1,127,1,,888.8571445113048,exchangeable_varying_sigma,0.18,fixed,0.18,0.18,fixed,0.18,1.0,0.9,0.06613661451693258,0.08688879783962118,0.04301085515446312,0.046984409385420416,0.056854592466269845,0.07468296067956716,0.040312576122337504,0.04191411525329297,0.13050940950115322,0.18009019019538952,0.33051341035786097,0.5674900606297214
1000,base4,2,128,1,,431.78462089411914,exchangeable_varying_sigma,0.18,fixed,0.18,0.18,fixed,0.18,1.0,0.6,0.046354058778518545,0.06569913864696277,0.0337526894227569,0.0356517374340418,0.04269631397086124,0.06103969077498483,0.03745421464044946,0.03864715021633913,0.2994901971825402,0.3068681546038072,0.1467705920225909,0.5822462535091865
1000,base4,1,127,1,,721.980486153625,exchangeable_varying_sigma,0.18,fixed,0.18,0.18,fixed,0.18,1.0,0.3,0.04797105112813567,0.06795502126527804,0.03559215519664094,0.040109865952714846,0.04603066422127355,0.06571863660498806,0.034231342627773234,0.0380909295128568,0.25466902410374215,0.2796947490501683,0.04931931226089897,0.3941103372489669
1000,base4,2,128,1,,767.2512618042529,exchangeable_varying_sigma,0.18,fixed,0.18,0.18,fixed,0.18,1.0,0.0,0.04942132372260903,0.06891090932082489,0.027610589436953686,0.03321789267109638,0.04965764247814771,0.06947035445379782,0.028165996468089927,0.03312989981753003,0.2846258514194675,0.2946077541819367,0.03864137906068025,0.4044156603254737
1000,base4,2,128,1,,767.8503593532369,exchangeable_varying_sigma,0.18,fixed,0.18,0.18,fixed,0.18,1.0,0.3,0.0468395225537518,0.06648147713865984,0.03156710075237158,0.03351427842911372,0.04671357213235105,0.06642331543427261,0.034909762091525395,0.03665252237435077,0.2944725805086007,0.30254589341877164,0.07576759997383772,0.46221368057710566
1000,base4,0,126,1,,576.3282798659056,exchangeable_varying_sigma,0.18,fixed,0.18,0.18,fixed,0.18,1.0,0.9,0.04558839595717534,0.0662125658443242,0.02583316850586287,0.02988953929068308,0.029382013178708,0.04519650866916197,0.02167688108935456,0.026523429736671475,0.34872193643583194,0.35218705484713825,0.1885013137052305,0.7902416955482713
1000,base4,1,127,1,,685.9884795034304,exchangeable_varying_sigma,0.18,fixed,0.18,0.18,fixed,0.18,1.0,0.6,0.0484289165239395,0.06848566128592663,0.038032478170073894,0.04424233539041922,0.04130543054284412,0.05971548262190545,0.03640514097373583,0.04043071743544617,0.24629635875708972,0.2732697004210484,0.1272154879691782,0.4899640401364249
1000,base4,2,128,1,,617.8815868124366,exchangeable_varying_sigma,0.18,fixed,0.18,0.18,fixed,0.18,1.0,0.9,0.04595568861627097,0.06498940895431456,0.03518338709681207,0.03698572634064295,0.03174926750796139,0.0479548382991844,0.038099312274343655,0.03888560596943981,0.3035484440801165,0.31092151064989754,0.21746191681652693,0.7381941211037923
1000,base4,0,126,1,,1016.7871947316453,exchangeable_varying_sigma,0.18,fixed,0.18,0.18,fixed,0.18,1.0,0.6,0.04580755354110812,0.06643350201958291,0.02583433917882333,0.02863755710380645,0.040547373813732496,0.05887979998757939,0.02380511850092079,0.02701537400975004,0.34552421568635067,0.3501136483820093,0.11793124190875726,0.6329706291591375
1000,base3,0,126,1,,2272.770332588814,exchangeable_varying_sigma,0.18,fixed,0.18,0.18,fixed,0.18,1.0,0.0,0.06703924074160882,0.08826563161981993,0.028421119698674835,0.029333314862490415,0.06789013127589394,0.08935827944716732,0.02697198255082006,0.028644595784964744,0.20609289614257909,0.22704746207721904,0.0029568229014334106,0.29147827475712573
1000,base4,1,127,1,,929.7931804219261,exchangeable_varying_sigma,0.18,fixed,0.18,0.18,fixed,0.18,1.0,0.9,0.04927759902205891,0.06898789987856911,0.03964132648199273,0.04810594632333932,0.0307441128793036,0.046587777625661936,0.03762762220182271,0.04236323501853257,0.23926054379890152,0.2681411892045154,0.20702243872548853,0.626488324271923
1000,base3,0,126,1,,2625.9651017561555,exchangeable_varying_sigma,0.18,fixed,0.18,0.18,fixed,0.18,1.0,0.3,0.062379963957406206,0.08205417617750065,0.020327790515300204,0.02369924956339773,0.06264732925194261,0.08209379803868817,0.021067215224900765,0.025133002258943524,0.18663816209578898,0.21876101728081707,0.06996359832306132,0.3084787656946822
2000,base1,0,126,1,,1521.9908777847886,exchangeable_varying_sigma,0.18,fixed,0.18,0.18,fixed,0.18,1.0,0.6,0.03418754947384769,0.04496721089098985,0.01639616172384442,0.02004959071890697,0.028878913808462563,0.03804123381702072,0.016151209664864996,0.01917075104175141,0.10122825732132243,0.1285481330139148,0.06909149779546242,0.22509859303635843
2000,base1,2,128,1,,2244.9112456059083,exchangeable_varying_sigma,0.18,fixed,0.18,0.18,fixed,0.18,1.0,0.6,0.032734258061287075,0.042003489052067564,0.02261773738749738,0.023955586958074187,0.028776574458226387,0.03721361920125084,0.02288097175310798,0.02404751357277821,0.11374451508794575,0.13624567215604877,0.08918676953271709,0.26318000000476244
2000,base1,0,126,1,,2897.6650517648086,exchangeable_varying_sigma,0.18,fixed,0.18,0.18,fixed,0.18,1.0,0.0,0.033374252764346635,0.04317468808047047,0.00768564646904675,0.008618545351324638,0.03342124547339955,0.043293037469079226,0.007316579146936675,0.00843522979196082,0.1268819835083186,0.14782913160193095,0.015666383713584746,0.18047793154965933
2000,base1,1,127,1,,2867.513868131675,exchangeable_varying_sigma,0.18,fixed,0.18,0.18,fixed,0.18,1.0,0.3,0.0329431982617142,0.04280425800614622,0.010700447105016539,0.011131119905446171,0.03173471131877726,0.04135374227228033,0.009321691311514724,0.010147487960848536,0.1234758984735367,0.13752515531267184,0.029578438403026264,0.19601729724963202
2000,base1,2,128,1,,2961.978700515814,exchangeable_varying_sigma,0.18,fixed,0.18,0.18,fixed,0.18,1.0,0.3,0.03292954154434255,0.042337007037309776,0.020400654732912873,0.021465949622237003,0.032102350679711435,0.04150201346057644,0.020725678711429357,0.021761625880703607,0.11064144239928671,0.13293833125292687,0.052839123953818984,0.19324192453979874
2000,base1,0,126,1,,3440.2731555448845,exchangeable_varying_sigma,0.18,fixed,0.18,0.18,fixed,0.18,1.0,0.3,0.03413165941780946,0.04490607295805411,0.014843753188099273,0.01851294614412461,0.03250604780392151,0.04303402238013205,0.014478816692511415,0.017999680174076563,0.10950730319709451,0.13304973250280638,0.02105466153172747,0.17119891743915341
2000,base1,1,127,1,,3608.9201753055677,exchangeable_varying_sigma,0.18,fixed,0.18,0.18,fixed,0.18,1.0,0.0,0.03441092422210967,0.044689392060827365,0.00804957721749433,0.009690548396628655,0.03444661988292477,0.044773792435425314,0.008054623544475059,0.00973439117733408,0.14900012536297988,0.15939729453210416,0.004087080453138606,0.2107753997612128
2000,base1,1,127,1,,2811.7015854176134,exchangeable_varying_sigma,0.18,fixed,0.18,0.18,fixed,0.18,1.0,0.9,0.033596969360528514,0.04337710315134733,0.011817268817393922,0.01310764500532334,0.02137434952301397,0.02725301564094833,0.008168299264360884,0.009702910460549686,0.11452246485147248,0.13987346161233144,0.13262990639812244,0.35120629213659665
2000,base2,0,126,1,,2325.864201371558,exchangeable_varying_sigma,0.18,fixed,0.18,0.18,fixed,0.18,1.0,0.0,0.03364300468434385,0.04375519915034159,0.005301524851522146,0.006683640122784264,0.033740526618779666,0.043903591297681226,0.004928845447121605,0.006145735606141285,0.1305744977623603,0.15118654729810643,0.022149989146084872,0.18665776702593195
2000,base1,0,126,1,,3775.4423439735547,exchangeable_varying_sigma,0.18,fixed,0.18,0.18,fixed,0.18,1.0,0.9,0.0340297090234754,0.04485682733642881,0.01770355747240973,0.021185100710135896,0.02139840544972661,0.02718212751695501,0.018101587322828683,0.02004035595463358,0.0974980344625467,0.12528386908695072,0.1204782555693148,0.30275384511393943
2000,base1,2,128,1,,4430.177740694955,exchangeable_varying_sigma,0.18,fixed,0.18,0.18,fixed,0.18,1.0,0.0,0.03520940170163068,0.04567826364779729,0.014938619557227584,0.015315968523701156,0.03522363236267846,0.045713342495151923,0.01488586790321203,0.015179303326231137,0.12494281215404959,0.13908826493171356,0.01581292684829046,0.17777612233484139
2000,base2,2,128,1,,2198.9798157410696,exchangeable_varying_sigma,0.18,fixed,0.18,0.18,fixed,0.18,1.0,0.0,0.03347577255734728,0.043514573113389333,0.015902301937410074,0.01632474177568454,0.03355542735848731,0.0436080274510748,0.015812145191892946,0.016359739396549482,0.12465858988806225,0.1433447946555807,0.00391218438275893,0.1763603765733308
2000,base1,2,128,1,,4255.326306565665,exchangeable_varying_sigma,0.18,fixed,0.18,0.18,fixed,0.18,1.0,0.9,0.032415732686097425,0.04156016424812729,0.024620760335549163,0.02628388313517525,0.021335373494142756,0.02702177263563736,0.02443871546992739,0.026027710246316185,0.11643308637250692,0.1395234125640051,0.1234956011720354,0.3444201320001292
2000,base1,1,127,1,,5149.928171942942,exchangeable_varying_sigma,0.18,fixed,0.18,0.18,fixed,0.18,1.0,0.6,0.03317611133909922,0.04300620893195056,0.011323296484738052,0.012038063662943611,0.028516643829680485,0.03714713392587828,0.008831386720238643,0.010127459129808688,0.11822801971804218,0.1372569564324213,0.08053506467809401,0.26125762646324296
2000,base2,0,126,1,,2681.2973196525127,exchangeable_varying_sigma,0.18,fixed,0.18,0.18,fixed,0.18,1.0,0.3,0.034326809596122325,0.044668785594271836,0.018392433990908508,0.023264663418191375,0.03279310454985447,0.04284778487833463,0.018149054443003493,0.02304934508950507,0.10979425047313858,0.13421777861065082,0.021506581835683936,0.1718573504109796
2000,base2,1,127,1,,2706.058836083859,exchangeable_varying_sigma,0.18,fixed,0.18,0.18,fixed,0.18,1.0,0.3,0.031621236066142124,0.04196765936616106,0.005346856628448041,0.007154932377889367,0.030987652117855768,0.04111212005944829,0.005201289810121246,0.006601262173641752,0.12467185555969033,0.14117624909804505,0.012594168192356647,0.18914602295940922
2000,base2,1,127,1,,3263.971672079526,exchangeable_varying_sigma,0.18,fixed,0.18,0.18,fixed,0.18,1.0,0.0,0.034514529435560645,0.045261445048367814,0.010881734306623425,0.013817013582945308,0.034574012974942114,0.04536962975889284,0.010613283134838142,0.013498093281167954,0.1501970490928532,0.1627708768161479,0.011212392818231314,0.21283769649217707
2000,base2,2,128,1,,2694.162504501641,exchangeable_varying_sigma,0.18,fixed,0.18,0.18,fixed,0.18,1.0,0.3,0.03233209214022553,0.04221982171583621,0.019436972352731105,0.02094125185718324,0.03192581512772206,0.04146169806036347,0.019716105305710163,0.02111056098434602,0.11468803687210256,0.1376911630615572,0.05512052242966328,0.1942523523615972
2000,base2,0,126,1,,1805.1359149226919,exchangeable_varying_sigma,0.18,fixed,0.18,0.18,fixed,0.18,1.0,0.9,0.03399711696214136,0.04464228142746202,0.021252238275217522,0.026007923701549758,0.02090085490820951,0.02700266788230244,0.021776512258142255,0.025301342234686212,0.09222994185496233,0.12403427086954463,0.12184687232595659,0.3032935048850075
2000,base2,0,126,1,,2678.470962894149,exchangeable_varying_sigma,0.18,fixed,0.18,0.18,fixed,0.18,1.0,0.6,0.0343205250489807,0.04473923154398555,0.019944842526654183,0.024835048013333465,0.028975143401682526,0.03787727103739088,0.019891939755653232,0.02442956173703005,0.10110194198144688,0.1286669875479855,0.06984509184033028,0.22565556507708256
2000,base2,2,128,1,,2738.5939324554056,exchangeable_varying_sigma,0.18,fixed,0.18,0.18,fixed,0.18,1.0,0.6,0.03201980142867756,0.04201335679244155,0.021654055007317527,0.023437765691557005,0.028747414500301115,0.03724945926833299,0.021786758632172082,0.02332983046315515,0.11512763525340187,0.1406440322951636,0.09111995570597342,0.2647258393736978
2000,base2,1,127,1,,4155.010380063206,exchangeable_varying_sigma,0.18,fixed,0.18,0.18,fixed,0.18,1.0,0.6,0.031822912004982155,0.041928451967830495,0.006911154093051777,0.008452833277688157,0.02808081478620783,0.037113082371749026,0.005773109747171573,0.007198969529075625,0.11919668120676445,0.14086345262373903,0.0638749965430413,0.24712508101838027
2000,base2,2,128,1,,2842.6619163062423,exchangeable_varying_sigma,0.18,fixed,0.18,0.18,fixed,0.18,1.0,0.9,0.0315790432732676,0.04174007506926299,0.02365707795536627,0.025775678558161298,0.0209905784080222,0.02704410003227613,0.023212761275068328,0.025188180506174742,0.11652632656699465,0.14384737982593435,0.12455457810454618,0.34573567209306794
2000,base3,0,126,1,,2630.557647219859,exchangeable_varying_sigma,0.18,fixed,0.18,0.18,fixed,0.18,1.0,0.0,0.050222231789312094,0.06214533450669791,0.011586109916387727,0.013413996249154693,0.051149900046907414,0.06329794940401769,0.009347184397421451,0.011641334154124583,0.11420698998836731,0.13119989460976753,0.006291160627458349,0.06536060480430277
2000,base3,2,128,1,,2493.20839837566,exchangeable_varying_sigma,0.18,fixed,0.18,0.18,fixed,0.18,1.0,0.0,0.05020247491732531,0.06319964021001592,0.01251031593943247,0.013815139427155851,0.051173248293364615,0.06440637862871856,0.0124684129737479,0.013246660107819639,0.10320695223014881,0.12212704478235335,0.029493617126081992,0.07232720455030715
2000,base2,1,127,1,,3856.0761214289814,exchangeable_varying_sigma,0.18,fixed,0.18,0.18,fixed,0.18,1.0,0.9,0.03217319192095667,0.042015482297644346,0.008762864845158827,0.010040609430799957,0.0207636718153218,0.027185949625986822,0.006415676571068174,0.007695330280854963,0.11520854182936441,0.14362767501362272,0.11740573455779313,0.335448491656839
2000,base3,0,126,1,,2852.666483493522,exchangeable_varying_sigma,0.18,fixed,0.18,0.18,fixed,0.18,1.0,0.3,0.05090195550145347,0.0626350705123171,0.010943289740755952,0.014195582489272657,0.05105663481612362,0.06270843754716589,0.010042106402786688,0.013779538664495774,0.11055019735978928,0.12851760421242547,0.06914023837085748,0.10730998081041498
2000,base3,1,127,1,,3390.3170409398153,exchangeable_varying_sigma,0.18,fixed,0.18,0.18,fixed,0.18,1.0,0.0,0.05093850941424458,0.06351517183171132,0.011625947371290024,0.01559012372412953,0.05191687338652199,0.06479547818214666,0.012190551917245523,0.015944068337691634,0.09971804925252298,0.11940894421218932,0.006244922965432733,0.03019241360980762
2000,base3,1,127,1,,3590.374898770824,exchangeable_varying_sigma,0.18,fixed,0.18,0.18,fixed,0.18,1.0,0.3,0.051590065127850915,0.06393221411829395,0.01192408530165115,0.014043537607950738,0.051825082409636604,0.06412769031208107,0.012346646642360737,0.013760747924797865,0.10639610642974463,0.1269983838919497,0.08312905469629625,0.12372503450344767
2000,base3,1,127,1,,3373.727387504652,exchangeable_varying_sigma,0.18,fixed,0.18,0.18,fixed,0.18,1.0,0.6,0.05192111853938572,0.06437413230393546,0.011691292650859997,0.014082441125278034,0.049865014279927906,0.061662065379720604,0.012748706086735312,0.013900815464749071,0.10856653444244434,0.12746803921958158,0.1735287015190588,0.22613604742948357
2000,base3,2,128,1,,3052.381347211078,exchangeable_varying_sigma,0.18,fixed,0.18,0.18,fixed,0.18,1.0,0.6,0.05010677309311322,0.06169987997729338,0.025046041005294617,0.0259786378894953,0.04848547567074037,0.059881531716736866,0.02618888561666828,0.027112240638727917,0.1298747521878779,0.15291903512454827,0.175606594783711,0.22870287907170248
2000,base3,0,126,1,,3835.3972425805405,exchangeable_varying_sigma,0.18,fixed,0.18,0.18,fixed,0.18,1.0,0.6,0.05098887499959855,0.06272472471761467,0.012495698276500905,0.015584448517210471,0.049033928231948715,0.05995442761966955,0.011529627234975248,0.014557431827497021,0.11453040869289949,0.13269852463367132,0.1533005207087127,0.1979542599543977
2000,base3,2,128,1,,2217.658313544467,exchangeable_varying_sigma,0.18,fixed,0.18,0.18,fixed,0.18,1.0,0.9,0.05039199302715626,0.061876019335218635,0.027049063953346095,0.02821434872536355,0.0449704728886883,0.055430240665659734,0.02823716516789819,0.029544315793357135,0.13209711881728015,0.15512201834150022,0.2542536575731402,0.3174865122680804
2000,base3,2,128,1,,4067.590608733706,exchangeable_varying_sigma,0.18,fixed,0.18,0.18,fixed,0.18,1.0,0.3,0.04981333676942424,0.061593556595485224,0.022828958350710665,0.023581491787000464,0.05026068247767882,0.06224358471313928,0.023669637325765686,0.024417145876823036,0.1280412419334748,0.15153964539843445,0.09611193261586576,0.14634030705771958
2000,base3,0,126,1,,2521.3185783028603,exchangeable_varying_sigma,0.18,fixed,0.18,0.18,fixed,0.18,1.0,0.9,0.050998267709812355,0.0627799673254818,0.013803094025067658,0.01659654654094204,0.04499452888081074,0.05499480778755991,0.013314329247565565,0.01505412069134582,0.11881815962412173,0.13800979427678223,0.238332746304172,0.29214879787504383
2000,base4,0,126,1,,2723.4563234718516,exchangeable_varying_sigma,0.18,fixed,0.18,0.18,fixed,0.18,1.0,0.0,0.03029414981389963,0.04049933748452566,0.007223700877530798,0.008191524515573236,0.030305643926152988,0.04058320632485801,0.0068532169537410675,0.007954801609413161,0.14338720932143115,0.15888630111545626,0.0177605492126006,0.20391839036622741
2000,base4,2,128,1,,2310.189743443392,exchangeable_varying_sigma,0.18,fixed,0.18,0.18,fixed,0.18,1.0,0.0,0.03167068172707321,0.04200608685478854,0.01479024766673337,0.015195149353104164,0.031644251346250256,0.04200179146181296,0.014708969934284749,0.015048493292497833,0.14419194975885613,0.15431427054998914,0.016957853740051015,0.2049484613279797
2000,base3,1,127,1,,3356.816482494585,exchangeable_varying_sigma,0.18,fixed,0.18,0.18,fixed,0.18,1.0,0.9,0.05226535241921667,0.06500646191696384,0.01186562440264935,0.014061932512617751,0.04590874057442379,0.057075855762448904,0.012540450506306894,0.013431126029523798,0.11371461201052617,0.12788914298730608,0.26333841479505893,0.33104234851548137
2000,base4,1,127,1,,3120.809016311541,exchangeable_varying_sigma,0.18,fixed,0.18,0.18,fixed,0.18,1.0,0.0,0.03181242183596938,0.0419474656680678,0.009004859067165416,0.011517065748730312,0.031813952765543815,0.04199761935792773,0.009063808206639018,0.011553781448406105,0.16664963334956756,0.17468199893068448,0.0018506346518091387,0.23568826343230267
2000,base4,1,127,1,,2053.2262272676453,exchangeable_varying_sigma,0.18,fixed,0.18,0.18,fixed,0.18,1.0,0.3,0.030085713543886915,0.03994293939882511,0.008501007634444502,0.009384749070766233,0.02864088661744174,0.03839093793873336,0.00782965632594887,0.008852433936528313,0.14051612463066354,0.1501966300292968,0.02226335223082221,0.21680048200555216
2000,base4,1,127,1,,1769.557637524791,exchangeable_varying_sigma,0.18,fixed,0.18,0.18,fixed,0.18,1.0,0.6,0.0304983872619195,0.040167469349600284,0.009123857014166584,0.010239059404260653,0.02508492061565558,0.03377517572283127,0.008325992725198267,0.009103491479882321,0.1352538965691721,0.14864686636182778,0.06829896781866596,0.27551214618816217
2000,base4,0,126,1,,2861.4673249116167,exchangeable_varying_sigma,0.18,fixed,0.18,0.18,fixed,0.18,1.0,0.3,0.03149462007349098,0.04182484938270821,0.015305698779614185,0.019131651568138324,0.029604387407553254,0.03978226054788037,0.01506376451382646,0.018754205433722245,0.12760944789442255,0.14375400808229172,0.01802742747635827,0.19596545001486898
2000,base4,1,127,1,,1759.4349210876971,exchangeable_varying_sigma,0.18,fixed,0.18,0.18,fixed,0.18,1.0,0.9,0.031024528959237997,0.04058032030508216,0.009617829346824161,0.011273997738585534,0.01622761847763302,0.02213906878592176,0.008194733032311247,0.008985960889112953,0.13144444556179458,0.15010466261440206,0.1155924436966671,0.3608508242703527
2000,base4,2,128,1,,1888.757617585361,exchangeable_varying_sigma,0.18,fixed,0.18,0.18,fixed,0.18,1.0,0.6,0.02924092053821942,0.03920604657276306,0.02276610927799244,0.024070127162353176,0.025165965147129394,0.03358870832052903,0.023077299817081093,0.024188994166428772,0.13164101277718016,0.1490730779988361,0.07896941119880108,0.27965278223961026
2000,base4,0,126,1,,1928.2028398104012,exchangeable_varying_sigma,0.18,fixed,0.18,0.18,fixed,0.18,1.0,0.9,0.03145042973713213,0.041834612343491305,0.018165503063923782,0.021813999619045198,0.01594580848010846,0.02178982735848395,0.01884114271480336,0.020935248417027267,0.11126909894068499,0.13368971699448612,0.10665479821725365,0.3174219994972061
2000,base4,0,126,1,,2313.1166376778856,exchangeable_varying_sigma,0.18,fixed,0.18,0.18,fixed,0.18,1.0,0.6,0.03156896564387958,0.041907551633897894,0.016858107315358778,0.020673535336970063,0.025361641238483893,0.03436222054125122,0.01681623468896934,0.020005422611125576,0.11946105800481858,0.13821099764731082,0.060709386821414024,0.24466044119674163
2000,base4,2,128,1,,1321.1877856999636,exchangeable_varying_sigma,0.18,fixed,0.18,0.18,fixed,0.18,1.0,0.9,0.02905397715697599,0.038945935306743826,0.02476913222604661,0.026391483786365647,0.015997953790705545,0.021621009731611674,0.0246300830153455,0.02613607193279188,0.13413653917310137,0.1521691022372611,0.10763044267771749,0.3570790713231692
2000,base4,2,128,1,,2555.9055531611666,exchangeable_varying_sigma,0.18,fixed,0.18,0.18,fixed,0.18,1.0,0.3,0.02953822764323784,0.03941113160326355,0.020549026623410405,0.021585771640954318,0.02883788353668553,0.03831232539465498,0.02090314025647283,0.021889540548069353,0.1286853267497355,0.14594007273004983,0.04820689024492664,0.21474505432851007
1000,base1,2,131,1,,1067.968689866364,exchangeable_varying_sigma,0.18,fixed,0.18,0.18,fixed,0.18,1.0,0.9,0.05679300514137523,0.07847793591965851,0.03471095466797269,0.03797680537737015,0.039581663585801695,0.05678954017918446,0.02839406947443958,0.03055044824288505,0.33481302855622824,0.34285401285965006,0.24932992695062195,0.8128462105904893
1000,base1,1,130,1,,1094.0599289089441,exchangeable_varying_sigma,0.18,fixed,0.18,0.18,fixed,0.18,1.0,0.9,0.05439625637828107,0.07536480963651489,0.04080764487698808,0.04335988120204786,0.038689245468344256,0.05457951921852276,0.043282526441300984,0.04572456747282269,0.3178475261074013,0.33252272632480995,0.24151590604222606,0.7800766798289236
1000,base1,2,131,1,,1160.7424582634121,exchangeable_varying_sigma,0.18,fixed,0.18,0.18,fixed,0.18,1.0,0.0,0.05088176204514671,0.07057067881633196,0.01176035839016365,0.01643191361631784,0.050939445705168236,0.07089642290677947,0.01353098249379675,0.016977592400572332,0.33194682161223554,0.34063557445317016,0.005374394417032851,0.4694711561238778
1000,base1,1,130,1,,1246.874120241031,exchangeable_varying_sigma,0.18,fixed,0.18,0.18,fixed,0.18,1.0,0.0,0.04990734805276649,0.06758137408446763,0.017229472765520087,0.018999801394840136,0.04992914435502171,0.06775395100382936,0.016367471266583125,0.018205212622020232,0.33298628173346445,0.34348167014045317,0.04372661730396774,0.47271668930016425
1000,base1,0,129,1,,1260.6663189511746,exchangeable_varying_sigma,0.18,fixed,0.18,0.18,fixed,0.18,1.0,0.0,0.046630249711118114,0.06199226754298731,0.026083240280400377,0.03552202915415555,0.04673672246615723,0.06242648130108065,0.027311999911688895,0.03675536678692891,0.3109623121071395,0.3267305366420097,0.004677873187312185,0.4397907428962449
1000,base1,2,131,1,,1394.282167037949,exchangeable_varying_sigma,0.18,fixed,0.18,0.18,fixed,0.18,1.0,0.6,0.0560119338672774,0.07671060298438279,0.03458684284844618,0.037575848324956314,0.0490215378903555,0.06810841027874857,0.03272374410440597,0.03508283363632813,0.3382947856498828,0.34466776472356636,0.16398045334674283,0.65033128533905
1000,base1,1,130,1,,1406.997294805944,exchangeable_varying_sigma,0.18,fixed,0.18,0.18,fixed,0.18,1.0,0.3,0.05436165422158927,0.0754261272192385,0.03461048630050269,0.037975974244959416,0.052692706335904234,0.07336119238877617,0.03581632044586448,0.0389474838037287,0.35029656741989623,0.3598612028752223,0.04866137989301367,0.5317815113505644
1000,base1,1,130,1,,1465.2218176592141,exchangeable_varying_sigma,0.18,fixed,0.18,0.18,fixed,0.18,1.0,0.6,0.054574994991625596,0.07581112632269245,0.037973345512862244,0.040993723797798975,0.048189231228377045,0.06733086068647454,0.03997606230725091,0.042982230177111745,0.33595318673445335,0.34757564190997275,0.13918893629237383,0.6313485155981371
1000,base1,0,129,1,,1561.7410473842174,exchangeable_varying_sigma,0.18,fixed,0.18,0.18,fixed,0.18,1.0,0.3,0.04892906387430933,0.0665974387483793,0.02645104993331225,0.026852272220368217,0.048733408353136144,0.06627791334714199,0.028887760754491842,0.030088664702975502,0.3568463844006953,0.3737264746771448,0.12095293637124932,0.5683433864635316
1000,base1,0,129,1,,1616.670297017321,exchangeable_varying_sigma,0.18,fixed,0.18,0.18,fixed,0.18,1.0,0.9,0.04587334661435771,0.06258995526049803,0.029511471496192335,0.031230485658491455,0.033993612459488454,0.04721104593458882,0.030793152777114377,0.03253895352542719,0.382135720980796,0.39532031496743836,0.2262954760616651,0.8718188694405282
1000,base1,0,129,1,,1630.1183612588793,exchangeable_varying_sigma,0.18,fixed,0.18,0.18,fixed,0.18,1.0,0.6,0.0476268177929098,0.06483555749330266,0.028322420225728437,0.029063330529369418,0.044481223887693974,0.06070069264813904,0.030998038075343917,0.03218107587845078,0.3707893725878356,0.3856215527161643,0.17754790387595581,0.7059274943595161
1000,base1,2,131,1,,1786.5358331669122,exchangeable_varying_sigma,0.18,fixed,0.18,0.18,fixed,0.18,1.0,0.3,0.05504642061547444,0.0751114196088726,0.03328453448940706,0.036050960905074925,0.053181349987685915,0.07296906660935357,0.03336909525344994,0.03600517212514079,0.34106944469628514,0.3466519881475284,0.08241024718662937,0.530771655944948
1000,base2,0,129,1,,900.7297415118665,exchangeable_varying_sigma,0.18,fixed,0.18,0.18,fixed,0.18,1.0,0.0,0.046484458674538834,0.062054896484095894,0.02692736764544726,0.035486063732314645,0.04657701205210944,0.062476946225863264,0.02776566539993361,0.03603615350393314,0.3126982930429643,0.3288066773987141,0.008433268022009603,0.4422981311303624
1000,base2,1,130,1,,1000.1531903706491,exchangeable_varying_sigma,0.18,fixed,0.18,0.18,fixed,0.18,1.0,0.0,0.04930315461601686,0.06657285038594579,0.019069377264701412,0.020787668388487893,0.0494071923067847,0.06679383909709072,0.018235820412782697,0.01964929970673911,0.33132288007434896,0.34338467614563395,0.018115037823439283,0.46887435060278326
1000,base2,2,131,1,,1019.1422534678131,exchangeable_varying_sigma,0.18,fixed,0.18,0.18,fixed,0.18,1.0,0.0,0.05225255560522707,0.0721037661128401,0.010146396004637348,0.0159652801423139,0.052439088402234484,0.0724917672127609,0.011957175350083796,0.01690133859920005,0.33379053814669135,0.3442159164154045,0.023740347666168674,0.47258072455772215
1000,base3,0,129,1,,908.1177454572171,exchangeable_varying_sigma,0.18,fixed,0.18,0.18,fixed,0.18,1.0,0.0,0.06318772035353175,0.07974674828270253,0.026176096534150012,0.040044621198924504,0.06425648967905737,0.08130578775095586,0.028296027268593912,0.0400697892922952,0.18549339062439818,0.22749558302478604,0.006070351676713843,0.2624204431015864
1000,base2,1,130,1,,1710.6020352710038,exchangeable_varying_sigma,0.18,fixed,0.18,0.18,fixed,0.18,1.0,0.3,0.05312127737544745,0.07428808055072134,0.035273778083223156,0.038046028748871696,0.05103768935316694,0.0721480649215807,0.036294985347684355,0.03879474734500174,0.3482484254286949,0.359738269406289,0.05752559568244897,0.5318488011874473
1000,base2,0,129,1,,1731.9281264115125,exchangeable_varying_sigma,0.18,fixed,0.18,0.18,fixed,0.18,1.0,0.3,0.049230263351402175,0.06632909030562012,0.028584187426404742,0.029311820128336212,0.04895243929125746,0.06602841222052566,0.03036660381361661,0.031903780973681205,0.35783128418015103,0.3748221631411625,0.12612400663398624,0.571867189308019
1000,base3,1,130,1,,958.931171413511,exchangeable_varying_sigma,0.18,fixed,0.18,0.18,fixed,0.18,1.0,0.0,0.0635760723995206,0.08135062784255018,0.014651329554363476,0.016211084712375527,0.0644962911974978,0.08240526743163519,0.013331655823964408,0.018344297300895047,0.2078348400299716,0.23633038486524716,0.049396072696008465,0.29908682927007774
1000,base2,0,129,1,,1728.8404469881207,exchangeable_varying_sigma,0.18,fixed,0.18,0.18,fixed,0.18,1.0,0.6,0.04819317181384607,0.06466265080662448,0.030455557718820858,0.031301296570396424,0.0448235593959352,0.060521799449204314,0.032537316234948085,0.03381594120971641,0.371439219404402,0.38614283334524924,0.1818013386631902,0.7094057565280371
1000,base3,2,131,1,,1053.4832581039518,exchangeable_varying_sigma,0.18,fixed,0.18,0.18,fixed,0.18,1.0,0.0,0.06620605492106431,0.08621360274188924,0.019005213150948053,0.022580068626268605,0.06720252715466986,0.08761288778439852,0.021219783182801433,0.02472354977276678,0.20661430283637014,0.23751939202548653,0.0013458291604598735,0.2922006510992338
1000,base2,2,131,1,,1889.4266141541302,exchangeable_varying_sigma,0.18,fixed,0.18,0.18,fixed,0.18,1.0,0.3,0.05341451178622337,0.07353803228181333,0.031786930201038566,0.033820980682005404,0.05190100300257498,0.07161341920931966,0.032183166177574565,0.033927096258047636,0.33749463031137883,0.3432143144283334,0.04609269046058556,0.5123864231577543
1000,base2,1,130,1,,1992.4228237979114,exchangeable_varying_sigma,0.18,fixed,0.18,0.18,fixed,0.18,1.0,0.6,0.053392445755848186,0.07474519410770439,0.03863663729558206,0.041163512305143354,0.04635785273478899,0.06602420322602286,0.04037775104958445,0.0427405809960597,0.3344163138545249,0.3480064185253752,0.14319507598650838,0.6315464588847033
1000,base2,2,131,1,,1930.787315968424,exchangeable_varying_sigma,0.18,fixed,0.18,0.18,fixed,0.18,1.0,0.6,0.053917455809247415,0.07478595744443195,0.03308923856007953,0.035280432693461365,0.047493032690152356,0.06650356054796887,0.03150785450871063,0.03282833372120907,0.3347693758782747,0.34079182357473964,0.12621320322730328,0.6216018005319567
1000,base2,1,130,1,,1979.4602372385561,exchangeable_varying_sigma,0.18,fixed,0.18,0.18,fixed,0.18,1.0,0.9,0.05322631222071239,0.07442780602702484,0.04147093665971127,0.04365150705778597,0.03687945651323102,0.05315130754086371,0.04364000983875614,0.0454816247711886,0.31710531861168406,0.3336819459000999,0.23823743897577487,0.7763204583922241
1000,base2,0,129,1,,2149.6333367675543,exchangeable_varying_sigma,0.18,fixed,0.18,0.18,fixed,0.18,1.0,0.9,0.04676775025896427,0.06256037796037328,0.031644608989284534,0.033161280303963765,0.03453422550771926,0.04717210835109574,0.03255064344574449,0.03384825318263653,0.38233281519202694,0.3951181569712598,0.22940377094134445,0.8742709954556896
1000,base3,0,129,1,,896.4925811048597,exchangeable_varying_sigma,0.18,fixed,0.18,0.18,fixed,0.18,1.0,0.3,0.06449120273516638,0.0821081798542258,0.02814319224656718,0.029231212461488406,0.06560630392775084,0.0833733744379458,0.029798402672312194,0.033461331045909544,0.22116061608473672,0.2683465528484806,0.15042495166914094,0.4064138917565804
1000,base2,2,131,1,,2195.563643908128,exchangeable_varying_sigma,0.18,fixed,0.18,0.18,fixed,0.18,1.0,0.9,0.05412496822464507,0.07614903892431488,0.033213350379605114,0.03560540158873073,0.03708784755771448,0.054204943989872044,0.027010077518395514,0.027940363377283253,0.3315539833993688,0.3388517768031851,0.2107566799366839,0.7783228733234202
1000,base3,0,129,1,,945.5532854832709,exchangeable_varying_sigma,0.18,fixed,0.18,0.18,fixed,0.18,1.0,0.6,0.06341140533710922,0.08064473241159222,0.030014562538984824,0.031067057138634134,0.06260851896352265,0.07944624937358387,0.03204932258809376,0.03550696321161075,0.23547720207822362,0.27866051681581744,0.2516822451932637,0.5775937938736705
1000,base3,2,131,1,,949.2032329402864,exchangeable_varying_sigma,0.18,fixed,0.18,0.18,fixed,0.18,1.0,0.6,0.06863028037304603,0.08946675206956274,0.04594166247002518,0.05233033773008363,0.06533870373033684,0.085290247624928,0.0440963747997558,0.05099245458817012,0.18880162072093817,0.22147293627103423,0.2547792945030262,0.5253929360845851
1000,base3,1,130,1,,1177.99318863824,exchangeable_varying_sigma,0.18,fixed,0.18,0.18,fixed,0.18,1.0,0.6,0.06808400446993082,0.0892372977155087,0.037729749354209516,0.042209554241029734,0.0656332037673532,0.0849906213496195,0.037483719756096504,0.04105610294064481,0.20921963658700787,0.24112448209653198,0.21584299487995745,0.5128681778549311
1000,base3,1,130,1,,1625.2368667051196,exchangeable_varying_sigma,0.18,fixed,0.18,0.18,fixed,0.18,1.0,0.3,0.06821499902934942,0.08908030505893574,0.03436689014184832,0.03963124906309649,0.06850133580461616,0.08916160781971505,0.033420881360292254,0.037378787858480464,0.22452401603075253,0.2530366336916743,0.08794560833731627,0.37090891107527474
1000,base3,2,131,1,,1675.3879015929997,exchangeable_varying_sigma,0.18,fixed,0.18,0.18,fixed,0.18,1.0,0.3,0.06774642225934228,0.08804631871397277,0.04463935411098649,0.05075460330333911,0.06773284016171062,0.08811977156981586,0.04422123409122758,0.05109845393514086,0.1921732537753773,0.2233746574981423,0.13472809735610972,0.35958065991302396
1000,base4,2,131,1,,918.7385231852531,exchangeable_varying_sigma,0.18,fixed,0.18,0.18,fixed,0.18,1.0,0.0,0.04980838250536644,0.06951703498913997,0.012614394614672217,0.01620834742009757,0.04984461878617905,0.06977442947607655,0.014314087467278774,0.017224283136860644,0.34925256210641076,0.3564767398091219,0.009525495699079553,0.49399549779207874
1000,base4,1,130,1,,942.4385761413723,exchangeable_varying_sigma,0.18,fixed,0.18,0.18,fixed,0.18,1.0,0.3,0.052172342640941644,0.07331852776260109,0.0347939191927244,0.03807697003416357,0.05023273770404523,0.07104522196896512,0.03582908467317335,0.038767260237141256,0.3648488440486655,0.372917554556788,0.04101443642629382,0.5504112815478271
1000,base4,2,131,1,,933.9340877402574,exchangeable_varying_sigma,0.18,fixed,0.18,0.18,fixed,0.18,1.0,0.3,0.05248870616619386,0.07257603061347194,0.035031336912794475,0.038084542451445456,0.05057297919235858,0.07039238817167473,0.03532444182212942,0.03821288705768593,0.35176596493967477,0.35629365520676276,0.07163850544623418,0.5419108052106448
1000,base3,0,129,1,,1848.3109583631158,exchangeable_varying_sigma,0.18,fixed,0.18,0.18,fixed,0.18,1.0,0.9,0.06199137248058749,0.07880746570551446,0.031203613809448125,0.03279446236704073,0.056361704328529806,0.07142119928368812,0.03237921514317772,0.03596939791934685,0.24757769159606377,0.28719722418944527,0.34763456735303355,0.7693196686855035
1000,base3,1,130,1,,1710.2812411524355,exchangeable_varying_sigma,0.18,fixed,0.18,0.18,fixed,0.18,1.0,0.9,0.06749624649476771,0.08864461703291165,0.040564048718334134,0.04407788474681759,0.05970322253948488,0.0768318960671452,0.04082738902573811,0.043615569964699036,0.1894847587663483,0.22679028860447173,0.3548091047574461,0.7011039030702866
1000,base4,0,129,1,,1024.5116588659585,exchangeable_varying_sigma,0.18,fixed,0.18,0.18,fixed,0.18,1.0,0.6,0.04614226600304201,0.06279463353169264,0.0294074468109619,0.029987107632353783,0.042307272066849984,0.05827986787173451,0.03185153300720875,0.03321611945468297,0.38375248588367644,0.39662703095006774,0.17112046784432938,0.7210591967356791
1000,base4,0,129,1,,1758.5693942625076,exchangeable_varying_sigma,0.18,fixed,0.18,0.18,fixed,0.18,1.0,0.0,0.0444448282683177,0.0603028157909619,0.02590461394663282,0.03622763744949035,0.044468911866257246,0.060672727562025644,0.027069701008562902,0.03711437083428984,0.3262742221500951,0.3394548646986069,0.005769871180538763,0.46145417806335953
1000,base3,2,131,1,,2018.5673409271985,exchangeable_varying_sigma,0.18,fixed,0.18,0.18,fixed,0.18,1.0,0.9,0.06960982038614613,0.09112119005761578,0.04606577428955275,0.05278414503702046,0.060487205496945036,0.07934039550325195,0.04077814371840903,0.04797277704836996,0.1866625245046353,0.22066421219921703,0.37598720218171255,0.7183184425211256
1000,base4,0,129,1,,947.8558152206242,exchangeable_varying_sigma,0.18,fixed,0.18,0.18,fixed,0.18,1.0,0.9,0.04439569198931393,0.060516100904295225,0.030596498081426116,0.03196958027701045,0.030455400456949902,0.043655018240041026,0.03178684199592713,0.033552131775676695,0.39509119908974527,0.4064720482411012,0.21422775670884642,0.8848585301469039
1000,base4,1,130,1,,975.24200508371,exchangeable_varying_sigma,0.18,fixed,0.18,0.18,fixed,0.18,1.0,0.9,0.05203224822322664,0.07323409054138673,0.040991077769210946,0.04337789038293032,0.03469010154238234,0.050943247372570936,0.04324614126748902,0.04545927988601791,0.3323388366192085,0.34491351250170543,0.22376958708829342,0.7894400863292645
1000,base4,1,130,1,,2180.462203213945,exchangeable_varying_sigma,0.18,fixed,0.18,0.18,fixed,0.18,1.0,0.0,0.04743639952547603,0.06501479733426223,0.01735781069800299,0.018611172549906786,0.04741327127640527,0.06512417592917034,0.016640992604606317,0.018130602647225026,0.34779743941559443,0.356408940327753,0.042934751758387714,0.4934514759338376
1000,base4,2,131,1,,969.4080797582865,exchangeable_varying_sigma,0.18,fixed,0.18,0.18,fixed,0.18,1.0,0.9,0.05389495890572728,0.07580852845865911,0.0364577570913595,0.03999967950771213,0.035288566723557034,0.05300137181781003,0.03027822056156064,0.03258390233714303,0.3454605663217207,0.3521652121791051,0.22875422051091676,0.8142912633345242
1000,base4,0,129,1,,2254.4752567857504,exchangeable_varying_sigma,0.18,fixed,0.18,0.18,fixed,0.18,1.0,0.3,0.047360351275472876,0.06458645137021786,0.02753607651854592,0.02791498428901131,0.04698245849266399,0.06416832040157519,0.02965005146421304,0.031088456965044732,0.3698520466722782,0.38457202227367154,0.11969606657880774,0.5857110699211159
1000,base4,1,130,1,,1913.3144421353936,exchangeable_varying_sigma,0.18,fixed,0.18,0.18,fixed,0.18,1.0,0.6,0.05231140565499388,0.07369702173677621,0.0381567784050823,0.041057577399370854,0.04533422687877124,0.06468349810549494,0.03998257932461463,0.042779728488055856,0.35049220780050766,0.3603773445450019,0.1262824104856995,0.6454360710181315
1000,base4,2,131,1,,1858.9593551307917,exchangeable_varying_sigma,0.18,fixed,0.18,0.18,fixed,0.18,1.0,0.6,0.05329627002564561,0.07410633856271388,0.036333645271833206,0.03960731635079728,0.04601246070298784,0.06527269467020087,0.034704003753652055,0.03727092423217063,0.34888920270631885,0.35408352980050795,0.14832909454780346,0.6562102526113384
2000,base1,2,131,1,,4123.381963985041,exchangeable_varying_sigma,0.18,fixed,0.18,0.18,fixed,0.18,1.0,0.0,0.033033711497332544,0.04290895661571573,0.00867330620424539,0.009307340950752424,0.03310521483065529,0.042995561826083564,0.008227877145836199,0.008989216217358872,0.15319440286759942,0.1626129126685225,0.0006060087858494885,0.21665081774636352
2000,base1,1,130,1,,4299.192638570443,exchangeable_varying_sigma,0.18,fixed,0.18,0.18,fixed,0.18,1.0,0.0,0.03225740502793834,0.04261761658584062,0.007097520063651497,0.010116535811832897,0.032339950029249054,0.0427921658059498,0.008020554300535665,0.011603844449577483,0.17419197022756897,0.19274977083924966,0.01595491645632616,0.24704834147517193
2000,base1,2,131,1,,4159.597211154178,exchangeable_varying_sigma,0.18,fixed,0.18,0.18,fixed,0.18,1.0,0.3,0.03378723124457263,0.04498409337806675,0.01261524588673607,0.013890722985895092,0.032598271570667636,0.04346781466375825,0.010956705945530304,0.012375949260587226,0.14330629081386012,0.1582372524450153,0.038906917947603814,0.2296167402726635
2000,base1,0,129,1,,4022.7827220261097,exchangeable_varying_sigma,0.18,fixed,0.18,0.18,fixed,0.18,1.0,0.6,0.03319899542612648,0.043842783658984294,0.033882561536833944,0.03816659761011085,0.02788911787082893,0.03673546113930929,0.033302964018661674,0.038771453659613,0.14127455777740472,0.14628993137399462,0.09630635197825,0.30984892255360386
2000,base1,2,131,1,,3970.2116577308625,exchangeable_varying_sigma,0.18,fixed,0.18,0.18,fixed,0.18,1.0,0.6,0.034228846025595165,0.04544766531766785,0.01378515814599987,0.015584350057798688,0.029251070734715418,0.038927511017368396,0.011306243328959298,0.013625112400338394,0.1390538418791337,0.15444740990013375,0.09138036539714023,0.3020406832082283
2000,base1,0,129,1,,5685.637025611475,exchangeable_varying_sigma,0.18,fixed,0.18,0.18,fixed,0.18,1.0,0.3,0.03276523342428981,0.04342245980223718,0.03109522841357218,0.035133182724873216,0.03125963636664018,0.041445405027443274,0.030753919863094337,0.03535853627106649,0.1393630548023458,0.14418251535814708,0.059553514340502295,0.23699265398293404
2000,base1,1,130,1,,6500.708873493597,exchangeable_varying_sigma,0.18,fixed,0.18,0.18,fixed,0.18,1.0,0.3,0.03170513192435762,0.041465206142104624,0.002983587626215589,0.003964109957703508,0.030546322428199768,0.04007986896943127,0.0019048777752219553,0.002479184859248624,0.16591224444769426,0.1815720864439493,0.06155437034874908,0.27477700416121775
2000,base1,2,131,1,,5672.428487632424,exchangeable_varying_sigma,0.18,fixed,0.18,0.18,fixed,0.18,1.0,0.9,0.0348575067374961,0.046065594926273074,0.015037165762623733,0.017372721464637825,0.021914203876599845,0.028643608193831785,0.01368137716865489,0.015804406717794987,0.1362511097164057,0.1516417693949097,0.14475316106644853,0.3997450385921874
2000,base1,0,129,1,,7053.814415497705,exchangeable_varying_sigma,0.18,fixed,0.18,0.18,fixed,0.18,1.0,0.0,0.03259362844684909,0.04191011814669856,0.014614084345919959,0.018578984979771306,0.03255428230816221,0.04188248234011274,0.01425042549965111,0.018046018251512728,0.13498447722703638,0.13876101468573904,0.022992556882948004,0.1929579134205731
2000,base1,1,130,1,,6409.290630141273,exchangeable_varying_sigma,0.18,fixed,0.18,0.18,fixed,0.18,1.0,0.6,0.032136749260733566,0.041874914690954515,0.0034968746160277814,0.004574911029824297,0.027603097225762294,0.036178668921804914,0.002072713419912414,0.002301325116478237,0.17017694860579094,0.1880996372686502,0.10191400760052266,0.35723495708449265
2000,base1,0,129,1,,6266.707185931504,exchangeable_varying_sigma,0.18,fixed,0.18,0.18,fixed,0.18,1.0,0.9,0.03364907725982565,0.04412380908229326,0.036241237366596096,0.04065489292234674,0.020749096055643425,0.026379282034782292,0.034889456628858645,0.04080013023478587,0.14226719818442485,0.14876449605477657,0.13162528797470585,0.3957068245820479
2000,base1,1,130,1,,6072.939618121833,exchangeable_varying_sigma,0.18,fixed,0.18,0.18,fixed,0.18,1.0,0.9,0.032633358072983294,0.04241583360040973,0.004143260517897526,0.005222016010723041,0.021118597509094696,0.02689372560712115,0.0028300610805210014,0.0032078126260218494,0.17528189909731232,0.19573299590796908,0.13808857182681078,0.4571889496107181
2000,base2,1,130,1,,3844.0813318882138,exchangeable_varying_sigma,0.18,fixed,0.18,0.18,fixed,0.18,1.0,0.0,0.03325634297415672,0.04322154410443313,0.006081743192345113,0.010272278726964729,0.03335109421889511,0.04341099023722643,0.00700464145494005,0.011669690114344537,0.17633272989770232,0.19609457410203945,0.017380478121284747,0.2501926129457152
2000,base2,0,129,1,,4268.2419109120965,exchangeable_varying_sigma,0.18,fixed,0.18,0.18,fixed,0.18,1.0,0.0,0.032916945541249173,0.04210628726405945,0.015929899435454836,0.02026356438660902,0.032898647283857045,0.042097126564207055,0.015532355872224346,0.01975598448117675,0.13694022759001312,0.14144055180141926,0.019273298182431273,0.19508621768826667
2000,base2,0,129,1,,3893.440542925149,exchangeable_varying_sigma,0.18,fixed,0.18,0.18,fixed,0.18,1.0,0.3,0.03369427283696652,0.0446004974611732,0.029162518427396478,0.033142775117011504,0.03226906570837853,0.04283490683041693,0.02901819139554404,0.03366293217119908,0.13724251382212022,0.1448128801048588,0.05002071446479914,0.22780168355397576
2000,base2,2,131,1,,4616.576365847141,exchangeable_varying_sigma,0.18,fixed,0.18,0.18,fixed,0.18,1.0,0.0,0.03414018754163347,0.04431161647174137,0.01062505552722165,0.010742872056405613,0.03424261963089699,0.044433521748808325,0.010392332611855792,0.010569945057279402,0.15263837397400765,0.16422054491807156,0.0037756928109980385,0.21591067238047779
2000,base2,1,130,1,,5375.8589294701815,exchangeable_varying_sigma,0.18,fixed,0.18,0.18,fixed,0.18,1.0,0.3,0.03108974206849118,0.04079340528606053,0.0043976221346345434,0.005294083167186777,0.030196303118493837,0.039520557999204495,0.002758652096606584,0.003975955455696459,0.1660190084571563,0.18235146432535562,0.05529539335758232,0.2711573389598986
2000,base2,1,130,1,,4065.1330881323665,exchangeable_varying_sigma,0.18,fixed,0.18,0.18,fixed,0.18,1.0,0.9,0.03186814325166133,0.04171777285154455,0.004987575341755757,0.006423357387009454,0.020247532529608404,0.026224018533557502,0.0032523886390306567,0.0033734699048217276,0.1748634896013046,0.196458527705589,0.13138572251274716,0.449934792921806
2000,base2,2,131,1,,5649.209716584533,exchangeable_varying_sigma,0.18,fixed,0.18,0.18,fixed,0.18,1.0,0.3,0.03473999550569355,0.04609697766360322,0.014441131145636804,0.015426325683186307,0.03379496849057207,0.04497063329679675,0.012510103062787825,0.013694820965682319,0.14282738542572102,0.15891655488855516,0.03139646892109821,0.22479402433683052
2000,base2,2,131,1,,4906.502667814493,exchangeable_varying_sigma,0.18,fixed,0.18,0.18,fixed,0.18,1.0,0.6,0.0348567784286196,0.04625135123878402,0.015611043404901381,0.01700424796249622,0.030374435474302915,0.04046430570625993,0.012768223924054023,0.014768600211355402,0.1384208407429492,0.15546310040930789,0.08640506550687332,0.2965323969604721
2000,base2,1,130,1,,5411.5799625739455,exchangeable_varying_sigma,0.18,fixed,0.18,0.18,fixed,0.18,1.0,0.6,0.03141292364582696,0.04118295142069141,0.004721043048145551,0.005847031718510142,0.027259400682482723,0.03564189662247143,0.0024003966272298366,0.0031554508521649404,0.17005131110584748,0.1888896076476126,0.09526998006430165,0.3513250682310122
2000,base3,0,129,1,,4310.145597338676,exchangeable_varying_sigma,0.18,fixed,0.18,0.18,fixed,0.18,1.0,0.0,0.049088201940677666,0.061257986005991395,0.017451050732034082,0.01934475543425746,0.0498729899277898,0.062239919429361634,0.015647832344002355,0.01788955998364065,0.07466264473147544,0.0888565561950338,0.027384103768826943,0.062340854220240056
2000,base2,0,129,1,,5368.950374739245,exchangeable_varying_sigma,0.18,fixed,0.18,0.18,fixed,0.18,1.0,0.9,0.03393696575083289,0.0445712313330782,0.034308527380419285,0.03864231347442399,0.020631000298838836,0.027041033945353517,0.03366145299746581,0.039413770325770425,0.13965133746461475,0.14584913201400052,0.1285467838356703,0.38815287861897935
2000,base2,0,129,1,,5970.996750690043,exchangeable_varying_sigma,0.18,fixed,0.18,0.18,fixed,0.18,1.0,0.6,0.0338787494820272,0.04473247625936173,0.03194985155065608,0.03616589593273594,0.02869345307734031,0.03797397502176893,0.03177885514698628,0.03719794983087077,0.13888554672749973,0.14528304168442494,0.08934454386472379,0.2999158963253204
2000,base2,2,131,1,,6416.242709726095,exchangeable_varying_sigma,0.18,fixed,0.18,0.18,fixed,0.18,1.0,0.9,0.03498223200809608,0.04640034811165603,0.01659033925723355,0.018653548014641818,0.02253547883841203,0.0298051707989208,0.013171226943484271,0.0166414466638655,0.13543776012184508,0.15315902648481858,0.14353654514442793,0.397126164877223
2000,base3,0,129,1,,4591.778006996959,exchangeable_varying_sigma,0.18,fixed,0.18,0.18,fixed,0.18,1.0,0.3,0.0504834893524374,0.06302030393990446,0.028220472190297496,0.03448790763651864,0.05044402694861352,0.06276473882778277,0.027390856506698702,0.03411772159036319,0.07342690161743011,0.08802942511521127,0.11021510755176714,0.15321460544624402
2000,base3,1,130,1,,6307.444186188281,exchangeable_varying_sigma,0.18,fixed,0.18,0.18,fixed,0.18,1.0,0.0,0.05131609847492142,0.06288493865427702,0.007817112435536386,0.010275644772908965,0.05257522525013278,0.06450798816110045,0.0091841212361682,0.01249563194835915,0.10614082593427457,0.13131708018055133,0.025747186087296748,0.036405232816821606
2000,base3,2,131,1,,6591.431254904717,exchangeable_varying_sigma,0.18,fixed,0.18,0.18,fixed,0.18,1.0,0.0,0.04998897864031751,0.06268757957527377,0.008353589629355257,0.011767554763500984,0.05099104697074291,0.06387516935808446,0.0073324238044366885,0.01064798229937369,0.08507553610981815,0.10238554841976874,0.008404075578003429,0.018066076263005125
2000,base3,1,130,1,,5161.738244101405,exchangeable_varying_sigma,0.18,fixed,0.18,0.18,fixed,0.18,1.0,0.3,0.05007035759259748,0.062320847196415737,0.0020833212957907105,0.002901883840520293,0.05080779417123691,0.06304033824407562,0.0011045682123367595,0.0012422732458558451,0.1038248111816954,0.1253808620450677,0.09566939674971822,0.13675590307724844
2000,base3,2,131,1,,4551.007067769766,exchangeable_varying_sigma,0.18,fixed,0.18,0.18,fixed,0.18,1.0,0.3,0.048595332030472685,0.06084050631773659,0.008079597375805353,0.008495505133436462,0.04880906040466079,0.06126645677040297,0.004565389278474968,0.005375055456070057,0.0945734893537197,0.11513849777488683,0.06786158529088857,0.09465075100584727
2000,base3,1,130,1,,4521.020074764267,exchangeable_varying_sigma,0.18,fixed,0.18,0.18,fixed,0.18,1.0,0.6,0.050066068493105284,0.062447968294540836,0.002664827144025897,0.003498503941530033,0.049216497085492174,0.060897688992308456,0.0014857001315950608,0.0018883190033981167,0.10757206133765364,0.13102105177880766,0.18136850119075248,0.2619610024305072
2000,base3,0,129,1,,5248.863970801234,exchangeable_varying_sigma,0.18,fixed,0.18,0.18,fixed,0.18,1.0,0.6,0.05082261808429541,0.0634424159129626,0.031007805313558873,0.03746131862343727,0.04838753692009791,0.06001030592161757,0.02979600636018076,0.03737451395636598,0.0683312751281102,0.08311673840256224,0.18924862328507336,0.2569512111080849
2000,base3,0,129,1,,5107.730388533324,exchangeable_varying_sigma,0.18,fixed,0.18,0.18,fixed,0.18,1.0,0.9,0.051193795931661734,0.06380400727573098,0.033366481143323606,0.03988419125867156,0.044377204375653206,0.055184191092539664,0.03135830619825691,0.03936559515992299,0.0640056691096837,0.07935217579903926,0.2664291687799081,0.3596991383045475
2000,base3,2,131,1,,5410.586654603481,exchangeable_varying_sigma,0.18,fixed,0.18,0.18,fixed,0.18,1.0,0.6,0.04909941457171543,0.06121901819972207,0.009922835464949264,0.01030415233631446,0.04714514491658292,0.0589415477369089,0.005738455985659641,0.006456061219594518,0.09768048670107381,0.11836916056658203,0.1554701278119422,0.20558502173011547
2000,base3,1,130,1,,5659.594778632745,exchangeable_varying_sigma,0.18,fixed,0.18,0.18,fixed,0.18,1.0,0.9,0.05007993723648889,0.06258112586154202,0.0033112130458952532,0.00416373641912891,0.04562887639285141,0.056460927466325854,0.0023070833140918096,0.0032068106058372814,0.11125277493275866,0.13695814515078608,0.26563325802487747,0.38813080117961735
2000,base3,2,131,1,,6313.11805960536,exchangeable_varying_sigma,0.18,fixed,0.18,0.18,fixed,0.18,1.0,0.9,0.04990127292326496,0.06187758828793863,0.011936211077173714,0.012350212986416571,0.04406505770281387,0.05472198754694602,0.0074664784974899645,0.008263730456303351,0.10117881922436064,0.12187606865422426,0.24233317155027068,0.3159590174152528
2000,base4,0,129,1,,5448.172997046262,exchangeable_varying_sigma,0.18,fixed,0.18,0.18,fixed,0.18,1.0,0.0,0.029914144141768146,0.03915206319858544,0.01564201290447953,0.01920227585924597,0.02984204994531793,0.03910470625156637,0.015357603928496208,0.01878958449542798,0.15230385824184497,0.15441993968081602,0.023820904683900766,0.2172750238810949
2000,base4,1,130,1,,5631.99201082252,exchangeable_varying_sigma,0.18,fixed,0.18,0.18,fixed,0.18,1.0,0.0,0.029914391425084477,0.04031910286078706,0.006597067607512788,0.01007186642994429,0.02992074325556256,0.04044729071162771,0.0076782697905650316,0.01146876250232827,0.19154534358537945,0.20588869730540288,0.02017379403859768,0.271866223085149
2000,base4,2,131,1,,3685.894926585257,exchangeable_varying_sigma,0.18,fixed,0.18,0.18,fixed,0.18,1.0,0.3,0.03063172058263739,0.04193051857233585,0.011855566350296748,0.012891659781048224,0.029359776802225186,0.04039957343487696,0.010329443174725284,0.011434604583306748,0.15968515768220148,0.1709122049871187,0.029083842264242876,0.24792405149435015
2000,base4,0,129,1,,3656.2863546572626,exchangeable_varying_sigma,0.18,fixed,0.18,0.18,fixed,0.18,1.0,0.6,0.03113857532277816,0.04173442722895176,0.032631161797016,0.037266731547940586,0.02510535337690926,0.033932206343796165,0.03216193775973472,0.03806870721827035,0.1582718412197839,0.1609179211622398,0.08650499173192328,0.32618714783530717
2000,base4,2,131,1,,5439.792736811563,exchangeable_varying_sigma,0.18,fixed,0.18,0.18,fixed,0.18,1.0,0.0,0.030767597439481684,0.04080725094299754,0.008907879011855552,0.009418701913861726,0.03079251416183088,0.0408659056700882,0.008659850742283093,0.009233508911924584,0.17068831784375055,0.17824729994174637,0.005096273283810479,0.24146372107039402
2000,base4,0,129,1,,5563.427010573447,exchangeable_varying_sigma,0.18,fixed,0.18,0.18,fixed,0.18,1.0,0.3,0.030663401251020704,0.04135763244371937,0.029843828673755707,0.03424369279150622,0.028972082126478994,0.0392034864364398,0.02958420430596398,0.034612876852579334,0.15641079308381337,0.15919967496896723,0.05435916222239087,0.2571865941423518
2000,base4,0,129,1,,2994.7299568094313,exchangeable_varying_sigma,0.18,fixed,0.18,0.18,fixed,0.18,1.0,0.9,0.03158853007394559,0.04191716975493012,0.03498983762677976,0.03974151087059888,0.01600104022558782,0.021616723114651907,0.03380600302365566,0.04016353784407049,0.15921592140079666,0.1627716117018386,0.11747823273387015,0.4097479767484623
2000,base4,1,130,1,,4166.715736800805,exchangeable_varying_sigma,0.18,fixed,0.18,0.18,fixed,0.18,1.0,0.6,0.0292498037169898,0.03906679822503741,0.003529902938273169,0.004601079218886844,0.024168882513245754,0.032852298136006645,0.002164540796140993,0.0023072931662705305,0.189243536839424,0.20247328259958922,0.08711280797767662,0.3734513498838379
2000,base4,1,130,1,,5539.420596634969,exchangeable_varying_sigma,0.18,fixed,0.18,0.18,fixed,0.18,1.0,0.3,0.02885467461415967,0.03868462874699508,0.003172462072276422,0.003987857618008291,0.02756107111284671,0.03718304806851342,0.001933673371725536,0.0026436559892835864,0.18507067000517963,0.1963573145023488,0.05233622368422869,0.29627285113110907
2000,base4,2,131,1,,3473.634417153895,exchangeable_varying_sigma,0.18,fixed,0.18,0.18,fixed,0.18,1.0,0.6,0.031062010350398413,0.04232331467414919,0.013025478609559077,0.014607179976775221,0.02555070483936423,0.0354712888921864,0.010655071189170473,0.01263174951669172,0.15535003061712127,0.16705823082541987,0.07637226090605642,0.3130768309047686
2000,base4,1,130,1,,2823.4369107447565,exchangeable_varying_sigma,0.18,fixed,0.18,0.18,fixed,0.18,1.0,0.9,0.029622098893744005,0.03956740986951831,0.0041762888401431775,0.005245694558980761,0.01584941327244448,0.02171600292268652,0.0028703074357352976,0.003239923510076753,0.19415343255928738,0.20958610064838376,0.11804701609405177,0.4701556003182951
2000,base4,2,131,1,,2138.011724393815,exchangeable_varying_sigma,0.18,fixed,0.18,0.18,fixed,0.18,1.0,0.9,0.03174943238916122,0.04286904637624037,0.014004774461890024,0.016423962907689514,0.016506556036104448,0.023479111439863136,0.012185545808329673,0.014729723951541786,0.15248548200794929,0.1643879495558134,0.12471358061280657,0.40563162986388773
1000,base1,2,134,1,,1125.006641897373,exchangeable_varying_sigma,0.18,fixed,0.18,0.18,fixed,0.18,1.0,0.0,0.04867544711589464,0.06525990908455952,0.014380487231497471,0.014839095255578551,0.04887393373397457,0.06563367412978602,0.014930026997808613,0.015634360492789007,0.3579535480247011,0.36306005405610053,0.007183126101640664,0.5062647769119858
1000,base1,0,132,1,,1152.250662698876,exchangeable_varying_sigma,0.18,fixed,0.18,0.18,fixed,0.18,1.0,0.3,0.04949598278535786,0.06812509581715526,0.030085092076236122,0.03413886293268738,0.04787918662367678,0.06570712192735845,0.03039291357853223,0.035901173221452524,0.28476976037558693,0.29419048373970946,0.08266587185946622,0.4516420501868928
1000,base1,1,133,1,,1153.893558287993,exchangeable_varying_sigma,0.18,fixed,0.18,0.18,fixed,0.18,1.0,0.6,0.0507604733782372,0.06888878459226531,0.01810259495344957,0.02646069967976323,0.045052939540183294,0.06328401903088164,0.021748543131510978,0.028547176714661688,0.27898429675242276,0.28879923014421205,0.11332307960066279,0.5289275940862285
1000,base1,0,132,1,,1183.3726226347499,exchangeable_varying_sigma,0.18,fixed,0.18,0.18,fixed,0.18,1.0,0.9,0.05193617094513655,0.07203957259913994,0.03196136532815433,0.035132546439567924,0.03534176293443038,0.04941011471562626,0.034026443936657186,0.0394263836650821,0.2816107792615701,0.2910711026694624,0.24159922688325086,0.7233862916638031
1000,base1,1,133,1,,1192.1049267118797,exchangeable_varying_sigma,0.18,fixed,0.18,0.18,fixed,0.18,1.0,0.3,0.050921616851957285,0.06945144159525381,0.018690017255016844,0.024462792548585847,0.049541167332964306,0.06911575361357909,0.020831242081300688,0.02691497173304659,0.2888399821202381,0.2985241889814595,0.026814910607196818,0.43498416146172103
1000,base1,1,133,1,,1221.5086172493175,exchangeable_varying_sigma,0.18,fixed,0.18,0.18,fixed,0.18,1.0,0.0,0.05211279414345137,0.07179092331044569,0.019185015741796985,0.0198915410438271,0.052453711745471275,0.07246517584957554,0.018541963796395583,0.01959484227837184,0.31059378997156256,0.318304406760204,0.03796356722128713,0.44080266027007964
1000,base1,2,134,1,,1233.876379000023,exchangeable_varying_sigma,0.18,fixed,0.18,0.18,fixed,0.18,1.0,0.9,0.047769281678628414,0.06362145414360205,0.030481834711990424,0.0333096272687349,0.03404908053290355,0.046164512622949565,0.03283673585530894,0.03502945108554522,0.3617188281907892,0.37667003756831474,0.20802418285944746,0.8257144689934419
1000,base1,2,134,1,,1240.008829370141,exchangeable_varying_sigma,0.18,fixed,0.18,0.18,fixed,0.18,1.0,0.6,0.048204920711730076,0.06456615393188828,0.027952397175492166,0.030979090671786738,0.04345995097409388,0.05901383411604874,0.02994048932148058,0.032728011525489105,0.36325054297817283,0.3764736075313421,0.1319212141083408,0.668020083619326
1000,base1,2,134,1,,1276.6172075509094,exchangeable_varying_sigma,0.18,fixed,0.18,0.18,fixed,0.18,1.0,0.3,0.04837953753614628,0.0653693139540441,0.025150101298883176,0.028240211668367595,0.04743100526373248,0.06461797345917382,0.02695973102450161,0.029748901424178353,0.36405978153310564,0.37543666695067585,0.05767548792761748,0.5546624119350722
1000,base1,1,133,1,,1304.4809490060434,exchangeable_varying_sigma,0.18,fixed,0.18,0.18,fixed,0.18,1.0,0.9,0.05027791167349721,0.0683922752963102,0.020822799721706503,0.028655206218898922,0.035027206192071725,0.050094032135909676,0.02128201471779538,0.029268759380764807,0.2689148441236751,0.2785664016910509,0.2073480868246077,0.6741601715089561
1000,base1,0,132,1,,1316.9904302689247,exchangeable_varying_sigma,0.18,fixed,0.18,0.18,fixed,0.18,1.0,0.0,0.05172732575942551,0.07050199872704638,0.012207604000215325,0.013016198466977639,0.05187473435639853,0.07073322706832119,0.009542379363898817,0.010842384889051227,0.31382196165805964,0.3225147447078853,0.013842001900298393,0.4440144977342758
1000,base1,0,132,1,,1362.1792357838713,exchangeable_varying_sigma,0.18,fixed,0.18,0.18,fixed,0.18,1.0,0.6,0.05057388373307522,0.06991835288529924,0.03148709013571735,0.03523856742106085,0.04422618152356042,0.06080579237190234,0.03299557362126232,0.03861631232894764,0.28234985164085413,0.29152492497929466,0.1630896272545329,0.5688158440889994
1000,base2,2,134,1,,1136.0464529669844,exchangeable_varying_sigma,0.18,fixed,0.18,0.18,fixed,0.18,1.0,0.0,0.04872724018159303,0.06535805734215983,0.014803794043413851,0.015371536227647429,0.0489915058451837,0.06580472212732107,0.015637911581578248,0.017006165308899052,0.3589092004677658,0.36426448968294717,0.02839091659511113,0.5082265168977559
1000,base2,1,133,1,,1150.8381189000793,exchangeable_varying_sigma,0.18,fixed,0.18,0.18,fixed,0.18,1.0,0.3,0.05044860541598783,0.06878084320586758,0.016980509606446148,0.023696462374657955,0.049174979019492165,0.06847612937569147,0.020734327470171565,0.02633180610460721,0.29667782875020016,0.30705752914905027,0.021421351589172355,0.4446306030963296
1000,base2,0,132,1,,1168.8741068528034,exchangeable_varying_sigma,0.18,fixed,0.18,0.18,fixed,0.18,1.0,0.6,0.050238338262249875,0.07020208946403018,0.029689100085507042,0.035030241877348114,0.04427036687076977,0.06139925715527518,0.0351292395624279,0.03930672221782369,0.28584531148641773,0.2967207860169138,0.15384511758695452,0.5672393145204182
1000,base2,0,132,1,,1366.4528613239527,exchangeable_varying_sigma,0.18,fixed,0.18,0.18,fixed,0.18,1.0,0.0,0.052156314387151244,0.0709317631285052,0.014486318399138054,0.01611885873660235,0.05228280506644525,0.07118547778807825,0.01168064814953268,0.013521664755104513,0.3189602484718223,0.32789931315569254,0.005457796892472391,0.451108536874543
1000,base2,0,132,1,,1321.0473126019351,exchangeable_varying_sigma,0.18,fixed,0.18,0.18,fixed,0.18,1.0,0.3,0.04934041768290934,0.06854568951483163,0.028996015661666694,0.034061782238790514,0.0479793696562053,0.06635631058887101,0.03193384305198363,0.0364034005597123,0.2885445964441516,0.29987098955390357,0.07153203589987583,0.4519998341851156
1000,base2,1,133,1,,1388.8394255498424,exchangeable_varying_sigma,0.18,fixed,0.18,0.18,fixed,0.18,1.0,0.0,0.053048489144590746,0.07308434206205047,0.018369815366524878,0.01929208897681854,0.053444780576918594,0.07379832970992574,0.01726921644586965,0.018502060836844563,0.31391283064282915,0.32319532313218174,0.04193548310904704,0.4458005350420319
1000,base2,2,134,1,,1378.3126657861285,exchangeable_varying_sigma,0.18,fixed,0.18,0.18,fixed,0.18,1.0,0.3,0.04842183386537322,0.06550160665490566,0.02472679448696602,0.029172493511386555,0.0474008279383692,0.06460842575517775,0.02658275629961665,0.030335220350037623,0.36937538573834294,0.3809262866318226,0.0739497354529555,0.5678517010721184
1000,base2,0,132,1,,1302.3902181051672,exchangeable_varying_sigma,0.18,fixed,0.18,0.18,fixed,0.18,1.0,0.9,0.05162121255808252,0.07211793054123161,0.029750996943254726,0.03474207303411122,0.0352417930967578,0.049670352721857096,0.03650792702977988,0.040320129675414235,0.28462865597202003,0.29541150146301953,0.23608869506710628,0.7234456729970171
1000,base2,1,133,1,,1296.8528464292176,exchangeable_varying_sigma,0.18,fixed,0.18,0.18,fixed,0.18,1.0,0.9,0.04943081324354217,0.06718484618454713,0.021638000096979026,0.02826719501648483,0.033460107992509154,0.04835144359212245,0.023158768705021524,0.029874257805123358,0.27633285400745,0.28634225932381574,0.20077583773629704,0.6805754473240964
1000,base2,2,134,1,,1369.9668993409723,exchangeable_varying_sigma,0.18,fixed,0.18,0.18,fixed,0.18,1.0,0.6,0.048341616331736885,0.06476874251513721,0.027529090363577285,0.03186166074412277,0.04344519331561001,0.058943815578932794,0.029480364737643178,0.033172128353919,0.368539531165168,0.3818569110556483,0.14791417687797137,0.6851974689801922
1000,base2,1,133,1,,1435.607420493383,exchangeable_varying_sigma,0.18,fixed,0.18,0.18,fixed,0.18,1.0,0.6,0.050022569197422546,0.06798144485058026,0.017138389131260076,0.025859860776690613,0.044265951417745635,0.062266089749099744,0.022956507921354147,0.028425684531078826,0.2867604146955817,0.2970916036933935,0.10686957166903066,0.5364222650556143
1000,base2,2,134,1,,1485.1364986980334,exchangeable_varying_sigma,0.18,fixed,0.18,0.18,fixed,0.18,1.0,0.9,0.048089285235744,0.06390402855641375,0.030058527900075016,0.034135838733426065,0.03396487564317898,0.04611091079443379,0.0320972655754746,0.035176452348719314,0.36675071076544313,0.38174487043671645,0.22367736412739248,0.8450148645387803
1000,base3,1,133,1,,1197.3338815658353,exchangeable_varying_sigma,0.18,fixed,0.18,0.18,fixed,0.18,1.0,0.0,0.0652362377653981,0.08505594670941227,0.012891995793840094,0.016296476963131225,0.06671283542384204,0.08713615445548262,0.012537252061778525,0.017185102084762514,0.17547528385010802,0.21461835890133657,0.07121467708956933,0.2604946254148616
1000,base3,2,134,1,,1177.5164110027254,exchangeable_varying_sigma,0.18,fixed,0.18,0.18,fixed,0.18,1.0,0.0,0.06261177663061195,0.0794444828753096,0.009553105527368475,0.011427901803916049,0.06362882396244823,0.08085846331734121,0.007974875170746104,0.009619505331998604,0.22599734502274896,0.2483416254536914,0.01775859674535913,0.3201990959033924
1000,base3,0,132,1,,1297.0067201056518,exchangeable_varying_sigma,0.18,fixed,0.18,0.18,fixed,0.18,1.0,0.0,0.0651243418573783,0.08386210507559849,0.012937339883796334,0.013156495850038637,0.06614827766396578,0.08502240529769804,0.010853526550336112,0.011315292924220248,0.1696458588451876,0.2085504586894796,0.01940390923530437,0.2409950942149066
1000,base3,0,132,1,,1410.914781939704,exchangeable_varying_sigma,0.18,fixed,0.18,0.18,fixed,0.18,1.0,0.3,0.06542047521746303,0.08531704828362452,0.0312148976643727,0.03489891329750067,0.06527767233719745,0.08470318021426493,0.03190488333916469,0.036789057355136,0.153032357521781,0.19608711253097058,0.12363594311842604,0.30105850148593677
1000,base3,1,133,1,,1297.1199657269754,exchangeable_varying_sigma,0.18,fixed,0.18,0.18,fixed,0.18,1.0,0.6,0.0670648443943501,0.08641126053088205,0.02522205548358672,0.03514335502722555,0.06504967870314995,0.08369507422956313,0.026170265074855356,0.03728644004372405,0.14703914400739676,0.18371783809100453,0.1895147058936737,0.4052954835181419
1000,base3,0,132,1,,1264.1703352001496,exchangeable_varying_sigma,0.18,fixed,0.18,0.18,fixed,0.18,1.0,0.9,0.06705674518497,0.08831592682794984,0.03309117091629214,0.03612567783097561,0.05821718089602644,0.07530989148990472,0.03507780966395013,0.041153424720601614,0.1579979517454186,0.1955696101661099,0.3626686853667037,0.6609175355938782
1000,base3,1,133,1,,1407.6734605580568,exchangeable_varying_sigma,0.18,fixed,0.18,0.18,fixed,0.18,1.0,0.3,0.0672644802094618,0.0867463410916278,0.02276289691616598,0.03274936550316973,0.06795419335549763,0.0877497806350723,0.023269508378316026,0.03523583528206733,0.15553884843725224,0.1910277705736406,0.06640217886113936,0.25905499952270417
1000,base3,2,134,1,,1391.976103310939,exchangeable_varying_sigma,0.18,fixed,0.18,0.18,fixed,0.18,1.0,0.6,0.0624082930787272,0.07996577887057287,0.036145239397074674,0.03737630749545751,0.06042523479298701,0.07712277974353722,0.037599938189321724,0.038768150337843914,0.22109881878329535,0.263252024807544,0.21648664719542843,0.52849773227944
1000,base3,2,134,1,,1488.7135235029273,exchangeable_varying_sigma,0.18,fixed,0.18,0.18,fixed,0.18,1.0,0.3,0.06258648430501068,0.08026710547958783,0.03334294352046471,0.03455705351118874,0.0631125863451181,0.08076240252100185,0.0343022003647884,0.03538364881820148,0.22171498334271497,0.2611171305503257,0.10373202440527315,0.376402397132728
1000,base3,0,132,1,,1466.404857010115,exchangeable_varying_sigma,0.18,fixed,0.18,0.18,fixed,0.18,1.0,0.6,0.06619789249564192,0.08673346999274405,0.03261689572385493,0.03609362179222036,0.0630135176411808,0.0816328291698689,0.03414927905596027,0.03991050014871267,0.15445586282183962,0.19489093513701833,0.24330625891544128,0.46952344856399864
1000,base3,1,133,1,,1449.3401066628285,exchangeable_varying_sigma,0.18,fixed,0.18,0.18,fixed,0.18,1.0,0.9,0.06673281031903286,0.0860516539041243,0.027739583085300668,0.03766189524646466,0.058995522288951725,0.07572267282584043,0.030620738637155476,0.03882312480278805,0.13810016594147537,0.1767704474953204,0.3182513738916013,0.5918550552957358
1000,base3,2,134,1,,1317.5502630500123,exchangeable_varying_sigma,0.18,fixed,0.18,0.18,fixed,0.18,1.0,0.9,0.06224382166373069,0.07969996915140865,0.038674676933573626,0.039850913201672146,0.05525312001078891,0.07024838136850801,0.041139088037677546,0.042133359983844446,0.22023013374452335,0.2648029151799736,0.32856421326967367,0.7141305310220626
1000,base4,0,132,1,,1205.4088300708681,exchangeable_varying_sigma,0.18,fixed,0.18,0.18,fixed,0.18,1.0,0.0,0.04970802811866617,0.06869132644054336,0.01315110121655487,0.013957711262346403,0.04976342726626669,0.06884660220397644,0.010682302068206626,0.011739635486201628,0.3302762852571358,0.3372721785208719,0.003084701272879983,0.46709033930520866
1000,base4,1,133,1,,1204.8179406630807,exchangeable_varying_sigma,0.18,fixed,0.18,0.18,fixed,0.18,1.0,0.0,0.05019449109943469,0.07024955193520407,0.017641091620859,0.018554199292866495,0.05047189171960867,0.07089385836245339,0.017010366001995875,0.018231896265801364,0.32573769822897475,0.33238124449917644,0.044297555186435786,0.46259519175544433
1000,base4,2,134,1,,1350.5653834575787,exchangeable_varying_sigma,0.18,fixed,0.18,0.18,fixed,0.18,1.0,0.0,0.046212253265002654,0.06308510025784077,0.012890076171352322,0.013489050005810058,0.046344783426819094,0.06340287212170756,0.013361966796159183,0.014188513193665452,0.37277889079999166,0.37666883116690425,0.014294726711478621,0.5273414259535564
1000,base4,0,132,1,,1223.606583562214,exchangeable_varying_sigma,0.18,fixed,0.18,0.18,fixed,0.18,1.0,0.6,0.049046008659209175,0.06887338447602825,0.030939422318630172,0.03523996116136376,0.04222551988328569,0.05932360746220172,0.034258184479819306,0.03932469018439522,0.3004495096774543,0.3084524032154425,0.15172413118894768,0.5870258550763813
1000,base4,1,133,1,,1254.4551753769629,exchangeable_varying_sigma,0.18,fixed,0.18,0.18,fixed,0.18,1.0,0.3,0.049180293158260245,0.0680492922159542,0.018679000830187503,0.025751801973135677,0.04766696335384364,0.06761888170223915,0.020630319395829322,0.02803329030945848,0.3054401560506026,0.3138286311183198,0.023746647817811828,0.45822443383748035
1000,base4,2,134,1,,1249.3402530211024,exchangeable_varying_sigma,0.18,fixed,0.18,0.18,fixed,0.18,1.0,0.3,0.04609355565740412,0.06339567962547892,0.026640512359027285,0.029489413742454382,0.04488220744488187,0.06238533282395603,0.028420915198809155,0.031047889471396507,0.37833338838746955,0.3878482789290032,0.06263499702465664,0.5768423146404872
1000,base4,0,132,1,,1392.1671276721172,exchangeable_varying_sigma,0.18,fixed,0.18,0.18,fixed,0.18,1.0,0.3,0.04789239029992161,0.06710417208259659,0.029537424259147738,0.03416342621376625,0.04613886109953337,0.06454816862916705,0.03103442485372561,0.03632375292862898,0.3027926138604329,0.31108581749610936,0.0747010657496919,0.473517624258027
1000,base4,1,133,1,,1204.3688749689609,exchangeable_varying_sigma,0.18,fixed,0.18,0.18,fixed,0.18,1.0,0.9,0.04848026744928785,0.0668210148782892,0.02236672384264146,0.030260133229042016,0.0314148960854386,0.04711815917793516,0.023489718632576123,0.031009353817763496,0.2857739123297869,0.2939615510106493,0.19718958723707347,0.6929620005412064
1000,base4,0,132,1,,1361.738364027813,exchangeable_varying_sigma,0.18,fixed,0.18,0.18,fixed,0.18,1.0,0.9,0.050316759372450406,0.07092166367737987,0.03141369751106855,0.03509876545533486,0.032249074672607465,0.04686240405749995,0.035565595046684995,0.04039733670677261,0.2996862005551363,0.3077992863185906,0.22774666761896545,0.7403168440097628
1000,base4,2,134,1,,1420.6511768517084,exchangeable_varying_sigma,0.18,fixed,0.18,0.18,fixed,0.18,1.0,0.6,0.0460544383731095,0.06268157231024282,0.029442808235637302,0.03225862054075921,0.04058659454866697,0.05649569338096816,0.03145101237209422,0.034126658089503395,0.37755344902525406,0.38873921697454256,0.1316015817196063,0.6894725100456921
1000,base4,2,134,1,,1291.2484164722264,exchangeable_varying_sigma,0.18,fixed,0.18,0.18,fixed,0.18,1.0,0.9,0.04578203370273951,0.06186318859808941,0.03197224577213545,0.03462360104171029,0.030167092173721582,0.04271870654858417,0.03437489077428585,0.036542012097814144,0.37606435322327336,0.3888676376634978,0.20194573909904012,0.8451587060316683
1000,base4,1,133,1,,1519.5915260538459,exchangeable_varying_sigma,0.18,fixed,0.18,0.18,fixed,0.18,1.0,0.6,0.04895099635934099,0.06742262258558028,0.018917750660943422,0.027910014430962974,0.04270200702531385,0.06142598698280217,0.022668743303967565,0.02989881930810426,0.29572667257544316,0.30419097110440685,0.10641776481265441,0.5498209580096578
2000,base1,1,133,1,,4872.245137021877,exchangeable_varying_sigma,0.18,fixed,0.18,0.18,fixed,0.18,1.0,0.0,0.033578587061664576,0.044112468792224656,0.014020127275865893,0.016784933415736884,0.03365749700383644,0.04425042070525002,0.013133169159233488,0.015818722485104252,0.14008472831727767,0.16001464341525617,0.0006024368004244761,0.198111077317439
2000,base1,2,134,1,,4692.917150358204,exchangeable_varying_sigma,0.18,fixed,0.18,0.18,fixed,0.18,1.0,0.6,0.03328698702901092,0.04365410726542057,0.023331980929359036,0.02661484385441898,0.02888327554084798,0.03749140143404155,0.023842488720930533,0.027159620877855898,0.12337562060391923,0.13244558963325584,0.09504320653305842,0.2827657203465106
2000,base1,0,132,1,,4998.871822264977,exchangeable_varying_sigma,0.18,fixed,0.18,0.18,fixed,0.18,1.0,0.3,0.03362809607964297,0.04476505821222277,0.012204833871013343,0.01680758886237227,0.032591740691662194,0.04308176466793185,0.010828491918652566,0.015173839227893044,0.12795413390344185,0.13575834926299427,0.027483212629196174,0.20129649673530967
2000,base1,2,134,1,,4976.054518743884,exchangeable_varying_sigma,0.18,fixed,0.18,0.18,fixed,0.18,1.0,0.3,0.03326149912700787,0.04344939642838996,0.0212858094836679,0.02428140794288461,0.03221665519383968,0.04193459354670384,0.02184930717079886,0.0249228927663103,0.11956320768065219,0.1277227086476534,0.0519809617549474,0.20474188500886584
2000,base1,2,134,1,,5207.795094520785,exchangeable_varying_sigma,0.18,fixed,0.18,0.18,fixed,0.18,1.0,0.0,0.03517546652098604,0.045979561798724145,0.02030328346162666,0.02410268189063725,0.03527908247320258,0.04611601473501263,0.02024562162049312,0.024136032890293254,0.11925833580271708,0.12624452310493203,0.01848149361889794,0.1702204753100464
2000,base1,0,132,1,,5436.379112234339,exchangeable_varying_sigma,0.18,fixed,0.18,0.18,fixed,0.18,1.0,0.0,0.03142534550078204,0.04175986939384151,0.019048001863266883,0.021279096670682836,0.03145893383576325,0.04180109234541249,0.01869208928455135,0.021204897638341488,0.12202409663996445,0.1276378032579718,0.017920256885162883,0.17399669464496112
2000,base1,2,134,1,,4903.087303478271,exchangeable_varying_sigma,0.18,fixed,0.18,0.18,fixed,0.18,1.0,0.9,0.03347053515406687,0.043945043265936096,0.02505051057458077,0.028638094279973856,0.02146118707636012,0.027364278290247533,0.024593643370499546,0.027830567044210622,0.12776997733077852,0.1389268216353187,0.13635604875531404,0.3769533758937333
2000,base1,1,133,1,,5055.80242671771,exchangeable_varying_sigma,0.18,fixed,0.18,0.18,fixed,0.18,1.0,0.9,0.03341563322378435,0.04328365053467596,0.005951006645770723,0.00852142393561753,0.021667850900833657,0.027084735783288277,0.00829118927421052,0.008995399100098932,0.14834783566282853,0.1825378513695853,0.1241489863762889,0.3901849382692071
2000,base1,0,132,1,,5181.580044040922,exchangeable_varying_sigma,0.18,fixed,0.18,0.18,fixed,0.18,1.0,0.9,0.03378544448570593,0.045232527693472226,0.015229869680015662,0.02075767562298313,0.02178771395813322,0.02807774206793349,0.010424636206872145,0.014832133138762839,0.11586724000197489,0.12956560134385914,0.12194745430759613,0.3417429717378994
2000,base1,1,133,1,,5335.548090269789,exchangeable_varying_sigma,0.18,fixed,0.18,0.18,fixed,0.18,1.0,0.6,0.03340285142457467,0.043230108085936574,0.005975029856897768,0.008028986491475551,0.029105553787806247,0.037568854266804515,0.007220790939649668,0.008329525057434416,0.14298002331904755,0.17311044377281512,0.08517787842625979,0.3021801973456383
2000,base1,0,132,1,,5393.716193865053,exchangeable_varying_sigma,0.18,fixed,0.18,0.18,fixed,0.18,1.0,0.6,0.03364733405930283,0.045095458334219456,0.013750367747747419,0.01868304599634896,0.02934508353009061,0.03862166292786938,0.010682188555644428,0.014844390688503295,0.1228229801261497,0.13331574632035675,0.07222771850020027,0.2602624233405434
2000,base1,1,133,1,,5643.834256877191,exchangeable_varying_sigma,0.18,fixed,0.18,0.18,fixed,0.18,1.0,0.3,0.03329213071247272,0.04311455800594591,0.005967476185739562,0.0075695170040352994,0.03233340473524513,0.041922411543897406,0.0058177211783977945,0.007388547823324423,0.14137097309385643,0.16393029568986828,0.046255294488377174,0.23121707057026644
2000,base2,0,132,1,,5027.174247827381,exchangeable_varying_sigma,0.18,fixed,0.18,0.18,fixed,0.18,1.0,0.0,0.032870455265200396,0.04266394875384242,0.01775575394005227,0.018819877242180958,0.03294887729337796,0.04277974438812681,0.018495370002785755,0.019322375794725347,0.12032873827136094,0.12778891109623963,0.005422771912997244,0.17030420195702908
2000,base2,2,134,1,,4910.139446841087,exchangeable_varying_sigma,0.18,fixed,0.18,0.18,fixed,0.18,1.0,0.0,0.03318954987913417,0.04400380728384762,0.019429960948560906,0.023118316230983187,0.03329548068243943,0.04413818960471388,0.01938358327121678,0.023208177475910596,0.11966364095103464,0.12832094898848462,0.016744722977354513,0.1705091417280109
2000,base2,1,133,1,,5035.120286216028,exchangeable_varying_sigma,0.18,fixed,0.18,0.18,fixed,0.18,1.0,0.0,0.03216927493412464,0.04284548608605502,0.01371142767905778,0.0158023385930247,0.032212978143340384,0.04295385856466466,0.012731327360467323,0.014728509423754975,0.14259879075580212,0.16172505383147182,0.0059211615044107765,0.20179290936646965
2000,base2,2,134,1,,4998.441040057223,exchangeable_varying_sigma,0.18,fixed,0.18,0.18,fixed,0.18,1.0,0.3,0.03338004816781793,0.043545931753637544,0.02243393759633025,0.025471447709756373,0.031948520660844484,0.041648323668457186,0.023364342604587945,0.026408862035273557,0.12272408636389669,0.13465705597282474,0.06657615092183311,0.21967520643388336
2000,base2,0,132,1,,5059.152645712718,exchangeable_varying_sigma,0.18,fixed,0.18,0.18,fixed,0.18,1.0,0.3,0.03268985161624614,0.043929614879984855,0.011893009338090343,0.013733516362085255,0.032182761493432924,0.04254730493844965,0.01022413623103803,0.011676034734089197,0.12688569240960365,0.13495695368020896,0.017707067187546,0.19475631834334248
2000,base2,1,133,1,,5247.770707406104,exchangeable_varying_sigma,0.18,fixed,0.18,0.18,fixed,0.18,1.0,0.3,0.03293514945877266,0.04320161571973383,0.005253731084998825,0.005795031897124911,0.032013991059765406,0.041879544462807075,0.0037251640324814372,0.004608022719849654,0.142360905673638,0.1629652204608204,0.05047194244121517,0.23520954281180714
2000,base2,0,132,1,,5114.1500727492385,exchangeable_varying_sigma,0.18,fixed,0.18,0.18,fixed,0.18,1.0,0.6,0.0325355316963726,0.04412965464081174,0.013438543214824045,0.016093158227461893,0.029038273804085187,0.038151686410683484,0.009455040356223549,0.011550454559494263,0.12176214312330934,0.13142386859064528,0.06161813491656998,0.24899359881944594
2000,base2,0,132,1,,5046.110374299344,exchangeable_varying_sigma,0.18,fixed,0.18,0.18,fixed,0.18,1.0,0.9,0.03229478364505214,0.04411977505546368,0.014918045147093523,0.018692007150285815,0.02097607414205208,0.027406016003940502,0.00845405543674646,0.012083787498329831,0.1148719796682063,0.1268013668726525,0.11052739377736442,0.3276684896588706
2000,base2,1,133,1,,5331.643749431707,exchangeable_varying_sigma,0.18,fixed,0.18,0.18,fixed,0.18,1.0,0.6,0.03311027204836277,0.04341848942730307,0.005747606099723274,0.006611981195758788,0.028753761809469532,0.03749285851540534,0.003658813604962785,0.00466820034937059,0.14407085125809746,0.17151933958465176,0.08959238007662573,0.30778858566289774
2000,base2,1,133,1,,5176.281525734346,exchangeable_varying_sigma,0.18,fixed,0.18,0.18,fixed,0.18,1.0,0.9,0.03338495408695016,0.04359507926338506,0.006612317614654611,0.0075634035190997664,0.020857741261622653,0.026987017792845614,0.00418832129085378,0.004829540891360892,0.14569706025069679,0.18051913760092247,0.12860807704079558,0.39694917636065624
2000,base2,2,134,1,,5307.453846949618,exchangeable_varying_sigma,0.18,fixed,0.18,0.18,fixed,0.18,1.0,0.6,0.03377152172460072,0.04417013683093485,0.024480109042022608,0.0277971928694015,0.028575808943984777,0.03710473332689455,0.025738950978746677,0.028940228161566134,0.12659867793684215,0.13994559089597458,0.10778518739662252,0.2998695446361683
2000,base2,2,134,1,,5145.697381294332,exchangeable_varying_sigma,0.18,fixed,0.18,0.18,fixed,0.18,1.0,0.9,0.034249631478937156,0.04500649474277233,0.026198638687242898,0.02980817845886271,0.021043427714724137,0.027055782806662588,0.026950387487727073,0.02990152597090081,0.13096335428239153,0.14698436189591307,0.14618948620062078,0.3927666418462758
2000,base3,0,132,1,,5390.541758323088,exchangeable_varying_sigma,0.18,fixed,0.18,0.18,fixed,0.18,1.0,0.0,0.050115885348546205,0.06224682485329621,0.014213107481951176,0.015113664912593899,0.05123766980077309,0.06363185553311634,0.01508059358155267,0.015535482379183795,0.09851841141092328,0.11813735850513452,0.010433930385556097,0.06957731600451379
2000,base3,0,132,1,,4972.710111242253,exchangeable_varying_sigma,0.18,fixed,0.18,0.18,fixed,0.18,1.0,0.3,0.05112589642047816,0.06380498460339536,0.015435655796190023,0.018185595462124653,0.050970932503841285,0.06374650449583266,0.014266395020169784,0.01666480106694126,0.10231790457150992,0.12357083606966823,0.06831664575121535,0.09987033341389533
2000,base3,1,133,1,,5145.73172135232,exchangeable_varying_sigma,0.18,fixed,0.18,0.18,fixed,0.18,1.0,0.0,0.05194021748171679,0.0645668921315331,0.01907102098705485,0.022003871176560098,0.053180905832495975,0.06606945644941879,0.017814068590511822,0.02176840174542667,0.111409540456731,0.1334001520978998,0.00753132920365841,0.030313232583138106
2000,base3,2,134,1,,5092.242330916692,exchangeable_varying_sigma,0.18,fixed,0.18,0.18,fixed,0.18,1.0,0.0,0.052390587320235806,0.06460536658211848,0.020305160523065538,0.027386461028961074,0.05358725070484549,0.06605750261795572,0.020775025693484106,0.0276951060608402,0.10732456395554978,0.1277202123112948,0.0020188606406526467,0.062325979165181254
2000,base3,1,133,1,,4844.744359023869,exchangeable_varying_sigma,0.18,fixed,0.18,0.18,fixed,0.18,1.0,0.6,0.048717620386633596,0.06111421434189821,0.009195171766590932,0.010498262111155142,0.04793298888211915,0.05989117751142192,0.011953047220150781,0.01363579869673045,0.11376411163245988,0.13949605470948542,0.14945989913929253,0.19883738286304722
2000,base3,1,133,1,,5557.899509978015,exchangeable_varying_sigma,0.18,fixed,0.18,0.18,fixed,0.18,1.0,0.3,0.04897787582791823,0.061319723286728606,0.008694952210301893,0.010416317974959283,0.04979601395713015,0.06218419879600207,0.010500991186494946,0.012022018713623264,0.10708300534384493,0.12982289968014718,0.0671304005739124,0.09370336918368219
2000,base3,2,134,1,,5516.375419252086,exchangeable_varying_sigma,0.18,fixed,0.18,0.18,fixed,0.18,1.0,0.3,0.04883470688974268,0.061030310831983695,0.02183818850921329,0.026378893031020173,0.0493767593767916,0.06168516054032691,0.022104791914105526,0.02641256854187517,0.10984651067522333,0.1299359578492156,0.08674788290061528,0.12992403168875108
2000,base3,0,132,1,,5384.86524408916,exchangeable_varying_sigma,0.18,fixed,0.18,0.18,fixed,0.18,1.0,0.6,0.051230303552495624,0.0640202492374477,0.016981189672922725,0.020532653824455512,0.048790754884519054,0.06102933486024292,0.014371578479679958,0.017130286333490313,0.10677258580268112,0.13107317398001658,0.15372056695292824,0.1996277582629881
2000,base3,2,134,1,,5200.221833786927,exchangeable_varying_sigma,0.18,fixed,0.18,0.18,fixed,0.18,1.0,0.6,0.04895922175014268,0.061229724409380834,0.02388435995490598,0.028315744788540556,0.04764758902445877,0.059534130231312474,0.024173549467006006,0.028253500950691728,0.11361323361157696,0.13221689185286153,0.1692555294936614,0.22061459293201854
2000,base3,0,132,1,,5308.130623689853,exchangeable_varying_sigma,0.18,fixed,0.18,0.18,fixed,0.18,1.0,0.9,0.05126449317511238,0.06411441755580737,0.018460691605192425,0.023091811569979595,0.04459205655684866,0.05597612604185178,0.014485126657965086,0.01806686029323308,0.11208501622390175,0.1394939217492991,0.24305817876741787,0.3047354916666771
2000,base3,1,133,1,,5253.187499905005,exchangeable_varying_sigma,0.18,fixed,0.18,0.18,fixed,0.18,1.0,0.9,0.048366809087879784,0.06082486783813501,0.009702006924999229,0.010563024832834923,0.04367267701273318,0.05495658362557134,0.013268019008735449,0.015040664077889511,0.12243486590914793,0.1512730743688354,0.2334806509595806,0.3088006624969886
2000,base3,2,134,1,,5439.014793199953,exchangeable_varying_sigma,0.18,fixed,0.18,0.18,fixed,0.18,1.0,0.9,0.04924283950078538,0.06162322147039551,0.025602889600129436,0.029884585651780458,0.04413978354634808,0.05531303108774081,0.02526524815890474,0.02855455083246338,0.11787475961336266,0.1357021496036627,0.25051797323431135,0.3184805738415901
2000,base4,2,134,1,,5059.586433508899,exchangeable_varying_sigma,0.18,fixed,0.18,0.18,fixed,0.18,1.0,0.0,0.03164938284322009,0.04257676278940603,0.019997995994341516,0.024276350780552392,0.03170761792212513,0.042676307826961704,0.019919563547643987,0.024300237936786463,0.1379867906735916,0.1435319672522275,0.014599784062895855,0.19595275873776388
2000,base4,1,133,1,,5119.244469058234,exchangeable_varying_sigma,0.18,fixed,0.18,0.18,fixed,0.18,1.0,0.0,0.03091299610296487,0.041437312205806195,0.014922261159220268,0.01716436945975823,0.030930736931880143,0.04153340356901768,0.014096138306240485,0.01631906473033293,0.16056802110594556,0.17445928234190325,0.0044639007733026665,0.22713929852846174
2000,base4,0,132,1,,5041.113776194863,exchangeable_varying_sigma,0.18,fixed,0.18,0.18,fixed,0.18,1.0,0.3,0.030250357667701313,0.04179067971077061,0.012741859669524305,0.015583992111226257,0.02920594698577826,0.03996700188660456,0.01111078441988328,0.013707039489974954,0.1465102016959349,0.15232972196382796,0.01906303776299695,0.22401816558923465
2000,base4,0,132,1,,5271.834217149299,exchangeable_varying_sigma,0.18,fixed,0.18,0.18,fixed,0.18,1.0,0.0,0.0293962846042687,0.03939300655183857,0.016906903608615798,0.018894227295067574,0.029412092967401403,0.039430704874325866,0.01714050110919857,0.018853895378044473,0.13955842403453136,0.14298108903803444,0.01093345905414364,0.19781332972427615
2000,base4,2,134,1,,4867.774724465329,exchangeable_varying_sigma,0.18,fixed,0.18,0.18,fixed,0.18,1.0,0.3,0.03004456792055969,0.040088625398913974,0.021798130128207943,0.02494827583385914,0.02873884570768147,0.03828237258160811,0.022436440503623145,0.025704655595126826,0.1375662412264886,0.14533131390529197,0.05031805412801443,0.2284415843542608
2000,base4,2,134,1,,4669.426672379021,exchangeable_varying_sigma,0.18,fixed,0.18,0.18,fixed,0.18,1.0,0.6,0.030215888614725933,0.04048655823815616,0.023844301573901355,0.02721044304993068,0.025006190847358903,0.033414590601906054,0.024612432266375717,0.027968739211590092,0.1411764215516713,0.1504135793397841,0.0869787990294012,0.30113395859840963
2000,base4,1,133,1,,5193.430651486851,exchangeable_varying_sigma,0.18,fixed,0.18,0.18,fixed,0.18,1.0,0.3,0.03009757581252668,0.04008554653264508,0.005150345815325308,0.006545153632722484,0.029148182478232393,0.038811115613652365,0.005590799317764211,0.006532336675943839,0.16000681891195545,0.17624097749795203,0.03750302416530654,0.25267813765995495
2000,base4,1,133,1,,4835.083816447761,exchangeable_varying_sigma,0.18,fixed,0.18,0.18,fixed,0.18,1.0,0.6,0.030167663670660528,0.04016072042445156,0.005166887727706848,0.007067852087015848,0.02558702337100519,0.034070067700634636,0.006927216642767797,0.007591657534931201,0.1615074405930666,0.18426472421581253,0.07100596077193189,0.31799021546431755
2000,base4,0,132,1,,4864.926489474252,exchangeable_varying_sigma,0.18,fixed,0.18,0.18,fixed,0.18,1.0,0.6,0.030287124011615082,0.04208907223951799,0.0142873935462597,0.01776573181013057,0.02560390773521171,0.03504496876658513,0.01043226340608959,0.013465446082319515,0.14128197288971758,0.1494372121515341,0.05798222061863356,0.2759234370028924
2000,base4,0,132,1,,4616.970713058021,exchangeable_varying_sigma,0.18,fixed,0.18,0.18,fixed,0.18,1.0,0.9,0.03030710783760349,0.04218020428005756,0.015766895478528734,0.020159645113610992,0.016388342125014912,0.02272568112781107,0.009522575749888101,0.013664995436685293,0.13416308773743799,0.14521515551579797,0.10220147987209427,0.3515101302845556
2000,base4,2,134,1,,4413.710896926932,exchangeable_varying_sigma,0.18,fixed,0.18,0.18,fixed,0.18,1.0,0.9,0.030659208484804062,0.04106583363339048,0.025562831219123894,0.02914653686351663,0.016017929659020345,0.021656371595817514,0.025613400445413714,0.028587083379679912,0.14528960366444116,0.15701173730224197,0.12141530675532686,0.39016919845153536
2000,base4,1,133,1,,4611.13469891483,exchangeable_varying_sigma,0.18,fixed,0.18,0.18,fixed,0.18,1.0,0.9,0.030214193012205664,0.04016577406263661,0.005697340215311153,0.007656057817331478,0.01625426880734367,0.02173888420517518,0.007864368265386223,0.008310345526574003,0.16200497182188145,0.19255879071680984,0.1049279593011172,0.4021865205282987
1000,base1,2,137,1,,1105.7050930131227,exchangeable_varying_sigma,0.18,fixed,0.18,0.18,fixed,0.18,1.0,0.9,0.04989340312451634,0.06994928977154942,0.027994759981214354,0.03176761692833424,0.034650075510819105,0.05016360752740246,0.027655831304865208,0.03149688233451095,0.21588967833855593,0.2396722144196291,0.2113659698207967,0.5936893426342857
1000,base1,2,137,1,,1212.1757975891232,exchangeable_varying_sigma,0.18,fixed,0.18,0.18,fixed,0.18,1.0,0.3,0.05104290693672703,0.07095108339756749,0.022843450347803024,0.024536183946083676,0.04982199364087402,0.0692767157804851,0.025037072085721035,0.02644493526159866,0.232790840996071,0.25466334268300217,0.04339040776690556,0.3600741769575676
1000,base2,1,136,1,,522.064172776416,exchangeable_varying_sigma,0.18,fixed,0.18,0.18,fixed,0.18,1.0,0.0,0.0505636979959489,0.06867764654070375,0.024564284250855925,0.03107012652721331,0.05087083199154476,0.06946655782431256,0.023006680437247115,0.028084828796440475,0.3206034107378424,0.33121174826824773,0.01000526220164765,0.45350359103447246
1000,base2,0,135,1,,1415.274247589521,exchangeable_varying_sigma,0.18,fixed,0.18,0.18,fixed,0.18,1.0,0.0,0.0499725589029525,0.06707927292815855,0.01719728176194868,0.022726308333015595,0.05011913132087443,0.06752427282397773,0.020133918871249462,0.024543487452602916,0.2764284894780244,0.29196362122122793,0.00616449455584197,0.3909798087697945
1000,base2,2,137,1,,847.7121793916449,exchangeable_varying_sigma,0.18,fixed,0.18,0.18,fixed,0.18,1.0,0.0,0.052171117248589874,0.07144235529910947,0.0248378802428042,0.02598177301432476,0.05260183899590206,0.0723582078821492,0.02962205629902459,0.030494823361001063,0.25616278716804297,0.28122951389100576,0.059816929338573285,0.367693064190641
1000,base1,0,135,1,,2936.522665959783,exchangeable_varying_sigma,0.18,fixed,0.18,0.18,fixed,0.18,1.0,0.3,0.05242658704467859,0.06874043374126687,0.015723142628712106,0.022520757142770423,0.05106924708717603,0.0671175421419069,0.01327055726731284,0.018547179431659015,0.2857023855656406,0.30150948265039906,0.07495514035242512,0.4494812395197644
1000,base2,2,137,1,,581.6333358362317,exchangeable_varying_sigma,0.18,fixed,0.18,0.18,fixed,0.18,1.0,0.3,0.05045963763079042,0.07088354180419708,0.021369479899765786,0.023567919133171477,0.049479703652236875,0.06918161302966669,0.02323273458893113,0.024679104586696983,0.233229014767944,0.25484035823089735,0.04960654288824484,0.3634858313459597
1000,base2,1,136,1,,1088.7125027710572,exchangeable_varying_sigma,0.18,fixed,0.18,0.18,fixed,0.18,1.0,0.3,0.04796684890478621,0.06418784384478009,0.008919023737046838,0.009451677220145605,0.04699015805122335,0.06350620871146025,0.009633816363709496,0.011708015515666328,0.2871674196464872,0.30092042457878704,0.07323538745076902,0.4507930268123254
1000,base1,1,136,1,,3825.8452720940113,exchangeable_varying_sigma,0.18,fixed,0.18,0.18,fixed,0.18,1.0,0.6,0.04871872723268559,0.06550521614086159,0.010438461825739598,0.011419744677886992,0.04401528762909794,0.05976811003390817,0.01167084947907615,0.01425778996623674,0.28898479922015813,0.3005573239214434,0.14946149799984842,0.5687215214065295
1000,base1,1,136,1,,4093.3234249483794,exchangeable_varying_sigma,0.18,fixed,0.18,0.18,fixed,0.18,1.0,0.0,0.05092095080562458,0.06936444261397996,0.02461683812032775,0.03164894618772078,0.05124017820116684,0.07016317842097551,0.022711579949427366,0.029021868848659094,0.31948113448396137,0.3290838409720334,0.006908347799796027,0.4518634686411766
1000,base2,0,135,1,,584.1932922098786,exchangeable_varying_sigma,0.18,fixed,0.18,0.18,fixed,0.18,1.0,0.6,0.05351394741852879,0.06992750822722778,0.018855941625446904,0.026102119932868754,0.047584879615307656,0.06285558336279531,0.017948665543538092,0.021169384752583134,0.28660389068086406,0.3034964936458698,0.1468179813902718,0.5633926287853744
1000,base1,0,135,1,,4260.868716542609,exchangeable_varying_sigma,0.18,fixed,0.18,0.18,fixed,0.18,1.0,0.0,0.05073879620110243,0.06824191589005847,0.019899250208612357,0.022733009812209375,0.05077908747700755,0.06852331649335106,0.021546905846033748,0.02417897574868346,0.28148343285794714,0.2940993667831778,0.005818355708973345,0.39812159013092807
1000,base2,1,136,1,,1241.7628603223711,exchangeable_varying_sigma,0.18,fixed,0.18,0.18,fixed,0.18,1.0,0.6,0.04832834654960322,0.06464831346281202,0.010491015695211992,0.011906693655694463,0.04333933970977817,0.05902944115612562,0.01115976317164466,0.013213056772223187,0.2909986679948916,0.30276702034856023,0.14759805916493907,0.5703661781864104
1000,base2,1,136,1,,912.0521366121247,exchangeable_varying_sigma,0.18,fixed,0.18,0.18,fixed,0.18,1.0,0.9,0.04898616634778451,0.06555213305168375,0.013007795067486783,0.015876310732536453,0.03451093808646212,0.048610693861109326,0.012251490950848182,0.014202233714768007,0.29850866512701396,0.30853950154066906,0.2165908121429745,0.7293929705416523
1000,base2,0,135,1,,2797.286463007331,exchangeable_varying_sigma,0.18,fixed,0.18,0.18,fixed,0.18,1.0,0.3,0.05322957098128069,0.06932027149568067,0.01615193292788855,0.02237927056443986,0.0518687966251302,0.06785166762501646,0.01515785456365279,0.018738032285925386,0.2874043512283401,0.3047538435721105,0.06863867493998024,0.44913732626188807
1000,base2,0,135,1,,1399.0432659471408,exchangeable_varying_sigma,0.18,fixed,0.18,0.18,fixed,0.18,1.0,0.9,0.05367996970171755,0.07043062821456975,0.022822196648089196,0.03017283382035694,0.03758494417150638,0.050947063252279816,0.021976500035542787,0.025146026804297495,0.284969769058151,0.30088864902962176,0.22846237930989555,0.7175865802372189
1000,base3,0,135,1,,587.4795633610338,exchangeable_varying_sigma,0.18,fixed,0.18,0.18,fixed,0.18,1.0,0.0,0.06656117105731216,0.0854877842277989,0.02182001055228916,0.02231904047206282,0.06758348178896084,0.08671253936445952,0.023030385388743496,0.02403124934970472,0.17287621694283298,0.21067411666676894,0.004114876495562568,0.24088519208682097
1000,base2,2,137,1,,1928.227073985152,exchangeable_varying_sigma,0.18,fixed,0.18,0.18,fixed,0.18,1.0,0.6,0.05001940084618555,0.0704027024518776,0.023085365232032307,0.02670891217652057,0.044792656108713226,0.06276150584430461,0.02448320106800639,0.02605567493637068,0.22435000420208567,0.24641072973575825,0.13042020417193312,0.46026214622195016
1000,base1,0,135,1,,6048.467799212784,exchangeable_varying_sigma,0.18,fixed,0.18,0.18,fixed,0.18,1.0,0.9,0.052697061066308885,0.07006981237717107,0.020120228201425963,0.030036749770806073,0.03689102231470306,0.050427596842108645,0.020729138508495212,0.02516698723199634,0.2815995868384414,0.29650921080124437,0.2348832043675143,0.7176825580458547
1000,base3,0,135,1,,708.1644518831745,exchangeable_varying_sigma,0.18,fixed,0.18,0.18,fixed,0.18,1.0,0.3,0.06542614448034256,0.08325302794339635,0.017741910677426004,0.02708440729817494,0.06588626000130653,0.08357760331859707,0.01632794089636329,0.021988903939738527,0.15736717394107,0.21321965719786887,0.08659103174247676,0.27184753807610396
1000,base3,1,136,1,,1240.0180016430095,exchangeable_varying_sigma,0.18,fixed,0.18,0.18,fixed,0.18,1.0,0.3,0.06221789728436478,0.07975571674486329,0.008280523220035307,0.00988280916087902,0.06324713471939354,0.08126616990982014,0.009065510376602748,0.012785921833469148,0.1533096280512235,0.20070013923375093,0.08853282279814306,0.27231183389592617
1000,base3,2,137,1,,1192.0225367527455,exchangeable_varying_sigma,0.18,fixed,0.18,0.18,fixed,0.18,1.0,0.3,0.06583437264640482,0.08597570328640819,0.02083221889158801,0.02519075634289887,0.06560849810948241,0.08590138341561973,0.023878602412079675,0.029634785560730736,0.13764603116921156,0.18404608401912345,0.07053741976757835,0.19844382375682754
1000,base1,1,136,1,,7061.366255947389,exchangeable_varying_sigma,0.18,fixed,0.18,0.18,fixed,0.18,1.0,0.9,0.04913445654116801,0.066426260932516,0.012123394226657702,0.014895942161933464,0.03516460030019701,0.04939238010906454,0.012980219008540267,0.015104546062779918,0.29611894338676625,0.3058017648307524,0.219707605790456,0.7280906842660958
1000,base1,0,135,1,,7153.170591111295,exchangeable_varying_sigma,0.18,fixed,0.18,0.18,fixed,0.18,1.0,0.6,0.052635550821779425,0.06942897922084101,0.01726154119491112,0.02611153078744794,0.046726001265905405,0.06213903407269901,0.01634797723158901,0.020958014677646637,0.2841451248088366,0.2997327741085612,0.15319048453760714,0.5643085026187952
1000,base3,1,136,1,,1044.729971417226,exchangeable_varying_sigma,0.18,fixed,0.18,0.18,fixed,0.18,1.0,0.6,0.062418005877145834,0.08014108087080928,0.009330281654755357,0.010413870518761371,0.06109401882259881,0.07857487443750714,0.01082560575088412,0.01350367012928939,0.15469638881434405,0.19860624998995896,0.20160827245004082,0.42867867452069625
1000,base3,2,137,1,,2072.161821909249,exchangeable_varying_sigma,0.18,fixed,0.18,0.18,fixed,0.18,1.0,0.0,0.06431917671984537,0.08524483457847457,0.02105803995409969,0.028042386810455417,0.06558522505290365,0.08709149647800782,0.02522117884599226,0.030814605404677953,0.14701652500275536,0.1986836413288129,0.06342152800170733,0.2005257209821389
1000,base1,2,137,1,,7392.208290581591,exchangeable_varying_sigma,0.18,fixed,0.18,0.18,fixed,0.18,1.0,0.0,0.051622035565957715,0.07107879227148378,0.02248064748243625,0.024831938467200075,0.05203766011671474,0.07191126041178769,0.026921813185921767,0.028761036273059884,0.25258059960270896,0.27581039133799884,0.05883540708398815,0.36257615946659244
1000,base1,2,137,1,,7498.777205974795,exchangeable_varying_sigma,0.18,fixed,0.18,0.18,fixed,0.18,1.0,0.6,0.05060679437469644,0.07046559327294553,0.024559335680069738,0.027760931874451448,0.04499398285106262,0.06286440141692162,0.026739282190178904,0.028671980416169723,0.22421644388170478,0.2465193833978292,0.12548603073207187,0.45616068600494325
1000,base3,2,137,1,,793.6129226246849,exchangeable_varying_sigma,0.18,fixed,0.18,0.18,fixed,0.18,1.0,0.6,0.06600824955644594,0.08566567586890057,0.024462702435141107,0.02788009160691826,0.062301455879441484,0.0811853640008766,0.026964425052618465,0.032103262611389946,0.1311313196806799,0.17748292259888795,0.1828107132217746,0.3424622622963841
1000,base1,1,136,1,,7537.160116933286,exchangeable_varying_sigma,0.18,fixed,0.18,0.18,fixed,0.18,1.0,0.3,0.04859986553803613,0.06500239408327907,0.008866469867575,0.009577002267184082,0.04775786924563595,0.06427550904032857,0.009869637418264188,0.012659202193496354,0.28546955532064605,0.29910401971447426,0.07415901765157301,0.4488007854456513
1000,base4,1,136,1,,568.0231609074399,exchangeable_varying_sigma,0.18,fixed,0.18,0.18,fixed,0.18,1.0,0.0,0.048917513384957145,0.06748537000068157,0.024820080300209227,0.03156826409069823,0.049216903949300735,0.0682630390569081,0.022423245312629042,0.029002700959635842,0.3360034649827388,0.3443187545326837,0.009267060089882605,0.475260331880285
1000,base4,0,135,1,,821.2969528958201,exchangeable_varying_sigma,0.18,fixed,0.18,0.18,fixed,0.18,1.0,0.0,0.04925356298391499,0.06654590014925874,0.01933771332101622,0.02211717391960222,0.04926985111862217,0.06680297569992738,0.02098222709191322,0.023654654140496105,0.2977057642810915,0.3084131473049999,0.002642044607253381,0.4210277067826816
1000,base4,1,136,1,,557.7923136902973,exchangeable_varying_sigma,0.18,fixed,0.18,0.18,fixed,0.18,1.0,0.3,0.046125734214869124,0.062342260728750314,0.008663227687693509,0.009208246942844124,0.04523871077796268,0.06162245607232384,0.009484524262300176,0.012265988106614849,0.3012268041427224,0.3122299120526859,0.06378583345173469,0.46678979545762306
1000,base3,1,136,1,,3160.2638211110607,exchangeable_varying_sigma,0.18,fixed,0.18,0.18,fixed,0.18,1.0,0.0,0.06584253310231819,0.08565547329168173,0.025725018291309992,0.03280391769333216,0.06734884965142456,0.08771672478530684,0.022562146827797072,0.02955682786325452,0.189174865063933,0.22576125241620507,0.010645551563930647,0.26781200677005473
1000,base4,0,135,1,,1237.5818202001974,exchangeable_varying_sigma,0.18,fixed,0.18,0.18,fixed,0.18,1.0,0.9,0.05094016185055383,0.06823173512681995,0.02085945815648614,0.030534042108973303,0.03361369115001167,0.04733709952082474,0.020484551749311963,0.025263317765311082,0.2952706787343086,0.30898415732967033,0.21530927619410134,0.7231500036908751
1000,base4,2,137,1,,1504.1631530802697,exchangeable_varying_sigma,0.18,fixed,0.18,0.18,fixed,0.18,1.0,0.6,0.04869380537870059,0.06882400967370765,0.02364119973201384,0.026972240395407618,0.04274512815548325,0.06071819532044163,0.0255607887720202,0.02760777186556087,0.2381491476741831,0.25739231007945257,0.11707092117286272,0.4702683814202936
1000,base4,1,136,1,,593.9468516558409,exchangeable_varying_sigma,0.18,fixed,0.18,0.18,fixed,0.18,1.0,0.9,0.046925898921687394,0.06380048990866352,0.011920152046777543,0.014610411567824978,0.031318388042937156,0.04557618545649285,0.012632433407543137,0.014611811016982222,0.31128245992813663,0.3190578983380148,0.20003733987590955,0.7369623740342309
1000,base4,2,137,1,,536.7449305048212,exchangeable_varying_sigma,0.18,fixed,0.18,0.18,fixed,0.18,1.0,0.9,0.04823601448331774,0.06832011711326631,0.027454250020753093,0.030908056948388572,0.03113669003371176,0.047100108544438114,0.02635330321748111,0.0302601313663327,0.22970617655116565,0.25030838328788935,0.19845203679718104,0.6034541916432434
1000,base4,1,136,1,,2644.394581273198,exchangeable_varying_sigma,0.18,fixed,0.18,0.18,fixed,0.18,1.0,0.6,0.04637963572146966,0.06284246108841748,0.010235219645858384,0.01107750375714763,0.041310676189822294,0.05691087024310453,0.011294312759769054,0.013853047218009682,0.30450252100875774,0.31377777862123707,0.13427791996278976,0.581288712577124
1000,base4,0,135,1,,3102.404582284391,exchangeable_varying_sigma,0.18,fixed,0.18,0.18,fixed,0.18,1.0,0.6,0.05101569516563804,0.06766029535754184,0.01769783750526674,0.02657222438119791,0.044672365025362135,0.06008357204959228,0.01623809874094459,0.021133021845734658,0.29794496920757346,0.31232749202294074,0.13877857760171142,0.5745538912392949
1000,base3,0,135,1,,4909.880856043659,exchangeable_varying_sigma,0.18,fixed,0.18,0.18,fixed,0.18,1.0,0.9,0.06562616412683914,0.08407677236402401,0.023757162343811547,0.03402047945596672,0.057837911924546806,0.07369591471653826,0.020353859240473754,0.027924785894649945,0.15382970514054986,0.20738335695402887,0.30663582344868245,0.5893147584157844
1000,base2,2,137,1,,7789.408841891214,exchangeable_varying_sigma,0.18,fixed,0.18,0.18,fixed,0.18,1.0,0.9,0.04938363076169655,0.06988692950748412,0.02563752722084839,0.030655965004013366,0.03441289311283373,0.05005393132227543,0.024841516642187006,0.028102058383707468,0.21561555219691983,0.23948045540420657,0.2145863777872179,0.5963282454079745
1000,base3,0,135,1,,6415.7780318902805,exchangeable_varying_sigma,0.18,fixed,0.18,0.18,fixed,0.18,1.0,0.6,0.06556592380222846,0.08369798435266926,0.020595541692589425,0.0303800223485618,0.06329649710766382,0.08043143695734335,0.018078144872590476,0.02420652597830297,0.1557665010890152,0.21121568629092316,0.19530017760582202,0.4168381088947796
2000,base1,0,135,1,,1823.2950744889677,exchangeable_varying_sigma,0.18,fixed,0.18,0.18,fixed,0.18,1.0,0.3,0.03460549913003744,0.04457274156653168,0.015822308948461053,0.018282732862045493,0.03313144495191299,0.04283555577115902,0.014218218323183984,0.016100721937809946,0.1433393600525875,0.14998201217760423,0.039127979278063274,0.2297897620913647
2000,base1,2,137,1,,2842.1155186537653,exchangeable_varying_sigma,0.18,fixed,0.18,0.18,fixed,0.18,1.0,0.0,0.032171457027882176,0.041793027337299,0.015019510295452426,0.015823657668673757,0.03219583135739294,0.04182229823776168,0.014825054373864416,0.01583177447760813,0.13416879858113487,0.14345356654638858,0.010377084838851124,0.1901683107808821
1000,base3,2,137,1,,7063.981306018308,exchangeable_varying_sigma,0.18,fixed,0.18,0.18,fixed,0.18,1.0,0.9,0.06609240352873053,0.08533945075704961,0.02941736750954997,0.03135983878290128,0.05630905041190328,0.07317990838102591,0.0325091115421664,0.03556623534159737,0.1237932363013197,0.17222838397902374,0.2978116974568715,0.510503800766667
2000,base1,1,136,1,,4184.21488595102,exchangeable_varying_sigma,0.18,fixed,0.18,0.18,fixed,0.18,1.0,0.0,0.03209848279525719,0.04210934852368663,0.017018829105905728,0.021940772998624368,0.03213747202967204,0.04217325930995645,0.017181370917931413,0.021929556590154404,0.09773903915948844,0.106361998929761,0.012192814328343552,0.13909668569163047
1000,base4,2,137,1,,6958.858112199232,exchangeable_varying_sigma,0.18,fixed,0.18,0.18,fixed,0.18,1.0,0.3,0.049133921323344036,0.06929689740113967,0.021925314399745627,0.02382844355240809,0.047872724681215485,0.06744454582746229,0.023972254371231405,0.02561919161507706,0.246814007353387,0.26569398712397335,0.03947792218198748,0.3786478964093022
1000,base3,1,136,1,,7489.412097959779,exchangeable_varying_sigma,0.18,fixed,0.18,0.18,fixed,0.18,1.0,0.9,0.06314386661818472,0.08093136924995407,0.011015214055675765,0.012782151525153428,0.056706345258674594,0.07299200570038249,0.011464646861101269,0.01324569036314226,0.1590185325351092,0.19921343720517096,0.3137085531043572,0.6150280220822756
1000,base4,2,137,1,,7160.887962805107,exchangeable_varying_sigma,0.18,fixed,0.18,0.18,fixed,0.18,1.0,0.0,0.050174313054266104,0.06937601262632236,0.02302115744289751,0.025428081995829455,0.050504558216161205,0.07023064608613033,0.02725564192866023,0.02920721589023464,0.269103021168454,0.28901854773077396,0.06251612322726863,0.38601624872682344
2000,base1,0,135,1,,4732.591703076847,exchangeable_varying_sigma,0.18,fixed,0.18,0.18,fixed,0.18,1.0,0.0,0.03171809984303002,0.04238013865463187,0.014047817504383553,0.016153860823764833,0.03175851812643145,0.042464635883557277,0.013666553534724818,0.015949100558738057,0.14115240692695058,0.14858239400272344,0.007286915671333605,0.1998157597678888
1000,base4,0,135,1,,7288.72208527755,exchangeable_varying_sigma,0.18,fixed,0.18,0.18,fixed,0.18,1.0,0.3,0.05090556887127823,0.06701233087154178,0.01577736237359441,0.02294457384273695,0.04940281929879946,0.06533881620049634,0.01329231039145548,0.018778113692627177,0.29960471712058406,0.31418019077802933,0.06584122147120428,0.4653127530310133
2000,base1,1,136,1,,2881.9234450710937,exchangeable_varying_sigma,0.18,fixed,0.18,0.18,fixed,0.18,1.0,0.6,0.03582739906479452,0.046615599739628595,0.015744350035804627,0.022326582704968245,0.03191371999063479,0.041617136590725974,0.014471097441066755,0.02120897211969816,0.10724900620980028,0.12627865638849892,0.06287163716303379,0.22811105541052143
2000,base1,2,137,1,,2503.423640044406,exchangeable_varying_sigma,0.18,fixed,0.18,0.18,fixed,0.18,1.0,0.6,0.032949354988576596,0.042998524466966025,0.012998011142326307,0.01929197591177316,0.02814482895546658,0.03709513101177984,0.013223149691568362,0.01953864044525883,0.11519484342005983,0.12560245034908693,0.07848972877258897,0.25483373990315883
2000,base1,1,136,1,,1872.8067662315443,exchangeable_varying_sigma,0.18,fixed,0.18,0.18,fixed,0.18,1.0,0.9,0.03513694019108563,0.045424977430352904,0.018164012614556108,0.024745937238782826,0.02350240728364594,0.02986539525607964,0.01611862493441886,0.02355182492048495,0.0962650886723043,0.11885927200439847,0.11777255381443508,0.3051047019411133
2000,base2,2,137,1,,2418.925689020194,exchangeable_varying_sigma,0.18,fixed,0.18,0.18,fixed,0.18,1.0,0.0,0.03317963047087842,0.04329430487085297,0.011450951783802593,0.01227713088996253,0.033212680836323345,0.04335934495843991,0.011142707967592091,0.012272475028610393,0.13841121903996131,0.147645896673282,0.004420417620349345,0.19581711291264653
2000,base2,2,137,1,,2637.1918127164245,exchangeable_varying_sigma,0.18,fixed,0.18,0.18,fixed,0.18,1.0,0.3,0.031208568028413482,0.04152568804467036,0.015335113411379095,0.01979857696263831,0.030292367843345897,0.0406447999846871,0.014404035599779569,0.01974473492622695,0.12220414406639239,0.1315358072194963,0.01566995533273602,0.18695268177256494
2000,base2,0,135,1,,4396.342034052126,exchangeable_varying_sigma,0.18,fixed,0.18,0.18,fixed,0.18,1.0,0.6,0.03383165199779815,0.04384515234983681,0.01607271674599292,0.018490620950885005,0.02876084451738269,0.037238800551989124,0.013962449028533788,0.015096874830952664,0.14167649578256797,0.15154195541300158,0.08583181403942652,0.3008346200477678
2000,base2,1,136,1,,5262.691859694198,exchangeable_varying_sigma,0.18,fixed,0.18,0.18,fixed,0.18,1.0,0.6,0.03400604246053767,0.045197176509265094,0.013935741180558125,0.0201943920033024,0.030663915902087932,0.04044204764799519,0.012565710309384498,0.01913207396129757,0.10818373600348093,0.13089677605029243,0.05881963443291427,0.22573713641974266
2000,base2,1,136,1,,7761.051165971905,exchangeable_varying_sigma,0.18,fixed,0.18,0.18,fixed,0.18,1.0,0.3,0.0346094868452206,0.04587141772545989,0.011668335320149603,0.017738713308648905,0.034225019431744136,0.04526921413807539,0.010233655942068334,0.01684138067778064,0.1166424418111045,0.13746555547965322,0.013490281179792396,0.17777977810120477
2000,base2,0,135,1,,4429.066779616289,exchangeable_varying_sigma,0.18,fixed,0.18,0.18,fixed,0.18,1.0,0.9,0.0340241492348157,0.044105767601332065,0.01887447495505963,0.02173421662625642,0.020913312428343944,0.02666873585052952,0.01619172758326974,0.016973709948075528,0.1392725032022713,0.15025808442026964,0.13205339342369382,0.3912065713968319
2000,base1,2,137,1,,12094.665274010971,exchangeable_varying_sigma,0.18,fixed,0.18,0.18,fixed,0.18,1.0,0.9,0.03332337147659201,0.043076026016524646,0.01405302854606924,0.020083971058705085,0.021232123499250657,0.02698122693434446,0.013679807445237682,0.019557137514932668,0.10912978173381041,0.11954452727060422,0.12784801776216737,0.3373459562076157
2000,base2,2,137,1,,8806.48063168209,exchangeable_varying_sigma,0.18,fixed,0.18,0.18,fixed,0.18,1.0,0.6,0.03135503487939194,0.041457507067831884,0.016566569653975002,0.02108843855179867,0.027186688095089652,0.03650113027153019,0.015442800886590308,0.02069061468413221,0.11600857800609242,0.12517116094972816,0.06231156448163366,0.24085305195110923
2000,base1,1,136,1,,16631.827909626067,exchangeable_varying_sigma,0.18,fixed,0.18,0.18,fixed,0.18,1.0,0.3,0.03626358989727346,0.04726256667782463,0.013895758976739336,0.019917989852258663,0.03556041509004237,0.046491061668738946,0.013224760117743609,0.018981355095431005,0.1158689156779802,0.1321897719570696,0.01543154866658103,0.1775869978168716
2000,base3,0,135,1,,4188.116016017273,exchangeable_varying_sigma,0.18,fixed,0.18,0.18,fixed,0.18,1.0,0.0,0.05056664453968808,0.06253736770644863,0.009738474842800493,0.012574754159874392,0.05148200864977021,0.06364501947025226,0.00867573180968681,0.012067390298595002,0.0805708024948001,0.09925565934749425,0.000951200173170988,0.04954559788147501
2000,base2,1,136,1,,8469.819499802776,exchangeable_varying_sigma,0.18,fixed,0.18,0.18,fixed,0.18,1.0,0.9,0.03315080903514165,0.04402460092332973,0.016355403759311188,0.02267902795374411,0.022128047319518774,0.028751129908892194,0.015149646131743397,0.021701053721689356,0.09747782613520059,0.12256725800241293,0.11093750552993287,0.299302196578736
2000,base3,1,136,1,,2276.6356982812285,exchangeable_varying_sigma,0.18,fixed,0.18,0.18,fixed,0.18,1.0,0.3,0.0526788763838866,0.06560513825665593,0.01943536758002369,0.022928044662382057,0.05333284432805455,0.06637282495874092,0.01794939686487418,0.021077638250602222,0.11621944259595109,0.1387756720394405,0.06013535587795346,0.10649003263901277
2000,base2,1,136,1,,17879.985367600806,exchangeable_varying_sigma,0.18,fixed,0.18,0.18,fixed,0.18,1.0,0.0,0.031944859967392665,0.04202540564281952,0.018827437961150606,0.023477476963043344,0.032036903094491406,0.042179449368649875,0.01909786946481315,0.023484713227984046,0.10004764284244427,0.11143221311853942,0.020795831018576596,0.14394298654886595
2000,base3,0,135,1,,5736.848232121207,exchangeable_varying_sigma,0.18,fixed,0.18,0.18,fixed,0.18,1.0,0.3,0.05105672906426128,0.06333781006203323,0.02217223715786311,0.023660967900711496,0.051026554021284434,0.06341067908819074,0.019849757819016947,0.02100478837523297,0.08341802030532272,0.1004976075609626,0.08966377759075578,0.12426796409196594
2000,base3,0,135,1,,3969.047159615904,exchangeable_varying_sigma,0.18,fixed,0.18,0.18,fixed,0.18,1.0,0.6,0.05112251738948339,0.06344632906063258,0.02480529989194713,0.026486845278791634,0.048824826252603565,0.060711063658374,0.021061520578429457,0.022214296044133424,0.08679432532198277,0.1046216076306891,0.17718513720057222,0.23821345949560876
2000,base3,1,136,1,,3724.289489065297,exchangeable_varying_sigma,0.18,fixed,0.18,0.18,fixed,0.18,1.0,0.6,0.05247185554633267,0.06530888545868827,0.02095851024213838,0.02520796623029959,0.05128516629624627,0.06364238360458087,0.019583737100013987,0.02321341299694223,0.11981618466430875,0.1438500741818361,0.14702747491848162,0.19054116339841828
2000,base1,2,137,1,,24940.969976891764,exchangeable_varying_sigma,0.18,fixed,0.18,0.18,fixed,0.18,1.0,0.3,0.03263203795683805,0.04284312791261005,0.011766554899730053,0.018091205452007323,0.03135836227630628,0.041454001443514715,0.012155425926176841,0.018484726054302566,0.1214817275128184,0.13177136588467966,0.03161728540756936,0.1943302946171553
2000,base1,0,135,1,,24900.809695784934,exchangeable_varying_sigma,0.18,fixed,0.18,0.18,fixed,0.18,1.0,0.6,0.03468231096480871,0.04470918042354475,0.018455371682543992,0.021260366516357126,0.029575204805703907,0.03805597072856698,0.01585707864507531,0.01744130136388557,0.14034842291848437,0.14776141527804387,0.08563678923467022,0.29868711345365295
2000,base1,0,135,1,,23464.454246793874,exchangeable_varying_sigma,0.18,fixed,0.18,0.18,fixed,0.18,1.0,0.9,0.03471040598381554,0.044877083355417964,0.021257129891612797,0.024476510014616752,0.02198042034876478,0.02751229928548051,0.017840731593296758,0.019071290600965504,0.13715923461455384,0.14566192191852748,0.13447301868129435,0.3902807932546879
2000,base2,2,137,1,,14590.110995165072,exchangeable_varying_sigma,0.18,fixed,0.18,0.18,fixed,0.18,1.0,0.9,0.03147199808700549,0.041285755142219153,0.01762158705771795,0.02199650400303854,0.019848857688550325,0.026389352601613184,0.016280662586826825,0.02073688864857724,0.11008571702853899,0.1190352736147091,0.11205106639833196,0.32136433486547095
2000,base3,1,136,1,,3147.021432363428,exchangeable_varying_sigma,0.18,fixed,0.18,0.18,fixed,0.18,1.0,0.9,0.05199356582217437,0.06473997413310455,0.02238205058296823,0.027501683787339488,0.046718136995733996,0.058073055593055437,0.021242964276992793,0.025591494431409203,0.12440510795105963,0.14969308349832391,0.23885811986989813,0.28637086061126255
2000,base3,0,135,1,,3972.492989068851,exchangeable_varying_sigma,0.18,fixed,0.18,0.18,fixed,0.18,1.0,0.9,0.05118914488255608,0.06359626315839227,0.027607058101011314,0.029552391085471114,0.04465699484813232,0.05581091928779923,0.02239545821131564,0.023567181554895712,0.09057817442567895,0.10956047514157284,0.26602826075931263,0.3535041465658055
2000,base3,2,137,1,,5405.639218966477,exchangeable_varying_sigma,0.18,fixed,0.18,0.18,fixed,0.18,1.0,0.6,0.05206932841219856,0.06485736186016003,0.012561371966112789,0.01574636325423147,0.04925322408794865,0.06172690496684463,0.013545139185689808,0.016194861297822587,0.09137388197360861,0.1114159990740286,0.1883127593891017,0.24895383164307341
2000,base3,2,137,1,,9436.124885770492,exchangeable_varying_sigma,0.18,fixed,0.18,0.18,fixed,0.18,1.0,0.3,0.05167233437387576,0.06448941095874411,0.012398296064871528,0.014927763244861942,0.051431970950516326,0.06436712538056576,0.01324097439358618,0.015686708190263462,0.09273081480379888,0.1137970486084357,0.10040317362108622,0.14156879491424448
2000,base2,0,135,1,,26443.486958025023,exchangeable_varying_sigma,0.18,fixed,0.18,0.18,fixed,0.18,1.0,0.3,0.03363809598695779,0.04366587540619932,0.013439654011908553,0.015493136628971534,0.03230069051926911,0.04199550031157134,0.012128883865115278,0.013589632344266927,0.14406975349992537,0.15293852688039988,0.04093216868692423,0.2318624443481796
2000,base2,0,135,1,,26831.044600408524,exchangeable_varying_sigma,0.18,fixed,0.18,0.18,fixed,0.18,1.0,0.0,0.03217022010519418,0.0429945637099944,0.015991036841602246,0.01816750708421689,0.03225881616943658,0.04315238379232221,0.0158434510498191,0.017599536086279326,0.1379338176771623,0.1475656033515866,0.0007558916000592193,0.19507005243660866
2000,base4,1,136,1,,2426.9677183339372,exchangeable_varying_sigma,0.18,fixed,0.18,0.18,fixed,0.18,1.0,0.3,0.03269914827014253,0.044000418773595715,0.013942878906521253,0.019525792111522534,0.03193083252117382,0.043170404860212876,0.013303762016947704,0.01857398211042137,0.13316643292425243,0.1446719581582208,0.007602894228917967,0.19949589094206094
2000,base4,0,135,1,,2827.5778518887237,exchangeable_varying_sigma,0.18,fixed,0.18,0.18,fixed,0.18,1.0,0.3,0.031398696012985366,0.04156813726530989,0.01625836536254914,0.018168889290936505,0.029664141177110605,0.0396654783474871,0.014688215380463235,0.016090154268262286,0.16282058310818315,0.16714422314860647,0.035484488257778724,0.25566042018200474
2000,base4,2,137,1,,3640.5946392240003,exchangeable_varying_sigma,0.18,fixed,0.18,0.18,fixed,0.18,1.0,0.3,0.02998530575656517,0.04003413885689005,0.011362234581911615,0.017385671877057574,0.028323812113652258,0.03844990840251071,0.011238408415549572,0.017701991522627362,0.1414594457315203,0.14782217429510092,0.026272162565847634,0.22015874465138163
2000,base4,1,136,1,,6419.207228317857,exchangeable_varying_sigma,0.18,fixed,0.18,0.18,fixed,0.18,1.0,0.9,0.031460082970656,0.0421749999002432,0.018162028701444954,0.02437844436407215,0.01779140193756937,0.024550196265977046,0.015924926931235497,0.023205650350442125,0.11364303482205108,0.12947738211795323,0.09788346738207143,0.3119303296392783
2000,base4,2,137,1,,5582.803505540825,exchangeable_varying_sigma,0.18,fixed,0.18,0.18,fixed,0.18,1.0,0.9,0.030322000308090857,0.04028869364946105,0.013648708228253231,0.019409471261461187,0.01568226617960855,0.021677658820967706,0.012806206333041817,0.01862680046326681,0.12950541995952466,0.13562457703936115,0.11243724412205125,0.3542661716821852
2000,base4,0,135,1,,7194.792867021635,exchangeable_varying_sigma,0.18,fixed,0.18,0.18,fixed,0.18,1.0,0.9,0.031724739533523824,0.04195515882091484,0.021693186305697457,0.02435787721805048,0.016318940905167566,0.022089922298823585,0.01814279819533811,0.019015020101662047,0.15734055643347922,0.16338274119909751,0.11777245956785054,0.4068515387161884
2000,base3,1,136,1,,23006.02034210507,exchangeable_varying_sigma,0.18,fixed,0.18,0.18,fixed,0.18,1.0,0.0,0.05051970420181798,0.06204106486949538,0.014619620972194991,0.019568884761781515,0.051340519250923304,0.06317104896311972,0.015049222236400484,0.01990363654895388,0.10327465369720862,0.12441500465263548,0.02397772249123583,0.11379452070217769
2000,base4,0,135,1,,9316.707414795645,exchangeable_varying_sigma,0.18,fixed,0.18,0.18,fixed,0.18,1.0,0.6,0.0315719271251534,0.04173289430595813,0.01889142809663122,0.021144480698261567,0.025599305296413098,0.03441811775961781,0.016247546144384423,0.017409455024101614,0.16014512384682536,0.16521776061765378,0.0756481727288113,0.3197661151551342
2000,base3,2,137,1,,22611.790355901234,exchangeable_varying_sigma,0.18,fixed,0.18,0.18,fixed,0.18,1.0,0.0,0.04724152947443308,0.059272784926830774,0.023286089279922678,0.02557854873716833,0.04798151822365708,0.06024604303137473,0.02254955566253064,0.025034294535945176,0.09137727636463024,0.11144773658860845,0.0048179312070847444,0.05762496733962725
2000,base4,1,136,1,,12994.664688056335,exchangeable_varying_sigma,0.18,fixed,0.18,0.18,fixed,0.18,1.0,0.0,0.029250549150642142,0.03898052899013849,0.0170208130190158,0.021762198705432674,0.029265640012234695,0.039045375662450574,0.017223609975542634,0.02177157809955068,0.11591526680182679,0.12073170279995708,0.017920872526817788,0.1654531219527376
2000,base3,2,137,1,,15283.027538453229,exchangeable_varying_sigma,0.18,fixed,0.18,0.18,fixed,0.18,1.0,0.9,0.05240853218332382,0.06519865489342976,0.012354164994746092,0.01622472529305781,0.045208702984416566,0.056907213372932065,0.012926542276713943,0.015752432520217432,0.08948827865882218,0.10802887761515036,0.2775194547254556,0.3568791401066214
2000,base4,2,137,1,,15022.703578991815,exchangeable_varying_sigma,0.18,fixed,0.18,0.18,fixed,0.18,1.0,0.0,0.02888298403861262,0.03855020836373679,0.01542383061326888,0.016416463976963423,0.028880624590501582,0.03855961262481539,0.015260036290604462,0.016438687660169135,0.15215087371264138,0.15836977837865573,0.00497483812875074,0.21525649423196067
2000,base4,0,135,1,,15929.462573252618,exchangeable_varying_sigma,0.18,fixed,0.18,0.18,fixed,0.18,1.0,0.0,0.029735863457373734,0.04002003623746779,0.013579071916234642,0.01575698293914787,0.029754542875855047,0.04008368366411715,0.013184727789246509,0.015529077109988272,0.15722083456000682,0.16169243424377294,0.0036010013050337872,0.22238525637926954
2000,base4,1,136,1,,12646.502590109594,exchangeable_varying_sigma,0.18,fixed,0.18,0.18,fixed,0.18,1.0,0.6,0.03218080319227333,0.043352717581835405,0.015742366122693446,0.02194530345980441,0.0279040339645505,0.03794634289679394,0.01462860287205471,0.020803981973675407,0.12455428995021563,0.13789812958409375,0.04903591256227913,0.24231321687083013
2000,base4,2,137,1,,12591.852353480645,exchangeable_varying_sigma,0.18,fixed,0.18,0.18,fixed,0.18,1.0,0.6,0.030262776752635293,0.04020290342297639,0.01259369082450934,0.01859951452028932,0.024533675711754473,0.03363125730522848,0.012215178924426834,0.018675995543466748,0.13537578570121303,0.1416349109909698,0.06798786090541864,0.2754241880068631
1000,base1,1,139,1,,907.2493101414293,exchangeable_varying_sigma,0.18,fixed,0.18,0.18,fixed,0.18,1.0,0.0,0.049657265533825046,0.06965288621247295,0.025902352609182708,0.026956774331721774,0.04988279336809553,0.07037875332833032,0.02462274434044509,0.02562015852444468,0.3075200288139231,0.3197777303327356,0.00431995031895256,0.4349195720331671
1000,base1,1,139,1,,930.2846103738993,exchangeable_varying_sigma,0.18,fixed,0.18,0.18,fixed,0.18,1.0,0.9,0.05221477573527176,0.0709888072522795,0.02215059233444691,0.025004246820558004,0.0360773637544611,0.05089082729875845,0.020829030595283293,0.024187714833408556,0.2531744071549528,0.270030319493579,0.21029311942366657,0.6515403459380074
1000,base1,0,138,1,,963.5500830672681,exchangeable_varying_sigma,0.18,fixed,0.18,0.18,fixed,0.18,1.0,0.6,0.0498803095165036,0.06699257261368845,0.01014834579114307,0.010607897694032737,0.04571546412721304,0.06304144860897667,0.012341793635072845,0.014185568335307947,0.33284920730953377,0.3437630681980402,0.1746482846795644,0.6492882966515785
1000,base1,1,139,1,,964.4373013693839,exchangeable_varying_sigma,0.18,fixed,0.18,0.18,fixed,0.18,1.0,0.3,0.05120052234081043,0.07025267933189984,0.019591384061174028,0.02285353518956773,0.04948910752698861,0.06869137483544945,0.018424369020490966,0.02167557238767549,0.2687279192639521,0.279833479043444,0.05562764472503978,0.41695979244370246
1000,base1,0,138,1,,969.3507328722626,exchangeable_varying_sigma,0.18,fixed,0.18,0.18,fixed,0.18,1.0,0.0,0.051613844930856086,0.07098522018758456,0.013532514369509308,0.0158913046638075,0.051779540734993114,0.0713023313207408,0.014002954464237105,0.015020844911708605,0.29250421751595956,0.3031829490114616,0.05074233442448233,0.4167673844585534
1000,base1,2,140,1,,1009.0415117647499,exchangeable_varying_sigma,0.18,fixed,0.18,0.18,fixed,0.18,1.0,0.6,0.046378488628800216,0.06459293381184208,0.025689098564452534,0.030854841614446637,0.04198114759491384,0.058345441345852254,0.022599904580831692,0.03010190672579346,0.28704122146805866,0.29767675228792295,0.15343374708197433,0.5686837636564278
1000,base1,2,140,1,,1021.8466088883579,exchangeable_varying_sigma,0.18,fixed,0.18,0.18,fixed,0.18,1.0,0.9,0.046761677870500146,0.06484174407043478,0.026015118690765837,0.030554145472059806,0.032576180192884684,0.04553700483886488,0.02242520434278425,0.029072771381038753,0.29701920116097846,0.30832202569318296,0.2176406471682436,0.7278525475355662
1000,base1,1,139,1,,1023.050419440493,exchangeable_varying_sigma,0.18,fixed,0.18,0.18,fixed,0.18,1.0,0.6,0.051874171121078796,0.07066826726502143,0.02105421729905199,0.02420337258307085,0.04555558639377667,0.06336145443565923,0.019994801948202218,0.023183786471457662,0.2619406172987815,0.2754426713263839,0.12962086920149973,0.5148534612541927
1000,base1,0,138,1,,1034.8626809827983,exchangeable_varying_sigma,0.18,fixed,0.18,0.18,fixed,0.18,1.0,0.9,0.04925407900723225,0.06599723826276883,0.010036389374319415,0.011776201696204225,0.035371806594337425,0.04981021906352417,0.012192014810096963,0.014336612050662043,0.3391107569920033,0.350541237837604,0.23132103420738237,0.806015987115582
1000,base1,2,140,1,,1051.129299070686,exchangeable_varying_sigma,0.18,fixed,0.18,0.18,fixed,0.18,1.0,0.3,0.046553350826497066,0.06477557085805832,0.024560424896810956,0.030023747050810713,0.04594173578958049,0.06388283777996316,0.021903140787985498,0.02946596580591513,0.2795146388894624,0.2894715852020147,0.083590233842225,0.4447189224878006
1000,base1,2,140,1,,1170.8306829798967,exchangeable_varying_sigma,0.18,fixed,0.18,0.18,fixed,0.18,1.0,0.0,0.05153918956064231,0.06893652842074204,0.0038777576581790624,0.005160538340716911,0.051643831104464695,0.06916228599274468,0.005928803763354751,0.007048651055862961,0.31710243879467703,0.32542309762834287,0.04188098567197794,0.4502708982023008
1000,base1,0,138,1,,1190.0007879808545,exchangeable_varying_sigma,0.18,fixed,0.18,0.18,fixed,0.18,1.0,0.3,0.05035003241498486,0.06810858133043125,0.009832244813031146,0.010000104440434117,0.04997581527944148,0.06846010754849721,0.011081615715950288,0.012579290239839433,0.322915104431369,0.3336502944090175,0.11411000955699799,0.5188405406226805
1000,base2,0,138,1,,923.6023313514888,exchangeable_varying_sigma,0.18,fixed,0.18,0.18,fixed,0.18,1.0,0.0,0.05212321621084316,0.07158931832448479,0.014636605390300622,0.014879364614441488,0.0524073818484982,0.07198696273855787,0.01503647732635302,0.015082718328543068,0.2937279119327192,0.30441518211004376,0.04453492139963789,0.4177688978775378
1000,base2,1,139,1,,923.3421115018427,exchangeable_varying_sigma,0.18,fixed,0.18,0.18,fixed,0.18,1.0,0.0,0.051943171781351175,0.0717409259976042,0.03051278121599657,0.030975817889522087,0.05228360811662534,0.07256459816520011,0.028703149539795622,0.029318194610858744,0.307287170779519,0.32222506939113527,0.015418056370883126,0.4348320913248459
1000,base2,2,140,1,,955.8454968854785,exchangeable_varying_sigma,0.18,fixed,0.18,0.18,fixed,0.18,1.0,0.0,0.05236181422791699,0.07018218214999271,0.004732914554310352,0.006450519288924705,0.05250589913868851,0.07039700530825553,0.006558523936202515,0.007608887729467295,0.313097458318584,0.3224432787344808,0.03668898787184581,0.4442187458072979
1000,base2,0,138,1,,963.739934457466,exchangeable_varying_sigma,0.18,fixed,0.18,0.18,fixed,0.18,1.0,0.3,0.05037736674312002,0.06821749307742955,0.013302601141188974,0.015064688491204811,0.05048970015318881,0.06891186837467213,0.014633347926842982,0.01648411823404912,0.32154140889580957,0.3344231212820006,0.1014968863811414,0.5113137107405353
1000,base2,1,139,1,,960.4591566417366,exchangeable_varying_sigma,0.18,fixed,0.18,0.18,fixed,0.18,1.0,0.3,0.0492295951559727,0.0687522664080882,0.016428971310533197,0.020313838166392657,0.04801827606632182,0.06741131130522898,0.016005269513438142,0.019309371168813854,0.262138237598305,0.2774396830763802,0.03785688150214955,0.40018646781496253
1000,base2,2,140,1,,1015.248967140913,exchangeable_varying_sigma,0.18,fixed,0.18,0.18,fixed,0.18,1.0,0.3,0.04762028567827082,0.065867794927387,0.024251137913506166,0.030141207446655164,0.04671567166129826,0.06493879452086763,0.022118289411343542,0.029902881131003718,0.28221695003835134,0.2929420192850977,0.0958167374252408,0.4542916682491823
1000,base2,1,139,1,,1018.884548490867,exchangeable_varying_sigma,0.18,fixed,0.18,0.18,fixed,0.18,1.0,0.6,0.04963302609128321,0.06895066063416505,0.017856364407976943,0.021513446225633625,0.04406628515958788,0.061934390007071106,0.017793760700902855,0.020958088551670924,0.25532054016529726,0.2733868015025048,0.1108072030186334,0.4914202288610551
1000,base2,2,140,1,,1014.2705910596997,exchangeable_varying_sigma,0.18,fixed,0.18,0.18,fixed,0.18,1.0,0.6,0.04758846545781535,0.06553111353055173,0.025379811581144718,0.03104593703072981,0.04246879694394098,0.059280730508651173,0.022265156397666824,0.03044155636740709,0.29053672877390396,0.3018357844880026,0.16557431781196869,0.5823290138240556
1000,base2,0,138,1,,1028.05838887766,exchangeable_varying_sigma,0.18,fixed,0.18,0.18,fixed,0.18,1.0,0.6,0.04959862079866441,0.06694353589256745,0.013618702119300136,0.015131527217596696,0.046369582198607415,0.06356632386568571,0.015793274361840706,0.017263659456744993,0.33188560737094336,0.34485870855850065,0.16370437364516077,0.640816904224663
1000,base2,0,138,1,,1059.718418220058,exchangeable_varying_sigma,0.18,fixed,0.18,0.18,fixed,0.18,1.0,0.9,0.048557780609277505,0.0657124834079223,0.01350674570247648,0.015325042783000072,0.03577353295563666,0.05015795112433932,0.015368425446221232,0.016127800739203522,0.3387678057254026,0.35217772060330504,0.2227763866907373,0.7990577036682288
1000,base2,1,139,1,,1088.2693515773863,exchangeable_varying_sigma,0.18,fixed,0.18,0.18,fixed,0.18,1.0,0.9,0.04981692933183597,0.06903500755063928,0.01895273944337353,0.0221235730016154,0.034303622438197984,0.04896896372868634,0.01893092892622325,0.022168507824687177,0.24685634483170607,0.26831038056372003,0.1899953974156967,0.6234681034556462
1000,base2,2,140,1,,1095.436948057264,exchangeable_varying_sigma,0.18,fixed,0.18,0.18,fixed,0.18,1.0,0.9,0.048031958008274735,0.06550215382956898,0.025705831707458188,0.030848956568675298,0.03288221124312949,0.04647013162230387,0.021950378405304755,0.029346836399312785,0.3014817131162028,0.31330206497592855,0.22879571823357547,0.7440199855305902
1000,base3,1,139,1,,922.6138986758888,exchangeable_varying_sigma,0.18,fixed,0.18,0.18,fixed,0.18,1.0,0.0,0.06486958374195907,0.08412389329445497,0.02661802207942536,0.028518233132812074,0.06608313440544927,0.08587594033045207,0.025557850703883236,0.02715132503907293,0.16757668444040674,0.21332372055086427,0.0115295327975795,0.23725496559946208
1000,base3,0,138,1,,947.6401269901544,exchangeable_varying_sigma,0.18,fixed,0.18,0.18,fixed,0.18,1.0,0.0,0.0640929296071051,0.08339221727104411,0.01811792352672764,0.02247976788483674,0.06519767398888528,0.08477047525422071,0.01897605176225578,0.02235548466370251,0.14925403828706782,0.1988867925192902,0.04045282988805645,0.21135302884502385
1000,base3,2,140,1,,955.5653260052204,exchangeable_varying_sigma,0.18,fixed,0.18,0.18,fixed,0.18,1.0,0.0,0.06407999915904537,0.08255510789889355,0.006923923632265988,0.008904102604539464,0.06499197895129231,0.0836268313879518,0.00933894032412455,0.010686827457622164,0.1869259210473947,0.21662218476725592,0.04643481439390458,0.269691437578879
1000,base3,0,138,1,,962.3976753782481,exchangeable_varying_sigma,0.18,fixed,0.18,0.18,fixed,0.18,1.0,0.3,0.06580864304937566,0.0835369231862283,0.0030327421308433133,0.003714668629478008,0.06663102581810637,0.08501669510035155,0.009639732858887862,0.010300436858358915,0.18747807488325932,0.22909620108150097,0.1664315623946064,0.3789718446326862
1000,base3,1,139,1,,963.1210197247565,exchangeable_varying_sigma,0.18,fixed,0.18,0.18,fixed,0.18,1.0,0.3,0.06657591793763273,0.08657543060876992,0.025697573833700832,0.03107086592047846,0.0669883896628941,0.08657098694163247,0.025322389461170408,0.030332421408088454,0.15208055508550747,0.1884877509730857,0.11461491644211017,0.28778771436438416
1000,base3,1,139,1,,1006.7706518452615,exchangeable_varying_sigma,0.18,fixed,0.18,0.18,fixed,0.18,1.0,0.6,0.06697557828372108,0.08716504964986571,0.02683914746672339,0.032373256159092804,0.06465151780897149,0.08322758791814783,0.026796074066845643,0.031963001541873426,0.14928956227326215,0.18551394418017436,0.22518641170865517,0.4387636066983279
1000,base3,2,140,1,,1036.8254339080304,exchangeable_varying_sigma,0.18,fixed,0.18,0.18,fixed,0.18,1.0,0.3,0.062093498802412224,0.08037363399075145,0.027992255136857352,0.03593185844922553,0.06271255749387579,0.08105143672666239,0.02411034919100724,0.034392706617730494,0.14167459938384436,0.1851685304109013,0.10070274820208883,0.2691970034322946
1000,base3,2,140,1,,1015.7126924134791,exchangeable_varying_sigma,0.18,fixed,0.18,0.18,fixed,0.18,1.0,0.6,0.06183700064105346,0.08024620656326828,0.029120928804499402,0.03668414093964817,0.06023998685642308,0.07765228699499126,0.02516037285733061,0.03514181817379762,0.1470557464696347,0.1909024913293495,0.210133925039312,0.4309458710584751
1000,base3,0,138,1,,1033.6894345022738,exchangeable_varying_sigma,0.18,fixed,0.18,0.18,fixed,0.18,1.0,0.6,0.06548245095741441,0.08297992182339524,0.003348843108954516,0.004055573372719832,0.06373817122049967,0.08145133815510115,0.01049097469413246,0.010798901246365596,0.19840865577950276,0.23782525282279174,0.2688528855208722,0.5500786667180668
1000,base3,0,138,1,,1047.9648207463324,exchangeable_varying_sigma,0.18,fixed,0.18,0.18,fixed,0.18,1.0,0.9,0.06504250407217785,0.08264641724218917,0.005204787163862107,0.006086099532503357,0.057732464816811636,0.07416776310972,0.009459904797281815,0.009914234101711506,0.20577349288060554,0.2438826411948886,0.3679452977138342,0.7352282304240939
1000,base3,1,139,1,,1160.019659280777,exchangeable_varying_sigma,0.18,fixed,0.18,0.18,fixed,0.18,1.0,0.9,0.06736039038767082,0.08770429955553775,0.027935522502119725,0.03309643853620856,0.05939588774215399,0.07625948293543387,0.027466074448733085,0.03282134418747937,0.14587306232836317,0.18187056858607706,0.3418464121593492,0.6133612767472234
1000,base3,2,140,1,,1163.7038185652345,exchangeable_varying_sigma,0.18,fixed,0.18,0.18,fixed,0.18,1.0,0.9,0.061855757282708465,0.08048211296465539,0.0294469489308129,0.036283381933846046,0.05512932667154161,0.07072521317393889,0.02544973264462022,0.03429106330152192,0.1548214573521977,0.19873257198236494,0.3178467100989505,0.6170173925729854
1000,base4,1,139,1,,910.4571191929281,exchangeable_varying_sigma,0.18,fixed,0.18,0.18,fixed,0.18,1.0,0.0,0.04802674952805853,0.0684203571603349,0.027659136515616786,0.028322648265485462,0.04821237193213281,0.06908209397419532,0.026406943045743883,0.027039893524755568,0.3222221705420018,0.3329623671125692,0.004349426273189471,0.4557100340496053
1000,base4,0,138,1,,932.837294517085,exchangeable_varying_sigma,0.18,fixed,0.18,0.18,fixed,0.18,1.0,0.0,0.04928044562735233,0.06888018296365986,0.014829545061768368,0.01643289280808031,0.04938088125493957,0.06916729289885673,0.01526948127299474,0.016010870264338114,0.30623872044600303,0.3152292085542096,0.04464418160744109,0.43529632147405994
1000,base4,2,140,1,,955.1409697737545,exchangeable_varying_sigma,0.18,fixed,0.18,0.18,fixed,0.18,1.0,0.0,0.049829525809667596,0.0672701184879972,0.004498606893975965,0.0051479724889088516,0.04987498916428839,0.06744304542496206,0.006384098404334085,0.007041803853471841,0.3309706780759543,0.337677721550389,0.0428106329847201,0.4698125779646891
1000,base4,0,138,1,,962.3954899050295,exchangeable_varying_sigma,0.18,fixed,0.18,0.18,fixed,0.18,1.0,0.3,0.04872867915039117,0.0663646298774499,0.009686968991447553,0.01024865034159925,0.04839396436732363,0.06667235882195113,0.010863082785734557,0.012612919899399468,0.33807483475330186,0.3473032344286902,0.10573901121067286,0.5360546091643488
1000,base4,1,139,1,,964.6889620218426,exchangeable_varying_sigma,0.18,fixed,0.18,0.18,fixed,0.18,1.0,0.3,0.048839688553951176,0.06823372839010652,0.01962912158283192,0.02343553608520016,0.04702446139952336,0.06657312987928149,0.01915571880631539,0.022654382309735245,0.2846780221562072,0.294638819875615,0.0483745748280639,0.43690550262203737
1000,base4,2,140,1,,997.3437925223261,exchangeable_varying_sigma,0.18,fixed,0.18,0.18,fixed,0.18,1.0,0.3,0.04487746929263481,0.06323272029372608,0.02513854050066422,0.031079434066910015,0.044250793300499996,0.062284307254263115,0.022590345176728754,0.030576961325572076,0.2939197681600375,0.30227457634919075,0.0802978720330205,0.463415409297853
1000,base4,1,139,1,,1014.5174681451172,exchangeable_varying_sigma,0.18,fixed,0.18,0.18,fixed,0.18,1.0,0.6,0.049555287101516125,0.06864580039799091,0.02109195482071055,0.024736521631959323,0.04283915649925157,0.060960619641365635,0.02085849745426424,0.024259586081125516,0.27784511799701206,0.29001357704073927,0.11744469830507953,0.5300195987501486
1000,base4,2,140,1,,1034.2207483612,exchangeable_varying_sigma,0.18,fixed,0.18,0.18,fixed,0.18,1.0,0.6,0.04464340826681426,0.06299339033270121,0.02626721416830427,0.031921781696041956,0.039878530396305,0.0564811847404446,0.02337119189735304,0.031274896359504235,0.3014508117966445,0.3103795281237891,0.14605941685792206,0.5846453633938464
1000,base4,0,138,1,,1051.7114858850837,exchangeable_varying_sigma,0.18,fixed,0.18,0.18,fixed,0.18,1.0,0.6,0.048185192919328046,0.06525028329448758,0.010003069969560505,0.010578631537474154,0.043923692482973405,0.06105622023356174,0.01186487277450092,0.013659670596622311,0.34835176669402085,0.3576628277975604,0.16124159232241447,0.6633213756701669
1000,base4,0,138,1,,1080.3947035707533,exchangeable_varying_sigma,0.18,fixed,0.18,0.18,fixed,0.18,1.0,0.9,0.047574325100734505,0.06426374219958744,0.00989111355273592,0.01139548215595852,0.03239576094769326,0.046800268892670534,0.011304293198901458,0.01291807894710772,0.35505120089541353,0.3647260515916334,0.21278888514467686,0.8181845674527267
1000,base4,1,139,1,,1196.3089258149266,exchangeable_varying_sigma,0.18,fixed,0.18,0.18,fixed,0.18,1.0,0.9,0.04983615689884276,0.06896094649764543,0.022188329856106193,0.02546404032721577,0.03215777021965392,0.04740846013068986,0.021786927557817137,0.025251330763769553,0.26897194517636613,0.2840489577361747,0.19364535069568145,0.6626034567022211
1000,base4,2,140,1,,1191.718811487779,exchangeable_varying_sigma,0.18,fixed,0.18,0.18,fixed,0.18,1.0,0.9,0.04490181482727802,0.06315785428645683,0.026593234294617768,0.031631866655637796,0.0291151065918389,0.04264260466871465,0.023289166244952003,0.030331260504245405,0.31143170015153726,0.3209586508736074,0.20614186470246487,0.7419824264448364
2000,base1,0,138,1,,3447.667716216296,exchangeable_varying_sigma,0.18,fixed,0.18,0.18,fixed,0.18,1.0,0.0,0.03340783747374776,0.043074001424890374,0.013613665740706854,0.01569404764022189,0.033407486570886956,0.043083045649963396,0.013408461718171255,0.015010404885698297,0.12766722517133172,0.14111170939013942,0.007470139722846709,0.18078376295309825
2000,base1,1,139,1,,3678.5918975714594,exchangeable_varying_sigma,0.18,fixed,0.18,0.18,fixed,0.18,1.0,0.0,0.03243256313241495,0.042602228868844925,0.006640534298984979,0.008836701636078121,0.03248483582141074,0.04271843892527998,0.007196995417190377,0.009070877519025897,0.14093956339450914,0.14983135431639255,0.015417018630119768,0.2001967435253156
2000,base1,0,138,1,,3951.502917261794,exchangeable_varying_sigma,0.18,fixed,0.18,0.18,fixed,0.18,1.0,0.3,0.03548690538848052,0.046193513407330446,0.010107890906621814,0.010625776373427293,0.03386946517224819,0.044748825381166445,0.010556204065461622,0.011534531696834613,0.12525959422392963,0.13901988377917945,0.04105097553884823,0.2053790614110633
2000,base1,2,140,1,,3993.770234208554,exchangeable_varying_sigma,0.18,fixed,0.18,0.18,fixed,0.18,1.0,0.0,0.03376009154432423,0.04377710478022997,0.014478355159081496,0.015565198773854032,0.03379720525789791,0.04382235602204892,0.014496654564453232,0.015537842436488493,0.1348477920182562,0.14389139640308268,0.0035349831554149416,0.19075261571891722
2000,base1,1,139,1,,4001.2282663062215,exchangeable_varying_sigma,0.18,fixed,0.18,0.18,fixed,0.18,1.0,0.3,0.03396851172387264,0.04401851414082224,0.010080017654060872,0.012757397627067436,0.032981315694425674,0.04268327516436775,0.008740633515472385,0.01173850468369188,0.15007259638661571,0.16451976185847694,0.05917309096912582,0.2514225891145729
2000,base1,2,140,1,,3920.8953153304756,exchangeable_varying_sigma,0.18,fixed,0.18,0.18,fixed,0.18,1.0,0.3,0.032654772024114494,0.043170497119226374,0.01227257721205234,0.013999937767772802,0.032092519987922924,0.042564801826088856,0.011188283051198789,0.01362775213966234,0.13922784218229303,0.15764185144703607,0.015297173743878734,0.21167109816225405
2000,base1,0,138,1,,4014.198451656848,exchangeable_varying_sigma,0.18,fixed,0.18,0.18,fixed,0.18,1.0,0.6,0.03556517713167574,0.04599979411796715,0.010763703450099665,0.011268606995778394,0.030137596758492664,0.0397950243594728,0.011109682302730073,0.012111966637397824,0.12063578566561603,0.13504089184338683,0.0851681461393502,0.26923225741069867
2000,base1,1,139,1,,3612.8462557941675,exchangeable_varying_sigma,0.18,fixed,0.18,0.18,fixed,0.18,1.0,0.9,0.03444518008033198,0.04498435355732845,0.011805157279231121,0.015459162284559456,0.022261771947070724,0.028336328941163592,0.0095878539891905,0.013452516478213524,0.1610188761889874,0.17819261978573941,0.1396894420013831,0.43504188140255806
2000,base1,2,140,1,,4141.1078219003975,exchangeable_varying_sigma,0.18,fixed,0.18,0.18,fixed,0.18,1.0,0.6,0.03253041842093165,0.04283963299395795,0.013073063575901878,0.014644623469420031,0.029254173344294632,0.038434917175171064,0.011307994125692472,0.01424095573924568,0.13472512379737553,0.15568652993143517,0.06335680611754724,0.2703828535011858
2000,base1,1,139,1,,4149.225592389703,exchangeable_varying_sigma,0.18,fixed,0.18,0.18,fixed,0.18,1.0,0.6,0.03418304357542801,0.044482369398364,0.01101435781395163,0.01416004465007797,0.02972502083797639,0.03855268976166799,0.009149320427418603,0.012761964321492276,0.15559810656213094,0.17107808807163244,0.1000343575697204,0.3341663999386274
2000,base1,0,138,1,,4351.513586984947,exchangeable_varying_sigma,0.18,fixed,0.18,0.18,fixed,0.18,1.0,0.9,0.03520416570826189,0.04539308697950445,0.01123296580878172,0.011914495944271405,0.02233803402656923,0.028495617270359968,0.011432807057448313,0.013353137948577187,0.11350579039091299,0.13020483804570387,0.13430781250607515,0.351627942249769
2000,base1,2,140,1,,4170.581619339064,exchangeable_varying_sigma,0.18,fixed,0.18,0.18,fixed,0.18,1.0,0.9,0.03230940264600257,0.04238503330777216,0.013685805033041065,0.015017245532255925,0.02214226345193037,0.027947457581367043,0.010933485611957797,0.014221351209579952,0.12877646806256496,0.15237837079197245,0.11665304844062996,0.35749839170392145
2000,base2,0,138,1,,4048.9971007704735,exchangeable_varying_sigma,0.18,fixed,0.18,0.18,fixed,0.18,1.0,0.0,0.03313853478853192,0.04258798819538556,0.011805705457107185,0.01458034039716625,0.033156393238919356,0.04261331673190447,0.011655562701259559,0.013883140577265671,0.12392075683420092,0.13956334517569335,0.012357450111516776,0.17591792708845475
2000,base2,0,138,1,,4089.437477307394,exchangeable_varying_sigma,0.18,fixed,0.18,0.18,fixed,0.18,1.0,0.3,0.03477530956898212,0.04533644759544402,0.009189827436314663,0.010629781288059803,0.03318615364406495,0.04403291356298643,0.009636755413399534,0.011569567558289147,0.12646326962550192,0.1419849161047924,0.04018111536566771,0.20653137567442853
2000,base2,1,139,1,,4103.956142790616,exchangeable_varying_sigma,0.18,fixed,0.18,0.18,fixed,0.18,1.0,0.3,0.03295865932062721,0.04296739995069105,0.010219081100811003,0.014259708257719939,0.03226721717155901,0.042103317639938374,0.010623416393850796,0.013564488206717459,0.15093053728020067,0.16903458521194975,0.04292555355204586,0.24273094572102363
2000,base2,0,138,1,,4121.444139957428,exchangeable_varying_sigma,0.18,fixed,0.18,0.18,fixed,0.18,1.0,0.6,0.03500481745241686,0.04521380211368691,0.009845639979794235,0.01149505667810078,0.029544504793883094,0.039220964736800326,0.010523423816526906,0.012681899350993703,0.12264924794283442,0.13822856240658896,0.08282947847206046,0.269943851257101
2000,base2,1,139,1,,4261.864328963682,exchangeable_varying_sigma,0.18,fixed,0.18,0.18,fixed,0.18,1.0,0.6,0.03308621510947788,0.043243922224513384,0.011153421260700236,0.015580060849488323,0.029256640831615863,0.03820936881310035,0.011455269525721179,0.014726069704135,0.1565579749012485,0.17648718795294943,0.08270995072332499,0.3203333430558281
2000,base2,1,139,1,,4032.209133917466,exchangeable_varying_sigma,0.18,fixed,0.18,0.18,fixed,0.18,1.0,0.9,0.03317622186698585,0.043540580745551706,0.011944220725980129,0.01678243879864304,0.021466360160892383,0.02806347310137588,0.01220435568638606,0.015521987086141198,0.1621302475306503,0.18448843453637945,0.12165640765270425,0.41881353112827213
2000,base2,2,140,1,,4855.164832839742,exchangeable_varying_sigma,0.18,fixed,0.18,0.18,fixed,0.18,1.0,0.0,0.03233863110146273,0.042198005650391765,0.01580119659100168,0.018614988970902694,0.032351407526857286,0.042224419451144767,0.01577553714043406,0.01816730580932791,0.13625588639116462,0.14707775082437166,0.012313269097540214,0.19328104267078744
2000,base2,1,139,1,,5629.600069571286,exchangeable_varying_sigma,0.18,fixed,0.18,0.18,fixed,0.18,1.0,0.0,0.033269495319909685,0.043374930737513286,0.007916212184045757,0.010466700106942166,0.03342232937735264,0.043594848403236165,0.008496057249379602,0.010523515594470057,0.1409883750529142,0.15374387868691688,0.014801097457675787,0.2001967816941035
2000,base2,2,140,1,,4896.55559688434,exchangeable_varying_sigma,0.18,fixed,0.18,0.18,fixed,0.18,1.0,0.6,0.032577415413035694,0.0428282416082547,0.009916987089668858,0.01215209563817625,0.028298913401834012,0.037679271260992554,0.00825498256001228,0.011549406025803228,0.13374246991964978,0.15713465941869587,0.07290052720140772,0.2773066654994976
2000,base2,2,140,1,,5447.226705307141,exchangeable_varying_sigma,0.18,fixed,0.18,0.18,fixed,0.18,1.0,0.3,0.03251371970444444,0.042999439464491626,0.00947658744672332,0.0115098693742993,0.03146633989002537,0.04201827334557399,0.008058423804211012,0.010917502474998224,0.13832965986221632,0.15915934710764,0.026176202196361242,0.21558306784846262
2000,base2,2,140,1,,4660.539273045957,exchangeable_varying_sigma,0.18,fixed,0.18,0.18,fixed,0.18,1.0,0.9,0.03270430644992873,0.042593057976526974,0.010529728546811043,0.01251384625485688,0.020740200220554766,0.027054081734782055,0.008874148050632205,0.011572400742874838,0.1277305522345693,0.15383199821625299,0.12382357841131497,0.3633964631905313
2000,base2,0,138,1,,5645.249284416437,exchangeable_varying_sigma,0.18,fixed,0.18,0.18,fixed,0.18,1.0,0.9,0.03468948516845404,0.044730268430192247,0.01085078785661353,0.012384781367138201,0.021320278356684694,0.02787492780795761,0.013200428307409098,0.01457937850553884,0.11657250192755754,0.13358168083621383,0.12972043487242935,0.35149816207276524
2000,base3,0,138,1,,3962.8210877981037,exchangeable_varying_sigma,0.18,fixed,0.18,0.18,fixed,0.18,1.0,0.0,0.049612323233769975,0.06182538613983531,0.009943413155647368,0.01376264979901543,0.05038881641134201,0.06278329917485616,0.00926156283868998,0.013094255891716729,0.09266876855894977,0.11034121841015897,0.021962531762307603,0.07611840812050874
2000,base3,2,140,1,,3652.6773910503834,exchangeable_varying_sigma,0.18,fixed,0.18,0.18,fixed,0.18,1.0,0.0,0.05071573744628394,0.06362997220710392,0.02257293007558417,0.02607097957506354,0.05165113673203222,0.06481646468279632,0.022893377481622484,0.025460634315223597,0.09927258520771122,0.11720984747869413,0.0021780098626410747,0.05057261869719631
2000,base3,0,138,1,,3670.6292419750243,exchangeable_varying_sigma,0.18,fixed,0.18,0.18,fixed,0.18,1.0,0.3,0.0514764736613269,0.06411330819913416,0.010418913316780007,0.012442729145964067,0.05134174822549162,0.0641628825797144,0.009554225518872986,0.012480913731918397,0.10179679428288148,0.12020748560705771,0.10484817441509847,0.151555323430344
2000,base3,1,139,1,,3700.958480730653,exchangeable_varying_sigma,0.18,fixed,0.18,0.18,fixed,0.18,1.0,0.3,0.05191922649733826,0.06422417356135024,0.008416219963344462,0.009910565082384118,0.05221634302222139,0.0646495095193373,0.0053772467164358295,0.006521517934225283,0.10568653416702718,0.1272306937824432,0.09871812802292393,0.13697800722195136
2000,base3,1,139,1,,4721.539673373103,exchangeable_varying_sigma,0.18,fixed,0.18,0.18,fixed,0.18,1.0,0.0,0.051753586729251344,0.06367393762849388,0.007380396782391052,0.008381129087965103,0.0527209663984353,0.06489568147934369,0.005704965441170634,0.007701689668537291,0.09718166991135264,0.11604585797962924,0.011110089395370587,0.05903081702224331
2000,base3,2,140,1,,3574.4926065597683,exchangeable_varying_sigma,0.18,fixed,0.18,0.18,fixed,0.18,1.0,0.6,0.05193012950253728,0.0643263383505845,0.01310382253636129,0.014100125303908136,0.05020680532872312,0.06252052071078536,0.011228429478249188,0.011459436540189749,0.118303174746304,0.13990140140375482,0.1661734118156089,0.22011002140187536
2000,base3,2,140,1,,4172.2382244523615,exchangeable_varying_sigma,0.18,fixed,0.18,0.18,fixed,0.18,1.0,0.3,0.05190643378379061,0.06450204472366163,0.012746017882075827,0.013599156074779704,0.05222666914030728,0.06516952347957032,0.011335519317952805,0.011579897742735885,0.11649333891225036,0.13714531729280413,0.07780146450958605,0.1086982228111159
2000,base3,0,138,1,,5464.00678730756,exchangeable_varying_sigma,0.18,fixed,0.18,0.18,fixed,0.18,1.0,0.6,0.051601674959048154,0.06412175489142985,0.01157831732776235,0.01361109538861593,0.04887888475591434,0.06105343574476639,0.011012497275045371,0.013865196735314687,0.10067204460128937,0.12043007020196757,0.187849327764964,0.24641213206221285
2000,base4,1,139,1,,3427.6940434239805,exchangeable_varying_sigma,0.18,fixed,0.18,0.18,fixed,0.18,1.0,0.0,0.030058052631175346,0.04031895759481709,0.0066266280651239295,0.008891797995044873,0.03010969841617402,0.04043466385482635,0.006897139668058619,0.00900837614201477,0.15854430357864374,0.16477737164421116,0.017520268239026582,0.22518276298893664
2000,base3,1,139,1,,6231.843183692545,exchangeable_varying_sigma,0.18,fixed,0.18,0.18,fixed,0.18,1.0,0.6,0.05227155048581667,0.06473256771568213,0.009350560123233348,0.011301932212144063,0.05051604309044093,0.06262485636298305,0.006135539623856712,0.007124463745627879,0.10778272479242501,0.13047424739197108,0.18388777313186866,0.25108570605892255
2000,base3,1,139,1,,5941.635849390179,exchangeable_varying_sigma,0.18,fixed,0.18,0.18,fixed,0.18,1.0,0.9,0.05271439873747538,0.06532450752997383,0.010141359588515197,0.012643356472447123,0.04684140440135854,0.05832711688152272,0.006776130107752493,0.007610614027951544,0.11131665057319255,0.13475441803075172,0.26831564892492044,0.3693190262638401
2000,base4,2,140,1,,3548.790508735925,exchangeable_varying_sigma,0.18,fixed,0.18,0.18,fixed,0.18,1.0,0.0,0.030783134975662072,0.04051844634925225,0.016560264643553146,0.0185761559203055,0.030783722024973866,0.04053073324630261,0.016524447759908717,0.018408285524853307,0.15275222235480693,0.15989894290835155,0.006556074847160082,0.21616704298272396
2000,base4,0,138,1,,4303.214640462771,exchangeable_varying_sigma,0.18,fixed,0.18,0.18,fixed,0.18,1.0,0.0,0.030423099373823346,0.039799097538097496,0.01223863821008328,0.014575157092557219,0.030412419915044422,0.03978648513586883,0.012070564603209044,0.013999393925783598,0.14285640421662554,0.1520741627275573,0.010327835589677578,0.20241698489316626
2000,base3,2,140,1,,5712.050849989057,exchangeable_varying_sigma,0.18,fixed,0.18,0.18,fixed,0.18,1.0,0.9,0.05181088507333176,0.06402618581612582,0.013113022334484942,0.01436240736287674,0.046241781671714104,0.05721782527080792,0.010407755078255587,0.010916820631987666,0.11984901392065149,0.1421468279825823,0.2573382146418679,0.33440655366708394
2000,base3,0,138,1,,6344.718654859811,exchangeable_varying_sigma,0.18,fixed,0.18,0.18,fixed,0.18,1.0,0.9,0.051464236431938974,0.06394501575358803,0.012754034729835703,0.014867270707207237,0.04456788635756094,0.05557083233363056,0.013204492418557298,0.015895316199527283,0.10195443645115657,0.12299473374244242,0.2722880295235831,0.3427088671545968
2000,base4,0,138,1,,3724.357097728178,exchangeable_varying_sigma,0.18,fixed,0.18,0.18,fixed,0.18,1.0,0.3,0.032522220085128735,0.04302891579989814,0.009477662475974175,0.010518140046309478,0.030674937396073774,0.0413719009915585,0.00991046155133403,0.011272652613553175,0.14257876390085972,0.15257604723274762,0.03783225321066597,0.22797157607854343
2000,base4,2,140,1,,3504.351705547422,exchangeable_varying_sigma,0.18,fixed,0.18,0.18,fixed,0.18,1.0,0.3,0.03010092117070651,0.040795296661464135,0.010407901335516875,0.012263066923396813,0.028986239579295924,0.03987034926041242,0.009461510602370507,0.011674488632620876,0.15698712741878512,0.17154844173827646,0.01703976588613143,0.23842146703604333
2000,base4,0,138,1,,3482.515486335382,exchangeable_varying_sigma,0.18,fixed,0.18,0.18,fixed,0.18,1.0,0.6,0.03265924257740285,0.04289266189898921,0.010133475019454607,0.011390928413387956,0.026465221972670143,0.03597455766060517,0.010527113851528325,0.012377610663868267,0.13832892799406132,0.14867838013333867,0.07563630718880332,0.2866689033078748
2000,base4,1,139,1,,3932.374041635543,exchangeable_varying_sigma,0.18,fixed,0.18,0.18,fixed,0.18,1.0,0.3,0.030805722895674036,0.04101930668243827,0.009795930322280752,0.012473316917531434,0.029622042960482712,0.03958063042010445,0.008376438935920702,0.011486432284539065,0.16956044564795844,0.18077005330675486,0.04993461738340654,0.27304449263334707
2000,base4,2,140,1,,2126.023726839572,exchangeable_varying_sigma,0.18,fixed,0.18,0.18,fixed,0.18,1.0,0.6,0.03013255411060024,0.040518888878500046,0.011208387699368369,0.012914598633236995,0.025523023968821834,0.03522044393229962,0.009623671930445415,0.012170154073846803,0.15257761235298214,0.16896031226566033,0.05919135793507013,0.2944849817625364
2000,base4,2,140,1,,1844.0793776102364,exchangeable_varying_sigma,0.18,fixed,0.18,0.18,fixed,0.18,1.0,0.9,0.030074808868683193,0.040119938919436444,0.011821129156508972,0.013280686057218388,0.01656512289354372,0.022942239336944063,0.009305183861904487,0.012025264142830814,0.14676939972657066,0.16497696311637997,0.10612303280970048,0.37712006656207564
2000,base4,1,139,1,,3178.7072675768286,exchangeable_varying_sigma,0.18,fixed,0.18,0.18,fixed,0.18,1.0,0.6,0.031065113187187108,0.04150316474973129,0.010730270482170859,0.01386600939753334,0.026021783678080234,0.035053269479300174,0.008852432672416852,0.012469490475593316,0.17515853851166716,0.18764388104850738,0.0843593744171196,0.3498371010190034
2000,base4,0,138,1,,2222.985106078908,exchangeable_varying_sigma,0.18,fixed,0.18,0.18,fixed,0.18,1.0,0.9,0.03234619890229494,0.042368382031080294,0.010602737378138258,0.012291560204003437,0.016847085781320575,0.023003337876635353,0.012560768684852355,0.014318354832163894,0.1317277499725321,0.14376754366731703,0.11785140304754871,0.36370617931574806
2000,base4,1,139,1,,2094.6767468433827,exchangeable_varying_sigma,0.18,fixed,0.18,0.18,fixed,0.18,1.0,0.9,0.03129990132061532,0.04203725310004489,0.011521069947449128,0.015153383607337827,0.016813054339520978,0.02303865621025734,0.009662703253732419,0.013105707957065879,0.18064172883986224,0.19500345568574096,0.11754804481083758,0.44644429141552583
1000,base1,0,141,1,,852.882534535951,exchangeable_varying_sigma,0.18,fixed,0.18,0.18,fixed,0.18,1.0,0.6,0.05436899322069534,0.07999046918109347,0.018860263153088724,0.0212644161316701,0.047726514209031255,0.07345477724827079,0.01751956509470909,0.019982669604736786,0.2617696348314845,0.26794685538979296,0.1412221602006083,0.5230860990954035
1000,base1,2,143,1,,859.3821036320296,exchangeable_varying_sigma,0.18,fixed,0.18,0.18,fixed,0.18,1.0,0.3,0.049770862524653674,0.06800839399744384,0.025681311805877682,0.03085954825158978,0.0490295823118499,0.06713673976817243,0.025031785121279904,0.0306944745881738,0.29637548590842294,0.3047802727370912,0.04216623122353963,0.4514423138359833
1000,base1,1,142,1,,883.057170814951,exchangeable_varying_sigma,0.18,fixed,0.18,0.18,fixed,0.18,1.0,0.0,0.051221802409341814,0.07078528487241136,0.03848903510886478,0.04977295693807183,0.05138458396367742,0.071088317892594,0.037946360358233816,0.05119137476099224,0.2804585817941189,0.29834589801089323,0.018230658409834795,0.39706193601878265
1000,base1,0,141,1,,910.956318009994,exchangeable_varying_sigma,0.18,fixed,0.18,0.18,fixed,0.18,1.0,0.9,0.05515754036521996,0.08018367016126143,0.021547555331173363,0.02347037374449311,0.03862664115709832,0.061827580141989885,0.01676341282120153,0.018856700193727004,0.25275106060660013,0.2588828181593583,0.23706321093351657,0.6746871927044383
1000,base1,1,142,1,,918.4121856039856,exchangeable_varying_sigma,0.18,fixed,0.18,0.18,fixed,0.18,1.0,0.9,0.047557086646894675,0.06339750195714412,0.023921726789315506,0.03007078810413127,0.03490998415869931,0.0488454138045634,0.022589898838209166,0.02619202531707914,0.3046232350629773,0.3141649901746169,0.22761433440205536,0.7480621431122957
1000,base1,2,143,1,,988.1964481220348,exchangeable_varying_sigma,0.18,fixed,0.18,0.18,fixed,0.18,1.0,0.9,0.04947000562741985,0.06773725348475826,0.03649096226843976,0.042636815544675695,0.03489609708678151,0.04953734964933625,0.03486350925238002,0.04277579535314038,0.28987614129782147,0.2983719658373265,0.2050353627705901,0.7060616246833754
1000,base1,2,143,1,,1006.9608002339955,exchangeable_varying_sigma,0.18,fixed,0.18,0.18,fixed,0.18,1.0,0.6,0.0495157411656364,0.06791023449644018,0.030830019456444813,0.03645683072570096,0.044896603247774065,0.06202698972106539,0.0288109529614706,0.03617900680701002,0.2925459543374851,0.30103436919221854,0.12264655778288225,0.5556644223432374
1000,base1,0,141,1,,1155.3749789189897,exchangeable_varying_sigma,0.18,fixed,0.18,0.18,fixed,0.18,1.0,0.3,0.053633665351879,0.07931115399307911,0.016733172651366535,0.019506068868547503,0.05192032994569647,0.07813109123615147,0.017701349659057647,0.02035043842395149,0.27248068395320535,0.2792176689201563,0.04952789047826889,0.41980251239557487
1000,base1,0,141,1,,1569.8860769449966,exchangeable_varying_sigma,0.18,fixed,0.18,0.18,fixed,0.18,1.0,0.0,0.052371359335978716,0.07397344603518716,0.016380328078255596,0.01701367020350645,0.05240175259366473,0.07430295105733659,0.01521648117512163,0.016068826555146368,0.28875561190796856,0.3046482967065838,0.05708078364675394,0.41237854560663784
1000,base1,1,142,1,,1628.9115123359952,exchangeable_varying_sigma,0.18,fixed,0.18,0.18,fixed,0.18,1.0,0.6,0.04844727299580471,0.06464021422972845,0.02065267343270169,0.024840677852667453,0.04442538139894065,0.06102644557371329,0.019510872989565442,0.022131707205726252,0.3032180702739444,0.3143815158338409,0.15758651617736663,0.5950631692305631
1000,base1,1,142,1,,1637.7815784579725,exchangeable_varying_sigma,0.18,fixed,0.18,0.18,fixed,0.18,1.0,0.3,0.049188426215858505,0.0659231911299891,0.01832212884226314,0.020666517025957325,0.04864871945299672,0.06601825709620393,0.018626879522241985,0.019971786686369713,0.2990011987251528,0.3120155616133052,0.08907293048647152,0.47444369779279627
1000,base2,0,141,1,,838.0533143689972,exchangeable_varying_sigma,0.18,fixed,0.18,0.18,fixed,0.18,1.0,0.0,0.05375447005262719,0.07539119939324725,0.013957191260526455,0.01548038822322486,0.05393654261827023,0.07573792353246814,0.012796835721411201,0.01401896427778868,0.2919803681443745,0.3081803201172839,0.06787720312338875,0.41847854056954176
1000,base2,2,143,1,,839.3205105380039,exchangeable_varying_sigma,0.18,fixed,0.18,0.18,fixed,0.18,1.0,0.0,0.04896370750440033,0.06674748861146432,0.01360488348119862,0.0161666219999871,0.049024740047446315,0.06700856559196243,0.015425583180234542,0.01819708543931823,0.2929890150347892,0.29947997581583063,0.03819021374041513,0.4161048222888789
1000,base2,1,142,1,,823.9599313000217,exchangeable_varying_sigma,0.18,fixed,0.18,0.18,fixed,0.18,1.0,0.3,0.0470715971690404,0.06373359754252561,0.015148928064303846,0.020217371824990657,0.04646994971065318,0.06387138451494438,0.015440270944583362,0.019010029491347377,0.30135627109541396,0.3132483656772612,0.0786906366079454,0.47318493974903786
1000,base1,2,143,1,,1754.9374627909856,exchangeable_varying_sigma,0.18,fixed,0.18,0.18,fixed,0.18,1.0,0.0,0.05046171884594247,0.06808110542898281,0.01799169655963473,0.022469406786308425,0.05049447609948175,0.06827982733915486,0.019435615363323777,0.024131058814719292,0.2933220906667524,0.2989423333366044,0.029825692159217508,0.41588963789249705
1000,base2,1,142,1,,918.4214635069948,exchangeable_varying_sigma,0.18,fixed,0.18,0.18,fixed,0.18,1.0,0.0,0.05163011223873586,0.07057081219849304,0.0378006390254086,0.048709949533089485,0.051838816830651106,0.0709362829695327,0.036503736346099686,0.04937248782589232,0.2857366381429758,0.3036848125857599,0.0370050175214329,0.4058177952942585
1000,base2,0,141,1,,1323.465789549984,exchangeable_varying_sigma,0.18,fixed,0.18,0.18,fixed,0.18,1.0,0.3,0.05298785409419415,0.07865994008802302,0.020176701727108087,0.022390158811785764,0.05170176841457951,0.07773293523904773,0.01968197531369545,0.0229758922371179,0.2730446033471833,0.28033682133529747,0.029859540810929064,0.41301439785198923
1000,base2,1,142,1,,1338.9685704639996,exchangeable_varying_sigma,0.18,fixed,0.18,0.18,fixed,0.18,1.0,0.6,0.04646391209905851,0.06252718617671169,0.018945114022264647,0.02484445495259792,0.04231100811877878,0.05903235715055695,0.018024619014652438,0.021514231607656007,0.30523102975331745,0.3155652705686126,0.1438073507356093,0.5887004922407598
1000,base3,1,142,1,,788.5921106259921,exchangeable_varying_sigma,0.18,fixed,0.18,0.18,fixed,0.18,1.0,0.0,0.06421378475160647,0.08356430342773377,0.030344504759879307,0.037804208231006886,0.06512231265208693,0.08468114059299282,0.030709784104710314,0.04079114244601173,0.13978238105869775,0.1805574397162402,0.010770615082755706,0.18832993612650742
1000,base2,2,143,1,,860.9397706930176,exchangeable_varying_sigma,0.18,fixed,0.18,0.18,fixed,0.18,1.0,0.9,0.051647750276082635,0.06944748806105154,0.04021438093631877,0.046485661322617916,0.03639775944387506,0.05086505757469895,0.03632149028854374,0.044764873345924765,0.28983955731272226,0.2997840648973766,0.21449142645571173,0.7137559743802195
1000,base3,0,141,1,,865.4234856019611,exchangeable_varying_sigma,0.18,fixed,0.18,0.18,fixed,0.18,1.0,0.0,0.06918903775554786,0.09016246348672456,0.02370724862627159,0.025561601729947613,0.07064728325564694,0.092018224196082,0.021686509045898347,0.023690907530728507,0.14170137276249675,0.19349012462630097,0.02497395987120833,0.19456921703887325
1000,base2,2,143,1,,1610.955648534,exchangeable_varying_sigma,0.18,fixed,0.18,0.18,fixed,0.18,1.0,0.3,0.051578269238603446,0.06967985833172825,0.029404730473757273,0.0347027293048951,0.05039656549298047,0.06868293847629889,0.02797009439062062,0.033592650378117504,0.29665055714126704,0.3058748356260594,0.0471369310670805,0.45370013699000944
1000,base2,0,141,1,,1611.649232464959,exchangeable_varying_sigma,0.18,fixed,0.18,0.18,fixed,0.18,1.0,0.6,0.053472159736257414,0.07925343986760108,0.022799201277633713,0.024436608007145658,0.047740942187065975,0.07314604473232189,0.020868260916631715,0.022992537034773112,0.2618804007034872,0.26858859409179137,0.12127567971218445,0.5087527964686608
1000,base3,0,141,1,,893.5526485400042,exchangeable_varying_sigma,0.18,fixed,0.18,0.18,fixed,0.18,1.0,0.3,0.06766899783446381,0.09167241603265963,0.01113972270917532,0.01475372013451103,0.06739600761781182,0.09186818018250945,0.010513267235837898,0.016702916551959716,0.12009534952559951,0.15563035386987226,0.08925785877331077,0.23167196868057896
1000,base2,2,143,1,,1416.6212209149962,exchangeable_varying_sigma,0.18,fixed,0.18,0.18,fixed,0.18,1.0,0.6,0.05161610458876008,0.0696354342449601,0.034553438124325875,0.04030726984114928,0.04621274280680136,0.06346521508017872,0.031626100539266594,0.03862133257346544,0.2926859165514793,0.3022923478791761,0.12956540799321886,0.5605181071389965
1000,base2,1,142,1,,1543.1966453579953,exchangeable_varying_sigma,0.18,fixed,0.18,0.18,fixed,0.18,1.0,0.9,0.045870705914184275,0.06150855317019229,0.024899570371709284,0.030492499756692177,0.03276720825764575,0.047073497500674,0.02322838457715931,0.026105550374343443,0.30612469036006995,0.3150859143995308,0.21027195093330364,0.7366175481099443
1000,base2,0,141,1,,1591.7145768140326,exchangeable_varying_sigma,0.18,fixed,0.18,0.18,fixed,0.18,1.0,0.9,0.05413612912207565,0.07935001000524526,0.025486493455719378,0.026883936444303848,0.03847665641820673,0.06144204665802111,0.02153799147881516,0.022412443123813807,0.25222812901302416,0.2589865102123546,0.21794131537442807,0.6568105916473072
1000,base3,2,143,1,,1495.0111467430252,exchangeable_varying_sigma,0.18,fixed,0.18,0.18,fixed,0.18,1.0,0.0,0.0668781679930138,0.08477607034992188,0.02355918601297713,0.029596050546097787,0.0680377227725199,0.08623970389229701,0.02684313677491329,0.034169064768228834,0.1534054262290122,0.18961397931295626,0.005790889373425928,0.21519007639502186
1000,base3,0,141,1,,815.998222759983,exchangeable_varying_sigma,0.18,fixed,0.18,0.18,fixed,0.18,1.0,0.6,0.06809036077821352,0.09211705523286588,0.01266288232409915,0.015108662300786583,0.06476487364661165,0.08861167851625151,0.011134606493237414,0.01612451351118141,0.1122889914480612,0.1465552110112726,0.21509233713386822,0.393985271285949
1000,base3,2,143,1,,783.0019536909531,exchangeable_varying_sigma,0.18,fixed,0.18,0.18,fixed,0.18,1.0,0.6,0.06451141207716542,0.08331830499179461,0.029318287789763975,0.03358437307824862,0.062574489458918,0.08066692063742682,0.02992916474624957,0.035822858300750805,0.14995977498894433,0.19161421840510764,0.19956304912636108,0.41903050055626745
1000,base3,1,142,1,,1250.170165589021,exchangeable_varying_sigma,0.18,fixed,0.18,0.18,fixed,0.18,1.0,0.3,0.06313954044630418,0.08104537163380499,0.021873939632714723,0.030408466468816637,0.06348395258077055,0.08172992114327586,0.02366754044332514,0.029291771773379768,0.17293061355814074,0.2069774448679617,0.1390306732476762,0.3398519053043727
1000,base3,2,143,1,,858.1737023580354,exchangeable_varying_sigma,0.18,fixed,0.18,0.18,fixed,0.18,1.0,0.9,0.06430477688793833,0.08302590036497856,0.03497923060175756,0.039614027857527184,0.056558152438934056,0.07299473556963,0.03593999380649915,0.04380254790480497,0.1523572452665698,0.19136647173574114,0.3119987582298682,0.5992089808563202
1000,base3,2,143,1,,1489.6440341130365,exchangeable_varying_sigma,0.18,fixed,0.18,0.18,fixed,0.18,1.0,0.3,0.06476098214458569,0.0835082499584188,0.024169580139196456,0.028191358922811202,0.0652988403738153,0.08417412211232365,0.024719453734667524,0.029370889920496683,0.15068176550426501,0.1935459648659195,0.08584716113689381,0.26719795565266097
1000,base4,1,142,1,,768.0189098039991,exchangeable_varying_sigma,0.18,fixed,0.18,0.18,fixed,0.18,1.0,0.3,0.0464013663658861,0.06331549126212135,0.017921870728068084,0.022190029006723996,0.04572372048453606,0.06327840384927279,0.018098216683608004,0.02094681196879424,0.31673935948259563,0.3269014772161615,0.08417761404605179,0.4971747700979484
1000,base4,2,143,1,,745.6853586749639,exchangeable_varying_sigma,0.18,fixed,0.18,0.18,fixed,0.18,1.0,0.3,0.0483546748591302,0.06678734590932998,0.026682162006299665,0.03135973988456033,0.047498940322465884,0.0658563142297601,0.025793332192268814,0.03095200139444951,0.30900742079244675,0.31600788200342445,0.0385774806770256,0.4684701740751509
1000,base3,1,142,1,,1592.3010944179841,exchangeable_varying_sigma,0.18,fixed,0.18,0.18,fixed,0.18,1.0,0.6,0.06269185509344986,0.08027025131002845,0.02482322008553517,0.03506903552102986,0.06076028247782173,0.07830555939930617,0.02506113061515966,0.0328004427913931,0.1787424024491382,0.21067641233529968,0.2409827068344399,0.5001359928115456
1000,base3,0,141,1,,1575.214890261006,exchangeable_varying_sigma,0.18,fixed,0.18,0.18,fixed,0.18,1.0,0.9,0.06856741576754526,0.09214369606193648,0.015350174502184594,0.016047909026349852,0.0597370056009136,0.08139397324038211,0.012643587702875075,0.014894115231629543,0.10677912092109315,0.1406858487369908,0.3421789017828083,0.5816605846632378
1000,base3,1,142,1,,1610.3383332309895,exchangeable_varying_sigma,0.18,fixed,0.18,0.18,fixed,0.18,1.0,0.9,0.06243408715224592,0.07963187971204613,0.030777676434980084,0.04064357363842144,0.05528542349621289,0.0712225101506089,0.03124902537872698,0.03857534184672537,0.18181516756046387,0.21289807133057792,0.3419480177741493,0.677745495094899
1000,base4,1,142,1,,843.7690716999932,exchangeable_varying_sigma,0.18,fixed,0.18,0.18,fixed,0.18,1.0,0.6,0.04562944046878395,0.06208986511264069,0.02025241531850533,0.026681192162625846,0.04116812748128908,0.058108926545346044,0.018883613172541697,0.02337295166891989,0.32115547498801733,0.3297885575192809,0.14510276756293583,0.6130834541058967
1000,base4,0,141,1,,1450.023269466008,exchangeable_varying_sigma,0.18,fixed,0.18,0.18,fixed,0.18,1.0,0.0,0.051681235367397695,0.07320039580565899,0.016997614301654015,0.01785579600335761,0.051744125719073754,0.07350219030918032,0.015816062047092946,0.016871695389138273,0.30507052626432607,0.3179865906423858,0.060267537422494646,0.4354815766259536
1000,base4,1,142,1,,1513.272891614004,exchangeable_varying_sigma,0.18,fixed,0.18,0.18,fixed,0.18,1.0,0.0,0.048842710731150825,0.06864607499105142,0.036619190409858365,0.04693904628438787,0.04890857823690619,0.06889215083065273,0.0360429657060649,0.04818843753681757,0.2949104769709847,0.30953543549545026,0.023880784558052485,0.4177456420731695
1000,base4,0,141,1,,1547.2019588160329,exchangeable_varying_sigma,0.18,fixed,0.18,0.18,fixed,0.18,1.0,0.3,0.051053065189659456,0.07718574205920883,0.016376915780355744,0.019084849229457242,0.049416477303336315,0.0759840869320177,0.01674277808633992,0.020085855052897627,0.28746423407185967,0.2929504383652584,0.03973335741300399,0.43762438388074243
1000,base4,0,141,1,,1323.2945085779647,exchangeable_varying_sigma,0.18,fixed,0.18,0.18,fixed,0.18,1.0,0.6,0.05156930849381677,0.07781698097488239,0.018999415330882313,0.020788248252874255,0.04492221594969335,0.07107040125342144,0.017039870822900427,0.019897867206792413,0.27685132310159566,0.28182492532000875,0.1267081732862828,0.5349324780188823
1000,base4,2,143,1,,1588.4297945100116,exchangeable_varying_sigma,0.18,fixed,0.18,0.18,fixed,0.18,1.0,0.0,0.0487129309462922,0.06608822817121815,0.01756980987285106,0.02164022192549684,0.04875620330043821,0.06631153171802141,0.01918453966585995,0.02344136949308653,0.3071815855997046,0.31177715750590806,0.029123919839943564,0.4353565471831543
1000,base4,1,142,1,,824.3602935629897,exchangeable_varying_sigma,0.18,fixed,0.18,0.18,fixed,0.18,1.0,0.9,0.04491154251333492,0.06098289285552695,0.02563516197228649,0.03217027198605839,0.030273529484640217,0.04508509142287538,0.02389658361420527,0.027807517099195322,0.3227151333777114,0.3300321041586541,0.2069250086229233,0.7609907906027253
1000,base4,0,141,1,,1033.1623748909915,exchangeable_varying_sigma,0.18,fixed,0.18,0.18,fixed,0.18,1.0,0.9,0.05230318372938388,0.07794710151858912,0.021686707508966563,0.022942771395746585,0.03449639372966937,0.058640488433632246,0.017495616142688603,0.01899837866499231,0.2680247835550649,0.2729065220419417,0.2179767549418975,0.6818483653478505
1000,base4,2,143,1,,1336.6202277109842,exchangeable_varying_sigma,0.18,fixed,0.18,0.18,fixed,0.18,1.0,0.6,0.04821948507005746,0.06667864800268981,0.031830869656866184,0.03696969736244963,0.043027382826503355,0.06050166754987231,0.02964188886820318,0.03650624810102373,0.3054692594618491,0.3126513807188151,0.11463690496073109,0.5699615673798238
1000,base4,2,143,1,,1661.4958642630372,exchangeable_varying_sigma,0.18,fixed,0.18,0.18,fixed,0.18,1.0,0.9,0.04824510426530741,0.06645755112828905,0.03749181246886049,0.043158705702620204,0.031954963681756106,0.046987940816088196,0.0355934165641056,0.04321104235046889,0.30329289301258466,0.3106362721025386,0.1921420607522325,0.717631530701065
2000,base1,2,143,1,,3268.8877471350133,exchangeable_varying_sigma,0.18,fixed,0.18,0.18,fixed,0.18,1.0,0.0,0.03149151431933454,0.04066086936430211,0.010753893528853448,0.012517398621120055,0.03152545717744204,0.04072964815154713,0.00960465719877332,0.011441332927346825,0.1266821094919884,0.13716201776133455,0.020864102997861827,0.1809992348210365
2000,base1,0,141,1,,3727.5461381060304,exchangeable_varying_sigma,0.18,fixed,0.18,0.18,fixed,0.18,1.0,0.0,0.03394554897588999,0.04407325313373519,0.015833452648228122,0.017357379614325003,0.03407450104243647,0.04429261670306543,0.016919703882485662,0.018560842684163015,0.14484535359334338,0.1562052727102519,0.009171187267689665,0.20514231991044116
2000,base1,2,143,1,,3169.6004072530195,exchangeable_varying_sigma,0.18,fixed,0.18,0.18,fixed,0.18,1.0,0.6,0.033786392322398,0.0442911636627462,0.008335112834324754,0.010452239899596484,0.029114487207257816,0.037612201595152196,0.009495162113028865,0.010787904631151682,0.14552070320467275,0.15354752450740783,0.08828253372501238,0.3087497136324524
2000,base1,0,141,1,,4993.205215717026,exchangeable_varying_sigma,0.18,fixed,0.18,0.18,fixed,0.18,1.0,0.3,0.031989167023723876,0.04146329566683737,0.008460868601629368,0.009772996559323637,0.03114416534661894,0.04034370369060691,0.009269219840860321,0.010623275343394434,0.13853062532487362,0.14508551612184883,0.03944609501407631,0.2231463428674204
2000,base1,0,141,1,,5360.794191451045,exchangeable_varying_sigma,0.18,fixed,0.18,0.18,fixed,0.18,1.0,0.6,0.032118423722075316,0.04167648087964621,0.0089620207504644,0.010428374869238168,0.02807260730530018,0.036313263133563735,0.009859653016540404,0.01113040551814437,0.1389685577446617,0.14549591708123918,0.08427792270948453,0.29540396256896256
2000,base1,0,141,1,,5187.975346575957,exchangeable_varying_sigma,0.18,fixed,0.18,0.18,fixed,0.18,1.0,0.9,0.032338843186905185,0.042108574925883914,0.00920355235479628,0.010833476260141257,0.02106588327717049,0.026585843124081784,0.009663139251818914,0.01116750589566655,0.1399459453661216,0.14747599303567135,0.1282383025987669,0.3883187556866076
2000,base1,1,142,1,,6257.154787187988,exchangeable_varying_sigma,0.18,fixed,0.18,0.18,fixed,0.18,1.0,0.0,0.03405334568383325,0.04404549416853637,0.014658064272883325,0.01694964105508763,0.0341238459267032,0.04419489461197344,0.01486170436499959,0.017094120395039804,0.12866497430003057,0.1374808169437263,0.007854642973855483,0.1822169931547841
2000,base1,2,143,1,,5720.9650291160215,exchangeable_varying_sigma,0.18,fixed,0.18,0.18,fixed,0.18,1.0,0.3,0.03363284869605786,0.04400912005799241,0.008387910302192436,0.009731662451034772,0.03250670140444808,0.04223258074277394,0.009454672291061561,0.010163972149777076,0.14620212829081994,0.15341517999458082,0.04657253424314317,0.23819346748021417
2000,base1,1,142,1,,5936.294887068041,exchangeable_varying_sigma,0.18,fixed,0.18,0.18,fixed,0.18,1.0,0.3,0.032157575822522294,0.042198562156195336,0.020082710583079783,0.021248489621151494,0.03131362056955767,0.04104485803196599,0.01954722233922221,0.021222670161922964,0.13480795258099068,0.1449528274676656,0.045024833637848816,0.22125618306655953
2000,base1,1,142,1,,6028.450932156993,exchangeable_varying_sigma,0.18,fixed,0.18,0.18,fixed,0.18,1.0,0.6,0.0321948384473319,0.04228375484999556,0.02233454796737716,0.023599610629935344,0.028244372904768188,0.036880112677920074,0.020800622276382713,0.022434457744759696,0.13752906756221778,0.1480120964414855,0.08770832499099779,0.29641147296575504
2000,base1,1,142,1,,5571.356957617041,exchangeable_varying_sigma,0.18,fixed,0.18,0.18,fixed,0.18,1.0,0.9,0.03234611727075033,0.04247511797198615,0.024464255832707532,0.02592783783242344,0.021098583395400047,0.02683004033696081,0.021939297958062265,0.023510846531695193,0.14113858732334303,0.1529813093467269,0.12779650508452978,0.3898380831410683
2000,base1,2,143,1,,5107.6059623049805,exchangeable_varying_sigma,0.18,fixed,0.18,0.18,fixed,0.18,1.0,0.9,0.03388098455733353,0.044403455062285775,0.008163213552172477,0.011194607012684963,0.021530936779342293,0.027113320606121878,0.007753374077658776,0.009826607227249363,0.1435052548503885,0.15340613354428412,0.13163568664156167,0.39776719256635845
2000,base2,0,141,1,,3480.683253791998,exchangeable_varying_sigma,0.18,fixed,0.18,0.18,fixed,0.18,1.0,0.0,0.03329948838913014,0.04331702846923664,0.013969697898085942,0.01610109678270463,0.03349006876293513,0.043618949402853095,0.01532320383110218,0.017581840846768792,0.14711973877371912,0.16437401418920297,0.0033235058986311604,0.20809734368881577
2000,base2,2,143,1,,3440.8254446329665,exchangeable_varying_sigma,0.18,fixed,0.18,0.18,fixed,0.18,1.0,0.0,0.03221813288504661,0.04144090880922639,0.010707862596905066,0.011725461721548284,0.03223363227883125,0.04146779078794922,0.009638218124635917,0.010671186994601305,0.12967366764568475,0.13904583363690876,0.01701496554263098,0.18457818886220267
2000,base2,1,142,1,,4972.757426924014,exchangeable_varying_sigma,0.18,fixed,0.18,0.18,fixed,0.18,1.0,0.0,0.033136421573672914,0.04315745627003163,0.012264415935120843,0.01699462299817288,0.033252334843791975,0.04335285416094206,0.01223507679803526,0.016844920868548115,0.13232966181287242,0.14098495479638407,0.02269027635863067,0.18920224168812871
2000,base2,1,142,1,,3744.0299891510513,exchangeable_varying_sigma,0.18,fixed,0.18,0.18,fixed,0.18,1.0,0.3,0.034506717878664266,0.04437930465909301,0.018387765896578007,0.02088823855653217,0.03375228765843901,0.04331567259567905,0.018029728480371737,0.021542968043042447,0.13861251545959233,0.14896167760611803,0.04553739918000649,0.22690764704898547
2000,base2,2,143,1,,3742.529673923971,exchangeable_varying_sigma,0.18,fixed,0.18,0.18,fixed,0.18,1.0,0.3,0.033213976369617114,0.043577595439744654,0.0107714830167156,0.012913274633898169,0.03225097419593237,0.042047606154170164,0.012216800398061611,0.013383329004273492,0.14906760864428173,0.15656975790551914,0.029135124300616766,0.23260744741678305
2000,base2,2,143,1,,3627.7769814049825,exchangeable_varying_sigma,0.18,fixed,0.18,0.18,fixed,0.18,1.0,0.6,0.033150280808653586,0.04364257353404703,0.01071868554884678,0.013738485241858419,0.02868009560583866,0.037408498807936695,0.01239045141166259,0.01406120675199874,0.1480417881548634,0.1553251957932966,0.07112364247611214,0.2974644225187622
2000,base2,0,141,1,,5213.2997999320505,exchangeable_varying_sigma,0.18,fixed,0.18,0.18,fixed,0.18,1.0,0.3,0.03282845196010579,0.04182706208393547,0.01032462335176984,0.011323352112001722,0.032020411710230595,0.04068498672455787,0.011494512995450179,0.012718177785666413,0.1395438499274864,0.1503486301171859,0.04452609379095873,0.22759904213631463
2000,base3,1,142,1,,3452.8205975050223,exchangeable_varying_sigma,0.18,fixed,0.18,0.18,fixed,0.18,1.0,0.0,0.049360329192223815,0.061649827772140536,0.016128913726033006,0.01801880549697781,0.05061203747156957,0.06321907007661276,0.016852959028705677,0.01886531693911554,0.10924533792586784,0.13009837147435208,0.002373950507371272,0.0688418555478049
2000,base2,1,142,1,,4969.861085460987,exchangeable_varying_sigma,0.18,fixed,0.18,0.18,fixed,0.18,1.0,0.9,0.03416058338489733,0.04432298905405715,0.022769311146207227,0.025090519775034098,0.02244629275248417,0.02852293524072338,0.020643351077015704,0.023902426173641265,0.14409870110722403,0.1538808136144079,0.13492832438465685,0.4021810635736333
2000,base2,1,142,1,,5514.38433150301,exchangeable_varying_sigma,0.18,fixed,0.18,0.18,fixed,0.18,1.0,0.6,0.03436183506383177,0.044370294431578826,0.020639603280879076,0.02301280883444499,0.03047458767138296,0.03904448890385098,0.019368876828555592,0.02287383005160127,0.14102897667227482,0.15065407493206706,0.09073754765561393,0.30434972142486105
2000,base2,0,141,1,,5323.241172512993,exchangeable_varying_sigma,0.18,fixed,0.18,0.18,fixed,0.18,1.0,0.9,0.033046244023334746,0.04248908277190209,0.011067307104941915,0.01225092009080286,0.021180302177631352,0.026896425524522607,0.012282223684497218,0.01315396329396386,0.14099455289752794,0.15114685378566364,0.13365796733300583,0.3957328156307955
2000,base3,0,141,1,,5260.633836972003,exchangeable_varying_sigma,0.18,fixed,0.18,0.18,fixed,0.18,1.0,0.0,0.05129694270180142,0.06338314009566097,0.018141668728605537,0.02050480214811732,0.05253441473728928,0.06498330788177313,0.020228918214212008,0.021900781187987686,0.10937294395107124,0.12738861801696486,0.005642025921826906,0.04226544322173362
2000,base2,2,143,1,,5748.667492991022,exchangeable_varying_sigma,0.18,fixed,0.18,0.18,fixed,0.18,1.0,0.9,0.032956948438844405,0.043475480161271014,0.010169066282105982,0.014537031587080442,0.020436823698442057,0.026638258034285402,0.010707065921180092,0.013243176896525426,0.14546893587965992,0.15327440723936417,0.11631237622818957,0.3852428259954226
2000,base2,0,141,1,,6603.613139923022,exchangeable_varying_sigma,0.18,fixed,0.18,0.18,fixed,0.18,1.0,0.6,0.032897832000011375,0.04205700284582783,0.010825775500607315,0.011921503178430541,0.028806159541229212,0.0365996381133919,0.012283697185142856,0.013299675404546728,0.14001336329067202,0.1500565742728893,0.08959200855471838,0.30180377835375033
2000,base3,1,142,1,,5203.831481033005,exchangeable_varying_sigma,0.18,fixed,0.18,0.18,fixed,0.18,1.0,0.3,0.04865332705942428,0.059778268808101186,0.01741871501184747,0.020955745532328388,0.04934193366248154,0.060370070816936225,0.01815472221424791,0.02100122323983227,0.12057322419278337,0.1431756609533726,0.10533283243224276,0.14974113402263545
2000,base3,2,143,1,,6534.974064008973,exchangeable_varying_sigma,0.18,fixed,0.18,0.18,fixed,0.18,1.0,0.0,0.04984349614957529,0.06149054981537354,0.012834667945327477,0.01508915652095393,0.05072304927670395,0.06265104751837196,0.01257694074385693,0.014716014381589718,0.09590978639776798,0.11347471046386033,0.01682633400893288,0.051184780822659794
2000,base3,2,143,1,,5165.265731189982,exchangeable_varying_sigma,0.18,fixed,0.18,0.18,fixed,0.18,1.0,0.3,0.05082625436707155,0.06309101055341353,0.00900053054883529,0.011001237954362263,0.05090235777300758,0.06319174314070966,0.009515426975162333,0.011593491691577432,0.09930896815813949,0.1175863702254418,0.08648573380943944,0.12002940350271295
2000,base3,1,142,1,,4837.372299435025,exchangeable_varying_sigma,0.18,fixed,0.18,0.18,fixed,0.18,1.0,0.6,0.04873092798287551,0.06016493909314643,0.019670552396146512,0.023708796799093986,0.04746784999721389,0.05803122740095956,0.01961724655237812,0.0229156696100651,0.11779585087143206,0.14112761210989333,0.18718526110389672,0.24814550706973793
2000,base3,0,141,1,,5325.520348610997,exchangeable_varying_sigma,0.18,fixed,0.18,0.18,fixed,0.18,1.0,0.6,0.04949336982235327,0.0615169177538011,0.010885113325524054,0.012391798650863374,0.04862400729594351,0.060253651184596406,0.010843517027325694,0.013143112879123958,0.10239582711487985,0.1182257485376091,0.1580741596693715,0.20711331711411554
2000,base3,0,141,1,,6344.698504954984,exchangeable_varying_sigma,0.18,fixed,0.18,0.18,fixed,0.18,1.0,0.3,0.04955249052415863,0.061433325574187896,0.010365376919744401,0.011913683082002895,0.05044693844747139,0.06240675995199058,0.01075749144776042,0.013235885220977451,0.10515570540780932,0.12171727736103996,0.0690661473995445,0.10046386638239886
2000,base3,0,141,1,,5255.076657448022,exchangeable_varying_sigma,0.18,fixed,0.18,0.18,fixed,0.18,1.0,0.9,0.04951901860438983,0.06171202411566351,0.011197259132110227,0.012618999419988359,0.0447518710040679,0.05593298303575987,0.010586642336086471,0.01229351431262485,0.10093227911109101,0.11641267685044872,0.24717183008864807,0.3199675146915078
2000,base4,0,141,1,,4774.318434672023,exchangeable_varying_sigma,0.18,fixed,0.18,0.18,fixed,0.18,1.0,0.0,0.03117320649616449,0.04132963857047661,0.015642781701753372,0.01735401362201051,0.03125351883139359,0.04151336181595342,0.016679595389248417,0.018416015040489203,0.16561646941883276,0.17383131337155555,0.004525714027193514,0.23427793104592684
2000,base3,2,143,1,,5662.778447199031,exchangeable_varying_sigma,0.18,fixed,0.18,0.18,fixed,0.18,1.0,0.6,0.05095932141970451,0.06326372858057863,0.009396795158587296,0.011128688518033286,0.04876779380318336,0.060516405115704344,0.009545906373862323,0.012320134614369435,0.09829273376576607,0.11677224989991497,0.1701850527304279,0.22791465624606388
2000,base3,2,143,1,,5499.965766504058,exchangeable_varying_sigma,0.18,fixed,0.18,0.18,fixed,0.18,1.0,0.9,0.05093919311877981,0.06332730307679234,0.00950453513743063,0.011137058330252103,0.044643309756750606,0.05551911775331662,0.008111826191444127,0.01159248559741524,0.09816286535937882,0.11746917481434274,0.2548820305401306,0.33693318316182047
2000,base3,1,142,1,,6285.765343095991,exchangeable_varying_sigma,0.18,fixed,0.18,0.18,fixed,0.18,1.0,0.9,0.048972982248760816,0.060820364558869376,0.021800260261475413,0.026594751821307994,0.04383389678684245,0.053958507259558766,0.02090282618456435,0.02509242009301041,0.1134811610271519,0.13788570796707025,0.264279330665942,0.3459795026479831
2000,base4,1,142,1,,6454.876807413006,exchangeable_varying_sigma,0.18,fixed,0.18,0.18,fixed,0.18,1.0,0.0,0.03047500723369669,0.04073531257830727,0.014114457245296697,0.016277355342618892,0.03049645421980418,0.04084966433557374,0.014237184011063442,0.016323641493608248,0.14813380031389675,0.1538683051608052,0.01037871549062402,0.20986562831040206
2000,base4,2,143,1,,4865.44073758804,exchangeable_varying_sigma,0.18,fixed,0.18,0.18,fixed,0.18,1.0,0.3,0.03091944444962552,0.04111796783662097,0.009282970263904039,0.01082637996455862,0.029790784245847905,0.03930249842809506,0.010288157222552552,0.011345816077743036,0.16341172356022712,0.16881989635557432,0.03548899600020655,0.2565118261374304
2000,base4,1,142,1,,5288.560929130996,exchangeable_varying_sigma,0.18,fixed,0.18,0.18,fixed,0.18,1.0,0.3,0.029634703095793725,0.039745055555537805,0.01895668082855856,0.020331368035226085,0.02849484165683091,0.03827217850830363,0.018567481894473437,0.020409282144249905,0.15438663325264265,0.16200853267223128,0.04464483884216264,0.24860693988553992
2000,base4,0,141,1,,5154.088683067006,exchangeable_varying_sigma,0.18,fixed,0.18,0.18,fixed,0.18,1.0,0.6,0.029584363349469494,0.03913291316447554,0.009152691696939524,0.010961442987966304,0.02497757317316289,0.0330649855498332,0.010092844039272658,0.01153767720893766,0.15892286649401854,0.1635213076226331,0.07362705950430737,0.3162068916348723
2000,base4,2,143,1,,5875.799231223005,exchangeable_varying_sigma,0.18,fixed,0.18,0.18,fixed,0.18,1.0,0.0,0.029301065181525247,0.038205445638719054,0.011153937585964446,0.01249757648102856,0.029297666155522966,0.0382242372793825,0.010201600378694775,0.011647494808076074,0.14640171445644323,0.15335445574162312,0.01915378688297297,0.20833037566474263
2000,base4,0,141,1,,5911.553347459005,exchangeable_varying_sigma,0.18,fixed,0.18,0.18,fixed,0.18,1.0,0.3,0.029430483654098647,0.03891789501004976,0.008651539548100301,0.010344317086731827,0.028499020429191713,0.037602903959999545,0.0094786099875874,0.011158990306762814,0.15852349021269266,0.16324028307248448,0.034449129105936505,0.2489532547639209
2000,base4,1,142,1,,5292.300194260024,exchangeable_varying_sigma,0.18,fixed,0.18,0.18,fixed,0.18,1.0,0.6,0.029719169608055918,0.03989867204978779,0.02120851821285566,0.0227607462999199,0.024818490736505477,0.033548216009865586,0.019899563408075527,0.021825669702438853,0.15708041191076164,0.1648493511332042,0.0814609043793314,0.3200468068385531
2000,base4,0,141,1,,4161.516415163991,exchangeable_varying_sigma,0.18,fixed,0.18,0.18,fixed,0.18,1.0,0.9,0.029909342290801416,0.0395635000573921,0.009394223301273624,0.01131161576048863,0.016088401606869886,0.02142904372438072,0.009901523483746622,0.011287259364021397,0.15980832474070392,0.16507009973970327,0.11203877426772235,0.40537487363424335
2000,base4,2,143,1,,4415.574333768978,exchangeable_varying_sigma,0.18,fixed,0.18,0.18,fixed,0.18,1.0,0.6,0.03094563411477239,0.04133089227247437,0.009230172796034275,0.01148986888015593,0.02599258258647061,0.03426677923617974,0.01034040390035082,0.012040173436635559,0.16248869311722364,0.16864499675930827,0.07207029654779029,0.32037513864188777
2000,base4,2,143,1,,3874.345915017999,exchangeable_varying_sigma,0.18,fixed,0.18,0.18,fixed,0.18,1.0,0.9,0.030822621046727696,0.04134294607601865,0.009113913104441013,0.012132129899057757,0.016503046699324706,0.02200124779803933,0.008602474601804577,0.011045251500791279,0.16016754659074303,0.16804216328142807,0.11088940857461693,0.40485828824052716
2000,base4,1,142,1,,4248.19805852999,exchangeable_varying_sigma,0.18,fixed,0.18,0.18,fixed,0.18,1.0,0.9,0.030024957567693005,0.0401695630051918,0.023338226078187696,0.025178503348718757,0.015673969584768445,0.02152555713845837,0.02119787718013741,0.023260133940677264,0.16062924290770172,0.1693870846537181,0.11539626603437547,0.41009399479715586
1000,base1,1,145,1,,982.4534083306789,exchangeable_varying_sigma,0.18,fixed,0.18,0.18,fixed,0.18,1.0,0.9,0.051702773097446336,0.06954838438613653,0.04733422510302618,0.05499931001742362,0.037046866940196085,0.05239434292294433,0.04687996735509184,0.051993267955418886,0.3080664629804643,0.3287180615233702,0.20159687851725627,0.7329211734752936
1000,base1,2,146,1,,1012.8165913000703,exchangeable_varying_sigma,0.18,fixed,0.18,0.18,fixed,0.18,1.0,0.3,0.05050151526855479,0.07110194719778272,0.014968360499944114,0.018478907068373275,0.04929540310395004,0.06985079666136458,0.01463624106976906,0.01759936637831432,0.32305612221096036,0.33502548246947894,0.07073259003294943,0.5006634785893344
1000,base1,2,146,1,,1026.119906855747,exchangeable_varying_sigma,0.18,fixed,0.18,0.18,fixed,0.18,1.0,0.0,0.04725250823077315,0.06707057931685892,0.01908209911745734,0.023026288366814508,0.04715856900173335,0.06724499838244735,0.021779665778040025,0.025455924278043926,0.3152574325959589,0.3403808553000291,0.06724674236809036,0.45057196547113365
1000,base1,1,145,1,,1054.6808965224773,exchangeable_varying_sigma,0.18,fixed,0.18,0.18,fixed,0.18,1.0,0.0,0.05067894145908753,0.067080770728284,0.03467874522864846,0.03603374391323404,0.050738673420032646,0.06717853256751313,0.03393298011742944,0.03635714976708852,0.31074602288695313,0.31970394254405665,0.009909448554639775,0.43956738134792395
1000,base1,0,144,1,,1073.6512143462896,exchangeable_varying_sigma,0.18,fixed,0.18,0.18,fixed,0.18,1.0,0.3,0.05132951873448408,0.06980837051843901,0.013669638424421482,0.01732294007249163,0.04970791050554338,0.0675194972776645,0.011843510221380221,0.016927487802134506,0.2789449180163158,0.2928174473940972,0.027246935041010945,0.4206836330859343
1000,base1,0,144,1,,1084.0273013915867,exchangeable_varying_sigma,0.18,fixed,0.18,0.18,fixed,0.18,1.0,0.0,0.04976488105998438,0.06737941331175039,0.016345877846687284,0.02264261979779772,0.050018043926666145,0.06784968337907459,0.01816535595857749,0.023293400949715475,0.29099415414314356,0.3056370362273492,0.05336978294172301,0.4149925893434403
1000,base1,1,145,1,,1111.3680843226612,exchangeable_varying_sigma,0.18,fixed,0.18,0.18,fixed,0.18,1.0,0.6,0.05198685489198936,0.06982054950255345,0.04603073746043845,0.052768917281011185,0.04698356607836248,0.0647586955737842,0.04887617580326528,0.05345306251183036,0.31282344262456446,0.3311413960995202,0.11992385605447448,0.5844896885958222
1000,base1,0,144,1,,1119.979647397995,exchangeable_varying_sigma,0.18,fixed,0.18,0.18,fixed,0.18,1.0,0.6,0.0513518588114216,0.06978926806062634,0.015431511993342195,0.018237147399883337,0.04521728523549878,0.06130447044003884,0.012761915950803226,0.017113107685847544,0.26692899052730373,0.2805862468813362,0.11326303331357124,0.5106684245533609
1000,base1,2,146,1,,1125.2528615612537,exchangeable_varying_sigma,0.18,fixed,0.18,0.18,fixed,0.18,1.0,0.9,0.0516552209540247,0.07315812693950452,0.019363433483453013,0.023434962436874797,0.03594689690964865,0.05286764189231389,0.017394962107503797,0.021000166151197402,0.3184918736556523,0.33246893926405435,0.2230969506511452,0.7666572444183275
1000,base1,1,145,1,,1189.4490369036794,exchangeable_varying_sigma,0.18,fixed,0.18,0.18,fixed,0.18,1.0,0.3,0.05194394578422368,0.06988828332766192,0.04357779858657243,0.049521871162914455,0.05097006957025267,0.06944700061836072,0.04677770885251603,0.05085596556555183,0.3173699361948683,0.33306737642745093,0.04049732723091537,0.4812841011650779
1000,base1,2,146,1,,1228.2742593940347,exchangeable_varying_sigma,0.18,fixed,0.18,0.18,fixed,0.18,1.0,0.6,0.05112320892257893,0.07215630580441766,0.017133885315210068,0.02095284881786975,0.045279735403321975,0.0647283211951782,0.015937956695514927,0.01881214055767311,0.3206129955568231,0.3329217223983803,0.14653077603321857,0.6132036178184568
1000,base1,0,144,1,,1250.0157484095544,exchangeable_varying_sigma,0.18,fixed,0.18,0.18,fixed,0.18,1.0,0.9,0.05106357509797756,0.06921967162431746,0.01713963824533618,0.01921807409459724,0.03529488549176795,0.04826932356881786,0.015599660805114518,0.016681147627955323,0.2540021689882938,0.2673820079491639,0.20732754459152303,0.6502481790872587
1000,base2,0,144,1,,859.5522616282105,exchangeable_varying_sigma,0.18,fixed,0.18,0.18,fixed,0.18,1.0,0.0,0.04983271762793673,0.06752459191094227,0.01587079751417969,0.021949524407856198,0.05003927827812662,0.06801202897934623,0.01662919280379499,0.02210945614436342,0.2917717788869992,0.3055247961456698,0.04093784057586489,0.4146598229193178
1000,base2,0,144,1,,919.5324866585433,exchangeable_varying_sigma,0.18,fixed,0.18,0.18,fixed,0.18,1.0,0.3,0.04984580012317959,0.06857913151536377,0.015302535446304,0.018089444378162622,0.048620050765434124,0.0664248279074542,0.01460952415817858,0.017892243570279468,0.2770960596679994,0.2913394130353529,0.023657663254048056,0.4167216981110337
1000,base2,1,145,1,,980.7689655423164,exchangeable_varying_sigma,0.18,fixed,0.18,0.18,fixed,0.18,1.0,0.3,0.05075697867362531,0.06892389114419545,0.041344292461244214,0.04702315951372563,0.05004976395619254,0.06850446047094795,0.044673003010025636,0.04864533518037904,0.3174274493141271,0.33255453010012864,0.04883590417988082,0.48433138666277764
1000,base2,2,146,1,,1081.912771858275,exchangeable_varying_sigma,0.18,fixed,0.18,0.18,fixed,0.18,1.0,0.0,0.04784379574721348,0.06726639866217471,0.02013654870657597,0.02375802828977288,0.047891778152614195,0.06755316935771537,0.02209696001744224,0.025931697942166203,0.3114455085219607,0.3410560088770315,0.0830992237183425,0.4478219370188594
1000,base2,2,146,1,,1167.21721781604,exchangeable_varying_sigma,0.18,fixed,0.18,0.18,fixed,0.18,1.0,0.6,0.052134816802314105,0.07282329160817905,0.01607943572608933,0.020759815730233173,0.04648706227293874,0.06558792266887425,0.015565466181242008,0.018654569120118585,0.32395274146496694,0.33687606098632894,0.1373697460331625,0.6122944474440075
1000,base2,2,146,1,,1259.434868639335,exchangeable_varying_sigma,0.18,fixed,0.18,0.18,fixed,0.18,1.0,0.3,0.0516147674855716,0.07198828660997858,0.01391391091082396,0.01832085926350535,0.050498732808922225,0.07083234297031783,0.014437900165752485,0.017632101021475687,0.3263995389384991,0.33885176971578923,0.058504365448364015,0.5007908874805098
1000,base2,1,145,1,,1366.6118301209062,exchangeable_varying_sigma,0.18,fixed,0.18,0.18,fixed,0.18,1.0,0.0,0.05021539385743601,0.06690834839227526,0.036912251353976896,0.038193479374318724,0.05023790459432318,0.06698043501954838,0.035998898467832066,0.03798302523999622,0.31209689612606756,0.32039228730612035,0.0008268062537913815,0.4413723961971507
1000,base2,1,145,1,,1377.8697499111295,exchangeable_varying_sigma,0.18,fixed,0.18,0.18,fixed,0.18,1.0,0.9,0.050467338742156684,0.06871254162345133,0.045100718977698795,0.05250810382635034,0.035998984725070876,0.05172845369228141,0.045613996193545364,0.050352705314131795,0.31022073384747845,0.33037864720153165,0.21067496834278143,0.7435756032008031
1000,base3,0,144,1,,803.4769162703305,exchangeable_varying_sigma,0.18,fixed,0.18,0.18,fixed,0.18,1.0,0.0,0.0633445878896661,0.0823561402825889,0.022921522858304816,0.023925138851258014,0.06459765288448584,0.08397317546722494,0.024398401001290315,0.025816075559084342,0.17086782202262338,0.21234837733570788,0.08080956532330462,0.24836272332719206
1000,base2,2,146,1,,1498.388935605064,exchangeable_varying_sigma,0.18,fixed,0.18,0.18,fixed,0.18,1.0,0.9,0.05251114465094622,0.07349234549938716,0.01830898389433308,0.02320239632308231,0.03674192492110431,0.05330769159396586,0.016708532399722045,0.02043825346923379,0.3217102573953919,0.3365549795613362,0.21907336879207961,0.7687122823308362
1000,base2,0,144,1,,1723.868569612503,exchangeable_varying_sigma,0.18,fixed,0.18,0.18,fixed,0.18,1.0,0.6,0.04966983905490088,0.06843612808597677,0.01706440901522202,0.019241824935119636,0.04403721207373416,0.06002037234580408,0.01594161650754926,0.019021470306853933,0.26544205765762185,0.27894573724545685,0.10693854236547096,0.5040174348654531
1000,base3,1,145,1,,861.7792017031461,exchangeable_varying_sigma,0.18,fixed,0.18,0.18,fixed,0.18,1.0,0.0,0.06396589865446142,0.0815327019438617,0.037715542266792634,0.040781286884652004,0.06511442898754352,0.08273757992129291,0.03690130654868083,0.04229496416952737,0.1764388904251269,0.20875203752391336,0.021287618305472388,0.24978938841283285
1000,base2,1,145,1,,1859.155881671235,exchangeable_varying_sigma,0.18,fixed,0.18,0.18,fixed,0.18,1.0,0.6,0.0506450783569021,0.06889728234896908,0.04379723133511107,0.05027043534775038,0.045952487806949674,0.06388657228241874,0.04709869216904139,0.05148666996804419,0.3137532838893666,0.3315447507547824,0.12901774829618085,0.5916989339165256
1000,base2,0,144,1,,1825.6603678558022,exchangeable_varying_sigma,0.18,fixed,0.18,0.18,fixed,0.18,1.0,0.9,0.04928895285916039,0.06773455249317432,0.018772535267218976,0.020499255935401965,0.03368406639524226,0.04645654225903721,0.01840564719145174,0.019620982438991488,0.2532009864957728,0.26597598264131916,0.19695614217609836,0.639861541290345
1000,base3,2,146,1,,1028.847534392029,exchangeable_varying_sigma,0.18,fixed,0.18,0.18,fixed,0.18,1.0,0.0,0.061947721289913396,0.08304453428389844,0.021885807701255727,0.025892938011529452,0.062607275807622,0.08400276164159226,0.02330922635807789,0.02685057399896742,0.18746707260432022,0.23253419165656553,0.04010739499322926,0.26624880102998727
1000,base3,2,146,1,,798.3710431735963,exchangeable_varying_sigma,0.18,fixed,0.18,0.18,fixed,0.18,1.0,0.6,0.06261714994713025,0.08261638557600111,0.01832893952928792,0.021805689773230753,0.060176714019093205,0.07920744842755621,0.013459134643324905,0.01807589534199065,0.19108419501218446,0.22605678100980173,0.18517755282909404,0.4536869101932246
1000,base3,0,144,1,,1358.8854785710573,exchangeable_varying_sigma,0.18,fixed,0.18,0.18,fixed,0.18,1.0,0.3,0.06660465951711456,0.08515521845294055,0.013874292891380119,0.015685041916012634,0.06678851132470337,0.08515249346931557,0.014699314169655114,0.01701671057623836,0.17012418480442318,0.20087464101989724,0.0733118283751317,0.24751853048747638
1000,base3,2,146,1,,827.9974352624267,exchangeable_varying_sigma,0.18,fixed,0.18,0.18,fixed,0.18,1.0,0.9,0.06323394370197773,0.08350681175822619,0.02055848769753127,0.024047577004387827,0.0553386433620128,0.07240806752004694,0.015463487055593597,0.01909078356433477,0.19286756648447184,0.226668431824207,0.29325690655245484,0.6277499764290514
1000,base3,1,145,1,,1388.886875808239,exchangeable_varying_sigma,0.18,fixed,0.18,0.18,fixed,0.18,1.0,0.3,0.06635016415633531,0.08465934659943829,0.04054100154842799,0.04936539525371431,0.0674267150340671,0.08611250708964616,0.043204634614337795,0.048870765583700196,0.18189399619210733,0.225737931279221,0.0807643025560518,0.2964237937735837
1000,base3,2,146,1,,1372.1561043672264,exchangeable_varying_sigma,0.18,fixed,0.18,0.18,fixed,0.18,1.0,0.3,0.062033115162706765,0.08181815118277638,0.016163414714022703,0.01956999229267557,0.06242588428406254,0.0822911917646997,0.012389790809817197,0.017812822998747792,0.1908091466760859,0.22769423138300196,0.07711708758047106,0.31425241892689937
1000,base3,0,144,1,,1359.964374575764,exchangeable_varying_sigma,0.18,fixed,0.18,0.18,fixed,0.18,1.0,0.6,0.06640881104629995,0.08497475322019014,0.012645538396893197,0.015284838456274619,0.06351841482734388,0.08077307374678547,0.013883432814533483,0.015220749007858232,0.16188037248559772,0.18883856822221057,0.19531527220785094,0.3918940025234598
1000,base4,2,146,1,,1003.5313260927796,exchangeable_varying_sigma,0.18,fixed,0.18,0.18,fixed,0.18,1.0,0.0,0.045616641666807255,0.06552709499329866,0.019520805071493258,0.023737057959794826,0.04541366318973091,0.06561729884316887,0.02237054221431542,0.026132354142765678,0.32782855380702053,0.3509543608859948,0.06900759352949286,0.468237381651476
1000,base3,1,145,1,,1626.195722322911,exchangeable_varying_sigma,0.18,fixed,0.18,0.18,fixed,0.18,1.0,0.6,0.06620788643523058,0.08449576459770336,0.04299394042229257,0.052583425289569996,0.06478880972032836,0.0829357029681155,0.044982195836506034,0.05089404772601308,0.17928520580432622,0.22646961551407002,0.20178219746631515,0.4467431954106032
1000,base4,0,144,1,,802.9188956730068,exchangeable_varying_sigma,0.18,fixed,0.18,0.18,fixed,0.18,1.0,0.3,0.04904966787383879,0.0678093431379433,0.012857301712334374,0.016337063201838142,0.0473955455190738,0.06546644928958847,0.011651496371241965,0.01612307782764268,0.2917927349536837,0.30345266971291657,0.024259251493723266,0.43842660317360327
1000,base3,0,144,1,,1653.8439116608351,exchangeable_varying_sigma,0.18,fixed,0.18,0.18,fixed,0.18,1.0,0.9,0.06589364313526477,0.0842509608658143,0.013194162288087813,0.014805335315414829,0.05731977169400799,0.07271547963250866,0.010932832794667335,0.011490116115623384,0.15127479123266602,0.17515317395910027,0.3240274719642381,0.5714819895279784
1000,base4,2,146,1,,783.2329117041081,exchangeable_varying_sigma,0.18,fixed,0.18,0.18,fixed,0.18,1.0,0.3,0.0482192017023694,0.0688052679772979,0.014838313986567514,0.018464736845615913,0.046978322259004245,0.06744750252590948,0.013867247096665467,0.017478651335974357,0.33702821187509985,0.34802823027322816,0.05551178497720155,0.5149903255297709
1000,base3,1,145,1,,1774.08549907431,exchangeable_varying_sigma,0.18,fixed,0.18,0.18,fixed,0.18,1.0,0.9,0.06574465817300923,0.08410606391102358,0.04582313090000113,0.05482159778591052,0.05877314961989774,0.07551943448193317,0.04337676613864533,0.049715951447024107,0.17624509851723671,0.22565060639504803,0.32615951559149614,0.6335077660546085
1000,base4,0,144,1,,1787.0531673841178,exchangeable_varying_sigma,0.18,fixed,0.18,0.18,fixed,0.18,1.0,0.0,0.04797853880059226,0.06560599595822963,0.01659117235408844,0.021953212488737057,0.04813953374928919,0.06602711402455996,0.01816739731755035,0.022720716544277614,0.3067606793835873,0.3186646832283851,0.05566441419385014,0.4372441122909803
1000,base4,1,145,1,,1367.4294342640787,exchangeable_varying_sigma,0.18,fixed,0.18,0.18,fixed,0.18,1.0,0.3,0.04981899325250981,0.0679139622338966,0.042188712035079456,0.04842924840002572,0.04908628631046555,0.06747736314961676,0.045185113358194084,0.04950670956602358,0.3304727280324202,0.34334633197817516,0.03758015215277638,0.49932634401507614
1000,base4,1,145,1,,1855.8993243481964,exchangeable_varying_sigma,0.18,fixed,0.18,0.18,fixed,0.18,1.0,0.0,0.048778624823726024,0.06511156598432712,0.03606783178014211,0.03752306730684024,0.04883589483637043,0.06518624404515516,0.03513803833494107,0.03760583480693412,0.326218956899636,0.33323174299769237,0.010498271597358524,0.46145171525894996
1000,base4,0,144,1,,1387.7275780607015,exchangeable_varying_sigma,0.18,fixed,0.18,0.18,fixed,0.18,1.0,0.6,0.04905354134359302,0.06770456951721163,0.014619175281255226,0.017149545334147004,0.042577345438251715,0.0588587173948827,0.012877465995052212,0.016309155845433434,0.2796178870671804,0.29096623523410087,0.10596460205358088,0.5249262294760318
1000,base4,1,145,1,,1461.77049125731,exchangeable_varying_sigma,0.18,fixed,0.18,0.18,fixed,0.18,1.0,0.6,0.049760485232448345,0.06783236855987143,0.044641650908943675,0.051682201782593376,0.04480695051878847,0.0625533365732783,0.04725870416972683,0.05199032710567176,0.32595499983268467,0.3412546479937217,0.11392021776118438,0.6007109518835405
1000,base4,2,146,1,,961.728699054569,exchangeable_varying_sigma,0.18,fixed,0.18,0.18,fixed,0.18,1.0,0.9,0.04928396106460858,0.07071114157625011,0.019233386970076635,0.02333298510691522,0.03205980370254119,0.04911959353115224,0.01679212167940307,0.020356909999996432,0.33241689587216555,0.3459131207663652,0.1997481265459079,0.7714631902854989
1000,base4,2,146,1,,1536.0175568107516,exchangeable_varying_sigma,0.18,fixed,0.18,0.18,fixed,0.18,1.0,0.6,0.048781227121072225,0.06979045999588346,0.0170038388018343,0.02089751591391835,0.042683592130006366,0.06205872185299437,0.015117777502538648,0.018462650239674836,0.33456440913298785,0.3461620576317479,0.12691253666387292,0.6217187722794275
1000,base4,0,144,1,,1519.111133966595,exchangeable_varying_sigma,0.18,fixed,0.18,0.18,fixed,0.18,1.0,0.9,0.04878642946581431,0.06701003223643377,0.01632730153325082,0.01803454169241839,0.03138263339505208,0.04457821977949581,0.014447043716041524,0.01572776115531072,0.266544501285308,0.2775533532027702,0.19581325308856146,0.660494006228101
1000,base4,1,145,1,,1533.8297873809934,exchangeable_varying_sigma,0.18,fixed,0.18,0.18,fixed,0.18,1.0,0.9,0.04949515134882102,0.0675434860905846,0.04594513855153379,0.05392390138915827,0.033588139480622906,0.04923849455319574,0.04522365178792656,0.05037445332192788,0.32129659260891075,0.33879358679926136,0.19285466175589228,0.7479040918443363
2000,base1,1,145,1,,4075.9626109097153,exchangeable_varying_sigma,0.18,fixed,0.18,0.18,fixed,0.18,1.0,0.6,0.03159492340169878,0.040915088766268475,0.011775656508728402,0.01472348810441845,0.027644377223379705,0.03610217604085835,0.011132349766879254,0.012169309235858142,0.08772730698844267,0.09799474948677124,0.04920022462292484,0.18550638749713838
2000,base1,2,146,1,,5418.116477092728,exchangeable_varying_sigma,0.18,fixed,0.18,0.18,fixed,0.18,1.0,0.0,0.032502510448701796,0.04149042543709919,0.005814241167421436,0.007560418335446276,0.03254914051298599,0.04158689075058312,0.0059727991923096135,0.007621228567828351,0.09448334957393019,0.12150573146077331,0.022432188664709793,0.1366726743308782
2000,base1,0,144,1,,6008.11755217053,exchangeable_varying_sigma,0.18,fixed,0.18,0.18,fixed,0.18,1.0,0.0,0.03304178960779792,0.042857800410184686,0.012659603544917394,0.013226097019147252,0.033103229471833986,0.04296694124106448,0.01210159588886306,0.01283626942355531,0.12203265656418184,0.12690468951000444,0.02362953247715025,0.17505635684234755
2000,base1,0,144,1,,5296.355730928481,exchangeable_varying_sigma,0.18,fixed,0.18,0.18,fixed,0.18,1.0,0.9,0.03494115507672445,0.04509262347394226,0.01323761182300609,0.014577168092863326,0.022193211865608915,0.028314012900506256,0.011673137261725086,0.014977263099681573,0.13618711258623165,0.15645839897218738,0.14792909592676917,0.403045366095648
2000,base1,1,145,1,,6210.068710444495,exchangeable_varying_sigma,0.18,fixed,0.18,0.18,fixed,0.18,1.0,0.0,0.03252331783405417,0.042261182520055424,0.012172893355401698,0.013304307891026674,0.03252174758180813,0.04224272812583547,0.011989383163752282,0.013183994032741049,0.10407211810157654,0.10929309911754297,0.034221929791923754,0.153434446808318
2000,base1,0,144,1,,6075.257757820189,exchangeable_varying_sigma,0.18,fixed,0.18,0.18,fixed,0.18,1.0,0.3,0.034930930728485514,0.04519245177937739,0.00955157896240788,0.01032266704753854,0.03356817243681794,0.04374631762549901,0.009096510396797014,0.010034823922105987,0.1387364134450448,0.15577919109202099,0.061929062461437284,0.23775973820939503
2000,base1,2,146,1,,5855.670724101365,exchangeable_varying_sigma,0.18,fixed,0.18,0.18,fixed,0.18,1.0,0.6,0.0324695220109095,0.042181964156445866,0.014324295090766881,0.01720672475934806,0.029778239998464743,0.03848049183438665,0.012538309037303547,0.01500013200540886,0.11586475319995017,0.14530853140362465,0.09123235298658894,0.2650176919317369
2000,base1,0,144,1,,6062.092064335942,exchangeable_varying_sigma,0.18,fixed,0.18,0.18,fixed,0.18,1.0,0.6,0.035032161951288124,0.04524181158181001,0.011345403620847877,0.012339805977479582,0.03004981550786109,0.039138216461559655,0.010271202935497381,0.01213209738496726,0.13846830886271702,0.15719129598034307,0.10475988881991544,0.31374664070260144
2000,base1,2,146,1,,6389.004411634058,exchangeable_varying_sigma,0.18,fixed,0.18,0.18,fixed,0.18,1.0,0.3,0.03286772885376559,0.04271375252785134,0.012948876368931828,0.014906338737377444,0.03262259693049558,0.04244809423506804,0.011605326865996995,0.013085083618269475,0.10978164109960646,0.14077302597799554,0.05196307300435321,0.18923617785057317
2000,base1,2,146,1,,5604.927062911913,exchangeable_varying_sigma,0.18,fixed,0.18,0.18,fixed,0.18,1.0,0.9,0.031912377359758264,0.041497027208946824,0.015666708470509272,0.01981148601412648,0.022496838346029134,0.028371879777141503,0.013355538869488176,0.017719048052182818,0.12171085948953078,0.15009321828845582,0.12858285648812806,0.3546192055483436
2000,base1,1,145,1,,5867.646083226427,exchangeable_varying_sigma,0.18,fixed,0.18,0.18,fixed,0.18,1.0,0.9,0.03176980451548813,0.041094872051358956,0.0136831070238108,0.016341061057343762,0.02074403290323622,0.026425838785494333,0.01196097173989008,0.012842857821254793,0.07560269491132865,0.0902509177004086,0.10692550752334062,0.2590986778832161
2000,base1,1,145,1,,6723.543138777837,exchangeable_varying_sigma,0.18,fixed,0.18,0.18,fixed,0.18,1.0,0.3,0.03139367047303943,0.040771274994861245,0.010842187231811087,0.013149201486500714,0.03044846731731651,0.03981281149687602,0.010354418803415921,0.011692435928788346,0.09925292993775119,0.10718809608665293,0.001460525831114723,0.14602146150066422
2000,base2,1,145,1,,3689.117395443842,exchangeable_varying_sigma,0.18,fixed,0.18,0.18,fixed,0.18,1.0,0.3,0.03277552350998096,0.04242872843120055,0.013099691794840287,0.01477257730977263,0.031958734312975176,0.04153146891543236,0.011915142389818695,0.013048842427100018,0.09798609081483542,0.10652099845607149,0.006354148424326411,0.14720873098021386
2000,base2,1,145,1,,4982.165645420551,exchangeable_varying_sigma,0.18,fixed,0.18,0.18,fixed,0.18,1.0,0.0,0.031458096117354395,0.04159135559586717,0.009028346663753434,0.009107263840462487,0.03146764237337239,0.04158225933664754,0.009116260109071128,0.009176493462395411,0.10115704926065429,0.10963732181621169,0.026686360809971308,0.14702460650022295
2000,base2,0,144,1,,5916.6008710339665,exchangeable_varying_sigma,0.18,fixed,0.18,0.18,fixed,0.18,1.0,0.0,0.03274261262418301,0.04253799305122582,0.012825545043356132,0.014138582552376336,0.032884504309794914,0.04272375390294663,0.012627559239525063,0.014164639022803717,0.1240894490354649,0.12843864460291898,0.03452915588236314,0.18062623417365686
2000,base2,0,144,1,,4621.55682727322,exchangeable_varying_sigma,0.18,fixed,0.18,0.18,fixed,0.18,1.0,0.9,0.03502481239016153,0.045607441177695766,0.013071670324568213,0.014333553344541632,0.022011421713439526,0.028673974610738347,0.0122766718360873,0.014164955431230504,0.13988856205570455,0.1595912570866411,0.15357040995349303,0.4150332369717836
2000,base2,0,144,1,,5886.771756682545,exchangeable_varying_sigma,0.18,fixed,0.18,0.18,fixed,0.18,1.0,0.3,0.035094147472015,0.04580394139579016,0.009385637463972168,0.009922291954426716,0.03383602675626212,0.04432055100365705,0.009232503396829378,0.009837704060689154,0.14262789320770342,0.15852510897065683,0.06366819604186033,0.24423244469772382
2000,base2,1,145,1,,5488.644374214113,exchangeable_varying_sigma,0.18,fixed,0.18,0.18,fixed,0.18,1.0,0.6,0.03296962502952779,0.04261743284773636,0.014920203200373058,0.016678100335012085,0.0291330425600968,0.03778874784705222,0.012455769847403278,0.013379851381291217,0.08673899526491721,0.09594444396778062,0.0588680508013959,0.19348598499797226
2000,base2,2,146,1,,6444.263580324128,exchangeable_varying_sigma,0.18,fixed,0.18,0.18,fixed,0.18,1.0,0.0,0.032027289670099185,0.04104965099599784,0.0038313615765375175,0.004450419160529823,0.03217522927796746,0.04127992928135505,0.004130221228704878,0.0047553785585913244,0.09766827255191773,0.12809943434236473,0.0408629864168789,0.1475068248667382
2000,base2,0,144,1,,5952.864435896277,exchangeable_varying_sigma,0.18,fixed,0.18,0.18,fixed,0.18,1.0,0.6,0.035139278658497135,0.04582720877270846,0.011179462122411499,0.012016370526508748,0.030275684780719424,0.039682033718056224,0.010601913205827762,0.011684382270273708,0.14232879018820827,0.1601427092137836,0.10798383902386194,0.32232195851657436
2000,base2,2,146,1,,5836.082878161222,exchangeable_varying_sigma,0.18,fixed,0.18,0.18,fixed,0.18,1.0,0.9,0.030842412243224857,0.04018888497119104,0.013400596267434672,0.019382116090208793,0.02011317746139514,0.026278001425120445,0.013510970321646859,0.017738149533731404,0.1224546801996746,0.15048352443029653,0.12001842456804712,0.34019255057194137
2000,base2,2,146,1,,6952.329374846071,exchangeable_varying_sigma,0.18,fixed,0.18,0.18,fixed,0.18,1.0,0.3,0.030809351720381732,0.0406639119713071,0.01068276416585312,0.014097952415525186,0.03020664220391337,0.04021667587491403,0.009619712734765903,0.012561208431405721,0.11166516665607037,0.14177780347105204,0.048929283773888166,0.18294829171582913
2000,base2,2,146,1,,6703.863869475201,exchangeable_varying_sigma,0.18,fixed,0.18,0.18,fixed,0.18,1.0,0.6,0.03080769339663183,0.04040327324638473,0.012058182887690616,0.016578561746339274,0.027312919716541546,0.036250222933534575,0.0114053005568088,0.014668993671859554,0.1171227481584694,0.14597127812606656,0.08592392491204126,0.25528189366140164
2000,base2,1,145,1,,6779.058504965156,exchangeable_varying_sigma,0.18,fixed,0.18,0.18,fixed,0.18,1.0,0.9,0.03308831069624289,0.04276886943345212,0.016827653715455762,0.01865053953222704,0.021526452287067788,0.027764624277756948,0.013257781133053245,0.01394274886340576,0.0750744986652623,0.08673398100336828,0.11839058540598546,0.27199189469502055
2000,base3,1,145,1,,4105.6743198260665,exchangeable_varying_sigma,0.18,fixed,0.18,0.18,fixed,0.18,1.0,0.0,0.0513354268334591,0.06305340717745521,0.015799358626431087,0.018642401666509708,0.052237730031622256,0.06406084537635068,0.015359568023086079,0.01798919361179422,0.09470503702441865,0.11316919401846454,0.0351666362636603,0.10092922059307843
2000,base3,0,144,1,,5599.50196682848,exchangeable_varying_sigma,0.18,fixed,0.18,0.18,fixed,0.18,1.0,0.0,0.052975733359301364,0.06581881984874778,0.009149989202819855,0.01037000142618994,0.05401721777704344,0.06702603530526266,0.009372917555421592,0.010719028467594484,0.09407416450780147,0.11051192924844869,0.012531911690250128,0.06258432580066617
2000,base3,1,145,1,,3489.431720715016,exchangeable_varying_sigma,0.18,fixed,0.18,0.18,fixed,0.18,1.0,0.3,0.047554571286322345,0.05872538017937637,0.010998968588832439,0.012172851569583396,0.04788667638673779,0.059055795347896206,0.010674106999259234,0.011726362835069701,0.10075366470985242,0.11764536433413535,0.03492789293430881,0.10330063200010436
2000,base3,2,146,1,,6746.007002608851,exchangeable_varying_sigma,0.18,fixed,0.18,0.18,fixed,0.18,1.0,0.0,0.049536641835773054,0.06192680343877048,0.012914446063327117,0.016328545031339327,0.0508031741631571,0.0635038479826146,0.013506381805828443,0.016602093636014545,0.13276569771019608,0.15495204724248549,0.0011531732119555744,0.09390188523765057
2000,base3,2,146,1,,5528.688266839832,exchangeable_varying_sigma,0.18,fixed,0.18,0.18,fixed,0.18,1.0,0.3,0.051969976881352374,0.06398117823651137,0.012910556121272482,0.01341641572886189,0.053084361946627225,0.06542502334084861,0.008761754896690566,0.00951348598074638,0.13221824643999702,0.15613678187405156,0.08953493516759828,0.1361156550053179
2000,base3,0,144,1,,6713.280322864652,exchangeable_varying_sigma,0.18,fixed,0.18,0.18,fixed,0.18,1.0,0.3,0.04952104067718165,0.0618721943343313,0.01737857128555273,0.019105064981423087,0.05077770568918394,0.06315603106755083,0.016967688096387823,0.017964208940896585,0.11164687626703473,0.1321255335487462,0.04961911710561867,0.07467828220161622
2000,base3,1,145,1,,5068.5959528796375,exchangeable_varying_sigma,0.18,fixed,0.18,0.18,fixed,0.18,1.0,0.9,0.04772071298409509,0.05929908006483577,0.01251824275207096,0.014091188800377217,0.04308876138569979,0.05338906488110303,0.01198549957461692,0.012743747825333973,0.1140374834929165,0.1342824240736723,0.21108730837058043,0.24590447993398787
2000,base3,0,144,1,,6382.79684900865,exchangeable_varying_sigma,0.18,fixed,0.18,0.18,fixed,0.18,1.0,0.6,0.04897047137639272,0.06126325164249739,0.019172395943994197,0.020824282124600114,0.04898482379861832,0.06066694739533727,0.018317756713516237,0.019846581274133825,0.11520926255692177,0.13634228250598276,0.1330172106977483,0.17250535052712618
2000,base3,1,145,1,,6257.790851041675,exchangeable_varying_sigma,0.18,fixed,0.18,0.18,fixed,0.18,1.0,0.6,0.0476234168076648,0.058921330119446606,0.011844855449633929,0.013096222844101947,0.046415890450434365,0.05720087551846942,0.011354810906220092,0.012248181203310083,0.10716491621415145,0.12506912815120863,0.12076874547456001,0.1639765257389804
2000,base3,2,146,1,,6007.945820940658,exchangeable_varying_sigma,0.18,fixed,0.18,0.18,fixed,0.18,1.0,0.6,0.051700306991547776,0.06357969140613402,0.013680526528682374,0.014835244444262147,0.05103069661760796,0.06292985822041684,0.009251980168038881,0.010798129029982997,0.12950308854984613,0.1539141239264795,0.17309648296649366,0.22564555569983136
2000,base4,0,144,1,,4948.853107459843,exchangeable_varying_sigma,0.18,fixed,0.18,0.18,fixed,0.18,1.0,0.0,0.031118136758773972,0.040998217576898775,0.011152284604741963,0.01226008327865541,0.031156316571024193,0.041094006185911594,0.010699386070106759,0.011970435812717502,0.1409525013019835,0.14394859970467191,0.024475979127641434,0.20154255880078098
2000,base4,2,146,1,,4116.316122530028,exchangeable_varying_sigma,0.18,fixed,0.18,0.18,fixed,0.18,1.0,0.0,0.029633848734338504,0.03865373091853885,0.005550996638995859,0.0076478815479735585,0.029647131495490142,0.03871507013140022,0.005761754317594792,0.007811725997785081,0.11352282903864583,0.13443039114201222,0.02626244095357785,0.16388679144462764
2000,base3,0,144,1,,6614.755154358223,exchangeable_varying_sigma,0.18,fixed,0.18,0.18,fixed,0.18,1.0,0.9,0.048288079306212886,0.060400604911492455,0.02106460414615091,0.022713204467741856,0.04471184101735214,0.05538915359699554,0.019818970739131553,0.02212905395982424,0.11833228263854133,0.14018843971668732,0.21841875343120876,0.2779127418381581
2000,base4,1,145,1,,4704.461308617145,exchangeable_varying_sigma,0.18,fixed,0.18,0.18,fixed,0.18,1.0,0.0,0.029874618907394106,0.03959383249915656,0.011797595067530336,0.012648587706917248,0.02983259370586747,0.039541231903531426,0.011670670174387693,0.012549281423727417,0.12110010765028187,0.1242132488882823,0.03319077659751446,0.17616018221684399
2000,base3,2,146,1,,6586.494620265439,exchangeable_varying_sigma,0.18,fixed,0.18,0.18,fixed,0.18,1.0,0.9,0.051224988672331544,0.0629965730880849,0.014388438674858894,0.01667832180689041,0.046400223990511705,0.05766062298835069,0.009772609938413168,0.013112799826187736,0.12598703485413293,0.15102530644513512,0.2570167245924009,0.32664408596203615
2000,base4,0,144,1,,4548.72544717975,exchangeable_varying_sigma,0.18,fixed,0.18,0.18,fixed,0.18,1.0,0.3,0.03179262911731026,0.04211355100792202,0.011058897902584075,0.011641683714677614,0.03056966181810932,0.040772872596815356,0.010532305901272576,0.011102682892696676,0.15686268988714863,0.16951741473704293,0.046902100189498086,0.25340129192091687
2000,base4,0,144,1,,3437.385813411325,exchangeable_varying_sigma,0.18,fixed,0.18,0.18,fixed,0.18,1.0,0.6,0.03168616935735693,0.04196795939887752,0.012852722561024876,0.01363483416986068,0.02671681898623739,0.035841309181069904,0.011796545335733877,0.013147656751182223,0.1563951158973061,0.17033793889339865,0.08464426799532276,0.3217601882335655
2000,base4,2,146,1,,4030.483192190528,exchangeable_varying_sigma,0.18,fixed,0.18,0.18,fixed,0.18,1.0,0.3,0.029975169885425545,0.039763871487795845,0.011123645783733482,0.013344081946079169,0.029448437970278823,0.03928883627831956,0.009805402185097428,0.011471232880421612,0.12422424790366064,0.1496646102006744,0.04687663929002672,0.20765594778170365
2000,base4,1,145,1,,4992.513629242778,exchangeable_varying_sigma,0.18,fixed,0.18,0.18,fixed,0.18,1.0,0.3,0.028305838614280526,0.03783138956201314,0.010330443391066813,0.01286928833076015,0.02755833782934657,0.03681669260422619,0.009661383601787227,0.0112890338119578,0.11573737983904898,0.12067644062521647,0.007796637032577269,0.16834179303212277
2000,base4,1,145,1,,3300.535859653726,exchangeable_varying_sigma,0.18,fixed,0.18,0.18,fixed,0.18,1.0,0.9,0.028629897250129138,0.038299087700191005,0.014058405311679206,0.016230155376196913,0.015721209124264442,0.021363312678857795,0.01112238702708028,0.012335716729060765,0.09229594509698583,0.1019510111442396,0.09103112845843742,0.2682297455497135
2000,base4,2,146,1,,4161.212135411799,exchangeable_varying_sigma,0.18,fixed,0.18,0.18,fixed,0.18,1.0,0.6,0.02970670468734912,0.039283730568949266,0.0124990645055712,0.015683039627096117,0.02617489902774682,0.03491498189874021,0.010627189889578365,0.013426761892464417,0.12970635216902496,0.15445788520137518,0.08096761153400944,0.27816350485578106
2000,base4,0,144,1,,4059.314540948719,exchangeable_varying_sigma,0.18,fixed,0.18,0.18,fixed,0.18,1.0,0.9,0.031283691665105515,0.041559853576950447,0.014744930763182396,0.015837518871197838,0.01717323315728632,0.023247258133431307,0.013323113325898778,0.01585503545763533,0.15382593674885642,0.16897613445738266,0.12361756839552174,0.4067762233761959
2000,base4,1,145,1,,4237.72182030417,exchangeable_varying_sigma,0.18,fixed,0.18,0.18,fixed,0.18,1.0,0.6,0.028423482523526028,0.0380358783961213,0.012150954796598945,0.014526060969047398,0.02439651834946448,0.03277714460861135,0.010370601248209682,0.011715608544544997,0.10427729598724313,0.11074387788144538,0.03803718292024627,0.20105965498847306
2000,base4,2,146,1,,3427.3503080680966,exchangeable_varying_sigma,0.18,fixed,0.18,0.18,fixed,0.18,1.0,0.9,0.02932827627029381,0.03868605330196363,0.013841477885312398,0.018337146470196904,0.0173725489571121,0.023200522350768745,0.011411328746098431,0.016272738195778225,0.13520548840021523,0.15946363011752504,0.11309245085079833,0.3638129514931317
1000,base1,1,148,1,,907.1045489769895,exchangeable_varying_sigma,0.18,fixed,0.18,0.18,fixed,0.18,1.0,0.3,0.04923943243014679,0.06571886671855208,0.004777100807607848,0.005243689525191539,0.048350755275158405,0.06502093368791553,0.002952566689931879,0.004314160157085433,0.31333332634366984,0.3202187596032951,0.10759545324710165,0.5027170372951447
1000,base1,1,148,1,,933.4713478998747,exchangeable_varying_sigma,0.18,fixed,0.18,0.18,fixed,0.18,1.0,0.6,0.049052907367831515,0.06548888298593532,0.004598946684320121,0.006504280409985853,0.04441733482540172,0.06023203231444821,0.007141747897155826,0.00813179797994508,0.3201735582390869,0.3287915011952783,0.17560034141836844,0.6317152449192397
1000,base1,0,147,1,,956.1518541791011,exchangeable_varying_sigma,0.18,fixed,0.18,0.18,fixed,0.18,1.0,0.3,0.049134121323296025,0.06756392800254356,0.022043790585650008,0.022622878589250824,0.048029407478021174,0.06635776378159089,0.02095717608782799,0.0219597448201952,0.27704693547786075,0.2837196729127375,0.12818225885547951,0.4640150040332852
1000,base1,1,148,1,,1025.5241108350456,exchangeable_varying_sigma,0.18,fixed,0.18,0.18,fixed,0.18,1.0,0.0,0.04809781641432835,0.06473981777951791,0.016154433424249937,0.019158686159731573,0.04803298277948843,0.06477184785329784,0.015622300015382048,0.019142245656277448,0.2809513301996892,0.2891583326341701,0.03910040467431899,0.39930967543975476
1000,base1,2,149,1,,1314.9741577149834,exchangeable_varying_sigma,0.18,fixed,0.18,0.18,fixed,0.18,1.0,0.0,0.05217476437906199,0.07126226593921026,0.03928525779620323,0.04525690228121577,0.05230103960659669,0.07160284655259704,0.04051219430181777,0.046845358899918234,0.311906245120852,0.31575724569132857,0.0060259901132580646,0.4411410177282976
1000,base1,2,149,1,,1324.5017141569406,exchangeable_varying_sigma,0.18,fixed,0.18,0.18,fixed,0.18,1.0,0.3,0.04987771133326611,0.06940013764292853,0.04873151082396164,0.05065505632233509,0.04973916710592992,0.0696194671705849,0.04913477745412961,0.05079779691573747,0.3033136480347038,0.3100962710715555,0.052811004296414776,0.46546457528917534
1000,base1,2,149,1,,1334.799946088111,exchangeable_varying_sigma,0.18,fixed,0.18,0.18,fixed,0.18,1.0,0.6,0.049008642085694575,0.06782704300188803,0.05368675546883425,0.056327107971117896,0.04513865147067176,0.06343099648714408,0.05337745007493043,0.05564720224924859,0.30290832368058895,0.3096973763698542,0.1261206899816697,0.573535373173938
1000,base1,0,147,1,,1346.5396821668837,exchangeable_varying_sigma,0.18,fixed,0.18,0.18,fixed,0.18,1.0,0.9,0.04964193963254469,0.06884553359946657,0.02586983022221878,0.025986387554006233,0.03506482568731213,0.05047483222934379,0.01787746852837971,0.018590987469856816,0.29241400316670085,0.29804868200638607,0.2674101277384008,0.7617888043811408
1000,base1,0,147,1,,1354.235511694802,exchangeable_varying_sigma,0.18,fixed,0.18,0.18,fixed,0.18,1.0,0.6,0.049338203546582526,0.06800421864278565,0.024161924864775947,0.024449171553017526,0.04401973389667844,0.06147648755617143,0.0200357439236494,0.020849069891474267,0.28360280568414364,0.2896793035448686,0.20241574043162575,0.5996061784430196
1000,base1,1,148,1,,1505.4932525230106,exchangeable_varying_sigma,0.18,fixed,0.18,0.18,fixed,0.18,1.0,0.9,0.04874509432972239,0.06502790964510494,0.008714567632838593,0.00982288917725499,0.034978911408767896,0.048392451029690406,0.014430290341888474,0.015668350720860653,0.32578255421313496,0.3369097323177504,0.24019021651157246,0.791569328198272
1000,base1,2,149,1,,1507.1451020028908,exchangeable_varying_sigma,0.18,fixed,0.18,0.18,fixed,0.18,1.0,0.9,0.04786524332754008,0.066087051918376,0.057915562600671655,0.06155148791178202,0.03434218146406612,0.04964668315261778,0.05549577643444632,0.05858155839224003,0.3011305415217898,0.30890127477169427,0.1993764554698183,0.7198212608933032
1000,base1,0,147,1,,1576.9993982231244,exchangeable_varying_sigma,0.18,fixed,0.18,0.18,fixed,0.18,1.0,0.0,0.051077309279219565,0.0710415968089791,0.025486548041007764,0.027551639277908106,0.05122554648592594,0.0713917167914344,0.028096732774930508,0.029824613919719176,0.3057680144585825,0.31288082230778647,0.013862547851295433,0.4326354045998232
1000,base2,0,147,1,,995.4864391810261,exchangeable_varying_sigma,0.18,fixed,0.18,0.18,fixed,0.18,1.0,0.0,0.052472039628916056,0.07175283286207888,0.024714512144278764,0.024877121852910928,0.05271155665458896,0.07213348344718462,0.027517296611594397,0.027678412187249087,0.3072527362329534,0.3155457666032756,0.02875170347237031,0.4354330195523387
1000,base2,1,148,1,,1101.007314899005,exchangeable_varying_sigma,0.18,fixed,0.18,0.18,fixed,0.18,1.0,0.0,0.04737262947330791,0.06420372545132792,0.018482293229324903,0.020941911347044165,0.04729070518718554,0.06419194239930413,0.01744987569458037,0.020319150127748722,0.2845101300259348,0.2925042646128517,0.031869807065730366,0.4036482854994525
1000,base2,2,149,1,,1083.3418025800493,exchangeable_varying_sigma,0.18,fixed,0.18,0.18,fixed,0.18,1.0,0.0,0.05066096231328056,0.06960415414983176,0.03667260073261283,0.04210292669929542,0.05084158951468722,0.06999963719830568,0.03841297556960632,0.04445509418015261,0.3045206155235016,0.31082606941657437,0.0008288832607296518,0.4306579561505389
1000,base2,0,147,1,,1214.71787583502,exchangeable_varying_sigma,0.18,fixed,0.18,0.18,fixed,0.18,1.0,0.3,0.0488673409308769,0.06720669745816117,0.02385735052145757,0.02404569586860626,0.04804125190010967,0.06614641577136315,0.022922743467752055,0.023502981952579622,0.2787524629974751,0.2862919159433254,0.09941401056649232,0.4512863311757449
1000,base2,1,148,1,,1132.486184798181,exchangeable_varying_sigma,0.18,fixed,0.18,0.18,fixed,0.18,1.0,0.6,0.0484227726616931,0.06427624681288925,0.0056559726701305435,0.007539350143429744,0.04338899752360975,0.05911890028863432,0.00788156056348982,0.011053860791427358,0.3179738782480283,0.3272267008871324,0.15771884193231434,0.6166388231024904
1000,base2,1,148,1,,1236.2628330269363,exchangeable_varying_sigma,0.18,fixed,0.18,0.18,fixed,0.18,1.0,0.3,0.0485320555734476,0.06458266137321263,0.005874593394221805,0.006774605121447152,0.04754131849722219,0.06398016939944032,0.00538068889186874,0.007906801612919694,0.3117251648058734,0.31933808132724417,0.0892390407566776,0.492297731377427
1000,base2,2,149,1,,1299.3561748571228,exchangeable_varying_sigma,0.18,fixed,0.18,0.18,fixed,0.18,1.0,0.3,0.05111931659868744,0.07053666143750108,0.05134416788755118,0.053209395158117796,0.050869884473679655,0.07082496892157336,0.052497350143064975,0.05412984797831365,0.29631352567229696,0.3064447803717366,0.06034135469564747,0.4583796690258007
1000,base2,2,149,1,,1287.5627536331303,exchangeable_varying_sigma,0.18,fixed,0.18,0.18,fixed,0.18,1.0,0.6,0.05031820204966373,0.06906087383906705,0.056299412532426416,0.05881726076149726,0.046300919666162274,0.06466757491340246,0.056974584034195766,0.05925116476115245,0.29654761113750927,0.30589806786034585,0.13356408857324026,0.5689669425527761
1000,base2,0,147,1,,1366.1189783171285,exchangeable_varying_sigma,0.18,fixed,0.18,0.18,fixed,0.18,1.0,0.6,0.048912006468755896,0.06734764341472925,0.025975484800583926,0.026328032038989212,0.04394807419122872,0.06115185101748224,0.021822726393436798,0.023003624593903954,0.28480323890880627,0.2916333906860291,0.17438081903337854,0.5805021652482306
1000,base2,0,147,1,,1232.6650936950464,exchangeable_varying_sigma,0.18,fixed,0.18,0.18,fixed,0.18,1.0,0.9,0.049132113893249826,0.06779701453186922,0.027683390158027427,0.028400102487556377,0.034438213613660264,0.04957896599277549,0.01941208044507095,0.02205211663595442,0.2929110429104847,0.29922029386743054,0.24231552356668729,0.741600750012805
1000,base2,1,148,1,,1498.2514148841146,exchangeable_varying_sigma,0.18,fixed,0.18,0.18,fixed,0.18,1.0,0.9,0.04810582296833729,0.06375022171925714,0.008240685186747448,0.010247333546847542,0.03358730462558136,0.04703538066787834,0.01480424360978394,0.01771584236177751,0.32289271850703954,0.33451984771881427,0.2241350275483297,0.7745297761267248
1000,base3,2,149,1,,1004.7052262551151,exchangeable_varying_sigma,0.18,fixed,0.18,0.18,fixed,0.18,1.0,0.0,0.06518586186766424,0.08470459334912502,0.03614632941394649,0.04458708888363692,0.0663716644354761,0.08626999027389684,0.036875327749891135,0.04531074291705255,0.1698615609168473,0.1989202471803837,0.039147157393617175,0.24457735500951017
1000,base3,1,148,1,,1021.4842079340015,exchangeable_varying_sigma,0.18,fixed,0.18,0.18,fixed,0.18,1.0,0.0,0.061677387907210085,0.07881211231499087,0.012483116539262248,0.0158402765868375,0.06266721976790704,0.0801365275070198,0.013069268911256787,0.01576434590720371,0.13929120364558542,0.18158716346451195,0.03440354583141731,0.18658361449303928
1000,base2,2,149,1,,1599.6493390721735,exchangeable_varying_sigma,0.18,fixed,0.18,0.18,fixed,0.18,1.0,0.9,0.0490731798272986,0.06738607275568236,0.060528219664263486,0.06396089736019606,0.03556846762340615,0.05077323926679226,0.05932753500603882,0.06252236618199682,0.29594207607405315,0.3054534418371923,0.20489092655028995,0.7157883681524243
1000,base3,0,147,1,,1524.485412664013,exchangeable_varying_sigma,0.18,fixed,0.18,0.18,fixed,0.18,1.0,0.0,0.06588305427300539,0.08479934147374692,0.023451256918102764,0.028321232180460832,0.06702215893730594,0.08624927367876319,0.026134228169287288,0.03032937274879878,0.15953523237511552,0.1929150063704531,0.0057483793192284385,0.22572032220466262
1000,base3,0,147,1,,1301.4331455149222,exchangeable_varying_sigma,0.18,fixed,0.18,0.18,fixed,0.18,1.0,0.3,0.06466759763020184,0.08315713426869974,0.021983541971394516,0.02547782438950072,0.06493832274890293,0.08352518129349293,0.02114096777557807,0.02371176250700797,0.1353921926455796,0.16793275856157325,0.14977252594566637,0.3074709431665749
1000,base3,0,147,1,,881.7081268718466,exchangeable_varying_sigma,0.18,fixed,0.18,0.18,fixed,0.18,1.0,0.9,0.06487475617660303,0.08398145019755811,0.025809581607965176,0.02812434648196688,0.057773769866741244,0.0742022874364268,0.01798567210153458,0.021342106495895234,0.15013371412585427,0.18083430952310656,0.37128073851605636,0.6717647792224757
1000,base3,1,148,1,,1348.3569798017852,exchangeable_varying_sigma,0.18,fixed,0.18,0.18,fixed,0.18,1.0,0.3,0.06556779357316554,0.08369424483957119,0.005222758414917789,0.00680978250386734,0.06602451813988142,0.0844181507635639,0.007067405422875039,0.008381354125285989,0.17441835962422214,0.2013531168337722,0.14495527336990388,0.3464247356837443
1000,base3,2,149,1,,1296.1168820150197,exchangeable_varying_sigma,0.18,fixed,0.18,0.18,fixed,0.18,1.0,0.3,0.06580341635166208,0.08645023486260879,0.05187043920621849,0.05274115041831551,0.06663842727439688,0.08782231884479932,0.05285083766952686,0.053766522640423385,0.1742377389564079,0.2095150553219779,0.08582464733256012,0.3010609947545649
1000,base3,2,149,1,,950.3497521812096,exchangeable_varying_sigma,0.18,fixed,0.18,0.18,fixed,0.18,1.0,0.9,0.06458457707802386,0.08375979768237639,0.06105449098293053,0.06324631854702671,0.057147283400874195,0.07478284938660264,0.06122260960146336,0.06360828868721063,0.17066646667445684,0.20846755859029042,0.31979177355021293,0.6395812589914347
1000,base3,1,148,1,,1386.3341470248997,exchangeable_varying_sigma,0.18,fixed,0.18,0.18,fixed,0.18,1.0,0.6,0.0653640667304601,0.08357083290729467,0.00746587305615401,0.008075810444559716,0.06348612744204776,0.08129873110922968,0.008829135181023934,0.010428111236601015,0.18292999616273495,0.2107254284993199,0.25447098552151454,0.518426621082473
1000,base3,2,149,1,,1335.8497603898868,exchangeable_varying_sigma,0.18,fixed,0.18,0.18,fixed,0.18,1.0,0.6,0.06526551244138766,0.0852088073453553,0.056825683851090686,0.05822992323879287,0.06344212451570556,0.08332615727930083,0.057793989786208144,0.059310206212739636,0.17312310690442445,0.20891569477386795,0.2014927206996474,0.45416506916085897
1000,base3,0,147,1,,1415.1951277269982,exchangeable_varying_sigma,0.18,fixed,0.18,0.18,fixed,0.18,1.0,0.6,0.06463071409738137,0.08343060592960107,0.02410167625052187,0.026959233050768826,0.06240811295598978,0.08041445399072956,0.0202142401045885,0.022916957336581688,0.14172260942286954,0.17308496221881153,0.2632739524260955,0.4833292670509559
1000,base4,0,147,1,,1219.0957888651174,exchangeable_varying_sigma,0.18,fixed,0.18,0.18,fixed,0.18,1.0,0.0,0.04971543472261196,0.0694805460390134,0.024809277252572662,0.02619438145175018,0.04984263992486146,0.06980292860801429,0.02726154486392468,0.028406834970146136,0.31999341981728163,0.3259604737313708,0.01621660472347227,0.4528076682902998
1000,base3,1,148,1,,1416.2623979069758,exchangeable_varying_sigma,0.18,fixed,0.18,0.18,fixed,0.18,1.0,0.9,0.06492256559690432,0.08318895825682535,0.010606345355987146,0.011179179445608258,0.05759989148355529,0.0741266249235992,0.01129478317536553,0.015201964413020215,0.19065437411317038,0.22050328525849455,0.36158071588697405,0.7097338896946572
1000,base4,1,148,1,,928.7941516388673,exchangeable_varying_sigma,0.18,fixed,0.18,0.18,fixed,0.18,1.0,0.3,0.04775895449072416,0.06399134852092608,0.005250354734384705,0.00535039264419377,0.046844826849156224,0.06327335077457232,0.0037066069436877402,0.005217297936832916,0.328048592824415,0.33338664432950293,0.09575968802647636,0.517893499563104
1000,base4,2,149,1,,1159.123642344959,exchangeable_varying_sigma,0.18,fixed,0.18,0.18,fixed,0.18,1.0,0.0,0.049530751573092294,0.06861558599686536,0.037743042147495576,0.04393816690836459,0.04961695793380783,0.0689368404592967,0.03881547904622762,0.04532760776429415,0.32291128697077714,0.3262617373640434,0.010853477623582523,0.4567837642307908
1000,base4,1,148,1,,1721.1417762020137,exchangeable_varying_sigma,0.18,fixed,0.18,0.18,fixed,0.18,1.0,0.0,0.045429102040184854,0.06214225694981533,0.01599371575200345,0.018967614954595684,0.04537540303228981,0.062146185953789145,0.015271042972957477,0.018758263495165708,0.2947642384752943,0.3017610654211035,0.03976537694844483,0.4187419737905792
1000,base4,1,148,1,,972.9651626739651,exchangeable_varying_sigma,0.18,fixed,0.18,0.18,fixed,0.18,1.0,0.6,0.04748530096895933,0.06374453432751992,0.005316935709985149,0.006549146783585083,0.04251424678351248,0.058218294226813815,0.006195770626112207,0.00828951788523595,0.3350160741898096,0.34179477553570403,0.1589538278275281,0.6423513736777069
1000,base4,0,147,1,,1523.263629287947,exchangeable_varying_sigma,0.18,fixed,0.18,0.18,fixed,0.18,1.0,0.3,0.047659639421370706,0.06583590560832304,0.022666486840332623,0.023022389246263646,0.04659209533328095,0.06456637858511277,0.021407552322665863,0.02212938463431772,0.29226523069763255,0.29749850720434395,0.1110155548833946,0.47551601600561827
1000,base4,0,147,1,,1246.6542248839978,exchangeable_varying_sigma,0.18,fixed,0.18,0.18,fixed,0.18,1.0,0.6,0.0476182210513454,0.06615871679381753,0.02478462111945684,0.024989823559550126,0.04214162652485867,0.05935408101115712,0.0204573329308865,0.02116481768853097,0.2985992272148836,0.30333421894174467,0.18118828498037826,0.6048926911777648
1000,base4,2,149,1,,1307.194074006984,exchangeable_varying_sigma,0.18,fixed,0.18,0.18,fixed,0.18,1.0,0.3,0.04860460050183456,0.06852534789140036,0.05027372647267146,0.05189197570537359,0.04816532677732109,0.0686650171363999,0.05104187589426602,0.052435821372718315,0.31694559862019417,0.3230704096907854,0.04950745874734064,0.48387955944613636
1000,base4,2,149,1,,1172.0017900208477,exchangeable_varying_sigma,0.18,fixed,0.18,0.18,fixed,0.18,1.0,0.6,0.04781094427539621,0.06696159375970329,0.0552289711175428,0.057511221152494615,0.04330870272750508,0.06221546623548605,0.055487412262928804,0.057474452589298626,0.3167239799850772,0.32263130628456677,0.11910998379548815,0.5898856860876003
1000,base4,1,148,1,,1437.182098325109,exchangeable_varying_sigma,0.18,fixed,0.18,0.18,fixed,0.18,1.0,0.9,0.04708784650295305,0.06324543026247562,0.008457408009818451,0.009802197533459614,0.031651099320014815,0.04522640422784973,0.013401988980080798,0.01528062440287061,0.34080659205887176,0.34972705796676357,0.21897901720097845,0.7995226094638191
1000,base4,0,147,1,,1459.991041020956,exchangeable_varying_sigma,0.18,fixed,0.18,0.18,fixed,0.18,1.0,0.9,0.047640562840642525,0.06684672859382991,0.026492526476900286,0.026681563946163396,0.031739599598800156,0.04723483668873152,0.01824494657196385,0.019222762134211428,0.30708421842321865,0.3114864086362695,0.2429234893103982,0.7642774073490627
1000,base4,2,149,1,,1259.2045795640443,exchangeable_varying_sigma,0.18,fixed,0.18,0.18,fixed,0.18,1.0,0.9,0.04671547165764444,0.06519241434904796,0.05945777824937937,0.06267039544544667,0.031441555859328174,0.04741593171056948,0.05783816540501789,0.06062909001778637,0.31522071269541385,0.3218134928995926,0.1887470420307843,0.7346982125841265
2000,base1,1,148,1,,3717.0790535679553,exchangeable_varying_sigma,0.18,fixed,0.18,0.18,fixed,0.18,1.0,0.3,0.031310531829715535,0.04108413302388661,0.015655922709061576,0.018630948357300645,0.02966691117512755,0.03896035170677923,0.014068155438743082,0.01673496122713385,0.12306116275061432,0.12845728268343665,0.04051320469565739,0.20195279477241435
2000,base1,1,148,1,,4378.937201922992,exchangeable_varying_sigma,0.18,fixed,0.18,0.18,fixed,0.18,1.0,0.0,0.03311988879968571,0.0426513577831493,0.007648661832983961,0.010007219800624561,0.033158409231455264,0.04269340075039348,0.006927933894349869,0.009446726219673733,0.13454619654515343,0.14986858282072102,0.016730175806442385,0.19137568326140775
2000,base1,1,148,1,,4102.531111130025,exchangeable_varying_sigma,0.18,fixed,0.18,0.18,fixed,0.18,1.0,0.6,0.0317554116360583,0.04172403956696814,0.01712733662955243,0.020168586800411687,0.02633681211156165,0.0344896292325002,0.013168231559155072,0.016356493982954568,0.12147901124140263,0.12521395790948672,0.08297760684765809,0.2683669479913964
2000,base1,2,149,1,,5302.423016302986,exchangeable_varying_sigma,0.18,fixed,0.18,0.18,fixed,0.18,1.0,0.0,0.03257834099062893,0.042219818359214456,0.005831735459366771,0.007794137547973765,0.032613070839552505,0.04225107392763617,0.005227007060351424,0.007371095024382403,0.11424226541705364,0.11913624074815594,0.017184839369552164,0.1629907509510905
2000,base1,2,149,1,,5586.406318760943,exchangeable_varying_sigma,0.18,fixed,0.18,0.18,fixed,0.18,1.0,0.3,0.0329251101164099,0.04318903994446405,0.008167617979407571,0.011664951764963865,0.032240841271384504,0.04252083578960179,0.008575632646437154,0.011602216082054825,0.12140167897553163,0.1273861923728978,0.032183274521960514,0.19454576515153657
2000,base1,2,149,1,,5464.978159107966,exchangeable_varying_sigma,0.18,fixed,0.18,0.18,fixed,0.18,1.0,0.6,0.03247736487191156,0.04243937067133583,0.008929616503048576,0.01178217528395082,0.02872292648100034,0.03782346086789246,0.010001165835572784,0.011698339506762837,0.12119407605105512,0.1287152214719784,0.07182577981551208,0.25744822464753103
2000,base1,1,148,1,,5488.189150297083,exchangeable_varying_sigma,0.18,fixed,0.18,0.18,fixed,0.18,1.0,0.9,0.032337239590835454,0.04250386326275886,0.018509249672475053,0.02147499683447637,0.019825974037813256,0.02512427977405308,0.01118783602625295,0.014937381460181318,0.12067247428240908,0.12348898066579525,0.12475803316317235,0.35276168535748376
2000,base1,0,147,1,,6758.451742885867,exchangeable_varying_sigma,0.18,fixed,0.18,0.18,fixed,0.18,1.0,0.0,0.03247127771483707,0.0424113990569363,0.014496369112200438,0.016664329321353036,0.032540051967550415,0.04249890345954911,0.015132856881488077,0.01720186174894284,0.144931740441799,0.15449718640110716,0.018925351344822452,0.20623812272871098
2000,base1,0,147,1,,6314.1507994381245,exchangeable_varying_sigma,0.18,fixed,0.18,0.18,fixed,0.18,1.0,0.6,0.03305025000174684,0.04265371977281032,0.023140389349264906,0.024226806317477464,0.029037259450398333,0.037376085429236705,0.025640470127948733,0.026640409340865256,0.11054499657303656,0.1270879034838297,0.08236107132537962,0.25180841902884843
2000,base1,0,147,1,,6630.518832788104,exchangeable_varying_sigma,0.18,fixed,0.18,0.18,fixed,0.18,1.0,0.3,0.032911358039521325,0.04280308386485139,0.02096847537795879,0.02206933869742844,0.03200865010861051,0.04164189779112827,0.022584863577115172,0.023690237977486258,0.11301943286087747,0.12611216260058195,0.03148797376863682,0.18219201792605275
2000,base1,2,149,1,,6145.578596640145,exchangeable_varying_sigma,0.18,fixed,0.18,0.18,fixed,0.18,1.0,0.9,0.0318218424889266,0.04150962079027847,0.009591343045494832,0.011656131588439764,0.02074951146111175,0.026666756424629776,0.011727580852827019,0.012451232647486845,0.11958522544919623,0.12969018966161078,0.11269491083728533,0.33789189600695685
2000,base1,0,147,1,,6401.536835544044,exchangeable_varying_sigma,0.18,fixed,0.18,0.18,fixed,0.18,1.0,0.9,0.03324176658655203,0.04247024406144844,0.025031457651375155,0.02606656358434109,0.02195976408658248,0.02750916453049497,0.028032252573811672,0.028753397183278306,0.1109125121303045,0.13089930335757008,0.13354762042455848,0.34660828354958556
2000,base2,0,147,1,,3312.4133022229653,exchangeable_varying_sigma,0.18,fixed,0.18,0.18,fixed,0.18,1.0,0.0,0.03222134560697184,0.04203016177168849,0.015146652728667956,0.01720423564465123,0.03226848711758935,0.042121098084163394,0.01550801968635146,0.017513001440315062,0.14792187409428778,0.1604085707497719,0.006103299017327375,0.20932236338587787
2000,base2,2,149,1,,3332.2470929000992,exchangeable_varying_sigma,0.18,fixed,0.18,0.18,fixed,0.18,1.0,0.0,0.03215988321607234,0.041661713247061125,0.00500768112429037,0.005530057506048746,0.03218716799955785,0.041689276632454676,0.004810775907406473,0.005365656039266743,0.11484174163368721,0.12161263467091524,0.01725877423944729,0.1638414148286679
2000,base2,1,148,1,,5419.722226014128,exchangeable_varying_sigma,0.18,fixed,0.18,0.18,fixed,0.18,1.0,0.0,0.03309285120362816,0.04325147865365631,0.007030372101617943,0.009778042654798043,0.03321948008064295,0.04341135807744915,0.006502856215849173,0.00940365502656362,0.1360147427680893,0.15331017966680882,0.029217848801201467,0.1956387447043431
2000,base3,0,147,1,,3176.248769965023,exchangeable_varying_sigma,0.18,fixed,0.18,0.18,fixed,0.18,1.0,0.0,0.049985475345286426,0.061828217111004016,0.0169350999590738,0.020156027373161002,0.05090748948730618,0.06296239534961609,0.016719891776291212,0.019666134826394992,0.09098349080022464,0.10775796275730293,0.022430954912588525,0.04627667628862276
2000,base2,0,147,1,,5350.527253598906,exchangeable_varying_sigma,0.18,fixed,0.18,0.18,fixed,0.18,1.0,0.3,0.03075990187406463,0.04052567381053208,0.02158390108119268,0.023083271857207092,0.029767129492528747,0.039261628506614465,0.023448831288174987,0.024908139904209047,0.11477834578927121,0.12859342252451658,0.028086249436812427,0.18270244324917925
2000,base3,1,148,1,,3083.443560535088,exchangeable_varying_sigma,0.18,fixed,0.18,0.18,fixed,0.18,1.0,0.0,0.05049976169908445,0.06241122262265013,0.011614174736326727,0.014331701229155622,0.05145027618253217,0.06361236519677241,0.011035862672796631,0.014426965105052135,0.10379270640661245,0.1237839396516249,0.028002612330730217,0.07287264148928599
2000,base2,1,148,1,,5725.1995574662,exchangeable_varying_sigma,0.18,fixed,0.18,0.18,fixed,0.18,1.0,0.3,0.03228523144480211,0.04244350708944988,0.01660893509065066,0.019172685157610246,0.03042575101357981,0.040366127982623776,0.014989338462415,0.017253280704007383,0.12217180611354021,0.12737543003653687,0.03434853132319626,0.1969196689130279
2000,base2,1,148,1,,5977.459108880954,exchangeable_varying_sigma,0.18,fixed,0.18,0.18,fixed,0.18,1.0,0.6,0.0328259925841374,0.042931875139356264,0.01732791028808596,0.020636649307250683,0.026912189861329563,0.035718930474766826,0.0141457983736267,0.016956487786557964,0.12049557083917267,0.12423449057978209,0.07957557376155266,0.2636817646814179
2000,base2,2,149,1,,6517.948320902884,exchangeable_varying_sigma,0.18,fixed,0.18,0.18,fixed,0.18,1.0,0.3,0.03381883402345486,0.043962457916292545,0.009817398297614091,0.01386594123852995,0.03292336016517021,0.04304232626544835,0.010309748299186183,0.013333344775474973,0.1229206262557045,0.13038952963168704,0.03986580525594702,0.20134897544777025
2000,base2,0,147,1,,6278.014060967136,exchangeable_varying_sigma,0.18,fixed,0.18,0.18,fixed,0.18,1.0,0.6,0.030769386337974405,0.040422603331984046,0.02375581505249713,0.02525071353207015,0.0265934946524436,0.0348864699379165,0.026807003926934192,0.028119990820977894,0.11208226925486202,0.1285422084475121,0.07624195178573145,0.2480840278755141
2000,base2,2,149,1,,6412.524339920841,exchangeable_varying_sigma,0.18,fixed,0.18,0.18,fixed,0.18,1.0,0.6,0.033522298084374,0.04340729699224692,0.010498363229222693,0.014098493916487811,0.02927651011982165,0.03828349949196472,0.011710745914191675,0.013285412103535699,0.12273169553032474,0.132368370596787,0.07966447781938724,0.26706861132766885
2000,base2,2,149,1,,6170.595877622021,exchangeable_varying_sigma,0.18,fixed,0.18,0.18,fixed,0.18,1.0,0.9,0.032999579530658414,0.04270869259273938,0.011000121869461976,0.014084606820151443,0.020884990890019967,0.027062374923171303,0.013377598983210323,0.013728620723453829,0.12111071537622389,0.1340045017282256,0.12052197882374949,0.3488856901882036
2000,base2,0,147,1,,6591.580142281018,exchangeable_varying_sigma,0.18,fixed,0.18,0.18,fixed,0.18,1.0,0.9,0.031011246986071956,0.04040212532401595,0.02564688335461368,0.02710366835010949,0.019213607230427924,0.024962713228115767,0.029607601525051402,0.030555087783943138,0.11215267035073942,0.13116336466458303,0.12423291111864099,0.33822892306907465
2000,base3,0,147,1,,3110.1449974279385,exchangeable_varying_sigma,0.18,fixed,0.18,0.18,fixed,0.18,1.0,0.3,0.05013085483254116,0.062152904382143104,0.020995526090208272,0.024104514509475053,0.05062090762394238,0.06279801433510036,0.021302112802477596,0.02447588684180072,0.10862514229552213,0.12768610501557345,0.07760959088947561,0.12204430251281016
2000,base2,1,148,1,,6996.958393671084,exchangeable_varying_sigma,0.18,fixed,0.18,0.18,fixed,0.18,1.0,0.9,0.03343986007279409,0.04344872627702957,0.01870345672628511,0.021846388701958694,0.019709127531035098,0.025886664341044953,0.011802173039664784,0.0157884881775379,0.11967483274021068,0.12298589545322561,0.12527388127402617,0.35168540853806646
2000,base3,2,149,1,,3109.102871717885,exchangeable_varying_sigma,0.18,fixed,0.18,0.18,fixed,0.18,1.0,0.3,0.050658176650477366,0.06297123950922827,0.006621732906494565,0.0077343225041045256,0.05135247294714205,0.06396560039573017,0.007936186031274023,0.008889174811202051,0.08948709785280033,0.10708242476448294,0.0586333439058524,0.0963654846808483
2000,base3,2,149,1,,5597.848995710025,exchangeable_varying_sigma,0.18,fixed,0.18,0.18,fixed,0.18,1.0,0.0,0.05064608934126458,0.06275785288335937,0.008978605314122895,0.01196650465698999,0.051613738407078426,0.06392776655244131,0.008209273314110088,0.011405950779543955,0.09500925211913054,0.11330509305504463,0.009551507111400646,0.08003894265125311
2000,base3,1,148,1,,5453.3907174819615,exchangeable_varying_sigma,0.18,fixed,0.18,0.18,fixed,0.18,1.0,0.3,0.05100662728263569,0.0637599301292434,0.019021856585064265,0.022470139818327222,0.0512270893428123,0.06397572346733248,0.01716295505827034,0.020834862050835602,0.09119202326207611,0.10794545919760094,0.07449311919219023,0.10791182517487388
2000,base4,1,148,1,,3390.8916973178275,exchangeable_varying_sigma,0.18,fixed,0.18,0.18,fixed,0.18,1.0,0.0,0.02988854608565241,0.03969389156397595,0.007375821398671378,0.010165075464189202,0.029894177360568323,0.03971809424442385,0.007086883488511331,0.009817901371610717,0.15290396729587555,0.16372501323578342,0.02395924582756746,0.2181354716012315
2000,base4,0,147,1,,3104.198423204012,exchangeable_varying_sigma,0.18,fixed,0.18,0.18,fixed,0.18,1.0,0.3,0.029598551672080524,0.03920629207961953,0.021189284516540563,0.022518058398962617,0.02840716156082106,0.03785500122083435,0.022630102260402934,0.02398527600564719,0.1317413689490769,0.1399464151211912,0.025853067808149943,0.20589324735290385
2000,base3,0,147,1,,5718.965659788111,exchangeable_varying_sigma,0.18,fixed,0.18,0.18,fixed,0.18,1.0,0.6,0.05030702375350892,0.06217775178586377,0.02316744006151572,0.025942064580401478,0.04884212568489468,0.06049438621618807,0.02376538576060791,0.02660777775823728,0.1131739656336264,0.13289703056009908,0.16813481539454295,0.21830472464741668
2000,base3,1,148,1,,5217.088471509982,exchangeable_varying_sigma,0.18,fixed,0.18,0.18,fixed,0.18,1.0,0.6,0.05128243580053349,0.06404978190595019,0.019740831782500398,0.023310354828555178,0.04942888165536172,0.06167687776382507,0.016128624566299946,0.01992300474819612,0.08907652972699143,0.10456152421201577,0.16061201668789205,0.21006442209004622
2000,base3,0,147,1,,5902.821972811827,exchangeable_varying_sigma,0.18,fixed,0.18,0.18,fixed,0.18,1.0,0.9,0.05048423323332603,0.06224516925489732,0.025058508363629994,0.027455620489733212,0.04506660518968507,0.0559769890039085,0.025510123007341567,0.027754654481616733,0.11672522389682562,0.13668430504790574,0.2591270405337964,0.32343220017625585
2000,base4,1,148,1,,3608.454705012031,exchangeable_varying_sigma,0.18,fixed,0.18,0.18,fixed,0.18,1.0,0.3,0.029313871337177583,0.03906853445015368,0.016662663817817405,0.01922393760410765,0.02750556545555034,0.036794520240302046,0.015127922688120576,0.01745990907712654,0.14364473472147107,0.1463821747602214,0.031453777371829916,0.2259994451996812
2000,base3,2,149,1,,6489.138820507098,exchangeable_varying_sigma,0.18,fixed,0.18,0.18,fixed,0.18,1.0,0.6,0.05006924036759586,0.06220374031190837,0.006011776597879603,0.007493385042453604,0.04905806952428609,0.06110083609449428,0.007764801524317383,0.009145604111142297,0.0891108446042642,0.1075705278375144,0.14254766106915384,0.18344894048154647
2000,base4,2,149,1,,3353.707113151904,exchangeable_varying_sigma,0.18,fixed,0.18,0.18,fixed,0.18,1.0,0.3,0.030730365681685762,0.040942090383026035,0.008049366869515406,0.011327621901044973,0.03010554506002091,0.04025143291514366,0.008567050870231144,0.011108503076683015,0.13892050640481057,0.1430216768705889,0.0275552391021483,0.21714747181073918
2000,base3,1,148,1,,6258.354467632016,exchangeable_varying_sigma,0.18,fixed,0.18,0.18,fixed,0.18,1.0,0.9,0.05162592320078344,0.06433318243888297,0.019910227283517795,0.02376235304103383,0.045764119737488916,0.05726676351222035,0.013632464616724821,0.017381674243202222,0.08785538684020798,0.10209670461224837,0.24773157262887602,0.3179763072825476
2000,base3,2,149,1,,6101.919178991113,exchangeable_varying_sigma,0.18,fixed,0.18,0.18,fixed,0.18,1.0,0.9,0.04929042998796444,0.06120779324059091,0.0061014713113964475,0.00707922278911474,0.04420199107560882,0.055329225618665684,0.008098319499809908,0.01033063778714474,0.08976044648720984,0.10949845487235578,0.22826198731864855,0.28393706465633667
2000,base4,0,147,1,,6172.897708958946,exchangeable_varying_sigma,0.18,fixed,0.18,0.18,fixed,0.18,1.0,0.0,0.02976052852875404,0.03946560607955402,0.015211714547341021,0.0171756307048427,0.02979043928881631,0.03950854385769893,0.015699788680448107,0.01761184890050446,0.16439566724996857,0.17107245237221372,0.015915416842738297,0.23325007429536593
2000,base4,2,149,1,,6285.114490452921,exchangeable_varying_sigma,0.18,fixed,0.18,0.18,fixed,0.18,1.0,0.0,0.029658129015672344,0.03955613934811855,0.00584798618415977,0.0073828453395762585,0.029689624098009484,0.039573752775935396,0.005372126650895398,0.007071366016988839,0.13166787788709886,0.1349894554605583,0.01846051313948177,0.18758137630530355
2000,base4,0,147,1,,3672.727972811088,exchangeable_varying_sigma,0.18,fixed,0.18,0.18,fixed,0.18,1.0,0.6,0.02971824104433349,0.0391035437678529,0.023361198487845902,0.024638771301492703,0.024944805862841476,0.03313581764334916,0.025696308552880742,0.02692719604316426,0.12911100577817172,0.1397904400022398,0.07055494036762011,0.26820227497916654
2000,base4,0,147,1,,3212.8789606511127,exchangeable_varying_sigma,0.18,fixed,0.18,0.18,fixed,0.18,1.0,0.9,0.029993427274731584,0.0390276480801528,0.025252266789959177,0.026435282309746677,0.016284387268936627,0.02154492165744403,0.028073639899619834,0.02895462143514271,0.12924047843592462,0.14253830941611093,0.11541833800719226,0.35696825330535836
2000,base4,2,149,1,,3534.8839189319406,exchangeable_varying_sigma,0.18,fixed,0.18,0.18,fixed,0.18,1.0,0.6,0.030172449237773076,0.040139470412736244,0.008730331801119734,0.011449637724647044,0.026212682764088845,0.035151006601755776,0.010004944100591134,0.011188859905286978,0.1387881473818606,0.144155626620064,0.06256523044091866,0.27594778776101475
2000,base4,1,148,1,,3845.035601272015,exchangeable_varying_sigma,0.18,fixed,0.18,0.18,fixed,0.18,1.0,0.6,0.029710611609555248,0.03965095134783611,0.01738163901525608,0.02060333754041811,0.023652424897809735,0.0317712218216314,0.014161747426253896,0.01688865274502995,0.14210237195527736,0.1438572874373887,0.06953046981112188,0.28702756649492295
2000,base4,1,148,1,,2577.621319777798,exchangeable_varying_sigma,0.18,fixed,0.18,0.18,fixed,0.18,1.0,0.9,0.030254997387999187,0.04030704756794632,0.01868782988250592,0.02170765264576426,0.014885368812557611,0.020216478363966898,0.011643964466168708,0.015049310121422178,0.14127063816329422,0.14272469267692825,0.10772464656856684,0.36933309620622135
2000,base4,2,149,1,,2198.6081793571357,exchangeable_varying_sigma,0.18,fixed,0.18,0.18,fixed,0.18,1.0,0.9,0.029439164666137167,0.03912052219160929,0.009232090441362584,0.011332286743527212,0.016400029515900624,0.02218555848094092,0.011787594536540241,0.012092105484318428,0.1372946510042376,0.14486373496244795,0.09901025613313219,0.35361911841976934
1000,base1,1,151,1,,728.2609820719808,exchangeable_varying_sigma,0.18,fixed,0.18,0.18,fixed,0.18,1.0,0.9,0.04825336916274561,0.06478323222508829,0.035029693125834885,0.04270020546295536,0.033498314209299426,0.04482970538052892,0.03775795467314798,0.04094589604460974,0.3205276996106439,0.3264736583523395,0.2357954125796209,0.7798230076779109
1000,base2,0,150,1,,678.0505244918168,exchangeable_varying_sigma,0.18,fixed,0.18,0.18,fixed,0.18,1.0,0.0,0.050794658560360834,0.0694247557509241,0.03245181594792351,0.041318246413447085,0.050982364967746996,0.06997410114700914,0.03107943887354607,0.04135929994745584,0.3353720295544463,0.34976264646351074,0.006774490595599551,0.474330414072757
1000,base1,1,151,1,,1542.9102578740567,exchangeable_varying_sigma,0.18,fixed,0.18,0.18,fixed,0.18,1.0,0.3,0.04737908876966942,0.06357671534748703,0.0279980098641954,0.033126501130841146,0.046558544334970905,0.062377067389163154,0.030190084565691874,0.034093075565654184,0.28885915180861876,0.2961162998326446,0.12889953945468688,0.4800809738688594
1000,base1,1,151,1,,1620.5496340151876,exchangeable_varying_sigma,0.18,fixed,0.18,0.18,fixed,0.18,1.0,0.6,0.04768268979596488,0.06404754397766038,0.03155240161731093,0.03777825395898467,0.04278815775903615,0.05723087311726051,0.03385772186998205,0.03739190496065045,0.30415791048136925,0.3108913031255286,0.18847445115105688,0.6178739236993515
1000,base1,0,150,1,,1682.949653616175,exchangeable_varying_sigma,0.18,fixed,0.18,0.18,fixed,0.18,1.0,0.0,0.051685230699804005,0.06999592548085407,0.032619176799198485,0.03835021355897039,0.05188824818627584,0.07055015756269456,0.03162134714201102,0.038790984172165976,0.33591099146582665,0.3502657034493268,0.012141426586307048,0.47518671269752066
1000,base1,2,152,1,,1744.6197201386094,exchangeable_varying_sigma,0.18,fixed,0.18,0.18,fixed,0.18,1.0,0.3,0.053380340386965944,0.07933442315871815,0.03728436791330336,0.040944138553390866,0.05174508812764107,0.0771203952894288,0.03904003943688253,0.044002547146517704,0.24879824748702778,0.25717495255074846,0.09237361249050788,0.40655973415769603
1000,base2,1,151,1,,422.1156608723104,exchangeable_varying_sigma,0.18,fixed,0.18,0.18,fixed,0.18,1.0,0.0,0.04944544481428645,0.0657853971456615,0.012963606750685586,0.014245899317565772,0.04949620564742412,0.06600367949684706,0.013864694733990407,0.015865907169810824,0.26861337712792444,0.27468836200789354,0.025023888580061025,0.3807574414348374
1000,base1,0,150,1,,1993.1471779122949,exchangeable_varying_sigma,0.18,fixed,0.18,0.18,fixed,0.18,1.0,0.9,0.052164308662007705,0.07202456850547267,0.04383237009373092,0.05057133079914051,0.036956751165780094,0.053064026329933074,0.043626432937694526,0.0484052252987615,0.3379199128715783,0.3525273391575334,0.22134527996691256,0.7966165027679816
1000,base1,2,152,1,,2013.205070650205,exchangeable_varying_sigma,0.18,fixed,0.18,0.18,fixed,0.18,1.0,0.9,0.055804388137541336,0.08534917054659835,0.04636979938509661,0.049911445621965304,0.03993680850481236,0.06347289686438147,0.04672374940493651,0.05160597779980777,0.2555556608133926,0.2641957769365701,0.2455595568103084,0.6866106471919697
1000,base1,2,152,1,,2016.5758011247963,exchangeable_varying_sigma,0.18,fixed,0.18,0.18,fixed,0.18,1.0,0.6,0.05439684341563754,0.08213401923925086,0.04187484423966087,0.045491987092497056,0.04810390140696334,0.07326152597116407,0.04324636670143067,0.04829688887508029,0.2498866916279716,0.25810749138952443,0.17242286911928206,0.5299705040068192
1000,base1,1,151,1,,2053.3860722854733,exchangeable_varying_sigma,0.18,fixed,0.18,0.18,fixed,0.18,1.0,0.0,0.05059065775726834,0.06656435266745596,0.014842021673619754,0.015438656187391278,0.05070297644115085,0.06685617817967668,0.015771810112787388,0.01670588633162313,0.2708353334583246,0.2756490429515741,0.04560513147068179,0.38589527885119723
1000,base1,0,150,1,,2196.896262584254,exchangeable_varying_sigma,0.18,fixed,0.18,0.18,fixed,0.18,1.0,0.3,0.05189798684674664,0.07170693477962309,0.03418310092147306,0.038434788854540276,0.05085948201093734,0.07079315260805003,0.03149269847394304,0.03414610650727219,0.34382196038080337,0.3534746841943012,0.0620875196243017,0.5270996585925519
1000,base1,2,152,1,,2206.045910390094,exchangeable_varying_sigma,0.18,fixed,0.18,0.18,fixed,0.18,1.0,0.0,0.05488160224638185,0.07855672872711496,0.01659255031499987,0.027110587911045186,0.05505710760265752,0.07909937335854184,0.019394060766661253,0.03171468128535652,0.28707127612544603,0.2975725592266898,0.039785568148417064,0.407956982130431
1000,base1,0,150,1,,2219.0051030814648,exchangeable_varying_sigma,0.18,fixed,0.18,0.18,fixed,0.18,1.0,0.6,0.052187411167573965,0.07198364584579205,0.03896213237106852,0.04430114793511924,0.046705803521703816,0.06557109319194006,0.03696514186400973,0.04023351025021047,0.3417152046470896,0.3530870735987184,0.14024956247100062,0.640606357474925
1000,base2,0,150,1,,763.4112425632775,exchangeable_varying_sigma,0.18,fixed,0.18,0.18,fixed,0.18,1.0,0.3,0.05238984591341992,0.07180763634099137,0.03336872284343395,0.036052948300452546,0.050968000459378215,0.07066994437409936,0.03087144969492739,0.03221942150532556,0.34681267372286223,0.3566978299198524,0.06165936123087118,0.5312381386959655
1000,base2,0,150,1,,711.9080926962197,exchangeable_varying_sigma,0.18,fixed,0.18,0.18,fixed,0.18,1.0,0.6,0.052683583140025664,0.07208745091062556,0.03814775429303047,0.041793282769290035,0.046566067680792585,0.06523189294293119,0.03674017801835555,0.038599828455945194,0.34439032181559265,0.35555619113668946,0.14201286810123037,0.6456752807423115
1000,base2,2,152,1,,920.7687908355147,exchangeable_varying_sigma,0.18,fixed,0.18,0.18,fixed,0.18,1.0,0.3,0.051939032147591345,0.07799923495212244,0.034342288962163764,0.039961218820985536,0.050103865265484895,0.0756111223910155,0.036250153597603946,0.043209825651529865,0.2491453004136914,0.25794702479706405,0.07535163545861864,0.39829329592902046
1000,base2,1,151,1,,1000.8758412245661,exchangeable_varying_sigma,0.18,fixed,0.18,0.18,fixed,0.18,1.0,0.3,0.04766158416290837,0.06375199877438292,0.029876424787130734,0.03409421519159787,0.04674926552234283,0.062484574735513394,0.03209735647634364,0.03531587584242367,0.2884295240198123,0.2954712315435465,0.12591769788519575,0.47793874879554554
1000,base3,0,150,1,,433.6722821816802,exchangeable_varying_sigma,0.18,fixed,0.18,0.18,fixed,0.18,1.0,0.3,0.06546447103611305,0.0852174169102985,0.029971657578637845,0.0358064067792326,0.06576321227663663,0.08577353103793739,0.026265276626103146,0.029506351654124987,0.2154712857342222,0.2472060102167831,0.1349878081283863,0.3886202699602348
1000,base3,2,152,1,,837.8348830472678,exchangeable_varying_sigma,0.18,fixed,0.18,0.18,fixed,0.18,1.0,0.0,0.06980822129973556,0.09252781492846109,0.014838489479611014,0.023921241260267612,0.07090365776026347,0.09414653470502612,0.020215106186145693,0.029337258242399977,0.14431804797020079,0.18439864099822792,0.034381081528838,0.2082939868238246
1000,base3,1,151,1,,644.5447750650346,exchangeable_varying_sigma,0.18,fixed,0.18,0.18,fixed,0.18,1.0,0.3,0.06360592639924227,0.08151586567266961,0.02136353745871404,0.024055300000992815,0.0634673761730132,0.08104998905478566,0.02229685711851004,0.0250864252712259,0.15764956297609298,0.18680908629706908,0.1396814117608503,0.32126688953340665
1000,base3,0,150,1,,452.3417685907334,exchangeable_varying_sigma,0.18,fixed,0.18,0.18,fixed,0.18,1.0,0.6,0.065646401141443,0.08543378751025044,0.03475068902823705,0.04181442367666986,0.06316047242831395,0.08224408210997325,0.031093543636361076,0.03517389757426958,0.21362464056052652,0.24596874279803324,0.2459121667498717,0.545953287309368
1000,base3,1,151,1,,612.8355965390801,exchangeable_varying_sigma,0.18,fixed,0.18,0.18,fixed,0.18,1.0,0.6,0.06411778022428571,0.08218667679683128,0.023734683644266605,0.02811289282095763,0.061128948017589085,0.07784949731756508,0.023766271559122684,0.028049513040330702,0.17172573245403688,0.20014865873680596,0.23988902651326077,0.4909595659579644
1000,base3,0,150,1,,437.21602544002235,exchangeable_varying_sigma,0.18,fixed,0.18,0.18,fixed,0.18,1.0,0.9,0.06574389796682363,0.08551475221138505,0.039620926750899316,0.04825091396783064,0.057645626941829814,0.07505828937321586,0.03683829427331625,0.042740092185860286,0.2098534868800859,0.24434897557598464,0.35661083772059177,0.7287568464259832
1000,base2,2,152,1,,2377.4892229028046,exchangeable_varying_sigma,0.18,fixed,0.18,0.18,fixed,0.18,1.0,0.0,0.056451836858991813,0.07985626184836044,0.017697208457149255,0.030202283934877464,0.056688913841979466,0.0804855958345764,0.02155930071208087,0.035026867566940734,0.2890776793207198,0.30064499393089866,0.036965299221639464,0.41050338489532034
1000,base2,2,152,1,,1980.8957912102342,exchangeable_varying_sigma,0.18,fixed,0.18,0.18,fixed,0.18,1.0,0.6,0.05289712511950349,0.08064549694162948,0.03893276528852238,0.04421519816667775,0.04620322117293015,0.07151756418548912,0.04038258906217296,0.047289886265865375,0.2497155223996264,0.2586928120258001,0.15460013176160026,0.515790496512661
1000,base2,1,151,1,,2051.358638986945,exchangeable_varying_sigma,0.18,fixed,0.18,0.18,fixed,0.18,1.0,0.6,0.04775829508445449,0.06414457935200014,0.03343081654024484,0.03876936668163494,0.042612612292096126,0.05716224788824918,0.03570636280755013,0.038524370905439795,0.30333549416411204,0.30978833096887654,0.18523544493444788,0.614432160143349
1000,base3,2,152,1,,1411.1552462410182,exchangeable_varying_sigma,0.18,fixed,0.18,0.18,fixed,0.18,1.0,0.3,0.06551317088298578,0.090022099183122,0.03440167939225619,0.03847114810455438,0.0653344656069195,0.08945148045188545,0.03621224350606081,0.04174951462242183,0.11609443459301334,0.15676719283306684,0.1252518780651424,0.25773875667870005
1000,base3,2,152,1,,792.3228256069124,exchangeable_varying_sigma,0.18,fixed,0.18,0.18,fixed,0.18,1.0,0.6,0.06660900097855202,0.09255373652167614,0.03899215571861231,0.04328289581134862,0.06344644864189115,0.08733813542842493,0.040440678740155916,0.04570494297941921,0.11937412485284557,0.15633074701226768,0.23827857438230116,0.42449792616649723
1000,base2,1,151,1,,2209.9688166175038,exchangeable_varying_sigma,0.18,fixed,0.18,0.18,fixed,0.18,1.0,0.9,0.04817691679926073,0.06475850692000999,0.03690810804877119,0.0437154264555927,0.03274504633525552,0.044423332418562354,0.03954465213086976,0.04205368565463528,0.31929715320967705,0.32494525713206585,0.2325694581914436,0.7753446559398585
1000,base2,0,150,1,,2259.292149713263,exchangeable_varying_sigma,0.18,fixed,0.18,0.18,fixed,0.18,1.0,0.9,0.05265989534813623,0.07212298047321673,0.04301799201569137,0.047934289944275156,0.036521266168786384,0.05253093999158509,0.04391838447751631,0.04709368498373672,0.34002675310196867,0.3538871855052699,0.22672436274249574,0.8040406291440041
1000,base3,2,152,1,,419.3955500535667,exchangeable_varying_sigma,0.18,fixed,0.18,0.18,fixed,0.18,1.0,0.9,0.06824927256935916,0.0956281532894027,0.043487110864047024,0.048038052728625394,0.05980032862114068,0.08242084441832681,0.04416890201781026,0.04898309837626784,0.12580533902176194,0.16031968544441355,0.34574923061913154,0.6036835778959243
1000,base3,1,151,1,,2130.4080501385033,exchangeable_varying_sigma,0.18,fixed,0.18,0.18,fixed,0.18,1.0,0.0,0.06296055894072652,0.0801315308322954,0.026318287981480226,0.02953987788191963,0.06401062027138785,0.0814923691630885,0.02724515549043563,0.029965480205639577,0.1488231159691544,0.17935513927274144,0.06141754707026714,0.21812241349138312
1000,base2,2,152,1,,2166.9496842678636,exchangeable_varying_sigma,0.18,fixed,0.18,0.18,fixed,0.18,1.0,0.9,0.054273198477396235,0.08371291580344933,0.043427720433957456,0.048305541408543554,0.037485259615806704,0.06120500431341106,0.04372471665987335,0.050240539158973134,0.2546776865745768,0.26444491923052454,0.227804807055919,0.6694177577163926
1000,base3,0,150,1,,2210.355442268774,exchangeable_varying_sigma,0.18,fixed,0.18,0.18,fixed,0.18,1.0,0.0,0.06762874889483954,0.08705141533278146,0.03268092373503412,0.03980141787485448,0.06887807817031698,0.08864513193508052,0.03195095049707672,0.04021679257476613,0.19732840314682784,0.24299161300339409,0.01957369802617229,0.27962197016606116
1000,base4,1,151,1,,649.7818839512765,exchangeable_varying_sigma,0.18,fixed,0.18,0.18,fixed,0.18,1.0,0.6,0.04638718764513975,0.06275696948325749,0.029914593578766746,0.0357670825923046,0.04088464231217,0.05534542496923487,0.031851671356597486,0.03507938535538119,0.31780978562311085,0.3228916534049729,0.180543718894551,0.6316732203652735
1000,base3,1,151,1,,1226.9066347777843,exchangeable_varying_sigma,0.18,fixed,0.18,0.18,fixed,0.18,1.0,0.9,0.06481810491739887,0.083075452328378,0.02574026326139367,0.0325887059487884,0.055767059832956704,0.07106746435015077,0.025095030939820184,0.031009704410125,0.18804302041547302,0.21436309974246845,0.3323416239286402,0.6755094883695407
1000,base4,2,152,1,,466.6335463579744,exchangeable_varying_sigma,0.18,fixed,0.18,0.18,fixed,0.18,1.0,0.9,0.052634886183921425,0.0826656733393838,0.04476353404798833,0.04879122833690109,0.03459388869317353,0.05933489955831193,0.044565283057923705,0.04980400045414769,0.26867390807093217,0.27592635196052734,0.22687229120267904,0.690542751686763
1000,base4,1,151,1,,1809.4778184331954,exchangeable_varying_sigma,0.18,fixed,0.18,0.18,fixed,0.18,1.0,0.3,0.046033742508124254,0.0622242798447336,0.026360201825652338,0.031133546429924032,0.04504022793311431,0.06079778648009525,0.028407266933272182,0.0320038305226208,0.3026470844215074,0.3082262243340645,0.1255426068202809,0.4967916949098026
1000,base4,1,151,1,,2259.2306984160095,exchangeable_varying_sigma,0.18,fixed,0.18,0.18,fixed,0.18,1.0,0.0,0.048254484421921436,0.06398642835270106,0.016479829712165245,0.017484759347501756,0.048318769151210354,0.06426194106951946,0.01729520714700758,0.01855295328961734,0.285324551456307,0.28981405014111167,0.03969907023974249,0.4054998576021028
1000,base4,2,152,1,,2256.5120031125844,exchangeable_varying_sigma,0.18,fixed,0.18,0.18,fixed,0.18,1.0,0.0,0.053701462627714205,0.07742841298096559,0.015392037654481217,0.027309079873197854,0.05385657582277192,0.0779752204779954,0.018542247519493127,0.03155121420411403,0.30037742591253486,0.30916902960823983,0.03951073451703017,0.4265928068577551
1000,base4,0,150,1,,2476.3664249256253,exchangeable_varying_sigma,0.18,fixed,0.18,0.18,fixed,0.18,1.0,0.0,0.049907534978291986,0.06843331726256849,0.03257294988842033,0.039542698401412016,0.05000406633547024,0.06890019287931949,0.03153943033619036,0.03980804857578219,0.3492871392598465,0.3618111750783543,0.005314476529254504,0.4939908193221724
1000,base4,0,150,1,,2278.4437641296536,exchangeable_varying_sigma,0.18,fixed,0.18,0.18,fixed,0.18,1.0,0.6,0.049831152487072414,0.06990131580335476,0.0378348113751899,0.042797613851926215,0.04354925694609548,0.06279446275303437,0.035642331012230744,0.038574593795039205,0.3583609605527104,0.3678512036589216,0.1344595687406186,0.6621161467085612
1000,base4,0,150,1,,2468.5259060058743,exchangeable_varying_sigma,0.18,fixed,0.18,0.18,fixed,0.18,1.0,0.3,0.04947740079893771,0.06961913847844672,0.033055779925592554,0.03692631428496743,0.048084760670018635,0.06845168622557309,0.030202203183782167,0.0324850674180345,0.3605261528351642,0.3688107849739271,0.061729134179992956,0.5509524808396745
1000,base4,1,151,1,,2355.6642345301807,exchangeable_varying_sigma,0.18,fixed,0.18,0.18,fixed,0.18,1.0,0.9,0.047002539896421565,0.06354653484674178,0.03339188508729056,0.040677550740244706,0.030411188126341013,0.04183533129699677,0.03545447463116408,0.03832633788325994,0.33402968099067815,0.3384008655130675,0.2231165360910412,0.791669850570474
1000,base4,2,152,1,,2462.176506008953,exchangeable_varying_sigma,0.18,fixed,0.18,0.18,fixed,0.18,1.0,0.6,0.0509572981048187,0.07936706681821638,0.04026857890255148,0.04440209611542521,0.04411014884384966,0.06993280270039887,0.04124845921555784,0.04672013925645897,0.263324332342175,0.2700460121592552,0.1583423387796043,0.5380849071307696
1000,base4,2,152,1,,2577.735984912142,exchangeable_varying_sigma,0.18,fixed,0.18,0.18,fixed,0.18,1.0,0.3,0.04986689643110314,0.07652667386678556,0.03567810257619447,0.03988290649577581,0.04809444645621755,0.07408203982159207,0.037157419150489174,0.042601198155496074,0.26249283519014993,0.2692045410712567,0.08292465344749522,0.42065663653781427
1000,base4,0,150,1,,2482.916065650061,exchangeable_varying_sigma,0.18,fixed,0.18,0.18,fixed,0.18,1.0,0.9,0.049949648578826264,0.06995289384209914,0.04270504909785086,0.04907263366800489,0.032562792164068086,0.0491443711777002,0.0422853542585889,0.04678176591167595,0.35437159946787333,0.36638111494695474,0.2102458022968695,0.8152406731680739
2000,base1,0,150,1,,3275.269470853731,exchangeable_varying_sigma,0.18,fixed,0.18,0.18,fixed,0.18,1.0,0.0,0.033410989564800736,0.04348684639950775,0.01699094956177591,0.021827880630694945,0.03344223449320935,0.04357423342605294,0.016520173590034604,0.021577081352464708,0.10919174027721003,0.13320952796222496,0.006921875274123674,0.15466645716451075
2000,base1,1,151,1,,3337.962532663718,exchangeable_varying_sigma,0.18,fixed,0.18,0.18,fixed,0.18,1.0,0.0,0.03139927214318745,0.04044726772951163,0.01938503418091858,0.021314059904863007,0.03142421138390019,0.04050612728140189,0.020028430857519194,0.02180809634232653,0.12602649420774756,0.13454241180644566,0.00949125023853458,0.1786140305069321
2000,base1,1,151,1,,3720.2167968042195,exchangeable_varying_sigma,0.18,fixed,0.18,0.18,fixed,0.18,1.0,0.6,0.032434052534103024,0.04181996602951436,0.026383325875169727,0.027345074050121595,0.027649339649473057,0.03588154596249936,0.0280073566069593,0.02989919547346698,0.12717079411978363,0.133690735376555,0.08706356013537553,0.280591881937203
2000,base1,0,150,1,,3800.5718608330935,exchangeable_varying_sigma,0.18,fixed,0.18,0.18,fixed,0.18,1.0,0.6,0.03390755516156726,0.04420430282863344,0.011032097534148369,0.011761673856062697,0.029389048234792353,0.03809719762487397,0.012489329082039716,0.01324075737310234,0.12018085568488829,0.14456893439769453,0.10789379368430335,0.29088360224697635
2000,base1,2,152,1,,4870.343227589503,exchangeable_varying_sigma,0.18,fixed,0.18,0.18,fixed,0.18,1.0,0.0,0.03283418201564553,0.04186453261110467,0.01614527392903453,0.017151019228319422,0.03286161510554624,0.0419425818538696,0.015449189427402255,0.0165843636255291,0.1494645748160154,0.16217764093292186,0.0287211641503072,0.21417938400646352
2000,base2,0,150,1,,3676.889511084184,exchangeable_varying_sigma,0.18,fixed,0.18,0.18,fixed,0.18,1.0,0.0,0.03325107578390211,0.04385465102759574,0.01718196615886272,0.023183106055613904,0.033317943271775285,0.0439996570509884,0.016614508382737092,0.022602805111177855,0.11174972923222849,0.138735490269769,0.01714835459356862,0.15580232036639868
2000,base2,1,151,1,,3692.721910936758,exchangeable_varying_sigma,0.18,fixed,0.18,0.18,fixed,0.18,1.0,0.0,0.030976388216217114,0.04100521861395063,0.01918296882236606,0.02113289712108123,0.03101737527529782,0.04106181569469944,0.019629008483414437,0.021445037830267126,0.13073317768427245,0.13697305735411563,0.024904427447559493,0.18740237621249833
2000,base1,0,150,1,,7314.801331810653,exchangeable_varying_sigma,0.18,fixed,0.18,0.18,fixed,0.18,1.0,0.3,0.03361758990641491,0.04366341760832094,0.008888445443359871,0.009511678112187715,0.03250744577817841,0.042186754943509354,0.010456010711341848,0.010988981072256935,0.11505036837639668,0.1410370992919047,0.06757077903227626,0.20895211919300824
2000,base2,2,152,1,,3665.243116147816,exchangeable_varying_sigma,0.18,fixed,0.18,0.18,fixed,0.18,1.0,0.0,0.032373504759457744,0.04190171333212843,0.013444010300685372,0.016114848523758937,0.032385527137170037,0.04193288313274198,0.013323182632999003,0.015767970971802648,0.15125727269471523,0.1665159090404158,0.012104548217183845,0.2144029401440335
2000,base1,1,151,1,,7755.370870757848,exchangeable_varying_sigma,0.18,fixed,0.18,0.18,fixed,0.18,1.0,0.3,0.03224973022666998,0.04156293392588316,0.024568319933824773,0.025613918928539463,0.030943449532542203,0.04016731186177012,0.025574523657610537,0.027180638606126826,0.12550875532170258,0.13129463346608164,0.0466342640852484,0.20930514349059856
2000,base2,0,150,1,,3830.186119599268,exchangeable_varying_sigma,0.18,fixed,0.18,0.18,fixed,0.18,1.0,0.3,0.03197183851045107,0.042397504409562796,0.009476650400082096,0.010530607739496345,0.0311034373576012,0.04112148431688523,0.011302689751559583,0.012041956074517976,0.12057684724816356,0.14657793122995807,0.06211763845874102,0.20497347721438866
2000,base1,1,151,1,,7531.961037391797,exchangeable_varying_sigma,0.18,fixed,0.18,0.18,fixed,0.18,1.0,0.9,0.03249867149905764,0.04217100113767174,0.027714188830630898,0.028544046911708826,0.02035901684130442,0.025839363415721336,0.02949376205565743,0.031672119635677905,0.12980796114041593,0.1371185157752483,0.12500638870695047,0.3680991797720964
2000,base1,2,152,1,,8043.985007623211,exchangeable_varying_sigma,0.18,fixed,0.18,0.18,fixed,0.18,1.0,0.3,0.03322806353562874,0.0432605044889454,0.021269892156105683,0.025185754052035284,0.03262172292504924,0.04250583862452346,0.020884327519919685,0.02561598624902913,0.14864327177500553,0.16391112825836998,0.04036183394599746,0.23802840884787888
2000,base1,2,152,1,,7825.504335379228,exchangeable_varying_sigma,0.18,fixed,0.18,0.18,fixed,0.18,1.0,0.6,0.03297036118975118,0.04281199656477664,0.02381094062311008,0.027699582607445948,0.02939169803597101,0.038146039720567064,0.02256383561451046,0.027519557040655215,0.1495938772998298,0.16341538467055278,0.08277270712136908,0.3099203365959585
2000,base1,0,150,1,,7873.991742474958,exchangeable_varying_sigma,0.18,fixed,0.18,0.18,fixed,0.18,1.0,0.9,0.03431638686754153,0.04498631049067952,0.013446528144404932,0.014309455607691805,0.02221766211640681,0.028104723981193094,0.014608438208142782,0.01567069590699565,0.12713478628073782,0.1497984038659023,0.14403619792819833,0.3842736325451593
2000,base1,2,152,1,,7879.20648294501,exchangeable_varying_sigma,0.18,fixed,0.18,0.18,fixed,0.18,1.0,0.9,0.03251927159386093,0.042180853377054725,0.026217741062215347,0.029985272577299757,0.02196180722384811,0.027763244039149988,0.023257780421121824,0.028282908593961716,0.1502369480627684,0.1627070127447008,0.12583151707821727,0.40299635286304497
2000,base2,1,151,1,,4655.6009503584355,exchangeable_varying_sigma,0.18,fixed,0.18,0.18,fixed,0.18,1.0,0.3,0.03208850652482661,0.04138588719170635,0.024770385292377406,0.026160000892403466,0.03126111498550858,0.040325277186509016,0.025614127965211203,0.02770294353818586,0.12876758430908608,0.13478113011388904,0.03829524765952297,0.20863496948230956
2000,base2,2,152,1,,3779.349339498207,exchangeable_varying_sigma,0.18,fixed,0.18,0.18,fixed,0.18,1.0,0.3,0.03331193697647382,0.04310314750582529,0.023971155784456688,0.027924584720415428,0.03254953885399395,0.04216153834200667,0.023494993628244185,0.028262573957558712,0.14844723364668466,0.16724314964823367,0.04344356365990021,0.23951410428078215
2000,base2,0,150,1,,5418.6928281169385,exchangeable_varying_sigma,0.18,fixed,0.18,0.18,fixed,0.18,1.0,0.6,0.03216564492829872,0.04283505693098791,0.011620302490871662,0.01267954739772788,0.027951037623364035,0.03704339712098883,0.013356408637083733,0.014178208712086336,0.1236414751487126,0.14975738381185927,0.10011423468379982,0.2831974693839496
2000,base2,1,151,1,,6264.80986540392,exchangeable_varying_sigma,0.18,fixed,0.18,0.18,fixed,0.18,1.0,0.6,0.032064257940469305,0.04151469646748602,0.02658539123372272,0.027850154357901245,0.028113391356212027,0.03623838003458286,0.027919393759925665,0.030225651712401953,0.1297738364829017,0.13674699131209436,0.0798351903123149,0.2776689456148089
2000,base2,2,152,1,,6400.431241616607,exchangeable_varying_sigma,0.18,fixed,0.18,0.18,fixed,0.18,1.0,0.6,0.03293552800229097,0.042686670077363396,0.02651220425146067,0.030327209465331323,0.029035563452279974,0.037613702482774375,0.025406831353985443,0.030245563408354725,0.1496309982261395,0.16719287377430953,0.08431314141467527,0.3113322846163034
2000,base3,0,150,1,,5638.705476636067,exchangeable_varying_sigma,0.18,fixed,0.18,0.18,fixed,0.18,1.0,0.3,0.0510882645920629,0.06291032198939563,0.011940639663855473,0.012268849210608465,0.051158225815087215,0.06294427159024067,0.014335460261645408,0.015134754060116187,0.11319746222285902,0.12823876242217183,0.11000950033748719,0.16161056197706158
2000,base3,0,150,1,,6021.284812998027,exchangeable_varying_sigma,0.18,fixed,0.18,0.18,fixed,0.18,1.0,0.0,0.050707242409710244,0.06267066220201556,0.018449915022088592,0.022324371073514225,0.05167775121340331,0.06386776961590158,0.019153217766564146,0.022790733026973955,0.10482441983850053,0.12178776961668727,0.012833098439050504,0.07914530865912651
2000,base3,1,151,1,,5977.8694596719,exchangeable_varying_sigma,0.18,fixed,0.18,0.18,fixed,0.18,1.0,0.0,0.049605437010041886,0.06187012553156298,0.027811229717094044,0.031077776776609892,0.050507767697266594,0.06309298614594264,0.028522619631874233,0.03152023002665332,0.0988911156099874,0.11778294357211565,0.026772255167338405,0.07469929021226385
2000,base2,0,150,1,,6568.443993195891,exchangeable_varying_sigma,0.18,fixed,0.18,0.18,fixed,0.18,1.0,0.9,0.03246891896074725,0.04354085057241584,0.014034733101127433,0.01512485310836508,0.02046210446345561,0.02702591279351442,0.015432474797969067,0.016545660649247732,0.12858455347798448,0.15447256916682833,0.13348988674919493,0.3726370220314107
2000,base2,1,151,1,,6549.363029636443,exchangeable_varying_sigma,0.18,fixed,0.18,0.18,fixed,0.18,1.0,0.9,0.032037558285154505,0.041690469495640425,0.02791625418918048,0.02899325687048561,0.020382714199810123,0.026203017537059396,0.029290835265971038,0.031669924889863504,0.13142190521399374,0.1393049829978044,0.12045639043941858,0.3659469296935758
2000,base2,2,152,1,,6481.08535383828,exchangeable_varying_sigma,0.18,fixed,0.18,0.18,fixed,0.18,1.0,0.9,0.032458631328528414,0.04210547691448186,0.028919004690566463,0.03247280681454262,0.020960644791175077,0.02700807486488139,0.026343289908207057,0.030949302757262594,0.1506288718267349,0.1667623576819068,0.12493131512618139,0.4027351830079677
2000,base3,1,151,1,,5582.877232544124,exchangeable_varying_sigma,0.18,fixed,0.18,0.18,fixed,0.18,1.0,0.3,0.050162642322095295,0.06229387271585708,0.016142124397649754,0.01847722459468319,0.05048108453313134,0.06272629939155507,0.01811601625100595,0.021824390803377357,0.10202562129249974,0.11943061593760766,0.08365710640412694,0.12149060870253209
2000,base3,2,152,1,,6508.5902547724545,exchangeable_varying_sigma,0.18,fixed,0.18,0.18,fixed,0.18,1.0,0.0,0.04919885418316554,0.06101393260494831,0.023999783041593892,0.024273843770232124,0.05019610998058939,0.06230753695565386,0.02338971373065757,0.023933028770733094,0.09626948534086945,0.11598130844930092,0.008710924797866587,0.03568077923176351
2000,base3,2,152,1,,5413.284802420065,exchangeable_varying_sigma,0.18,fixed,0.18,0.18,fixed,0.18,1.0,0.3,0.04915211613886354,0.061316384351234696,0.01584232219074047,0.018867519806159912,0.049967655888976704,0.062192005013840326,0.015803416295502526,0.019717313080514727,0.09697633871412994,0.11728533126746757,0.07167718938310388,0.09898553236715357
2000,base3,0,150,1,,5221.102445747703,exchangeable_varying_sigma,0.18,fixed,0.18,0.18,fixed,0.18,1.0,0.6,0.05152760838632279,0.06349002755431243,0.014084291754645775,0.014459312702808166,0.04927920631201403,0.060612438140253605,0.016672763358414694,0.017683838049873776,0.10675291933781485,0.12183104734281068,0.19229769892259402,0.25304668395779606
2000,base3,1,151,1,,3863.759844791144,exchangeable_varying_sigma,0.18,fixed,0.18,0.18,fixed,0.18,1.0,0.6,0.05003548785458818,0.06234255752144676,0.01795713033899432,0.01996111302060084,0.04850169574039661,0.06035551692650537,0.02044302378705895,0.024453249098267366,0.10362388150408021,0.1207673897665746,0.16533008411662814,0.21659161600206536
2000,base3,1,151,1,,4000.7237201221287,exchangeable_varying_sigma,0.18,fixed,0.18,0.18,fixed,0.18,1.0,0.9,0.04971634516459749,0.06239848527112585,0.019287993294457156,0.020916002421611322,0.04432161219635886,0.055758791874345695,0.021731780290976443,0.026104220097974352,0.10449607695476945,0.121201423233804,0.24468560669286854,0.3160491775807155
2000,base4,1,151,1,,3770.7809425201267,exchangeable_varying_sigma,0.18,fixed,0.18,0.18,fixed,0.18,1.0,0.0,0.02894012988493309,0.03806564161724985,0.020999550412658607,0.023099882962240827,0.02895514157711473,0.03811842790143178,0.02149836849272617,0.023371763494299997,0.14516235044996895,0.1512071066885998,0.01935926537078095,0.206620320132896
2000,base4,0,150,1,,4139.046066913754,exchangeable_varying_sigma,0.18,fixed,0.18,0.18,fixed,0.18,1.0,0.0,0.030746469395456166,0.04072670844475403,0.017349598462820026,0.02224423332015722,0.030738860550003088,0.040781143365401167,0.017057701501356243,0.022006791529906942,0.12776753528203094,0.1464627767570264,0.012159453856895966,0.1813120379850155
2000,base3,0,150,1,,5909.802851565182,exchangeable_varying_sigma,0.18,fixed,0.18,0.18,fixed,0.18,1.0,0.9,0.05213730654254377,0.06433390913808497,0.016498722364898133,0.016958070046883145,0.04550578835329337,0.05599803045373025,0.019235944648980166,0.020636768885488058,0.10073012027228978,0.11576201999063096,0.27149365001477155,0.3501562590949737
2000,base4,0,150,1,,3210.6975219361484,exchangeable_varying_sigma,0.18,fixed,0.18,0.18,fixed,0.18,1.0,0.6,0.030483868951985387,0.04094770775924738,0.011848408113099299,0.012367340139379722,0.025403265853148917,0.03425885496277086,0.013362909047250002,0.013965980394966881,0.13721196963691887,0.15693869761693768,0.09615944439882118,0.3038048778946158
2000,base4,2,152,1,,5861.5991982948035,exchangeable_varying_sigma,0.18,fixed,0.18,0.18,fixed,0.18,1.0,0.0,0.029982859775080174,0.038750156682190735,0.016770733481625305,0.01779399662730434,0.029974408751978803,0.038762325329653124,0.01612085293523971,0.01736104215871908,0.16713713170986874,0.17649601163538922,0.01834691981908723,0.23735338003320708
2000,base3,2,152,1,,6461.39307971485,exchangeable_varying_sigma,0.18,fixed,0.18,0.18,fixed,0.18,1.0,0.6,0.04901404627980418,0.061065339696600586,0.01809681374315228,0.021348188390825893,0.048243300704007196,0.059922741135969196,0.018453300010758927,0.022202654555173226,0.09683900966070882,0.11692636263062021,0.15519085364840796,0.20944424668158612
2000,base3,2,152,1,,6408.029394090176,exchangeable_varying_sigma,0.18,fixed,0.18,0.18,fixed,0.18,1.0,0.9,0.0489294533540318,0.06079479375924209,0.020295425706939263,0.02366635104008122,0.04458439959912082,0.05535749213967813,0.02120394013292462,0.024217369613635673,0.09690186261487904,0.11671893987730464,0.23914084850874673,0.32235564726306454
2000,base4,0,150,1,,6069.074056901038,exchangeable_varying_sigma,0.18,fixed,0.18,0.18,fixed,0.18,1.0,0.3,0.030145014411424746,0.040343774150286345,0.009704756022310426,0.010111648402975446,0.028885565531511614,0.0387234066461105,0.011320319956471758,0.011724151692976593,0.13121422872863145,0.15273589596004433,0.06196645268902634,0.22761100230577974
2000,base4,1,151,1,,3583.1734133921564,exchangeable_varying_sigma,0.18,fixed,0.18,0.18,fixed,0.18,1.0,0.6,0.029594196949731567,0.03906740132550539,0.024768809643426287,0.025833080321333756,0.024753726481177633,0.03279863995694178,0.02638285505751234,0.028448315152790907,0.14617203500419285,0.15055377093616315,0.07294766963569221,0.2961845990504545
2000,base4,2,152,1,,2825.51748020947,exchangeable_varying_sigma,0.18,fixed,0.18,0.18,fixed,0.18,1.0,0.6,0.029742219347762233,0.039524318467351986,0.02318548107052318,0.027089640756005163,0.025624270879942634,0.03427194573426303,0.022095075047913262,0.027069110206867593,0.16763243032010894,0.17824963469674526,0.07025816814491825,0.32680495829254963
2000,base4,2,152,1,,6083.410027202219,exchangeable_varying_sigma,0.18,fixed,0.18,0.18,fixed,0.18,1.0,0.3,0.030011035983003677,0.039977413975924636,0.020644432603517116,0.024598498846381957,0.029255990454282413,0.039056941345536236,0.02028446642746709,0.025008837558181698,0.1666133641031786,0.17817213312943322,0.03434096550032906,0.2605321231208795
2000,base4,1,151,1,,6164.086179412901,exchangeable_varying_sigma,0.18,fixed,0.18,0.18,fixed,0.18,1.0,0.3,0.029594936141744608,0.03888015434409847,0.02295380370208272,0.02413989200031499,0.028393838458094647,0.037473156964272135,0.024016912005341645,0.025778228698198683,0.14459363550404392,0.14838318590902302,0.037805709813330035,0.23082649030985578
2000,base4,1,151,1,,2741.5646517630666,exchangeable_varying_sigma,0.18,fixed,0.18,0.18,fixed,0.18,1.0,0.9,0.029535020852999923,0.039319761851946675,0.026099672598887874,0.0269824239569984,0.01569816188395404,0.02089499891381444,0.027758685102215325,0.030128661489258305,0.1486487421252392,0.15363061371509423,0.10593458647088871,0.3801569192865734
2000,base4,0,150,1,,3052.80029608123,exchangeable_varying_sigma,0.18,fixed,0.18,0.18,fixed,0.18,1.0,0.9,0.030957540864112048,0.041845097162211596,0.014262838723356347,0.014911041969578886,0.01669254846504471,0.022663869057003065,0.015460542463617527,0.016442056411986615,0.14409294925249508,0.1626784711219477,0.1258030696930892,0.3926888269873839
2000,base4,2,152,1,,1405.958407131955,exchangeable_varying_sigma,0.18,fixed,0.18,0.18,fixed,0.18,1.0,0.9,0.029388676671607394,0.03891260188752919,0.025592281509626294,0.0293464043070973,0.016473861117141293,0.022177420169028447,0.022910727978286,0.027995214208732376,0.16837919573446924,0.1781908670082317,0.10647400964055842,0.4147130440812979
