n_subject,coef_type,rep,seed,success,error_message,elapsed_seconds,covariance_mode,signal_bandwidth_input,signal_bandwidth_method,best_signal_bandwidth,variance_bandwidth_input,variance_bandwidth_method,best_variance_bandwidth,sigma2_true,sigma2_function,a_eval_mode,a_eval_selected_points,rho_true,rho_error,miae_iid,rmise_iid,beta_mae_iid,beta_rmse_iid,miae_final,rmise_final,beta_mae_final,beta_rmse_final,sigma2_miae,sigma2_rmise,rho_abs_error,Sigma_fro_error
2000,base3,0,123,1,,2146.0075569610344,exchangeable_varying_sigma,0.18,fixed,0.18,0.18,fixed,0.18,1.0,mixed,anchor_grid,500,0.3,-0.12145975705082496,0.05257209694284106,0.06722493091529706,0.029803547608546796,0.03685927239605196,0.05297001957558653,0.06760410557313194,0.03074589512928322,0.03660149237491284,0.16769886566483536,0.201760841947629,0.12145975705082496,
2000,base1,0,123,1,,2209.7109614199726,exchangeable_varying_sigma,0.18,fixed,0.18,0.18,fixed,0.18,1.0,sin,anchor_grid,500,0.9,-0.20417102053260483,0.036463759498845554,0.048816778688104884,0.02900902988649541,0.041150177816684876,0.024691410994667543,0.0329707963292098,0.029489009620095902,0.039320467169020996,0.1909935068137729,0.22721075918816594,0.20417102053260483,
2000,base3,0,123,1,,2391.760044542956,exchangeable_varying_sigma,0.18,fixed,0.18,0.18,fixed,0.18,1.0,mixed,anchor_grid,500,0.9,-0.38092531728399226,0.05353165529351616,0.06834662824388024,0.03324332413281113,0.04435356211939981,0.048356026344655835,0.061117771514576216,0.03552375177154653,0.044115851328759566,0.1754041793126969,0.2066417630087728,0.38092531728399226,
2000,base3,0,123,1,,2758.6956427759724,exchangeable_varying_sigma,0.18,fixed,0.18,0.18,fixed,0.18,1.0,mixed,anchor_grid,500,0.0,-0.008607509052741562,0.05320143131419339,0.06735032978420827,0.02817914686490411,0.029082662809683957,0.054522158398773876,0.06897455004715759,0.025682184976608846,0.026394670353550656,0.17969236186610704,0.2203790592270211,0.008607509052741562,
2000,base3,0,123,1,,2768.8164608189836,exchangeable_varying_sigma,0.18,fixed,0.18,0.18,fixed,0.18,1.0,mixed,anchor_grid,500,0.6,-0.2508016533600878,0.05294707909344187,0.06771094049539127,0.031741710533388506,0.04061521834497111,0.051334487695259105,0.06532310154757907,0.03355073340301171,0.04048187665542728,0.17131927275786724,0.2035479677290818,0.2508016533600878,
2000,base1,0,123,1,,2776.4674297550227,exchangeable_varying_sigma,0.18,fixed,0.18,0.18,fixed,0.18,1.0,sin,anchor_grid,500,0.0,-0.027116073426959493,0.03661340910363591,0.04819923401394158,0.022981840365613126,0.023545096890726407,0.036705655709803685,0.04835355445339652,0.02357311980139537,0.024063108650267975,0.21789780418567758,0.2554099691601745,0.027116073426959493,
2000,base1,0,123,1,,2827.8481832650723,exchangeable_varying_sigma,0.18,fixed,0.18,0.18,fixed,0.18,1.0,sin,anchor_grid,500,0.3,-0.04057233960662393,0.03533841967654303,0.04732603697176603,0.025197539866081697,0.033356338581692006,0.03406944232792498,0.045760044269979906,0.025069575676688466,0.03229566213000581,0.19898340715467486,0.2335307746599495,0.04057233960662393,
2000,base1,0,123,1,,2872.108310198062,exchangeable_varying_sigma,0.18,fixed,0.18,0.18,fixed,0.18,1.0,sin,anchor_grid,500,0.6,-0.12120176927448983,0.03585825212761228,0.047972404764231015,0.027205784305875433,0.03729961872710743,0.031142777146501616,0.041857900944036144,0.02779566020119796,0.035951940014076,0.19329782353445524,0.22863479840839535,0.12120176927448983,
5000,base1,0,123,1,,4659.022148953984,exchangeable_varying_sigma,0.18,fixed,0.18,0.18,fixed,0.18,1.0,sin,anchor_grid,500,0.0,-0.013758297792367435,0.023277228052784423,0.029283542288387563,0.008059606731281282,0.009825960077397788,0.023276788615633866,0.029292029744737658,0.009081789462652312,0.010761028995687724,0.05872389543517342,0.07739007487730448,0.013758297792367435,
2000,base5,0,123,1,,2554.329387133941,exchangeable_varying_sigma,0.18,fixed,0.18,0.18,fixed,0.18,1.0,constant,anchor_grid,500,0.6,-0.3239260383985094,0.06630609135853423,0.08948343579699586,0.03254381566509862,0.03961456257547193,0.06795935157501273,0.09340687381799224,0.024840050424204993,0.031567079839450625,0.5322390100119053,0.7176028420503785,0.3239260383985094,
2000,base5,0,123,1,,3309.772800605977,exchangeable_varying_sigma,0.18,fixed,0.18,0.18,fixed,0.18,1.0,constant,anchor_grid,500,0.0,-0.01356318478448625,0.06700234208064042,0.08987014709278446,0.018452948822841514,0.02214407613269535,0.07056128464107053,0.09598271782321446,0.01785114966916193,0.022058957923254643,0.5053830043969603,0.6825032493342345,0.01356318478448625,
2000,base5,0,123,1,,3359.623057941906,exchangeable_varying_sigma,0.18,fixed,0.18,0.18,fixed,0.18,1.0,constant,anchor_grid,500,0.3,-0.14850649014676598,0.06603411303367836,0.08912625898370179,0.028989546374565675,0.03535861640410417,0.06912390186533524,0.09451888659946908,0.02136488748851645,0.027410905558350948,0.5245021728357774,0.7092412610803218,0.14850649014676598,
2000,base5,0,123,1,,3640.506818988011,exchangeable_varying_sigma,0.18,fixed,0.18,0.18,fixed,0.18,1.0,constant,anchor_grid,500,0.9,-0.5008683912553965,0.06669262258332577,0.08997967845040412,0.03637755328106261,0.043917129786226874,0.06578522932775063,0.09148694314204656,0.029330223004102346,0.036234513555758775,0.5380232906322754,0.7241943289653586,0.5008683912553965,
5000,base1,0,123,1,,6572.547600187943,exchangeable_varying_sigma,0.18,fixed,0.18,0.18,fixed,0.18,1.0,sin,anchor_grid,500,0.9,-0.10128572001154379,0.022611107756642965,0.02902729935722333,0.006262640193002336,0.007185955549567376,0.017060263016971767,0.02039566565746859,0.005802423157262912,0.007441361235432533,0.0661138712750083,0.08659714783111284,0.10128572001154379,
5000,base1,0,123,1,,6719.720006079064,exchangeable_varying_sigma,0.18,fixed,0.18,0.18,fixed,0.18,1.0,sin,anchor_grid,500,0.3,-0.03233036011661522,0.023031055025972164,0.029214320056802374,0.005078752948838541,0.0055320404317856856,0.02267730873137721,0.02851376637898271,0.003865309715967033,0.005221802058030504,0.06477189433036522,0.0845167352450416,0.03233036011661522,
5000,base1,0,123,1,,6914.855826857034,exchangeable_varying_sigma,0.18,fixed,0.18,0.18,fixed,0.18,1.0,sin,anchor_grid,500,0.6,-0.06646321994637727,0.022883943674871152,0.029150304111602417,0.005656885727217745,0.006322310761545452,0.020885522809256086,0.02593420310513957,0.004475543774407786,0.005987954379304675,0.06563714635120987,0.08570650628085784,0.06646321994637727,
5000,base3,0,123,1,,4784.0680110590765,exchangeable_varying_sigma,0.18,fixed,0.18,0.18,fixed,0.18,1.0,mixed,anchor_grid,500,0.0,-0.011463855445164671,0.043086960847498884,0.053175572184623106,0.010084176546493379,0.012103066028934207,0.04422477655323261,0.054834013392293775,0.009014063151478707,0.011172849232273997,0.23776632349712223,0.2773668849760484,0.011463855445164671,
5000,base3,0,123,1,,6251.182600004016,exchangeable_varying_sigma,0.18,fixed,0.18,0.18,fixed,0.18,1.0,mixed,anchor_grid,500,0.9,-0.29151265523931225,0.043264852129468456,0.05362704092805163,0.0056727343210418585,0.006341655938689423,0.04093147856248207,0.051363659659146396,0.005081669336973654,0.005728611244706678,0.24529150791267934,0.28345665835979494,0.29151265523931225,
2000,base2,1,124,1,,2469.162528942921,exchangeable_varying_sigma,0.18,fixed,0.18,0.18,fixed,0.18,1.0,sin2,anchor_grid,500,0.6,-0.10725902088944922,0.02868238267378525,0.03708732640467146,0.007095473251359702,0.008122895415435356,0.026296644669080486,0.03409345605603881,0.00624410174500728,0.008613473710521949,0.1476643456240198,0.1530196568611373,0.10725902088944922,
2000,base2,1,124,1,,2679.1128550349968,exchangeable_varying_sigma,0.18,fixed,0.18,0.18,fixed,0.18,1.0,sin2,anchor_grid,500,0.9,-0.17346210245270532,0.02835072107595181,0.03670235117964507,0.007198162759452897,0.008405121771010675,0.020348971211157457,0.026622321678808295,0.006816839307313166,0.009210905228310756,0.1453570286608055,0.15262700120605024,0.17346210245270532,
5000,base3,0,123,1,,7392.498209735029,exchangeable_varying_sigma,0.18,fixed,0.18,0.18,fixed,0.18,1.0,mixed,anchor_grid,500,0.3,-0.10091156668326812,0.043314230501332755,0.053515389069865145,0.0038992514543009504,0.004513356824174035,0.04416539729948638,0.054806663000208124,0.003084114258005019,0.003438190705551337,0.24150275482767702,0.28001427625531466,0.10091156668326812,
2000,base2,1,124,1,,3074.7791181120556,exchangeable_varying_sigma,0.18,fixed,0.18,0.18,fixed,0.18,1.0,sin2,anchor_grid,500,0.3,-0.043461652925251226,0.028882161432348813,0.03744105920902308,0.00673847965152552,0.0076431294590613074,0.028660187947028692,0.0372207650759974,0.006508113080303926,0.007968137649715495,0.14908418314110275,0.15334973457932896,0.043461652925251226,
2000,base2,1,124,1,,3337.07011045306,exchangeable_varying_sigma,0.18,fixed,0.18,0.18,fixed,0.18,1.0,sin2,anchor_grid,500,0.0,0.007601017209474708,0.030480792475848364,0.03910309415355854,0.0051854307758568835,0.006457122705473786,0.030535409586753597,0.039255650305860805,0.004546779217260724,0.006392408137042331,0.15140970252153946,0.15633304598708256,0.007601017209474708,
5000,base3,0,123,1,,7510.1898314959835,exchangeable_varying_sigma,0.18,fixed,0.18,0.18,fixed,0.18,1.0,mixed,anchor_grid,500,0.6,-0.19647480742787538,0.0433149925499953,0.053578341571518875,0.0047302981134936944,0.005382096421536986,0.0430987494341179,0.05360368949307246,0.003910148612538897,0.0043402020283479495,0.2432779615409332,0.281575383323199,0.19647480742787538,
5000,base5,0,123,1,,3961.7426382279955,exchangeable_varying_sigma,0.18,fixed,0.18,0.18,fixed,0.18,1.0,constant,anchor_grid,500,0.6,-0.30863110763968654,0.05662815579759855,0.0785338655671342,0.007923929463328191,0.007987577447122435,0.059087397206492996,0.08487074680672872,0.0052229124070092,0.007360014123993474,0.7015792573063764,0.9479809562269578,0.30863110763968654,
5000,base5,0,123,1,,5755.0067943650065,exchangeable_varying_sigma,0.18,fixed,0.18,0.18,fixed,0.18,1.0,constant,anchor_grid,500,0.3,-0.15500339870050575,0.05668628595566185,0.0785087217890691,0.007297516228963671,0.007417965826685831,0.060014658953376224,0.08547822294853952,0.004522621896160484,0.006145591777806571,0.7030980132827019,0.9493387277079779,0.15500339870050575,
5000,base5,0,123,1,,6895.413586110924,exchangeable_varying_sigma,0.18,fixed,0.18,0.18,fixed,0.18,1.0,constant,anchor_grid,500,0.0,0.018357633451900297,0.05572710221191586,0.07762197446369087,0.012758244436705396,0.01324864834363972,0.059365670773605834,0.08480630135169988,0.010817113217310631,0.013624832635061205,0.721523243461845,0.9754620080302201,0.018357633451900297,
2000,base5,1,124,1,,2304.203772985027,exchangeable_varying_sigma,0.18,fixed,0.18,0.18,fixed,0.18,1.0,constant,anchor_grid,500,0.6,-0.31411858833153766,0.06337207159606627,0.08788619152930535,0.010827022164661193,0.012700126433712019,0.06490423497407515,0.09267850018470872,0.005900819947268737,0.00697413548488254,0.47023637645975846,0.6397624836987924,0.31411858833153766,
2000,base5,1,124,1,,3110.9698525539134,exchangeable_varying_sigma,0.18,fixed,0.18,0.18,fixed,0.18,1.0,constant,anchor_grid,500,0.3,-0.149790897362732,0.06354737056825552,0.08816385467001986,0.010218648061180946,0.01200927282543802,0.06635702516839379,0.0940456147162124,0.005445909163453583,0.006800319156697961,0.4703716780826081,0.6356768053948778,0.149790897362732,
2000,base5,1,124,1,,3168.9174873040756,exchangeable_varying_sigma,0.18,fixed,0.18,0.18,fixed,0.18,1.0,constant,anchor_grid,500,0.0,-0.018572977228591143,0.06467607740247137,0.09002041459754496,0.007879860753525966,0.009606069411722038,0.06805529518666162,0.09620324319868762,0.005934835098842545,0.007488631507587623,0.42837765538856587,0.5814433945701032,0.018572977228591143,
5000,base5,0,123,1,,6652.753426299081,exchangeable_varying_sigma,0.18,fixed,0.18,0.18,fixed,0.18,1.0,constant,anchor_grid,500,0.9,-0.4624102949786977,0.056495723094600034,0.07854283167296483,0.008564701511952905,0.008642970227504506,0.0573608446113354,0.08381729518180722,0.006664070991805493,0.008999568662861246,0.7004626392826292,0.9469779262703378,0.4624102949786977,
5000,base2,1,124,1,,6377.154131372925,exchangeable_varying_sigma,0.18,fixed,0.18,0.18,fixed,0.18,1.0,sin2,anchor_grid,500,0.0,-0.001954698944184214,0.019425447756115186,0.02469428061492913,0.008304434085971826,0.01091410934306705,0.01956264503430295,0.02490385105053994,0.008291967408657203,0.010989250006155877,0.044381126890743874,0.058278691428079545,0.001954698944184214,
2000,base5,1,124,1,,3433.286272023921,exchangeable_varying_sigma,0.18,fixed,0.18,0.18,fixed,0.18,1.0,constant,anchor_grid,500,0.9,-0.4795862820736839,0.06318181344320546,0.087583356110973,0.01146069853818281,0.0132956871652079,0.06232662623361409,0.0904032123022853,0.006532919086447708,0.007216958401395909,0.47007925728211186,0.6452901769391951,0.4795862820736839,
5000,base5,1,124,1,,4171.866939141997,exchangeable_varying_sigma,0.18,fixed,0.18,0.18,fixed,0.18,1.0,constant,anchor_grid,500,0.0,0.022478062289461313,0.05535470117187309,0.07856832487688531,0.01575112782707573,0.016978603783225417,0.05872145966611682,0.08546095149765774,0.0167805080586116,0.017832259180044094,0.6756371439994425,0.9182413441548036,0.022478062289461313,
2000,base1,2,125,1,,2355.783081829082,exchangeable_varying_sigma,0.18,fixed,0.18,0.18,fixed,0.18,1.0,sin,anchor_grid,500,0.0,0.022268071790773444,0.034679942372308356,0.04564739036515867,0.014024236577240556,0.019420600126230935,0.03476158018735937,0.04583315371475628,0.01304833566516947,0.018377159777049925,0.21401031969665024,0.23608360894271932,0.022268071790773444,
2000,base1,2,125,1,,1908.3274294119328,exchangeable_varying_sigma,0.18,fixed,0.18,0.18,fixed,0.18,1.0,sin,anchor_grid,500,0.9,-0.18917125075607433,0.03602143932017884,0.04807334180337816,0.03048052403672849,0.03255588423145114,0.025082711347400505,0.03288613808341499,0.02685110541640942,0.028163610738125715,0.18554882938961662,0.2057868842213226,0.18917125075607433,
5000,base2,1,124,1,,6327.5278883209685,exchangeable_varying_sigma,0.18,fixed,0.18,0.18,fixed,0.18,1.0,sin2,anchor_grid,500,0.6,-0.04964303527091929,0.01902882864629921,0.024065358896411457,0.011200239314841487,0.014439427149125444,0.017168275418012614,0.02198111470743441,0.010856801731782412,0.01181654045948324,0.03463871831321056,0.04429477927396627,0.04964303527091929,
2000,base1,2,125,1,,2840.7255251710303,exchangeable_varying_sigma,0.18,fixed,0.18,0.18,fixed,0.18,1.0,sin,anchor_grid,500,0.6,-0.10384145747789514,0.03620217485343456,0.048598827824815255,0.02753316613366273,0.029351453639053365,0.03205064023205356,0.042753660825677886,0.024484541960593312,0.026444670224658278,0.1971244217676265,0.21711921609698745,0.10384145747789514,
5000,base2,1,124,1,,6769.720457902993,exchangeable_varying_sigma,0.18,fixed,0.18,0.18,fixed,0.18,1.0,sin2,anchor_grid,500,0.3,-0.005507761369022035,0.019082297334265166,0.02412867340105184,0.009864991198678646,0.013078638057583959,0.018751452511630462,0.023835610773864025,0.009822209666524362,0.01084416326372722,0.037525057089945295,0.04876552228608902,0.005507761369022035,
2000,base1,2,125,1,,3422.98803133599,exchangeable_varying_sigma,0.18,fixed,0.18,0.18,fixed,0.18,1.0,sin,anchor_grid,500,0.3,-0.025193998334683276,0.036328895983224245,0.04883508746807781,0.024536792139668084,0.02612563076368337,0.03534806905186839,0.04742553990745593,0.022239018678186465,0.024600766434310018,0.20793856507147598,0.22794623108318984,0.025193998334683276,
5000,base5,1,124,1,,4277.620034914929,exchangeable_varying_sigma,0.18,fixed,0.18,0.18,fixed,0.18,1.0,constant,anchor_grid,500,0.9,-0.442401215980956,0.055223445881846425,0.07788407475082755,0.018148323386222104,0.021559203255237358,0.055951503485586106,0.08349833470108309,0.020922619205145765,0.022475917231017054,0.6976077983818337,0.9322045944868165,0.442401215980956,
5000,base2,1,124,1,,7014.877242597984,exchangeable_varying_sigma,0.18,fixed,0.18,0.18,fixed,0.18,1.0,sin2,anchor_grid,500,0.9,-0.09795282805732142,0.018952168242093403,0.02400355798566209,0.01254484615299123,0.015728008926477834,0.013898673209341062,0.018323578421943616,0.01213416168923609,0.012961233149675134,0.03291229766845481,0.04087387487061509,0.09795282805732142,
5000,base5,1,124,1,,5889.454651330016,exchangeable_varying_sigma,0.18,fixed,0.18,0.18,fixed,0.18,1.0,constant,anchor_grid,500,0.3,-0.1263250363186363,0.05500412950359526,0.07792669701824792,0.01624565919050029,0.018801238150857755,0.05815417790449101,0.08478942928056438,0.017176221441564027,0.01890331993217916,0.6800063485010259,0.9150452444231008,0.1263250363186363,
2000,base3,2,125,1,,2496.675585826044,exchangeable_varying_sigma,0.18,fixed,0.18,0.18,fixed,0.18,1.0,mixed,anchor_grid,500,0.0,0.04192989761133394,0.050579837399841523,0.06484691284668362,0.011692646410733643,0.01488843203738587,0.051880265801489675,0.0665451833416826,0.012951647795790167,0.015471046342497727,0.16710714665501603,0.20723174230288155,0.04192989761133394,
5000,base1,2,125,1,,5094.070287581999,exchangeable_varying_sigma,0.18,fixed,0.18,0.18,fixed,0.18,1.0,sin,anchor_grid,500,0.0,0.018380345977272308,0.022848172687392254,0.028976527413332228,0.0049780297858988964,0.005496036840497982,0.022862526245926343,0.028992921915543143,0.0023663615755131207,0.002856745942020985,0.057607341992395734,0.07222167712975842,0.018380345977272308,
2000,base3,2,125,1,,2908.6819491490023,exchangeable_varying_sigma,0.18,fixed,0.18,0.18,fixed,0.18,1.0,mixed,anchor_grid,500,0.3,-0.08304340563657298,0.053440145908541486,0.06819405418876186,0.02129614541486176,0.025117038249461123,0.05416619170428576,0.06904581381900639,0.01955659741871793,0.02240670757587282,0.16117143136443368,0.20179724177536557,0.08304340563657298,
5000,base1,2,125,1,,4521.413151938003,exchangeable_varying_sigma,0.18,fixed,0.18,0.18,fixed,0.18,1.0,sin,anchor_grid,500,0.3,-0.0401124016983877,0.02213302524252172,0.02811555489530696,0.005028647469334152,0.0056390484282858,0.021566555746413908,0.027483295847552127,0.0038515319051846686,0.004995792168281756,0.06348029859890852,0.07963952530827016,0.0401124016983877,
2000,base3,2,125,1,,2971.5088633879786,exchangeable_varying_sigma,0.18,fixed,0.18,0.18,fixed,0.18,1.0,mixed,anchor_grid,500,0.6,-0.21071207196007274,0.05330290971102526,0.06789502910689073,0.024417846707566845,0.028373764294797557,0.05215060879879388,0.06627255788493887,0.021648020361753728,0.024254357187776635,0.16192045311836897,0.20126322627978677,0.21071207196007274,
5000,base5,1,124,1,,7204.490622640937,exchangeable_varying_sigma,0.18,fixed,0.18,0.18,fixed,0.18,1.0,constant,anchor_grid,500,0.6,-0.283098385726123,0.055095025739799804,0.07790689020906642,0.017229102172883745,0.02017393233665319,0.05735736973666012,0.08432946771725129,0.01894550611537263,0.020572073875836705,0.6884332011829217,0.9233599698701711,0.283098385726123,
2000,base3,2,125,1,,3272.47439687897,exchangeable_varying_sigma,0.18,fixed,0.18,0.18,fixed,0.18,1.0,mixed,anchor_grid,500,0.9,-0.34152402222163025,0.05304239312344876,0.06734500042994586,0.027582547867664994,0.03165252389547287,0.04830845442587524,0.061279288676863095,0.023677419059237856,0.026094050040746462,0.16243150310230953,0.20058835774341924,0.34152402222163025,
5000,base3,2,125,1,,3736.5853540789103,exchangeable_varying_sigma,0.18,fixed,0.18,0.18,fixed,0.18,1.0,mixed,anchor_grid,500,0.0,0.013608663613097056,0.04334282063835915,0.05293201727996296,0.00478556588193732,0.006525631550587718,0.044651644860121596,0.0547299904170213,0.004440977398909432,0.005633031078770542,0.25286543084595453,0.29347074283515373,0.013608663613097056,
2000,base5,2,125,1,,1788.4388629440218,exchangeable_varying_sigma,0.18,fixed,0.18,0.18,fixed,0.18,1.0,constant,anchor_grid,500,0.6,-0.2884425298094315,0.0641994274866985,0.08743827725105495,0.01827650816537224,0.02030282687457233,0.06605464335566091,0.09257032012996488,0.0142374034113011,0.017177477843528483,0.5009424775213176,0.7078075537668417,0.2884425298094315,
2000,base5,2,125,1,,2581.288983291015,exchangeable_varying_sigma,0.18,fixed,0.18,0.18,fixed,0.18,1.0,constant,anchor_grid,500,0.0,0.009395421571504244,0.0652219865461389,0.08959160538481131,0.01873573234332568,0.022510429888241208,0.06857289967279115,0.09573652845522237,0.017096528953511103,0.02033969944501075,0.4804079511969974,0.6631427912660993,0.009395421571504244,
5000,base3,2,125,1,,4020.7741825029952,exchangeable_varying_sigma,0.18,fixed,0.18,0.18,fixed,0.18,1.0,mixed,anchor_grid,500,0.6,-0.19400442966399345,0.04300713534104038,0.05296629203674209,0.008529903399506794,0.009324059701818955,0.04314605165971448,0.05334204576501961,0.007773887085070708,0.008445778385762744,0.25861562306810904,0.2985479748249726,0.19400442966399345,
2000,base5,2,125,1,,2559.4587098220363,exchangeable_varying_sigma,0.18,fixed,0.18,0.18,fixed,0.18,1.0,constant,anchor_grid,500,0.3,-0.11689792928999776,0.06432348261452898,0.0875666470545709,0.015824628231244225,0.017352070938255,0.06754713451196624,0.09371951848833825,0.013541882942163533,0.015966871975842886,0.49642208192254644,0.6991018113382714,0.11689792928999776,
2000,base5,2,125,1,,2803.438843055046,exchangeable_varying_sigma,0.18,fixed,0.18,0.18,fixed,0.18,1.0,constant,anchor_grid,500,0.9,-0.4618379240018192,0.06400286593023487,0.08730781963225089,0.02054910967829429,0.023372257065787806,0.06332277574445967,0.09062286835626093,0.01493302954720846,0.018397892205333735,0.5048267683517497,0.7149115846830992,0.4618379240018192,
5000,base1,2,125,1,,6442.697915137978,exchangeable_varying_sigma,0.18,fixed,0.18,0.18,fixed,0.18,1.0,sin,anchor_grid,500,0.6,-0.07114662290731599,0.02217878024295559,0.028097984025748625,0.005367340935341525,0.00615188288826776,0.01987106641145202,0.025058976539173845,0.004417008440140133,0.005966223099633863,0.06495733722812193,0.08201039711689287,0.07114662290731599,
5000,base1,2,125,1,,7376.380960249924,exchangeable_varying_sigma,0.18,fixed,0.18,0.18,fixed,0.18,1.0,sin,anchor_grid,500,0.9,-0.10088260608906352,0.02224401244535533,0.028144610302099596,0.005591017209652882,0.0066341420582577025,0.01630440328358182,0.01976034657220235,0.005326500199566098,0.007116925955860427,0.06579362243425785,0.08385370680153577,0.10088260608906352,
2000,base2,3,126,1,,1712.95633868,exchangeable_varying_sigma,0.18,fixed,0.18,0.18,fixed,0.18,1.0,sin2,anchor_grid,500,0.3,-0.0782126977296543,0.030796094755810608,0.03951754307908125,0.017313037792079017,0.018964438061263706,0.030158173806143888,0.03883984028282324,0.02317810469856689,0.023804664398015648,0.14168625655359615,0.14339042510658834,0.0782126977296543,
5000,base3,2,125,1,,6921.10138806107,exchangeable_varying_sigma,0.18,fixed,0.18,0.18,fixed,0.18,1.0,mixed,anchor_grid,500,0.3,-0.0996750137412234,0.043121490332960706,0.05307759835342623,0.008248519425760825,0.009034725920959823,0.0441834178542865,0.0545806083417475,0.0075564177287527345,0.008345583227243021,0.2592789486447384,0.2994641248205756,0.0996750137412234,
2000,base2,3,126,1,,2297.4348911719862,exchangeable_varying_sigma,0.18,fixed,0.18,0.18,fixed,0.18,1.0,sin2,anchor_grid,500,0.9,-0.20110643110668003,0.030943687787956482,0.03962064527791317,0.01799626071824381,0.020707360478863034,0.021660907449744256,0.028234930688691068,0.023034593158882427,0.024385190193615573,0.1494389060785461,0.1520138182667825,0.20110643110668003,
5000,base3,2,125,1,,5968.708545958041,exchangeable_varying_sigma,0.18,fixed,0.18,0.18,fixed,0.18,1.0,mixed,anchor_grid,500,0.9,-0.28736416124655473,0.04283403917891061,0.052821865400694695,0.008727118499729444,0.009630922666702804,0.04092319574140454,0.05094232840794832,0.00787315284270304,0.008481786040088953,0.2575697164888722,0.2972384461170889,0.28736416124655473,
2000,base2,3,126,1,,2993.8094456900144,exchangeable_varying_sigma,0.18,fixed,0.18,0.18,fixed,0.18,1.0,sin2,anchor_grid,500,0.6,-0.1407187572522574,0.030907479218413796,0.039595100751210435,0.017965788920747405,0.020064801235813057,0.027609823839684945,0.035679462959915795,0.0242128747424879,0.025051285323092712,0.1456699408110598,0.1476578493440617,0.1407187572522574,
2000,base2,3,126,1,,3114.4115858529694,exchangeable_varying_sigma,0.18,fixed,0.18,0.18,fixed,0.18,1.0,sin2,anchor_grid,500,0.0,0.015306779957230201,0.030295844886062365,0.03853650370303132,0.015368471247649423,0.019917344689753372,0.030345820434234897,0.038664333749800724,0.014482902675292036,0.023063477305232085,0.14631240033083487,0.14843337898137798,0.015306779957230201,
5000,base5,2,125,1,,5843.107913867105,exchangeable_varying_sigma,0.18,fixed,0.18,0.18,fixed,0.18,1.0,constant,anchor_grid,500,0.6,-0.30190628595402286,0.05480035134834289,0.07671798048448798,0.007686260756675001,0.011061317810770188,0.05770429796284991,0.0834449259335271,0.008542975920035223,0.011149535490467596,0.7377311873925632,0.9847535073445051,0.30190628595402286,
2000,base5,3,126,1,,2540.68567051203,exchangeable_varying_sigma,0.18,fixed,0.18,0.18,fixed,0.18,1.0,constant,anchor_grid,500,0.0,0.03989535205628792,0.06433885657107798,0.08669313585998985,0.01983306831052839,0.02932846139060705,0.06773544889431382,0.09280619541633535,0.020182020591448385,0.03163557183110545,0.4668150001295055,0.6448060983941594,0.03989535205628792,
5000,base2,3,126,1,,3982.2261840670835,exchangeable_varying_sigma,0.18,fixed,0.18,0.18,fixed,0.18,1.0,sin2,anchor_grid,500,0.6,-0.0924416706352994,0.01937036597682804,0.024722708772104696,0.006922791929643207,0.008867160696664506,0.017377507879862805,0.022295258195831707,0.005284731573390655,0.007009250608132282,0.06447888146039527,0.08234268437311322,0.0924416706352994,
2000,base5,3,126,1,,2867.3647353369743,exchangeable_varying_sigma,0.18,fixed,0.18,0.18,fixed,0.18,1.0,constant,anchor_grid,500,0.3,-0.16175723662115624,0.06535530023798962,0.08827829203711535,0.021669446354621758,0.02696730607108215,0.06829532160212433,0.09388604869287313,0.029177783426817802,0.033802262595013274,0.49242263873671915,0.6780168635822957,0.16175723662115624,
2000,base5,3,126,1,,2827.3522233809344,exchangeable_varying_sigma,0.18,fixed,0.18,0.18,fixed,0.18,1.0,constant,anchor_grid,500,0.9,-0.5045817550200469,0.06522609919883932,0.08814179667749562,0.02269707306256584,0.02898134998080239,0.06424446649029208,0.09037710435629537,0.03141122615660183,0.036988585911167896,0.49164949775853634,0.6752539507137632,0.5045817550200469,
5000,base5,2,125,1,,7642.031046706019,exchangeable_varying_sigma,0.18,fixed,0.18,0.18,fixed,0.18,1.0,constant,anchor_grid,500,0.3,-0.14969251861017246,0.05480057150189695,0.0766814549385648,0.0075345655771335285,0.010726381118487626,0.0584524262453865,0.08393234597031667,0.007991988009279222,0.010733270990976701,0.7394393009329414,0.9859402344105025,0.14969251861017246,
5000,base5,2,125,1,,8357.946506632958,exchangeable_varying_sigma,0.18,fixed,0.18,0.18,fixed,0.18,1.0,constant,anchor_grid,500,0.0,0.02835692666888736,0.055464869438123156,0.07676369243229564,0.013098741310967277,0.01644789873527491,0.059286796940437474,0.0841275656666405,0.010199445544490288,0.010811269653435162,0.7451071749483573,0.9899950110509395,0.02835692666888736,
2000,base5,3,126,1,,3087.7042371099815,exchangeable_varying_sigma,0.18,fixed,0.18,0.18,fixed,0.18,1.0,constant,anchor_grid,500,0.6,-0.33265465294451685,0.06532197321283291,0.08825956332938592,0.02257935792456063,0.02824726452297642,0.06692190966706653,0.09266586423729889,0.031116859998759377,0.03608322330102071,0.49178485984361175,0.6761848789235736,0.33265465294451685,
2000,base1,4,127,1,,1016.73231970903,exchangeable_varying_sigma,0.18,fixed,0.18,0.18,fixed,0.18,1.0,sin,anchor_grid,500,0.3,-0.06627903061301058,0.0361029248190629,0.04842292721617951,0.01078867711967224,0.012914548849011913,0.03576435557571592,0.048116757902742634,0.010130506601022327,0.012379926436265752,0.22821015682317528,0.2421123898140481,0.06627903061301058,
5000,base2,3,126,1,,6654.918374427012,exchangeable_varying_sigma,0.18,fixed,0.18,0.18,fixed,0.18,1.0,sin2,anchor_grid,500,0.0,-0.00568616556647997,0.02002098031832551,0.025237127692346116,0.002307187947443612,0.002322577927369759,0.02018636568682971,0.02550306354152483,0.0031207777204070863,0.0033974429290330645,0.05874761683505601,0.07336483906457499,0.00568616556647997,
5000,base5,3,126,1,,2205.412048597005,exchangeable_varying_sigma,0.18,fixed,0.18,0.18,fixed,0.18,1.0,constant,anchor_grid,500,0.0,-0.003425737107008428,0.055784376451782726,0.07814606842482728,0.0061262793846562635,0.0068577885887147645,0.05919090953287646,0.08521857488283999,0.0034405983306207977,0.003455207385210759,0.6745386552243724,0.9328518729650684,0.003425737107008428,
5000,base5,2,125,1,,8313.16422436398,exchangeable_varying_sigma,0.18,fixed,0.18,0.18,fixed,0.18,1.0,constant,anchor_grid,500,0.9,-0.45373193642607706,0.05481173804762231,0.07679626991985289,0.007887187600914003,0.011583363051811492,0.05626413297434364,0.08260202065321395,0.009294322109689918,0.011885842854427574,0.736532872126337,0.9841314374705215,0.45373193642607706,
5000,base2,3,126,1,,6446.695181638002,exchangeable_varying_sigma,0.18,fixed,0.18,0.18,fixed,0.18,1.0,sin2,anchor_grid,500,0.3,-0.06137937267357432,0.019190021144875804,0.024505828399554147,0.006379589373707001,0.008140284508316964,0.01878987608628293,0.024074181850214094,0.004868404966155732,0.0067131597836197045,0.060586111509493015,0.07656404733036865,0.06137937267357432,
5000,base5,3,126,1,,2548.369792651967,exchangeable_varying_sigma,0.18,fixed,0.18,0.18,fixed,0.18,1.0,constant,anchor_grid,500,0.6,-0.3135099460114683,0.055127736309868176,0.07769617130390517,0.013330958179051278,0.014325479390993887,0.057589396037213456,0.08454360970844615,0.010273996342284514,0.011246209342903685,0.6648542072704469,0.9359454501377182,0.3135099460114683,
2000,base1,4,127,1,,2481.967572576017,exchangeable_varying_sigma,0.18,fixed,0.18,0.18,fixed,0.18,1.0,sin,anchor_grid,500,0.0,0.008817147674945658,0.03571652488551967,0.04776963410559432,0.01522286743305043,0.01943627577397818,0.03581740822078455,0.04805637549130071,0.014006904932774344,0.017192063415583384,0.19014070895184093,0.2036894871273636,0.008817147674945658,
2000,base1,4,127,1,,2808.8241851839703,exchangeable_varying_sigma,0.18,fixed,0.18,0.18,fixed,0.18,1.0,sin,anchor_grid,500,0.9,-0.19220787940476747,0.03522593100789474,0.04689484807753103,0.015416531845897918,0.017275673662467975,0.025163660432988347,0.03337120285738231,0.015640226358733467,0.017372282972689546,0.23160650790772724,0.25004743906031973,0.19220787940476747,
5000,base1,4,127,1,,1880.8646856989944,exchangeable_varying_sigma,0.18,fixed,0.18,0.18,fixed,0.18,1.0,sin,anchor_grid,500,0.6,-0.054705675138778664,0.022351829503642097,0.028294366337121537,0.015585078867258628,0.017944994313565363,0.020064949941457615,0.025076133223612674,0.015161737063711364,0.01763321594362609,0.060191544873408324,0.08233800062138809,0.054705675138778664,
2000,base3,4,127,1,,997.3103455799865,exchangeable_varying_sigma,0.18,fixed,0.18,0.18,fixed,0.18,1.0,mixed,anchor_grid,500,0.3,-0.15296706592225764,0.055009915337708014,0.0691316595831621,0.015182695286764802,0.017338426566761943,0.0559090169422591,0.07033850947171126,0.017302616012154937,0.018827415760905995,0.15802894627765438,0.20247983467856787,0.15296706592225764,
2000,base1,4,127,1,,4082.264957559062,exchangeable_varying_sigma,0.18,fixed,0.18,0.18,fixed,0.18,1.0,sin,anchor_grid,500,0.6,-0.12836695252342717,0.0357554192709121,0.04778961970186121,0.013034902611916505,0.015067581121759658,0.0326602653604153,0.043841024079440044,0.012376462046743059,0.014426561020135939,0.23128296444802413,0.24705050591471378,0.12836695252342717,
5000,base2,3,126,1,,7689.3133190979715,exchangeable_varying_sigma,0.18,fixed,0.18,0.18,fixed,0.18,1.0,sin2,anchor_grid,500,0.9,-0.11924765303026907,0.019642774915136975,0.02500862284321995,0.007510184431138989,0.009512177732078762,0.014175991679426651,0.018544248062164804,0.005501064234997383,0.007132354462411833,0.06868279290982837,0.08854243972261405,0.11924765303026907,
5000,base1,4,127,1,,3530.8793491569813,exchangeable_varying_sigma,0.18,fixed,0.18,0.18,fixed,0.18,1.0,sin,anchor_grid,500,0.0,0.006366421599942144,0.023169436255146444,0.028901035140265954,0.01842473292807506,0.019520533995754874,0.023160978433228858,0.0289094492363159,0.01721817138351117,0.018958630239459387,0.06026943524994824,0.08531056908847211,0.006366421599942144,
2000,base3,4,127,1,,2602.9417264489457,exchangeable_varying_sigma,0.18,fixed,0.18,0.18,fixed,0.18,1.0,mixed,anchor_grid,500,0.6,-0.2705041920863619,0.05482866838203459,0.06876415092742626,0.0174516463691356,0.01936671633092298,0.05401762207254473,0.06765737700077705,0.02053444492473011,0.022039960596670648,0.16306274612562224,0.21117000503937203,0.2705041920863619,
2000,base3,4,127,1,,3036.544535432011,exchangeable_varying_sigma,0.18,fixed,0.18,0.18,fixed,0.18,1.0,mixed,anchor_grid,500,0.0,0.001920707475807996,0.052512486199525935,0.06668371430122565,0.013918056252782529,0.014820069108548958,0.0538771015303487,0.06839722083014864,0.012495545850455703,0.015200713645094835,0.16012399293670201,0.1985144309531881,0.001920707475807996,
5000,base3,4,127,1,,2325.365074029076,exchangeable_varying_sigma,0.18,fixed,0.18,0.18,fixed,0.18,1.0,mixed,anchor_grid,500,0.0,-0.006903672934986266,0.04250353957059556,0.05252519682785664,0.011801726230534326,0.01453047601957818,0.04373243664440219,0.05423119349611164,0.011455306378538366,0.01406196105530975,0.24399423928033856,0.27688316567890237,0.006903672934986266,
5000,base3,4,127,1,,2435.113096877001,exchangeable_varying_sigma,0.18,fixed,0.18,0.18,fixed,0.18,1.0,mixed,anchor_grid,500,0.3,-0.10480044750586684,0.04256192245828114,0.05257409393204983,0.020580397362585046,0.021645035162724775,0.04341186038402601,0.053669467963821924,0.01860760496682845,0.019947876932133363,0.24401440231829366,0.2786183001222126,0.10480044750586684,
2000,base5,4,127,1,,1331.4832562869415,exchangeable_varying_sigma,0.18,fixed,0.18,0.18,fixed,0.18,1.0,constant,anchor_grid,500,0.0,-0.002497878353635195,0.06472278291225911,0.08817778071125885,0.02237650404161455,0.023335672738052392,0.06841425771183716,0.09462214702663994,0.025299429184805836,0.026183556692544924,0.5140083620080478,0.7356238646842577,0.002497878353635195,
5000,base5,3,126,1,,6703.6935160359135,exchangeable_varying_sigma,0.18,fixed,0.18,0.18,fixed,0.18,1.0,constant,anchor_grid,500,0.3,-0.16147595663228503,0.054977601404501,0.07753981682357892,0.0125383692927592,0.01350785241156166,0.058241515869149066,0.08475775936290197,0.00982165239292554,0.010618645840474727,0.6731775577997123,0.9396886396230113,0.16147595663228503,
2000,base3,4,127,1,,3399.972299105022,exchangeable_varying_sigma,0.18,fixed,0.18,0.18,fixed,0.18,1.0,mixed,anchor_grid,500,0.9,-0.38575032649839835,0.05448471413340934,0.06824194056707339,0.019846435817073266,0.021529532070000797,0.05000734106314614,0.062342200279214915,0.024434518376607595,0.025778189979576777,0.16836288463400942,0.219906466109119,0.38575032649839835,
2000,base5,4,127,1,,1032.8641563350102,exchangeable_varying_sigma,0.18,fixed,0.18,0.18,fixed,0.18,1.0,constant,anchor_grid,500,0.9,-0.5309290474330981,0.06547117884107427,0.08872233821690112,0.026609917521707174,0.03314821541513951,0.06540041056673468,0.09196741329777162,0.023701104325151656,0.030507169845748937,0.5090999172943486,0.7154095597203051,0.5309290474330981,
5000,base5,3,126,1,,7301.070350366994,exchangeable_varying_sigma,0.18,fixed,0.18,0.18,fixed,0.18,1.0,constant,anchor_grid,500,0.9,-0.4639345069118095,0.05535455166928605,0.07792299703071202,0.01411887230151132,0.015127824879618465,0.05629628509609128,0.08402902826988752,0.010746449270021663,0.01189011389453982,0.6564024609683934,0.9328624532456684,0.4639345069118095,
2000,base5,4,127,1,,2640.1787177509395,exchangeable_varying_sigma,0.18,fixed,0.18,0.18,fixed,0.18,1.0,constant,anchor_grid,500,0.3,-0.19128435867527493,0.0659086886356028,0.08937620853531325,0.023409365486127293,0.029980641866909935,0.06945031583171284,0.09579730436119066,0.020035432567096015,0.027944983246901346,0.5060467674593793,0.7138032222849819,0.19128435867527493,
2000,base5,4,127,1,,2984.9035598720657,exchangeable_varying_sigma,0.18,fixed,0.18,0.18,fixed,0.18,1.0,constant,anchor_grid,500,0.6,-0.36134964116581353,0.06575334494384742,0.08910124274801848,0.025030706377782458,0.031552243265365515,0.06812154256405717,0.09444673188090257,0.021907601387160608,0.029294734391894915,0.5071850914246566,0.714225059290514,0.36134964116581353,
5000,base1,4,127,1,,7620.189298931975,exchangeable_varying_sigma,0.18,fixed,0.18,0.18,fixed,0.18,1.0,sin,anchor_grid,500,0.3,-0.019291012994132994,0.0223768536709813,0.02839842320222402,0.013686627355056158,0.016155616179108226,0.021882682422819943,0.027671014425849034,0.013610342611841741,0.015932176447280334,0.06210347964527048,0.08541026114105156,0.019291012994132994,
5000,base5,4,127,1,,3649.738522012951,exchangeable_varying_sigma,0.18,fixed,0.18,0.18,fixed,0.18,1.0,constant,anchor_grid,500,0.0,-0.01735085467392051,0.05685647628523183,0.08115128777493849,0.022438690058387584,0.02592503711005245,0.06062586638492088,0.08882857550795206,0.01928494547489104,0.023166633747148453,0.7505001593059759,1.0086648017863733,0.01735085467392051,
2000,base2,5,128,1,,3097.0598194990307,exchangeable_varying_sigma,0.18,fixed,0.18,0.18,fixed,0.18,1.0,sin2,anchor_grid,500,0.0,0.07186351344447862,0.02889867906487007,0.03764130977148265,0.014089398840446798,0.01884000475511653,0.0290264057702274,0.037865318053705466,0.011842020075435264,0.016223515886234215,0.162491745172385,0.17270112136165688,0.07186351344447862,
5000,base5,4,127,1,,4030.4314557450125,exchangeable_varying_sigma,0.18,fixed,0.18,0.18,fixed,0.18,1.0,constant,anchor_grid,500,0.3,-0.1690166285952022,0.05701341710174903,0.0819978324060637,0.009703644327157646,0.013893128417785205,0.0603878746104936,0.0891295208533967,0.011960844845858437,0.015321838315626661,0.7398477389410484,0.9869089408355182,0.1690166285952022,
5000,base3,4,127,1,,5923.054148023017,exchangeable_varying_sigma,0.18,fixed,0.18,0.18,fixed,0.18,1.0,mixed,anchor_grid,500,0.6,-0.20195860442465302,0.04264154047773847,0.05271791489865345,0.022466162067732637,0.023584207002568653,0.042383054702742784,0.052444136670286697,0.020207314917965208,0.021653191015624455,0.2465083819513833,0.28179169596549514,0.20195860442465302,
2000,base2,5,128,1,,2595.274987819954,exchangeable_varying_sigma,0.18,fixed,0.18,0.18,fixed,0.18,1.0,sin2,anchor_grid,500,0.6,-0.12477833116681891,0.029948509235661596,0.03924869007735978,0.01367027608950297,0.018923780713313045,0.026925477054444612,0.0353964232916457,0.01555682110940973,0.018282568340242875,0.1693727477408037,0.17831980242710588,0.12477833116681891,
2000,base2,5,128,1,,3165.2482000369346,exchangeable_varying_sigma,0.18,fixed,0.18,0.18,fixed,0.18,1.0,sin2,anchor_grid,500,0.3,-0.062184358400372314,0.029855815573348727,0.03910034284880902,0.012859798281943169,0.017812516352811423,0.029237015260684618,0.03836963852937828,0.014166980171556126,0.01657357320608956,0.1708674020210015,0.1801145392572326,0.062184358400372314,
5000,base1,4,127,1,,9012.479174496024,exchangeable_varying_sigma,0.18,fixed,0.18,0.18,fixed,0.18,1.0,sin,anchor_grid,500,0.9,-0.09318787427944919,0.022231570898391763,0.028109898164883337,0.01739752728767327,0.019585970477329726,0.016294212016349095,0.019683718599003946,0.016529004037190348,0.01906951969288217,0.057562426062667045,0.07849380348736792,0.09318787427944919,
2000,base2,5,128,1,,2930.368334628991,exchangeable_varying_sigma,0.18,fixed,0.18,0.18,fixed,0.18,1.0,sin2,anchor_grid,500,0.9,-0.18827459153969361,0.030046555621486778,0.039292190966264975,0.014119361038035974,0.01959121193497645,0.021553655225926352,0.028505692651249744,0.01651439750173879,0.019726186895972324,0.167308736680993,0.17598776233989125,0.18827459153969361,
5000,base3,4,127,1,,6985.529297054047,exchangeable_varying_sigma,0.18,fixed,0.18,0.18,fixed,0.18,1.0,mixed,anchor_grid,500,0.9,-0.2998022174574052,0.042767577358821945,0.05290153642294209,0.024285877916519677,0.02540539954686824,0.040477003500455896,0.050476213324822265,0.021776829260434866,0.02317981987523665,0.24958041966878206,0.28565982615656865,0.2998022174574052,
5000,base5,4,127,1,,6442.657946899999,exchangeable_varying_sigma,0.18,fixed,0.18,0.18,fixed,0.18,1.0,constant,anchor_grid,500,0.6,-0.325564572317876,0.0569253341412054,0.08189491516480055,0.010329607453463799,0.015107479092948038,0.059427264444159356,0.08814570184344753,0.012374845194781325,0.016438426904567014,0.743049556611144,0.9897783555939106,0.325564572317876,
5000,base2,5,128,1,,3038.5111609449377,exchangeable_varying_sigma,0.18,fixed,0.18,0.18,fixed,0.18,1.0,sin2,anchor_grid,500,0.6,-0.0977178234219388,0.019202926856976277,0.02477428817132924,0.0063853764120491985,0.00831334587002939,0.017584191952805757,0.022575220002869316,0.00627875952406412,0.007617972172258758,0.04062657848214849,0.04980424203755103,0.0977178234219388,
5000,base2,5,128,1,,3367.298017372028,exchangeable_varying_sigma,0.18,fixed,0.18,0.18,fixed,0.18,1.0,sin2,anchor_grid,500,0.3,-0.06700713889473181,0.019246897599365025,0.024780768326492616,0.005900562609729404,0.007697580740475987,0.019054624247048905,0.02445450737854444,0.00562161582558296,0.007015874219889616,0.03474331102456835,0.04233772637368466,0.06700713889473181,
2000,base5,5,128,1,,2930.2787830390735,exchangeable_varying_sigma,0.18,fixed,0.18,0.18,fixed,0.18,1.0,constant,anchor_grid,500,0.3,-0.2245572497198739,0.06847098786602912,0.09331051864956537,0.02385749438967044,0.0240430276698824,0.07183725520083997,0.09926513374572002,0.01968225865400572,0.020057086753069622,0.48638773011551156,0.6791955918901839,0.2245572497198739,
2000,base5,5,128,1,,3052.862471580971,exchangeable_varying_sigma,0.18,fixed,0.18,0.18,fixed,0.18,1.0,constant,anchor_grid,500,0.6,-0.39471239337798186,0.06861792670471933,0.09356450775832158,0.02487272266193359,0.0250002060687079,0.07081642123217677,0.09836146243587868,0.02089514430699256,0.021034026241549417,0.48390634861503556,0.675821322994061,0.39471239337798186,
2000,base5,5,128,1,,3471.0698482430307,exchangeable_varying_sigma,0.18,fixed,0.18,0.18,fixed,0.18,1.0,constant,anchor_grid,500,0.0,0.04020351125080814,0.06576452783568223,0.09057531411328532,0.030261724165292866,0.032943354118666356,0.06940679318666496,0.09696775318803366,0.025045626862939624,0.027759555339638444,0.5145198567889393,0.706618936076305,0.04020351125080814,
5000,base5,4,127,1,,7504.95437387703,exchangeable_varying_sigma,0.18,fixed,0.18,0.18,fixed,0.18,1.0,constant,anchor_grid,500,0.9,-0.483700530438414,0.05678385636377485,0.08171160508800426,0.012123875206606863,0.016286778184787278,0.05773844202661925,0.08670476368741348,0.013508667028680546,0.01732910602443397,0.7473184375092862,0.9940099600378091,0.483700530438414,
2000,base5,5,128,1,,3467.1238909529056,exchangeable_varying_sigma,0.18,fixed,0.18,0.18,fixed,0.18,1.0,constant,anchor_grid,500,0.9,-0.5622568593202671,0.06864880580977671,0.09376050861938509,0.02543168648457879,0.025683542567551784,0.06869251509637671,0.0965864895103841,0.021484745143602324,0.021702170296646055,0.48168875197138583,0.6725400929320035,0.5622568593202671,
2000,base1,6,129,1,,2537.323684194009,exchangeable_varying_sigma,0.18,fixed,0.18,0.18,fixed,0.18,1.0,sin,anchor_grid,500,0.0,-0.042690178981752445,0.0342963516871829,0.045423616238949395,0.012574731697837752,0.015544204067110386,0.03437971078986338,0.04553287668748093,0.010220557772641678,0.014564495742656057,0.2379775939368442,0.254596203719948,0.042690178981752445,
2000,base1,6,129,1,,3194.589977366035,exchangeable_varying_sigma,0.18,fixed,0.18,0.18,fixed,0.18,1.0,sin,anchor_grid,500,0.6,-0.12663240712879775,0.03510056497949447,0.04654467478982286,0.013218541496913455,0.015702059029859886,0.030263322016591526,0.04070128964857907,0.00966962674814581,0.011265734700989908,0.20341341020123066,0.22663988313443936,0.12663240712879775,
2000,base1,6,129,1,,3366.8262341519585,exchangeable_varying_sigma,0.18,fixed,0.18,0.18,fixed,0.18,1.0,sin,anchor_grid,500,0.3,-0.0478332172853107,0.034739226910980095,0.04619833788516233,0.011795811190090016,0.013869997980146315,0.03324681501611847,0.04453443468138581,0.00971218932614587,0.011182438305092442,0.2126205754616958,0.2349896889488482,0.0478332172853107,
5000,base2,5,128,1,,6807.390451212064,exchangeable_varying_sigma,0.18,fixed,0.18,0.18,fixed,0.18,1.0,sin2,anchor_grid,500,0.9,-0.12206353434144712,0.019197356882083943,0.0248288983684663,0.0067469146015651515,0.008803466173642686,0.014169370421923604,0.018595769758250887,0.006742676230016037,0.00795640949175551,0.048252083592575164,0.058358787805344495,0.12206353434144712,
2000,base1,6,129,1,,3398.130267444998,exchangeable_varying_sigma,0.18,fixed,0.18,0.18,fixed,0.18,1.0,sin,anchor_grid,500,0.9,-0.20774797168183123,0.035485964300524045,0.04706728500756543,0.014705683941187653,0.0177287891092257,0.024291771698917962,0.03257691871708777,0.011190378512886928,0.01201306892933398,0.19664223051280885,0.22036759820022597,0.20774797168183123,
5000,base2,5,128,1,,8722.70877520903,exchangeable_varying_sigma,0.18,fixed,0.18,0.18,fixed,0.18,1.0,sin2,anchor_grid,500,0.0,0.006336312144093661,0.019582277905375717,0.025018437519719612,0.006946107228968851,0.007660986820348196,0.019764708858674637,0.025278155662431613,0.006059686238693129,0.007045116063171708,0.03711913387555814,0.042907504647833807,0.006336312144093661,
5000,base5,5,128,1,,5228.936282680021,exchangeable_varying_sigma,0.18,fixed,0.18,0.18,fixed,0.18,1.0,constant,anchor_grid,500,0.9,-0.5058683906573921,0.05505493606590898,0.07795764876310234,0.016770140038064832,0.01792168622199128,0.05591313488755627,0.08300466192795433,0.017800035163189287,0.0195736276097239,0.7076816151445439,0.9625928676182676,0.5058683906573921,
5000,base5,5,128,1,,6864.4313822339755,exchangeable_varying_sigma,0.18,fixed,0.18,0.18,fixed,0.18,1.0,constant,anchor_grid,500,0.0,-0.03397042607741219,0.055221154172970355,0.07798856448448999,0.008240421071908158,0.012189335964057345,0.05890634143196462,0.0851395719440473,0.007264881864286518,0.008742645034782875,0.7469932176298595,0.9963823651783308,0.03397042607741219,
5000,base5,5,128,1,,7040.879840375041,exchangeable_varying_sigma,0.18,fixed,0.18,0.18,fixed,0.18,1.0,constant,anchor_grid,500,0.3,-0.20208525275597777,0.054941534106992956,0.07788169899117045,0.015426062038441546,0.016776600005023564,0.05819829409027578,0.08471478314758712,0.016457439514559483,0.017943995091173823,0.724287680972532,0.9748551114946715,0.20208525275597777,
2000,base3,6,129,1,,2849.0606375100324,exchangeable_varying_sigma,0.18,fixed,0.18,0.18,fixed,0.18,1.0,mixed,anchor_grid,500,0.0,-0.03126489618642787,0.05290004504075088,0.06616304870220793,0.010712521490734386,0.012980512023913465,0.05429216940929486,0.06774283810538449,0.010075276580751621,0.011765344813060881,0.15534350200026018,0.19774197226448567,0.03126489618642787,
2000,base3,6,129,1,,2783.5426044889027,exchangeable_varying_sigma,0.18,fixed,0.18,0.18,fixed,0.18,1.0,mixed,anchor_grid,500,0.3,-0.09845616158138779,0.052597766303134605,0.0660036214315004,0.010056325282487427,0.013234847001220504,0.052912215674865634,0.06649739692708713,0.010798109433961284,0.012841183379254523,0.1676273523203102,0.20253942145781126,0.09845616158138779,
5000,base5,5,128,1,,7119.700580319972,exchangeable_varying_sigma,0.18,fixed,0.18,0.18,fixed,0.18,1.0,constant,anchor_grid,500,0.6,-0.3551084640599646,0.05497887310381041,0.077900682483715,0.016088391239076197,0.017378062279883158,0.05737118529920467,0.08402660549242393,0.01711525446718902,0.01882827825977461,0.7161169946940621,0.9686805207655028,0.3551084640599646,
2000,base3,6,129,1,,2315.1084449760383,exchangeable_varying_sigma,0.18,fixed,0.18,0.18,fixed,0.18,1.0,mixed,anchor_grid,500,0.9,-0.35668710595369635,0.052999384574537914,0.06671482111693959,0.011865085773822948,0.016655084160287017,0.04855285252521153,0.060716585211393136,0.010715464881882852,0.015703759423842653,0.1714371341073944,0.202188406929035,0.35668710595369635,
2000,base3,6,129,1,,2969.7665496780537,exchangeable_varying_sigma,0.18,fixed,0.18,0.18,fixed,0.18,1.0,mixed,anchor_grid,500,0.6,-0.2268247132229924,0.05280077880124965,0.06628097530446128,0.010438996216161456,0.014807044947970319,0.05138884751945105,0.06443449747596572,0.01087208005523263,0.014075344842624578,0.17027391190973007,0.20268203235980017,0.2268247132229924,
2000,base5,6,129,1,,1091.3398754650261,exchangeable_varying_sigma,0.18,fixed,0.18,0.18,fixed,0.18,1.0,constant,anchor_grid,500,0.6,-0.33454657935737964,0.06533512936019421,0.08859195619199446,0.009335309105749118,0.010745917759317486,0.06625714990409358,0.09242612066755128,0.011964666664086215,0.012491822932670019,0.48019787474449166,0.6601350924975329,0.33454657935737964,
2000,base5,6,129,1,,1124.6478905279655,exchangeable_varying_sigma,0.18,fixed,0.18,0.18,fixed,0.18,1.0,constant,anchor_grid,500,0.9,-0.5131849986993577,0.06561553796439742,0.08885139502959821,0.010766935243751413,0.012730848787857964,0.06429854424306987,0.09073440710866928,0.013319004503202725,0.013970866568740381,0.48623899157097694,0.6689688381089147,0.5131849986993577,
5000,base1,6,129,1,,7519.296700727893,exchangeable_varying_sigma,0.18,fixed,0.18,0.18,fixed,0.18,1.0,sin,anchor_grid,500,0.0,-0.007833268935527537,0.023006780153353258,0.029250662428974013,0.006850836078226313,0.008661965568663435,0.02297514123738281,0.02922379301971467,0.006648566437260056,0.00782705919663701,0.07308631670192824,0.09313768318510063,0.007833268935527537,
2000,base5,6,129,1,,2363.715387084987,exchangeable_varying_sigma,0.18,fixed,0.18,0.18,fixed,0.18,1.0,constant,anchor_grid,500,0.0,-0.03525505346642722,0.06477784510523495,0.0886423182886568,0.016400338332713857,0.018406005412880306,0.06810805728220658,0.09454634191294518,0.008951762564231663,0.012491754464407373,0.44729227102259583,0.6162312622914153,0.03525505346642722,
5000,base1,6,129,1,,7232.327975424007,exchangeable_varying_sigma,0.18,fixed,0.18,0.18,fixed,0.18,1.0,sin,anchor_grid,500,0.6,-0.0738606285637029,0.02316147919740237,0.029383290081562444,0.011474337173716626,0.011793532255597199,0.021147305595596945,0.02646979514751411,0.012623260378458928,0.012999089388445637,0.07828595506703558,0.09777705863565424,0.0738606285637029,
2000,base5,6,129,1,,2932.912786444067,exchangeable_varying_sigma,0.18,fixed,0.18,0.18,fixed,0.18,1.0,constant,anchor_grid,500,0.3,-0.1585627794772274,0.06508855749525294,0.088420004150696,0.007971487779241698,0.009046665088102548,0.06739920431879287,0.0934763806073242,0.010763517213787488,0.011388376743683704,0.47312837128572766,0.651190560097111,0.1585627794772274,
5000,base1,6,129,1,,6616.879692308954,exchangeable_varying_sigma,0.18,fixed,0.18,0.18,fixed,0.18,1.0,sin,anchor_grid,500,0.9,-0.10546553386538793,0.023077011334180057,0.029141741910117775,0.011767619777362681,0.012032547263662917,0.01699234637266317,0.02051650679945365,0.013508041914620322,0.013723851328448777,0.08082476414960356,0.09703253321468573,0.10546553386538793,
5000,base1,6,129,1,,9226.739661569009,exchangeable_varying_sigma,0.18,fixed,0.18,0.18,fixed,0.18,1.0,sin,anchor_grid,500,0.3,-0.04144605046284827,0.02323914666838609,0.02955447532148819,0.010889140632411448,0.011270523897587915,0.022895160590184326,0.02902561053082338,0.011382737169282342,0.011893731811674932,0.0769668748062461,0.09843379295664528,0.04144605046284827,
5000,base5,6,129,1,,3234.1643647029996,exchangeable_varying_sigma,0.18,fixed,0.18,0.18,fixed,0.18,1.0,constant,anchor_grid,500,0.0,0.0036098620395550937,0.05692092223928267,0.08089567259608799,0.010881807863418053,0.013849231873257322,0.060349107311281965,0.0881600471161853,0.009173269079391033,0.01183278126646014,0.6895809203221803,0.9372215041375976,0.0036098620395550937,
5000,base5,6,129,1,,3190.6858285469934,exchangeable_varying_sigma,0.18,fixed,0.18,0.18,fixed,0.18,1.0,constant,anchor_grid,500,0.3,-0.14107490847216644,0.05653573649754722,0.08001654068540068,0.018768856170764653,0.021644274303013605,0.06008292259355343,0.08760383903638877,0.018043425128206003,0.019731991941787853,0.6894234239697741,0.9293542145192528,0.14107490847216644,
5000,base3,6,129,1,,6809.633802118944,exchangeable_varying_sigma,0.18,fixed,0.18,0.18,fixed,0.18,1.0,mixed,anchor_grid,500,0.3,-0.12234596510839807,0.04402191705703863,0.05409825531697899,0.008474058922771893,0.012868601590493306,0.04486888099413091,0.05532984534917385,0.009216683393670683,0.011544409832042208,0.21821681959196998,0.24928836604749668,0.12234596510839807,
5000,base5,6,129,1,,2956.348235519952,exchangeable_varying_sigma,0.18,fixed,0.18,0.18,fixed,0.18,1.0,constant,anchor_grid,500,0.9,-0.45104852875537604,0.05606022037604498,0.07977617260545188,0.01965308541143962,0.022706981400954094,0.05765670606772085,0.08668193865679888,0.019826344901196086,0.021692627569171362,0.6867695947345698,0.9375732574610854,0.45104852875537604,
2000,base2,7,130,1,,2661.0869996319525,exchangeable_varying_sigma,0.18,fixed,0.18,0.18,fixed,0.18,1.0,sin2,anchor_grid,500,0.0,0.0035817260011073364,0.029958727495166208,0.03874300967619042,0.005676168502059709,0.00644721025786942,0.030118706260467688,0.039073982640974045,0.007984947956466176,0.009109226919047779,0.14936282244102564,0.15608719621789122,0.0035817260011073364,
2000,base2,7,130,1,,2828.7039030980086,exchangeable_varying_sigma,0.18,fixed,0.18,0.18,fixed,0.18,1.0,sin2,anchor_grid,500,0.3,-0.044144404026000394,0.028809695579292735,0.03712813595771995,0.01463115110835822,0.015741614082619277,0.028320237355268542,0.03660799042167934,0.012292190360964267,0.013028343040225434,0.15277886033077365,0.16083910296628146,0.044144404026000394,
5000,base3,6,129,1,,6211.287138601998,exchangeable_varying_sigma,0.18,fixed,0.18,0.18,fixed,0.18,1.0,mixed,anchor_grid,500,0.9,-0.30841712100479557,0.043733161259823426,0.053934447225117824,0.009232973250466653,0.013376147077840095,0.0413444757249688,0.0515407228929838,0.011279475261460281,0.013181578585653532,0.21055950697934955,0.24167167062840053,0.30841712100479557,
5000,base3,6,129,1,,7519.684530484956,exchangeable_varying_sigma,0.18,fixed,0.18,0.18,fixed,0.18,1.0,mixed,anchor_grid,500,0.6,-0.21629483009171852,0.04391544450263931,0.05403706049467279,0.008964425396568027,0.013272862109897641,0.043737921961001985,0.054028394648734726,0.010432233632688248,0.012518806124251821,0.2144522060489901,0.2453748570440924,0.21629483009171852,
5000,base2,7,130,1,,1786.5150400300045,exchangeable_varying_sigma,0.18,fixed,0.18,0.18,fixed,0.18,1.0,sin2,anchor_grid,500,0.3,-0.04489895251867154,0.019658423744786963,0.025170197701311726,0.009388649949570699,0.009989486749307283,0.01945200481223837,0.024838535830246564,0.00943150347756827,0.00986800491242287,0.052788129247799985,0.06579576599776181,0.04489895251867154,
2000,base2,7,130,1,,2962.294350526994,exchangeable_varying_sigma,0.18,fixed,0.18,0.18,fixed,0.18,1.0,sin2,anchor_grid,500,0.6,-0.1152762963436848,0.02876922436958189,0.03711721890171991,0.01613169028137354,0.017400656404891437,0.02587659204643273,0.033543782347386426,0.011856310991946284,0.012553856420020808,0.14893466186520735,0.15668005445595393,0.1152762963436848,
5000,base2,7,130,1,,2079.92650329601,exchangeable_varying_sigma,0.18,fixed,0.18,0.18,fixed,0.18,1.0,sin2,anchor_grid,500,0.0,0.025771917582347936,0.01927490599230817,0.024210063592251054,0.0034492880203336185,0.004234966039483125,0.01949379005545396,0.024500378715254966,0.002437172944037863,0.002810952629823867,0.05612149283744452,0.06991953591300319,0.025771917582347936,
5000,base3,6,129,1,,8825.888503771042,exchangeable_varying_sigma,0.18,fixed,0.18,0.18,fixed,0.18,1.0,mixed,anchor_grid,500,0.0,-0.005939564990195559,0.04329256218211096,0.053334446058343726,0.01135497408516617,0.014232752977270932,0.04429707395386845,0.05476466444250095,0.010141843673837025,0.012889566575809898,0.21354547177237646,0.24503528096803004,0.005939564990195559,
2000,base2,7,130,1,,3740.3698845480103,exchangeable_varying_sigma,0.18,fixed,0.18,0.18,fixed,0.18,1.0,sin2,anchor_grid,500,0.9,-0.18748256722063372,0.028811293637822727,0.03714666365036572,0.01742985747546605,0.018867059616153304,0.020264561449777813,0.026436348263233846,0.01100039862978458,0.011631453927831756,0.14619984763208652,0.1534119359999514,0.18748256722063372,
5000,base2,7,130,1,,2961.69770643604,exchangeable_varying_sigma,0.18,fixed,0.18,0.18,fixed,0.18,1.0,sin2,anchor_grid,500,0.9,-0.1165323483705425,0.019576636830871397,0.02506881703857452,0.01070748016919125,0.011659387141552718,0.014404971033525128,0.018692261232756153,0.010839274519012218,0.011703341494255103,0.05064465812021182,0.06386059849905183,0.1165323483705425,
2000,base5,7,130,1,,3027.4445452810032,exchangeable_varying_sigma,0.18,fixed,0.18,0.18,fixed,0.18,1.0,constant,anchor_grid,500,0.0,-0.010133417203245414,0.06543366478508268,0.08831852991445982,0.017949521441443766,0.021665307300524968,0.06881908130164253,0.09449322827385327,0.017526652567320777,0.021209363825882496,0.4738507993668154,0.654929802043461,0.010133417203245414,
2000,base5,7,130,1,,2647.409779900103,exchangeable_varying_sigma,0.18,fixed,0.18,0.18,fixed,0.18,1.0,constant,anchor_grid,500,0.6,-0.34601107769762895,0.06501503020878543,0.08725930797031371,0.01566540309461073,0.01774171611669949,0.06680875114047796,0.09159532973256565,0.009715635404299594,0.011150076283136223,0.47474615492867794,0.647892257524647,0.34601107769762895,
5000,base5,6,129,1,,6972.157853703015,exchangeable_varying_sigma,0.18,fixed,0.18,0.18,fixed,0.18,1.0,constant,anchor_grid,500,0.6,-0.29522963361147303,0.05633116683800961,0.07990221492168856,0.019216309505389745,0.022260315568603858,0.05932568153327159,0.08737768175137828,0.019108763511611754,0.020848114727282954,0.6874213693837047,0.9324247270844778,0.29522963361147303,
2000,base5,7,130,1,,3009.0054583040765,exchangeable_varying_sigma,0.18,fixed,0.18,0.18,fixed,0.18,1.0,constant,anchor_grid,500,0.3,-0.17836069765019105,0.06505451270577163,0.08720340857627228,0.014323062953916055,0.016471799165194055,0.06801508509602007,0.09261367063980822,0.00855326529708747,0.010599523458775495,0.4696111829433695,0.643149246536223,0.17836069765019105,
2000,base5,7,130,1,,2777.9078095139703,exchangeable_varying_sigma,0.18,fixed,0.18,0.18,fixed,0.18,1.0,constant,anchor_grid,500,0.9,-0.5125615058912433,0.06494995508849184,0.08736535537669705,0.016903536194805252,0.018952785078921543,0.06450873075266632,0.08975430170273295,0.01086045303473665,0.01190990916185944,0.478267887423276,0.6516366868465967,0.5125615058912433,
2000,base1,8,131,1,,807.183767503011,exchangeable_varying_sigma,0.18,fixed,0.18,0.18,fixed,0.18,1.0,sin,anchor_grid,500,0.3,-0.05167298422623842,0.03511297987875063,0.047115902802357654,0.010497225653820802,0.013301136078630487,0.03457344118189937,0.04654367656635939,0.011764288369936371,0.01480698656722158,0.2183379457446664,0.24061930490935562,0.05167298422623842,
5000,base5,7,130,1,,3179.1716691409238,exchangeable_varying_sigma,0.18,fixed,0.18,0.18,fixed,0.18,1.0,constant,anchor_grid,500,0.6,-0.31726652985518444,0.05505891510384968,0.07779923789068055,0.01823280050534168,0.019705015499493012,0.05784366843114574,0.08417972257271496,0.01853254017075881,0.02048670792232998,0.7051160491342255,0.9404738396891245,0.31726652985518444,
2000,base3,8,131,1,,1068.8767293540295,exchangeable_varying_sigma,0.18,fixed,0.18,0.18,fixed,0.18,1.0,mixed,anchor_grid,500,0.0,-0.0073079926153692375,0.052180871559700644,0.06568749022343538,0.005411651626629085,0.007220275762573667,0.053472685615242765,0.06739836613398784,0.006343252673157634,0.007291051118897851,0.16004690714865621,0.19507211982343955,0.0073079926153692375,
5000,base5,7,130,1,,4707.343128495035,exchangeable_varying_sigma,0.18,fixed,0.18,0.18,fixed,0.18,1.0,constant,anchor_grid,500,0.0,0.005927751865769953,0.055999187599169054,0.07786872331494755,0.006673625880191908,0.007522089769678501,0.059643909458282164,0.08490714908644935,0.005936728944310049,0.00757850211031044,0.6874897966679651,0.927758289510449,0.005927751865769953,
2000,base1,8,131,1,,3524.884260991006,exchangeable_varying_sigma,0.18,fixed,0.18,0.18,fixed,0.18,1.0,sin,anchor_grid,500,0.0,-0.014505740084751128,0.03556392206080028,0.046295209013007724,0.006802460674491806,0.008274231045699817,0.035589114499426096,0.046430763738040844,0.007843511976930395,0.00821924143237056,0.19743984708984055,0.21665990006461788,0.014505740084751128,
5000,base2,7,130,1,,6184.695605615969,exchangeable_varying_sigma,0.18,fixed,0.18,0.18,fixed,0.18,1.0,sin2,anchor_grid,500,0.6,-0.08126936626324033,0.0196037095252799,0.02513301017547491,0.010095625837991687,0.010830128419046722,0.017878557035703044,0.022835366756706877,0.010158286035496483,0.010693106809543695,0.05132987190920711,0.06468423145431416,0.08126936626324033,
2000,base1,8,131,1,,2707.827326162951,exchangeable_varying_sigma,0.18,fixed,0.18,0.18,fixed,0.18,1.0,sin,anchor_grid,500,0.6,-0.11771753674480367,0.03483383229671168,0.046619064584425045,0.011027704998519142,0.013891045716382245,0.03150858345677913,0.04239472101582718,0.012746773993087074,0.016890525057588895,0.21934695993325523,0.241732716708354,0.11771753674480367,
2000,base1,8,131,1,,2748.0594425410964,exchangeable_varying_sigma,0.18,fixed,0.18,0.18,fixed,0.18,1.0,sin,anchor_grid,500,0.9,-0.1853587882933777,0.03454129569821517,0.04606295105468974,0.011234021511554712,0.014724177572452894,0.024359617518976338,0.032544959890940806,0.01481573592708646,0.019681719913447023,0.2191065512032789,0.24139681938080262,0.1853587882933777,
5000,base1,8,131,1,,2572.9677904079435,exchangeable_varying_sigma,0.18,fixed,0.18,0.18,fixed,0.18,1.0,sin,anchor_grid,500,0.6,-0.07083432332730832,0.02280167875054357,0.02892898446507543,0.017533518264976428,0.019449409159333433,0.02122011350502598,0.026295135837087067,0.015762414118740894,0.017879533166886077,0.06810185669864298,0.0843093595246151,0.07083432332730832,
5000,base1,8,131,1,,2781.247695866972,exchangeable_varying_sigma,0.18,fixed,0.18,0.18,fixed,0.18,1.0,sin,anchor_grid,500,0.9,-0.10334458451023554,0.022454134304708374,0.02865844763194917,0.019367897720974095,0.0215711141001697,0.017126138046167503,0.020575988233580065,0.01705573142160309,0.019411449295364192,0.06951302938537836,0.08605871013422316,0.10334458451023554,
2000,base3,8,131,1,,760.6376486800145,exchangeable_varying_sigma,0.18,fixed,0.18,0.18,fixed,0.18,1.0,mixed,anchor_grid,500,0.6,-0.27191136775727953,0.052910711850242265,0.06750811025541148,0.00883630926480393,0.01525175414290951,0.05185735482810973,0.06628873889661491,0.010788827628637032,0.01655021550864975,0.14771303178605044,0.18630029551336075,0.27191136775727953,
2000,base3,8,131,1,,1169.0348403999815,exchangeable_varying_sigma,0.18,fixed,0.18,0.18,fixed,0.18,1.0,mixed,anchor_grid,500,0.3,-0.15048816665293427,0.05311954407158685,0.06794385477316933,0.00847540854794275,0.014375520491796523,0.05378752589669853,0.0689068038159815,0.00981743823555703,0.015511905469622478,0.15132722569541357,0.18997727350767477,0.15048816665293427,
2000,base5,8,131,1,,1036.4696559089934,exchangeable_varying_sigma,0.18,fixed,0.18,0.18,fixed,0.18,1.0,constant,anchor_grid,500,0.3,-0.1653452379654833,0.06581775260335972,0.08993886901055051,0.00992398543212282,0.013112104423012695,0.06886309346363759,0.095763173663798,0.013063510751108051,0.016404643214212287,0.515042744363704,0.7381717504378432,0.1653452379654833,
2000,base5,8,131,1,,1107.056671904982,exchangeable_varying_sigma,0.18,fixed,0.18,0.18,fixed,0.18,1.0,constant,anchor_grid,500,0.0,-0.026744846973551957,0.06550069278319601,0.08894342748560856,0.003838558421137256,0.004972275052082191,0.06889768390019631,0.09493000980955665,0.00927816793466553,0.010281994421156767,0.4909859067240645,0.6984756906797833,0.026744846973551957,
2000,base5,8,131,1,,1421.5546530759893,exchangeable_varying_sigma,0.18,fixed,0.18,0.18,fixed,0.18,1.0,constant,anchor_grid,500,0.6,-0.3410640393909354,0.06552933827117886,0.08962013738145676,0.012364525480442048,0.01509156238159783,0.06733933839311382,0.09427586671852863,0.013954357783455787,0.01836195067691601,0.5165752346825304,0.7420800133583111,0.3410640393909354,
5000,base5,7,130,1,,7292.452036233968,exchangeable_varying_sigma,0.18,fixed,0.18,0.18,fixed,0.18,1.0,constant,anchor_grid,500,0.3,-0.16267483504027272,0.055108338711107485,0.07784897684528007,0.017447377115370796,0.01882831517040769,0.05866117393158861,0.08480596266596037,0.01743285136678102,0.0191266177092395,0.7110140343323681,0.9480284652952972,0.16267483504027272,
5000,base5,7,130,1,,6815.297680662945,exchangeable_varying_sigma,0.18,fixed,0.18,0.18,fixed,0.18,1.0,constant,anchor_grid,500,0.9,-0.4701461411310543,0.05506717619459215,0.07773363994173024,0.019008376552882053,0.02060411588395926,0.05637758775652103,0.08312591788364156,0.019616593082322803,0.021911029433749715,0.6979072031635237,0.9311738957789066,0.4701461411310543,
2000,base5,8,131,1,,1363.690893183928,exchangeable_varying_sigma,0.18,fixed,0.18,0.18,fixed,0.18,1.0,constant,anchor_grid,500,0.9,-0.5204532123904235,0.06525308381990966,0.08921523502426221,0.015290999981695863,0.017517291525766317,0.06458163301998188,0.09170324346550042,0.015189828225643437,0.02043687405286951,0.5193066964324775,0.7471387345395251,0.5204532123904235,
2000,base3,8,131,1,,3666.953226494952,exchangeable_varying_sigma,0.18,fixed,0.18,0.18,fixed,0.18,1.0,mixed,anchor_grid,500,0.9,-0.3931040948732193,0.05273396335105056,0.0669578971658222,0.011749802195772846,0.016370385149398453,0.04820430263586478,0.06127814147036558,0.01202905852537911,0.017824680365957073,0.1443033195161172,0.1823066153951694,0.3931040948732193,
2000,base2,9,132,1,,984.5900133090327,exchangeable_varying_sigma,0.18,fixed,0.18,0.18,fixed,0.18,1.0,sin2,anchor_grid,500,0.0,0.03665632895143894,0.029248427139501928,0.03820352936014899,0.01471610283363034,0.01880456470079156,0.0294510994378608,0.03848224651727845,0.0130398479861136,0.01883169748577083,0.14933783831616515,0.1613473747169485,0.03665632895143894,
5000,base1,8,131,1,,6549.265490592108,exchangeable_varying_sigma,0.18,fixed,0.18,0.18,fixed,0.18,1.0,sin,anchor_grid,500,0.3,-0.03694994783014549,0.023083554759552746,0.029144771498229607,0.015621597977773238,0.01728306076282013,0.022930967391005006,0.02873324171846284,0.014333186772547149,0.01621047518701084,0.06688310171576088,0.08316834302884267,0.03694994783014549,
5000,base1,8,131,1,,7027.113274431089,exchangeable_varying_sigma,0.18,fixed,0.18,0.18,fixed,0.18,1.0,sin,anchor_grid,500,0.0,-0.0017115258380418655,0.023141732950617715,0.029400620156375616,0.012843447526510149,0.014896886783628199,0.023119149702919624,0.029389468782369327,0.011282642011978955,0.013854978564745449,0.06600813501849395,0.08599157645253785,0.0017115258380418655,
5000,base5,8,131,1,,2975.447828600998,exchangeable_varying_sigma,0.18,fixed,0.18,0.18,fixed,0.18,1.0,constant,anchor_grid,500,0.0,-0.010201049890866834,0.05576684051480002,0.0789700609563227,0.011456970960182694,0.017454612949193694,0.05898105726730472,0.08572893257746433,0.009943488225759745,0.01375676971747369,0.6934543515118454,0.9232694936773218,0.010201049890866834,
5000,base3,8,131,1,,4560.3913285910385,exchangeable_varying_sigma,0.18,fixed,0.18,0.18,fixed,0.18,1.0,mixed,anchor_grid,500,0.9,-0.27814267830654227,0.04249308835590953,0.0526075046183108,0.015576886064230105,0.02082523475780181,0.0403514851345028,0.05078315219253505,0.015224955959225447,0.021176292626382855,0.22311690653360275,0.25942277123968094,0.27814267830654227,
2000,base2,9,132,1,,1526.9591785529628,exchangeable_varying_sigma,0.18,fixed,0.18,0.18,fixed,0.18,1.0,sin2,anchor_grid,500,0.6,-0.134141527442598,0.03158634480472413,0.04080660075245405,0.015660191787290376,0.018700166021023007,0.02829610236874719,0.03671891799466953,0.018264778749745067,0.020767902091735953,0.15883467076426327,0.1699473223712149,0.134141527442598,
5000,base5,8,131,1,,3329.597337587038,exchangeable_varying_sigma,0.18,fixed,0.18,0.18,fixed,0.18,1.0,constant,anchor_grid,500,0.3,-0.1654224715680333,0.05626736724260544,0.07936723925722514,0.016061470413430187,0.018682703404471583,0.05926969743722246,0.08591794541100557,0.01479685510793173,0.018261480731699666,0.6892771365320028,0.9146361893726271,0.1654224715680333,
5000,base3,8,131,1,,5882.410228227032,exchangeable_varying_sigma,0.18,fixed,0.18,0.18,fixed,0.18,1.0,mixed,anchor_grid,500,0.6,-0.18402730393050531,0.04259296415388357,0.05268250381019122,0.01387934510610915,0.01898015301053437,0.042476254683848934,0.05292624677412198,0.014006229205843018,0.01935039738226162,0.22513332786785908,0.2615117502517512,0.18402730393050531,
5000,base3,8,131,1,,6529.179072304978,exchangeable_varying_sigma,0.18,fixed,0.18,0.18,fixed,0.18,1.0,mixed,anchor_grid,500,0.3,-0.08968591110882129,0.042693668884721224,0.05277622481675465,0.012629860546050739,0.017159567960273344,0.043507945455251,0.05404233977318987,0.01280384750628985,0.01757998185433123,0.22709276870282616,0.263433945938667,0.08968591110882129,
5000,base3,8,131,1,,6892.18780169799,exchangeable_varying_sigma,0.18,fixed,0.18,0.18,fixed,0.18,1.0,mixed,anchor_grid,500,0.0,-0.0072949057649129715,0.04327741964313078,0.053481150603273214,0.014911073787499673,0.01795667755081422,0.04423583202753349,0.054880147516836474,0.01461758297362492,0.017911217102633648,0.22431451925548362,0.25946835433477894,0.0072949057649129715,
2000,base2,9,132,1,,3382.0647125348914,exchangeable_varying_sigma,0.18,fixed,0.18,0.18,fixed,0.18,1.0,sin2,anchor_grid,500,0.3,-0.06157127980396668,0.03149000279641942,0.040722669965933635,0.014198574562714839,0.0167767910695407,0.03085480226648344,0.03993573631457409,0.016808767883491935,0.01856844893233231,0.1579400880031253,0.16877374566260905,0.06157127980396668,
2000,base2,9,132,1,,2941.746245322982,exchangeable_varying_sigma,0.18,fixed,0.18,0.18,fixed,0.18,1.0,sin2,anchor_grid,500,0.9,-0.2083263614616202,0.03158797557299677,0.04079269380679881,0.01700678213444347,0.020605410683758946,0.022315427644215336,0.02931943368881881,0.019577941784805278,0.02305861115074069,0.15996926331757494,0.17120886701564328,0.2083263614616202,
2000,base5,9,132,1,,2748.4815991619835,exchangeable_varying_sigma,0.18,fixed,0.18,0.18,fixed,0.18,1.0,constant,anchor_grid,500,0.0,0.04540851037569282,0.06467808256027673,0.08913982419890473,0.03292401694540267,0.03832882275820137,0.06826555076448142,0.0958162936799458,0.026829720010143887,0.03209848089401629,0.5103296254386971,0.7275217880499429,0.04540851037569282,
2000,base5,9,132,1,,2446.511546646012,exchangeable_varying_sigma,0.18,fixed,0.18,0.18,fixed,0.18,1.0,constant,anchor_grid,500,0.3,-0.155726259254101,0.0648289875149294,0.0905376257632419,0.023861438510786287,0.033863375085417535,0.0678116974903191,0.09676781661342271,0.022209890948178254,0.02668664190690874,0.485507692528966,0.6883324801879697,0.155726259254101,
5000,base2,9,132,1,,3036.537443286972,exchangeable_varying_sigma,0.18,fixed,0.18,0.18,fixed,0.18,1.0,sin2,anchor_grid,500,0.9,-0.10613009083350888,0.02012865838876559,0.025178586472273553,0.011890790613616739,0.012025764338586035,0.014309261385618282,0.018500856367087388,0.011185336166411278,0.011969676573046605,0.028982026724961543,0.03225110208044766,0.10613009083350888,
5000,base2,9,132,1,,3953.7822651559254,exchangeable_varying_sigma,0.18,fixed,0.18,0.18,fixed,0.18,1.0,sin2,anchor_grid,500,0.6,-0.06403083016573186,0.020079913516196608,0.025095348306880597,0.010553620886079612,0.010731170240292196,0.01771867620202527,0.02245754023586216,0.00995304912605062,0.010723882266604338,0.03214648090928717,0.03422359785884663,0.06403083016573186,
5000,base5,8,131,1,,6492.077797000995,exchangeable_varying_sigma,0.18,fixed,0.18,0.18,fixed,0.18,1.0,constant,anchor_grid,500,0.9,-0.4678480544054854,0.05626569344534439,0.07960185737979665,0.019712030539693906,0.02225357277422802,0.05677439468635676,0.08433111817349048,0.01777202006743167,0.02134984787356373,0.683431016709773,0.9095245502076796,0.4678480544054854,
2000,base1,10,133,1,,348.3959964000387,exchangeable_varying_sigma,0.18,fixed,0.18,0.18,fixed,0.18,1.0,sin,anchor_grid,500,0.3,-0.09200060514399208,0.03367234784746435,0.044544461064611546,0.013581793485375249,0.01418106459771408,0.03290512025782734,0.043543755090976466,0.013312856365377101,0.016039552006909166,0.26505445920444787,0.2830640397692209,0.09200060514399208,
5000,base2,9,132,1,,4639.712578643928,exchangeable_varying_sigma,0.18,fixed,0.18,0.18,fixed,0.18,1.0,sin2,anchor_grid,500,0.3,-0.02389477150677949,0.019981975365570306,0.025034480529653142,0.009234110356592481,0.00946950201841607,0.019378219210437485,0.024483672797810906,0.00899122945780241,0.0096427892591127,0.03536251794389958,0.03769591394857048,0.02389477150677949,
2000,base5,9,132,1,,2841.1553436840186,exchangeable_varying_sigma,0.18,fixed,0.18,0.18,fixed,0.18,1.0,constant,anchor_grid,500,0.6,-0.33351422266599096,0.06495544370884353,0.09063351053197412,0.0250808144059185,0.036058275452665184,0.06648307190145715,0.0956598625350111,0.0245650187542521,0.029588505192757176,0.4856869871739646,0.6892214677783531,0.33351422266599096,
2000,base1,10,133,1,,474.0713120260043,exchangeable_varying_sigma,0.18,fixed,0.18,0.18,fixed,0.18,1.0,sin,anchor_grid,500,0.9,-0.23105556748922185,0.034380247613291864,0.04570835273160783,0.016638865001592118,0.01761607841894329,0.024296940879501523,0.0321520371338301,0.01595230968841127,0.02078357373172564,0.27900035002321166,0.2944599849900712,0.23105556748922185,
2000,base5,9,132,1,,2847.915143558057,exchangeable_varying_sigma,0.18,fixed,0.18,0.18,fixed,0.18,1.0,constant,anchor_grid,500,0.9,-0.5140632173650628,0.0650115455958324,0.09066713864262003,0.025967356285811843,0.03834698743508383,0.06411870861734241,0.09363356179560546,0.02689049223099059,0.0328701635025344,0.48587129783812544,0.6908477366153433,0.5140632173650628,
5000,base5,8,131,1,,7199.116838339949,exchangeable_varying_sigma,0.18,fixed,0.18,0.18,fixed,0.18,1.0,constant,anchor_grid,500,0.6,-0.3169880752382647,0.05627371299354391,0.07946739489046271,0.017924648403647533,0.020476982377115423,0.05842901529372814,0.08530684645133439,0.01633432635679724,0.01983924149704446,0.6863900025596243,0.9120383221327654,0.3169880752382647,
2000,base1,10,133,1,,1363.2695955600357,exchangeable_varying_sigma,0.18,fixed,0.18,0.18,fixed,0.18,1.0,sin,anchor_grid,500,0.0,-0.023725682744311322,0.03631727878051319,0.04858720033939203,0.02175184369678812,0.025074740113105707,0.036405173538594265,0.048733582009649334,0.0186480845894218,0.023193051510773444,0.283894182269526,0.2965549686801676,0.023725682744311322,
2000,base3,10,133,1,,1071.767824235023,exchangeable_varying_sigma,0.18,fixed,0.18,0.18,fixed,0.18,1.0,mixed,anchor_grid,500,0.3,-0.13968045185758124,0.05185074983070844,0.06602252981292693,0.01797016188186165,0.019919164163538523,0.052371212543786905,0.0668476989822794,0.01685437083912103,0.01872493306815324,0.1433683869333815,0.1857903227167299,0.13968045185758124,
5000,base2,9,132,1,,7181.411566021037,exchangeable_varying_sigma,0.18,fixed,0.18,0.18,fixed,0.18,1.0,sin2,anchor_grid,500,0.0,0.007372404234183249,0.019898849017257313,0.025361224707624384,0.01184845679309221,0.013498160300595578,0.02000948176329494,0.025541762007262957,0.012758909552722186,0.014209077612167347,0.03983850028109143,0.04543393573766399,0.007372404234183249,
2000,base3,10,133,1,,828.6521285859635,exchangeable_varying_sigma,0.18,fixed,0.18,0.18,fixed,0.18,1.0,mixed,anchor_grid,500,0.6,-0.2692198116809333,0.05193361105731993,0.06620485146895803,0.019459291102334658,0.021059768371281436,0.050743245681347394,0.0649266263026899,0.018182762469700936,0.020239697025744737,0.1417287635216157,0.18570091133020558,0.2692198116809333,
2000,base1,10,133,1,,2831.896318039042,exchangeable_varying_sigma,0.18,fixed,0.18,0.18,fixed,0.18,1.0,sin,anchor_grid,500,0.6,-0.163889158620392,0.03387752570674521,0.04491705545788793,0.015151949230566203,0.015904823912805937,0.0302706824632332,0.040107554152420816,0.014703914600910362,0.018487181639578243,0.2706669132967837,0.28733982308648204,0.163889158620392,
5000,base1,10,133,1,,2880.8989093919517,exchangeable_varying_sigma,0.18,fixed,0.18,0.18,fixed,0.18,1.0,sin,anchor_grid,500,0.0,-0.0008560988580201635,0.023039755596661205,0.029294588473462033,0.013095560006663218,0.015167533563399112,0.023005198978218202,0.029297022208930587,0.013289770192883202,0.015730546849566727,0.07016088273627169,0.09223791992058565,0.0008560988580201635,
5000,base1,10,133,1,,2762.0469425639603,exchangeable_varying_sigma,0.18,fixed,0.18,0.18,fixed,0.18,1.0,sin,anchor_grid,500,0.6,-0.06638820071006313,0.02213981178378032,0.028038114330542055,0.015126254380368145,0.020530048076293037,0.020246978712763694,0.025385550805922016,0.014796421752844138,0.019613485425552434,0.0631349798886286,0.08509138231766321,0.06638820071006313,
2000,base3,10,133,1,,2751.224449436064,exchangeable_varying_sigma,0.18,fixed,0.18,0.18,fixed,0.18,1.0,mixed,anchor_grid,500,0.0,-0.019119538073994632,0.05354279532016475,0.06852649597957701,0.02035981398885925,0.024341364080774534,0.05461623574347693,0.06995102975980892,0.02063737728244633,0.024207983811388015,0.1410937224312255,0.19062246274814276,0.019119538073994632,
5000,base3,10,133,1,,1791.360404965002,exchangeable_varying_sigma,0.18,fixed,0.18,0.18,fixed,0.18,1.0,mixed,anchor_grid,500,0.0,0.0029814674668484148,0.04263151441436529,0.05286219087406376,0.01018514478371288,0.01275210028962132,0.043786983328567466,0.054524563087460245,0.01195101738735005,0.01427934223713865,0.23311311819091943,0.26868521500504855,0.0029814674668484148,
5000,base5,9,132,1,,6877.368373645004,exchangeable_varying_sigma,0.18,fixed,0.18,0.18,fixed,0.18,1.0,constant,anchor_grid,500,0.3,-0.13406844992429676,0.05515691406111112,0.07856236711107431,0.010163075859542736,0.010449767872082093,0.0584267279469921,0.08603553451521466,0.011867100535039643,0.012439242386499703,0.7096719304454432,0.9799025644755,0.13406844992429676,
2000,base3,10,133,1,,2656.9683626161423,exchangeable_varying_sigma,0.18,fixed,0.18,0.18,fixed,0.18,1.0,mixed,anchor_grid,500,0.9,-0.3983542895684149,0.05219147024196941,0.06663324744710546,0.02084267682694968,0.022069936579888396,0.04770773959955564,0.061256634796507684,0.019607825763954645,0.021915083744374893,0.14128886103776525,0.1880765627772257,0.3983542895684149,
2000,base5,10,133,1,,831.5877854700666,exchangeable_varying_sigma,0.18,fixed,0.18,0.18,fixed,0.18,1.0,constant,anchor_grid,500,0.3,-0.2018617988850243,0.06307427389669709,0.08608852545960566,0.0065320128262433,0.007169550089804681,0.06613394837818108,0.09222792111974683,0.009243960008029434,0.011913969969476731,0.4274364392655432,0.6062350824556553,0.2018617988850243,
5000,base3,10,133,1,,2556.219245206914,exchangeable_varying_sigma,0.18,fixed,0.18,0.18,fixed,0.18,1.0,mixed,anchor_grid,500,0.6,-0.19263770927356222,0.04257549271488347,0.05284749880273384,0.016165467280957524,0.02233652159838875,0.04261059335912545,0.053397069652644895,0.017279439570378502,0.022404067404924656,0.23078355794764122,0.26952315516378217,0.19263770927356222,
5000,base3,10,133,1,,2686.9083081061253,exchangeable_varying_sigma,0.18,fixed,0.18,0.18,fixed,0.18,1.0,mixed,anchor_grid,500,0.9,-0.29165880582212134,0.04250004295882487,0.05275952244211316,0.018058171155038466,0.02500632388779026,0.04056602681555136,0.05132309568428172,0.01882942384956865,0.025091435466355075,0.23007007886200717,0.2705294965043481,0.29165880582212134,
2000,base5,10,133,1,,2839.0289628139,exchangeable_varying_sigma,0.18,fixed,0.18,0.18,fixed,0.18,1.0,constant,anchor_grid,500,0.0,-0.03676320231818519,0.06563686005174432,0.0893569173239272,0.027105452056548685,0.03258950187037962,0.06892482926752022,0.09537981131924037,0.019533084845820586,0.025838745212158964,0.41706954000002655,0.5982712881303182,0.03676320231818519,
5000,base5,9,132,1,,7172.975432520034,exchangeable_varying_sigma,0.18,fixed,0.18,0.18,fixed,0.18,1.0,constant,anchor_grid,500,0.9,-0.4519171377554662,0.05516342423644004,0.07865304006801889,0.013312864930251897,0.013537859962026649,0.055900987721416044,0.08465350780860853,0.015013735892956223,0.015694869353868223,0.7208024653164833,0.9869418273265208,0.4519171377554662,
5000,base5,9,132,1,,7431.262983563007,exchangeable_varying_sigma,0.18,fixed,0.18,0.18,fixed,0.18,1.0,constant,anchor_grid,500,0.6,-0.29209581114474337,0.05517687891716186,0.07860537589689719,0.011729170202696038,0.011967591596677141,0.057542169447213784,0.08552060819048102,0.013353654877040516,0.013974236908427258,0.7144939147104028,0.9826300199603156,0.29209581114474337,
5000,base1,10,133,1,,6570.72758086992,exchangeable_varying_sigma,0.18,fixed,0.18,0.18,fixed,0.18,1.0,sin,anchor_grid,500,0.3,-0.030442492386883235,0.022140542514274785,0.02806319592268467,0.013237811064083699,0.017974809445295156,0.02182585338217771,0.027644098573459435,0.013167059408675186,0.017699111612996105,0.06373424315243414,0.08585073281325208,0.030442492386883235,
5000,base1,10,133,1,,6364.614584635012,exchangeable_varying_sigma,0.18,fixed,0.18,0.18,fixed,0.18,1.0,sin,anchor_grid,500,0.9,-0.10224745317879591,0.022175909932749354,0.028087495391477466,0.017071427464842123,0.023181611628284544,0.016661585326253996,0.020160089381152314,0.016806757713053788,0.022187667994729307,0.06301270484496738,0.08491336078586569,0.10224745317879591,
2000,base5,10,133,1,,2740.8360614581034,exchangeable_varying_sigma,0.18,fixed,0.18,0.18,fixed,0.18,1.0,constant,anchor_grid,500,0.6,-0.3774234491765221,0.06305348209439138,0.0860818757290235,0.008048368627241315,0.008757697704054252,0.06486740915779238,0.09108659240588934,0.01012236833440655,0.013319931039572235,0.42691559426832,0.6105807374797505,0.3774234491765221,
5000,base5,9,132,1,,9774.521074811113,exchangeable_varying_sigma,0.18,fixed,0.18,0.18,fixed,0.18,1.0,constant,anchor_grid,500,0.0,0.024502494681075068,0.054617936577597385,0.07809478226785074,0.015509564778452362,0.017249673743758277,0.05829116119759905,0.0859288635418427,0.01754291618505882,0.01929951667801114,0.7169571118580121,0.9773069816772093,0.024502494681075068,
5000,base5,10,133,1,,2408.4888560990803,exchangeable_varying_sigma,0.18,fixed,0.18,0.18,fixed,0.18,1.0,constant,anchor_grid,500,0.0,-0.030686180416112614,0.056268270789245095,0.07901628666159784,0.02012819925228325,0.02252197961576217,0.05982128510159634,0.08624923227525207,0.021008455576361176,0.02473699140802928,0.7067198304065231,0.9578016211789528,0.030686180416112614,
2000,base5,10,133,1,,2713.0514653248247,exchangeable_varying_sigma,0.18,fixed,0.18,0.18,fixed,0.18,1.0,constant,anchor_grid,500,0.9,-0.5533139400093289,0.06324445488897078,0.08621859951603307,0.009426414264281341,0.010304039891200333,0.06276832466981595,0.08923505909196135,0.01093473621498503,0.014415394509268977,0.42747244966816383,0.6171210023438876,0.5533139400093289,
5000,base5,10,133,1,,2372.3967025710735,exchangeable_varying_sigma,0.18,fixed,0.18,0.18,fixed,0.18,1.0,constant,anchor_grid,500,0.3,-0.17338432620178432,0.055553051079797626,0.07817812925805281,0.012564138532997135,0.015687258713896687,0.058896795209337015,0.08501249968206502,0.011529606792739039,0.015282286732010231,0.7244748292100895,0.9667647664943075,0.17338432620178432,
5000,base5,10,133,1,,2701.045475617051,exchangeable_varying_sigma,0.18,fixed,0.18,0.18,fixed,0.18,1.0,constant,anchor_grid,500,0.6,-0.32686689111550876,0.05549826684579149,0.07823336040383341,0.014487528576790656,0.0180248174159307,0.05808669972786227,0.08438809819552054,0.013159742706558508,0.01742620676950731,0.72277522417781,0.9657521817032693,0.32686689111550876,
2000,base2,11,134,1,,2365.1036224788986,exchangeable_varying_sigma,0.18,fixed,0.18,0.18,fixed,0.18,1.0,sin2,anchor_grid,500,0.0,-0.009886898549965066,0.030528050358639796,0.03951392178664717,0.00934669434362731,0.010619480638358016,0.030639028534114904,0.03975724606180589,0.008731966269718852,0.009732261928765352,0.133203574320225,0.13680001008520104,0.009886898549965066,
2000,base5,11,134,1,,1069.7474452508613,exchangeable_varying_sigma,0.18,fixed,0.18,0.18,fixed,0.18,1.0,constant,anchor_grid,500,0.0,0.002233774817675026,0.06584214720568835,0.08961791581233279,0.02187190345579218,0.02289317499287447,0.06883567299099243,0.09509914906652206,0.0165588559137035,0.019555950885459146,0.4149542686529971,0.5675586034780851,0.002233774817675026,
2000,base2,11,134,1,,2543.6123540280387,exchangeable_varying_sigma,0.18,fixed,0.18,0.18,fixed,0.18,1.0,sin2,anchor_grid,500,0.3,-0.07033796667890824,0.028771029634304245,0.036973218270044586,0.016202779208514484,0.01987035942550897,0.028301092566157027,0.03657535757652123,0.012477542243339829,0.01516104253447209,0.13235165107118854,0.13558707938712913,0.07033796667890824,
2000,base2,11,134,1,,2433.731920293998,exchangeable_varying_sigma,0.18,fixed,0.18,0.18,fixed,0.18,1.0,sin2,anchor_grid,500,0.6,-0.12773516592495288,0.02873744508749721,0.036918397713445954,0.018516140723272317,0.02251246731105049,0.02605127392834635,0.033749879755423415,0.014209096522727782,0.017286082541302025,0.13840278738688452,0.14135835346587736,0.12773516592495288,
2000,base2,11,134,1,,2698.760883615818,exchangeable_varying_sigma,0.18,fixed,0.18,0.18,fixed,0.18,1.0,sin2,anchor_grid,500,0.9,-0.1806869915398459,0.02867169294589647,0.03697509775065721,0.02090820891451478,0.025195052681195873,0.020697796132138055,0.027016783138676677,0.01620327226185128,0.020107574958878435,0.1450916363084585,0.1478287872500028,0.1806869915398459,
5000,base3,10,133,1,,6868.843975390075,exchangeable_varying_sigma,0.18,fixed,0.18,0.18,fixed,0.18,1.0,mixed,anchor_grid,500,0.3,-0.0936736142466899,0.042636640551930095,0.052932932667405556,0.014418411873431292,0.01976923357600103,0.04357060495307359,0.05441792588373335,0.01574211765061609,0.02018881974467901,0.23121719860940948,0.2682991217594502,0.0936736142466899,
2000,base5,11,134,1,,814.7541922200471,exchangeable_varying_sigma,0.18,fixed,0.18,0.18,fixed,0.18,1.0,constant,anchor_grid,500,0.9,-0.45642633642628816,0.06493795001065746,0.08851882688507107,0.011851755914598333,0.015119943295786555,0.06432436567247474,0.09177327428868105,0.011640976887193233,0.012939051823742869,0.45746372724930323,0.6263955610011853,0.45642633642628816,
2000,base5,11,134,1,,1295.2816716688685,exchangeable_varying_sigma,0.18,fixed,0.18,0.18,fixed,0.18,1.0,constant,anchor_grid,500,0.3,-0.13113082183328287,0.06478303286851773,0.08853800690722849,0.009556328037843315,0.01072250652899256,0.06766855336634424,0.0945409233908062,0.006805139319213505,0.007644655786919912,0.46038625495875163,0.6258424234846217,0.13113082183328287,
2000,base5,11,134,1,,1488.9488190100528,exchangeable_varying_sigma,0.18,fixed,0.18,0.18,fixed,0.18,1.0,constant,anchor_grid,500,0.6,-0.2931397953899042,0.06485357330187433,0.0885201590698217,0.010791819255429907,0.012811810282146358,0.06658483509264188,0.09363977613499672,0.009095673332295773,0.010031412576031427,0.45937154156283655,0.6258459030998712,0.2931397953899042,
5000,base2,11,134,1,,2864.1529571439605,exchangeable_varying_sigma,0.18,fixed,0.18,0.18,fixed,0.18,1.0,sin2,anchor_grid,500,0.6,-0.06934105163750148,0.018792389443204244,0.024031887522342275,0.010260205633065483,0.010603551180659464,0.01730031735987103,0.022237684455553807,0.008291854978987531,0.008668506369374017,0.041391153206994366,0.050929868533735906,0.06934105163750148,
2000,base1,12,135,1,,1218.480082263006,exchangeable_varying_sigma,0.18,fixed,0.18,0.18,fixed,0.18,1.0,sin,anchor_grid,500,0.0,-0.01174406494779184,0.03525172548682255,0.048262917241174964,0.017184941385647384,0.018492085457857972,0.03533497872010451,0.04854356360093147,0.01628942219192113,0.018001967322418874,0.18723191679403955,0.20312357855188293,0.01174406494779184,
2000,base1,12,135,1,,1509.6968227310572,exchangeable_varying_sigma,0.18,fixed,0.18,0.18,fixed,0.18,1.0,sin,anchor_grid,500,0.3,-0.04869606736656651,0.03623744010096013,0.04884597276420904,0.011720601923765894,0.014650267846813385,0.03536030817248021,0.04792020219703266,0.010618280542263575,0.014405650187984887,0.1813094457432216,0.19276625688428564,0.04869606736656651,
2000,base1,12,135,1,,1079.1481465469114,exchangeable_varying_sigma,0.18,fixed,0.18,0.18,fixed,0.18,1.0,sin,anchor_grid,500,0.9,-0.19621724183095868,0.036526851321332134,0.04937016647099065,0.01766150513998363,0.02013094135412685,0.025432877837300902,0.03485350365106784,0.015544866777858019,0.018748611103743408,0.17075831112315348,0.17966187735887554,0.19621724183095868,
2000,base1,12,135,1,,1363.713527027052,exchangeable_varying_sigma,0.18,fixed,0.18,0.18,fixed,0.18,1.0,sin,anchor_grid,500,0.6,-0.12107939181841992,0.03635591814898001,0.049105116192279426,0.014475607593845002,0.0172248085495173,0.03235734608183532,0.044081538658737006,0.012803224651132733,0.016443628000142273,0.17577186440057965,0.1856366533918998,0.12107939181841992,
5000,base2,11,134,1,,4682.402605177835,exchangeable_varying_sigma,0.18,fixed,0.18,0.18,fixed,0.18,1.0,sin2,anchor_grid,500,0.3,-0.03548197701618716,0.018844870452615025,0.02407133745101865,0.0095609912360885,0.009849880431991729,0.018719251130267497,0.023947964229977754,0.00801812698669721,0.008356308396661936,0.04141790457283086,0.050292605757415204,0.03548197701618716,
5000,base5,10,133,1,,6781.711353293853,exchangeable_varying_sigma,0.18,fixed,0.18,0.18,fixed,0.18,1.0,constant,anchor_grid,500,0.9,-0.47876752700470154,0.05549203013376993,0.07835653240163937,0.016457335458500172,0.02052161246009642,0.05661574767084625,0.08344469158773742,0.014991723891546585,0.019993220344703674,0.7193728470207178,0.9629741298595009,0.47876752700470154,
2000,base3,12,135,1,,1138.4347447738983,exchangeable_varying_sigma,0.18,fixed,0.18,0.18,fixed,0.18,1.0,mixed,anchor_grid,500,0.0,-0.04305761396331158,0.052495848503531575,0.06766660194937485,0.012733596300972067,0.01848876349405344,0.053921271396982,0.06955127574736152,0.011250146590510934,0.015632811179507072,0.16378643426968145,0.19662245411254428,0.04305761396331158,
5000,base2,11,134,1,,6102.287524192827,exchangeable_varying_sigma,0.18,fixed,0.18,0.18,fixed,0.18,1.0,sin2,anchor_grid,500,0.0,-0.032150968798354995,0.01927026992949512,0.024514644181303235,0.004806525270416334,0.005537965010172996,0.019419805038687052,0.024733870386696055,0.004613077202097193,0.006241269986720695,0.04194394154662783,0.051081329722606275,0.032150968798354995,
5000,base1,12,135,1,,2366.5736488450784,exchangeable_varying_sigma,0.18,fixed,0.18,0.18,fixed,0.18,1.0,sin,anchor_grid,500,0.6,-0.08004016073732523,0.02258131070962813,0.028325290790915985,0.014284604460363032,0.016149411065787014,0.020470935642158128,0.02552829455259886,0.012381151696744253,0.013872737686697756,0.06954791763801675,0.09362995156464542,0.08004016073732523,
5000,base1,12,135,1,,2544.5343079459853,exchangeable_varying_sigma,0.18,fixed,0.18,0.18,fixed,0.18,1.0,sin,anchor_grid,500,0.9,-0.11028976854071137,0.022630795860492242,0.028311250200481055,0.015070156842238766,0.017205216304243428,0.016799473495906086,0.020265841777437354,0.011992524064466534,0.013974979472420055,0.07472668546630368,0.0983855835720032,0.11028976854071137,
5000,base1,12,135,1,,2975.630922066979,exchangeable_varying_sigma,0.18,fixed,0.18,0.18,fixed,0.18,1.0,sin,anchor_grid,500,0.3,-0.04783659560634729,0.02259470550353646,0.02838531820824187,0.013231394021510218,0.014846580808573104,0.022177232212407673,0.02785355309446909,0.012106903954658355,0.013365220010532338,0.06519820325477521,0.08881164554560489,0.04783659560634729,
2000,base3,12,135,1,,1106.280071752146,exchangeable_varying_sigma,0.18,fixed,0.18,0.18,fixed,0.18,1.0,mixed,anchor_grid,500,0.6,-0.23941181413103368,0.05177352587584901,0.06731493990797469,0.020564643965010343,0.027106489331978234,0.050620026395995006,0.06581155447584734,0.01701554778446021,0.02620282197178233,0.15248384371373594,0.18319785062581098,0.23941181413103368,
5000,base5,11,134,1,,5843.681206727866,exchangeable_varying_sigma,0.18,fixed,0.18,0.18,fixed,0.18,1.0,constant,anchor_grid,500,0.3,-0.15189986679328293,0.05457981245868681,0.07611122139261434,0.015797818589026888,0.01724701216125305,0.057978629280327425,0.08333771527860383,0.014399964548457489,0.01657299551237046,0.6966072924215194,0.9436772309738398,0.15189986679328293,
5000,base5,11,134,1,,5505.546152506955,exchangeable_varying_sigma,0.18,fixed,0.18,0.18,fixed,0.18,1.0,constant,anchor_grid,500,0.6,-0.29958658902217317,0.054556637366398236,0.07612216419618974,0.01657300674580349,0.01774806514195773,0.05716396446859182,0.08296883348575544,0.014786767529707978,0.016924234731875522,0.6949374544031701,0.9407594676922061,0.29958658902217317,
5000,base5,11,134,1,,6196.383228017017,exchangeable_varying_sigma,0.18,fixed,0.18,0.18,fixed,0.18,1.0,constant,anchor_grid,500,0.0,-0.014549072863529742,0.05491353270138706,0.07667247967599035,0.009889871765214164,0.011930783486981698,0.05845929003592175,0.08396968745460018,0.010972377013473311,0.011754857689346733,0.685139213470147,0.9237975519851722,0.014549072863529742,
5000,base2,11,134,1,,7401.209458652185,exchangeable_varying_sigma,0.18,fixed,0.18,0.18,fixed,0.18,1.0,sin2,anchor_grid,500,0.9,-0.10236233245058557,0.018788095692949962,0.024053268186698038,0.01083531421407287,0.011297018568634368,0.01402325331383996,0.018460145949910203,0.008283074341924698,0.008641307951065946,0.041543118577394685,0.051709110834629535,0.10236233245058557,
2000,base3,12,135,1,,2467.0990476708394,exchangeable_varying_sigma,0.18,fixed,0.18,0.18,fixed,0.18,1.0,mixed,anchor_grid,500,0.3,-0.11774653256638831,0.05147134934647399,0.06697214442530998,0.01771028347840556,0.0248140771464102,0.052132606559346206,0.06796434888011217,0.015796703300159864,0.02433688565869465,0.15444533351679007,0.18571526105331476,0.11774653256638831,
2000,base3,12,135,1,,2500.190688526025,exchangeable_varying_sigma,0.18,fixed,0.18,0.18,fixed,0.18,1.0,mixed,anchor_grid,500,0.9,-0.35960773939787805,0.05223468365092959,0.06775552137161141,0.02383955636585766,0.029640404992330432,0.04756688033078577,0.06146434059770391,0.019201336342658054,0.028378928229045145,0.15114277976936324,0.18140991546655308,0.35960773939787805,
5000,base3,12,135,1,,2503.9056478640996,exchangeable_varying_sigma,0.18,fixed,0.18,0.18,fixed,0.18,1.0,mixed,anchor_grid,500,0.0,0.018916051403567582,0.04206339671922165,0.05178045656657982,0.00797656397525695,0.01082053033457261,0.04310744779635032,0.053327317196114006,0.007479818067201077,0.010188670968691813,0.23423093514220564,0.2708422664287021,0.018916051403567582,
5000,base3,12,135,1,,2885.8847475210205,exchangeable_varying_sigma,0.18,fixed,0.18,0.18,fixed,0.18,1.0,mixed,anchor_grid,500,0.3,-0.12383061088080849,0.0435725888155441,0.053968720853366674,0.016441230714481364,0.017798365068577987,0.04419247526325257,0.05507953798603279,0.017334361179600397,0.01847956740511366,0.22520901190981504,0.25898058513473277,0.12383061088080849,
5000,base3,12,135,1,,2824.407693550922,exchangeable_varying_sigma,0.18,fixed,0.18,0.18,fixed,0.18,1.0,mixed,anchor_grid,500,0.6,-0.21770076489525703,0.04369446730607108,0.05407804547075448,0.017501607196355504,0.01899330254284189,0.043132131809348405,0.05392128051822095,0.01829625044705592,0.019546546574673897,0.22634937070581665,0.2589722520685328,0.21770076489525703,
5000,base3,12,135,1,,2684.3572642027866,exchangeable_varying_sigma,0.18,fixed,0.18,0.18,fixed,0.18,1.0,mixed,anchor_grid,500,0.9,-0.30971620239322817,0.04384520983457057,0.05420226247340668,0.018300446828805342,0.01995616102167078,0.04108896344268973,0.0517776425335045,0.01867542759906636,0.02013673175357346,0.22755247303012366,0.25925170195912395,0.30971620239322817,
5000,base5,11,134,1,,7651.842930574901,exchangeable_varying_sigma,0.18,fixed,0.18,0.18,fixed,0.18,1.0,constant,anchor_grid,500,0.9,-0.44436545451954595,0.05457538344968329,0.07618643671395313,0.017207542774440587,0.018155253612377926,0.055661561446751114,0.08229665951509446,0.01504160055485583,0.016957226587430246,0.6912976828953252,0.9349789112227153,0.44436545451954595,
2000,base5,12,135,1,,2598.8105107280426,exchangeable_varying_sigma,0.18,fixed,0.18,0.18,fixed,0.18,1.0,constant,anchor_grid,500,0.3,-0.15364486709221514,0.06524380535938215,0.09003378093141688,0.014295486911423266,0.023972943220128308,0.06839292274849364,0.09650326214928671,0.020270030367663977,0.0251278425556966,0.5075717423100254,0.7352759118320472,0.15364486709221514,
2000,base5,12,135,1,,2687.850733906962,exchangeable_varying_sigma,0.18,fixed,0.18,0.18,fixed,0.18,1.0,constant,anchor_grid,500,0.0,0.020172235540564125,0.06598227063612283,0.09062454217198951,0.022489495528829354,0.02839758154522369,0.06952539197556547,0.09737404190178367,0.018139794783539484,0.024363768819957807,0.5214249083122279,0.73899043230758,0.020172235540564125,
2000,base5,12,135,1,,2488.9658454649616,exchangeable_varying_sigma,0.18,fixed,0.18,0.18,fixed,0.18,1.0,constant,anchor_grid,500,0.6,-0.3295522964362224,0.06534002439200816,0.0900078701565488,0.015897168919518784,0.02562724170843943,0.06701142035419545,0.09522840660974544,0.021637730097562452,0.026941300592339856,0.5087893392079723,0.7387929134100324,0.3295522964362224,
5000,base5,12,135,1,,1668.1899744321126,exchangeable_varying_sigma,0.18,fixed,0.18,0.18,fixed,0.18,1.0,constant,anchor_grid,500,0.6,-0.2954870707734581,0.05526513463145242,0.07809712302390327,0.013426980599219984,0.014551870733194054,0.0579263456413393,0.08494060411513715,0.009478491484785995,0.013378371365546982,0.7016352220457525,0.9469718792064419,0.2954870707734581,
2000,base2,13,136,1,,1264.8198324581608,exchangeable_varying_sigma,0.18,fixed,0.18,0.18,fixed,0.18,1.0,sin2,anchor_grid,500,0.3,-0.043425366487870876,0.02994432675755533,0.038635346300043345,0.020688689336364086,0.025096618389212014,0.0295953236144154,0.03816499271788739,0.01999123464233049,0.023094132323484888,0.16462257411682832,0.16766234582905737,0.043425366487870876,
2000,base2,13,136,1,,1438.2725605380256,exchangeable_varying_sigma,0.18,fixed,0.18,0.18,fixed,0.18,1.0,sin2,anchor_grid,500,0.0,-0.0072834243555376125,0.030018558501111042,0.038726957982962315,0.010203748911703725,0.012804512318024203,0.030231621442860453,0.039038153443613596,0.009447235772165663,0.011288652627211194,0.17031354108568986,0.17334588775294396,0.0072834243555376125,
2000,base5,12,135,1,,3410.1675517538097,exchangeable_varying_sigma,0.18,fixed,0.18,0.18,fixed,0.18,1.0,constant,anchor_grid,500,0.9,-0.5082670484173499,0.0654644339636692,0.08992751509190797,0.018987725795604565,0.027806673353047113,0.06452929249842417,0.09293424639824227,0.02309219391098205,0.029207311544340087,0.5115231677386205,0.7434614335612804,0.5082670484173499,
5000,base1,12,135,1,,8000.253599106101,exchangeable_varying_sigma,0.18,fixed,0.18,0.18,fixed,0.18,1.0,sin,anchor_grid,500,0.0,0.020052144476804864,0.02152167024399873,0.027280656335458498,0.008890144082995377,0.009546102186102497,0.021502000275758975,0.027294810803087446,0.009429395046200217,0.010130145786379075,0.0557953854354984,0.07424349225721744,0.020052144476804864,
2000,base5,13,136,1,,1071.0087843639776,exchangeable_varying_sigma,0.18,fixed,0.18,0.18,fixed,0.18,1.0,constant,anchor_grid,500,0.0,-0.01670837505009367,0.06448596593830162,0.08810687589245873,0.01919969583219336,0.02342850206004452,0.06809867548466805,0.0948386811636233,0.019479224044506943,0.022394912461554617,0.43856029398792895,0.616843074220933,0.01670837505009367,
5000,base5,12,135,1,,2638.9082704880275,exchangeable_varying_sigma,0.18,fixed,0.18,0.18,fixed,0.18,1.0,constant,anchor_grid,500,0.9,-0.44197179684882065,0.05515270223245991,0.07801217387914017,0.01364401107896658,0.015130194382517953,0.05644173016176473,0.08419323080962006,0.009625626551042571,0.013710455058736455,0.6972054601962562,0.9401054825189343,0.44197179684882065,
2000,base2,13,136,1,,3011.367080549011,exchangeable_varying_sigma,0.18,fixed,0.18,0.18,fixed,0.18,1.0,sin2,anchor_grid,500,0.6,-0.11112355810136931,0.029820750184152013,0.03853244082474134,0.022537978947739026,0.027112863938036035,0.027092244854066118,0.0350085944246361,0.021104651510628958,0.023738312993849566,0.16283361395351686,0.16620681970069334,0.11112355810136931,
2000,base2,13,136,1,,2593.673797902884,exchangeable_varying_sigma,0.18,fixed,0.18,0.18,fixed,0.18,1.0,sin2,anchor_grid,500,0.9,-0.18245721437378526,0.029722886440781297,0.038368064132577435,0.02412488823582279,0.02869549714747002,0.02134411231827242,0.027790408509247695,0.021784477177338363,0.023866062380163946,0.16072440328195803,0.16469449857425664,0.18245721437378526,
2000,base5,13,136,1,,807.0586664131843,exchangeable_varying_sigma,0.18,fixed,0.18,0.18,fixed,0.18,1.0,constant,anchor_grid,500,0.9,-0.5302623994287132,0.06569512961986765,0.08972720064448331,0.024857263639720295,0.027316328896855206,0.06497177199922903,0.09227050009126582,0.02258599465340899,0.025742584525604593,0.4413803684811476,0.6049217137826269,0.5302623994287132,
5000,base2,13,136,1,,2373.696394353872,exchangeable_varying_sigma,0.18,fixed,0.18,0.18,fixed,0.18,1.0,sin2,anchor_grid,500,0.6,-0.06682937620413554,0.019026871676575477,0.024253231126793895,0.005641746541662426,0.006539405569226755,0.017258371890841142,0.022035711051144952,0.0038066717688112484,0.004830282674004878,0.026018264820134772,0.03334846417081847,0.06682937620413554,
5000,base2,13,136,1,,2648.508689397946,exchangeable_varying_sigma,0.18,fixed,0.18,0.18,fixed,0.18,1.0,sin2,anchor_grid,500,0.9,-0.10473283155909197,0.01897007143616025,0.024257591529371642,0.007505278169308904,0.008198213002424529,0.013999969738436901,0.018341381676410945,0.005864211500347966,0.007091106968249606,0.024564560427479877,0.032192410175834095,0.10473283155909197,
2000,base1,14,137,1,,1076.972965138033,exchangeable_varying_sigma,0.18,fixed,0.18,0.18,fixed,0.18,1.0,sin,anchor_grid,500,0.0,-0.0027588636317348275,0.0353631705974089,0.04731693437718672,0.009520857095886459,0.0145749415609905,0.035410468365001564,0.04739977110455038,0.012051392954855772,0.016584656322964873,0.2399537362118111,0.26253160012968485,0.0027588636317348275,
5000,base5,12,135,1,,6365.2373944087885,exchangeable_varying_sigma,0.18,fixed,0.18,0.18,fixed,0.18,1.0,constant,anchor_grid,500,0.0,0.011363564019920527,0.055608104114810875,0.07931174584822938,0.015761962831743193,0.020180113174220353,0.05916583824775958,0.08658149702725114,0.012778504158949877,0.015013964178700826,0.7240492633842468,0.9676806409124736,0.011363564019920527,
2000,base1,14,137,1,,901.1091491319239,exchangeable_varying_sigma,0.18,fixed,0.18,0.18,fixed,0.18,1.0,sin,anchor_grid,500,0.3,-0.05697356746429602,0.03482553007539408,0.04623317780516973,0.007496495658954133,0.010205411636166522,0.03406400453524891,0.04521851342652402,0.01002752595246785,0.01510863235974749,0.2281316915615955,0.2537520977549272,0.05697356746429602,
2000,base5,13,136,1,,3305.1459539118223,exchangeable_varying_sigma,0.18,fixed,0.18,0.18,fixed,0.18,1.0,constant,anchor_grid,500,0.3,-0.18444747445675586,0.0659319314809625,0.09000792405406938,0.021417571260852614,0.02352018569972049,0.06885427585560906,0.09590852002113333,0.019477439301683552,0.02295346700982345,0.43483440878387536,0.6027549756278077,0.18444747445675586,
5000,base5,12,135,1,,6162.881367911119,exchangeable_varying_sigma,0.18,fixed,0.18,0.18,fixed,0.18,1.0,constant,anchor_grid,500,0.3,-0.14655751929574393,0.05537354912727738,0.07820410759605706,0.013135748285246024,0.013887271949269801,0.0587101413677543,0.08533199113596007,0.009094272857903013,0.012680512899342813,0.7049186801669638,0.9519928084512889,0.14655751929574393,
2000,base5,13,136,1,,3248.819733415963,exchangeable_varying_sigma,0.18,fixed,0.18,0.18,fixed,0.18,1.0,constant,anchor_grid,500,0.6,-0.3560790465866033,0.06580162646071469,0.0899162935475116,0.023360642450393432,0.02563384212008078,0.06746200241903709,0.09457808876886493,0.021182056683450357,0.02456474665333061,0.4375762810806946,0.6029149046637917,0.3560790465866033,
5000,base5,13,136,1,,2755.709583329968,exchangeable_varying_sigma,0.18,fixed,0.18,0.18,fixed,0.18,1.0,constant,anchor_grid,500,0.0,0.00983212610849951,0.05469002063261609,0.0778030879305177,0.010738823480392179,0.018531770581854207,0.058061185968798786,0.08467819001410609,0.01165424419448971,0.0177863030831305,0.7219167189056931,0.9586594648407362,0.00983212610849951,
2000,base1,14,137,1,,1468.70743412897,exchangeable_varying_sigma,0.18,fixed,0.18,0.18,fixed,0.18,1.0,sin,anchor_grid,500,0.6,-0.12924506388622936,0.03490538607086723,0.04624035528517851,0.007401252060281485,0.010436021145621397,0.03110237685676437,0.04124745289939617,0.011251202713042432,0.017090409719672628,0.22377249484382525,0.24872866202206761,0.12924506388622936,
5000,base5,13,136,1,,2898.1552557228133,exchangeable_varying_sigma,0.18,fixed,0.18,0.18,fixed,0.18,1.0,constant,anchor_grid,500,0.9,-0.4556235916751091,0.05427873662055687,0.07738566350860825,0.019740965333066546,0.020572584570680164,0.05493919934815524,0.08247176586494434,0.015107732807230628,0.018226125920290232,0.7440578323531855,0.9846713760704354,0.4556235916751091,
2000,base3,14,137,1,,1421.045782641042,exchangeable_varying_sigma,0.18,fixed,0.18,0.18,fixed,0.18,1.0,mixed,anchor_grid,500,0.0,0.01996935844272534,0.05391939487831419,0.06834062444933635,0.01765146098473333,0.02455507387829475,0.05485714405094017,0.06964147950835392,0.015482571752898883,0.023040435588413902,0.1514604413328192,0.1975742995507821,0.01996935844272534,
5000,base2,13,136,1,,6434.459265711019,exchangeable_varying_sigma,0.18,fixed,0.18,0.18,fixed,0.18,1.0,sin2,anchor_grid,500,0.3,-0.030302971314642435,0.019072307881012166,0.024265919520870476,0.0040728820138729305,0.00523059837698453,0.018761627274188074,0.023872635342588124,0.00278884898608521,0.0035205481485378006,0.027639531365849672,0.03454432376689576,0.030302971314642435,
5000,base2,13,136,1,,6508.109192949021,exchangeable_varying_sigma,0.18,fixed,0.18,0.18,fixed,0.18,1.0,sin2,anchor_grid,500,0.0,0.01702677469810917,0.019514194688279838,0.025165655562941033,0.012545601430641984,0.01346234441692765,0.019667942960879318,0.025390862908472183,0.01273630021693048,0.013564781378866499,0.03327788946449889,0.039636720747094185,0.01702677469810917,
2000,base1,14,137,1,,2858.8309256259818,exchangeable_varying_sigma,0.18,fixed,0.18,0.18,fixed,0.18,1.0,sin,anchor_grid,500,0.9,-0.20472221758439135,0.03507528262558307,0.04640517814562145,0.006830637324315492,0.010260739518321994,0.02441273758120162,0.03208195776828045,0.012060594012914372,0.018162721633931168,0.21852442029939642,0.24330777833341305,0.20472221758439135,
2000,base3,14,137,1,,1393.3995915220585,exchangeable_varying_sigma,0.18,fixed,0.18,0.18,fixed,0.18,1.0,mixed,anchor_grid,500,0.6,-0.2346294278736169,0.052575281088426365,0.06672040382451794,0.007954594512273844,0.011297402871918936,0.05130309513486485,0.06512545112829764,0.007679505842503792,0.01233347618997449,0.1572328177348005,0.20396550218390816,0.2346294278736169,
2000,base3,14,137,1,,1731.3506075490732,exchangeable_varying_sigma,0.18,fixed,0.18,0.18,fixed,0.18,1.0,mixed,anchor_grid,500,0.3,-0.10819037264064926,0.05246330381511875,0.06682250649250539,0.007959189716528953,0.01095202536598065,0.05294172418954559,0.06752619429053386,0.007361435756524898,0.011283775199245318,0.15449708656835048,0.20044926976100258,0.10819037264064926,
2000,base3,14,137,1,,1704.7317660930566,exchangeable_varying_sigma,0.18,fixed,0.18,0.18,fixed,0.18,1.0,mixed,anchor_grid,500,0.9,-0.3629865480311468,0.05262554745212775,0.06666453365628766,0.007953909234528794,0.01134889862316143,0.04799142867830252,0.060498234149057806,0.007839958313736628,0.012837056260964581,0.16035753429566302,0.20774445327674712,0.3629865480311468,
2000,base5,14,137,1,,1568.0569691308774,exchangeable_varying_sigma,0.18,fixed,0.18,0.18,fixed,0.18,1.0,constant,anchor_grid,500,0.0,-0.005726772875663676,0.0647435314821735,0.08837464685703691,0.011001361463656378,0.012847001539345692,0.06785267038352816,0.0941710699063557,0.011765923996373523,0.015915438779996603,0.43889121920480445,0.6215442953719441,0.005726772875663676,
5000,base5,13,136,1,,6769.512069808086,exchangeable_varying_sigma,0.18,fixed,0.18,0.18,fixed,0.18,1.0,constant,anchor_grid,500,0.3,-0.1470696408444001,0.05420032995971,0.07728286484609052,0.016771971311158096,0.01749804532368991,0.057296681965609976,0.08394465067148738,0.01320298207616083,0.015068009561417182,0.734089821942536,0.974877134279872,0.1470696408444001,
5000,base5,13,136,1,,6914.109103206079,exchangeable_varying_sigma,0.18,fixed,0.18,0.18,fixed,0.18,1.0,constant,anchor_grid,500,0.6,-0.30049795665954004,0.05424428328561229,0.07732304027725134,0.01811821227525165,0.018853120522225538,0.056456667866996935,0.0833792498646993,0.013829007325746878,0.016358325215014423,0.7386992806757645,0.9790558829757077,0.30049795665954004,
2000,base5,14,137,1,,1615.3124861808028,exchangeable_varying_sigma,0.18,fixed,0.18,0.18,fixed,0.18,1.0,constant,anchor_grid,500,0.3,-0.14706862280985666,0.06395319237545581,0.08670180735692817,0.01786441218766134,0.02293923282165618,0.06642243849565267,0.09201636437439265,0.016092083072968888,0.024046889065244863,0.4428002019295116,0.6208653074597859,0.14706862280985666,
2000,base5,14,137,1,,1645.1337981950492,exchangeable_varying_sigma,0.18,fixed,0.18,0.18,fixed,0.18,1.0,constant,anchor_grid,500,0.6,-0.31404344659623284,0.06403046927264985,0.08656706635388782,0.017838727338723617,0.023299831514917043,0.06503831716173682,0.09066625324445236,0.017304395190415434,0.02555722143838322,0.44404798173483934,0.6251939217332955,0.31404344659623284,
5000,base3,14,137,1,,4002.5994481861126,exchangeable_varying_sigma,0.18,fixed,0.18,0.18,fixed,0.18,1.0,mixed,anchor_grid,500,0.3,-0.10252679144811994,0.04289116284798836,0.052891747505419355,0.006877215939926379,0.007815852937160833,0.04357534343947248,0.05396395787963406,0.006905787665079793,0.008047932461221055,0.22029479356154844,0.25483098370472607,0.10252679144811994,
5000,base3,14,137,1,,3570.7747973909136,exchangeable_varying_sigma,0.18,fixed,0.18,0.18,fixed,0.18,1.0,mixed,anchor_grid,500,0.9,-0.29310816076052915,0.04324134345871434,0.05320360296355313,0.008913492172322762,0.009839283366830539,0.04044409212564325,0.05060334088445416,0.01000409361440574,0.01155640941258049,0.2170542119375824,0.2500080653075752,0.29310816076052915,
5000,base1,14,137,1,,7167.042564776959,exchangeable_varying_sigma,0.18,fixed,0.18,0.18,fixed,0.18,1.0,sin,anchor_grid,500,0.6,-0.07756021150449266,0.023194702957804025,0.029257616953747557,0.009085523335499335,0.00969210721220397,0.02060762713305082,0.0258400046477282,0.009633025758520763,0.01048332504511299,0.08928216574699106,0.10919122486825295,0.07756021150449266,
5000,base1,14,137,1,,7639.7025534699205,exchangeable_varying_sigma,0.18,fixed,0.18,0.18,fixed,0.18,1.0,sin,anchor_grid,500,0.9,-0.10840592188625742,0.02317396981788853,0.02919442337879868,0.010048515568654576,0.010812144444350798,0.01664120501659158,0.02019745069891778,0.010834051369166625,0.012144708579767594,0.09363658237207574,0.11540005219457243,0.10840592188625742,
5000,base1,14,137,1,,8110.069988731993,exchangeable_varying_sigma,0.18,fixed,0.18,0.18,fixed,0.18,1.0,sin,anchor_grid,500,0.3,-0.044632315067117845,0.023166150840867556,0.029283801035679943,0.008113103376660047,0.008603967066436671,0.022553245288056786,0.028489259123810062,0.008461716714651707,0.0090170777455858,0.0854059812536626,0.10341759100767182,0.044632315067117845,
2000,base5,14,137,1,,3111.9779683859088,exchangeable_varying_sigma,0.18,fixed,0.18,0.18,fixed,0.18,1.0,constant,anchor_grid,500,0.9,-0.4805860021838352,0.0641045750477046,0.08647526448255624,0.017351097859624187,0.023203177085209314,0.06244845941932384,0.08837629442869689,0.01834838046498155,0.026531834793668843,0.4454976039049876,0.6293219064554829,0.4805860021838352,
2000,base2,15,138,1,,2284.05885988893,exchangeable_varying_sigma,0.18,fixed,0.18,0.18,fixed,0.18,1.0,sin2,anchor_grid,500,0.0,-0.0029074530368746712,0.030622931025612643,0.03908207904202838,0.011402096533466036,0.012950410800726583,0.030716669793129786,0.03920609503416694,0.013678162439965058,0.015216237607179394,0.1415496494569154,0.15185798559146668,0.0029074530368746712,
5000,base1,14,137,1,,8964.29726197687,exchangeable_varying_sigma,0.18,fixed,0.18,0.18,fixed,0.18,1.0,sin,anchor_grid,500,0.0,0.010300196189242787,0.02310911528399491,0.02903351741099493,0.004342451773696063,0.006124598978685781,0.023126851504933186,0.029055873494336023,0.004733903068219303,0.006230961673214588,0.08631358062308163,0.10244935346580189,0.010300196189242787,
2000,base2,15,138,1,,1736.2104263291694,exchangeable_varying_sigma,0.18,fixed,0.18,0.18,fixed,0.18,1.0,sin2,anchor_grid,500,0.3,-0.07609646603699918,0.02984631924554491,0.0383866737617694,0.00555371736393287,0.0055917770638971975,0.02962308683043057,0.038062255253382145,0.0042908668325354615,0.005186167261395264,0.14770556857945588,0.1555938936477697,0.07609646603699918,
5000,base5,14,137,1,,3617.6445404989645,exchangeable_varying_sigma,0.18,fixed,0.18,0.18,fixed,0.18,1.0,constant,anchor_grid,500,0.9,-0.4537894838120217,0.05517983231371154,0.0774028794876265,0.019799585068531106,0.021935125499894365,0.0556814438401889,0.08218941039864858,0.018177487108665208,0.019073816353176648,0.6489000580652784,0.8777181221361069,0.4537894838120217,
2000,base5,15,138,1,,1132.498571631033,exchangeable_varying_sigma,0.18,fixed,0.18,0.18,fixed,0.18,1.0,constant,anchor_grid,500,0.0,-0.034124031657742936,0.06707029645854504,0.09031448517837518,0.012888395537179895,0.014963149677057202,0.07070902784574708,0.09675138177905923,0.013833237464649428,0.014925891762868569,0.5284720304338356,0.7402332417792592,0.034124031657742936,
5000,base3,14,137,1,,9030.359780082013,exchangeable_varying_sigma,0.18,fixed,0.18,0.18,fixed,0.18,1.0,mixed,anchor_grid,500,0.0,0.004846247825846742,0.04229908599422009,0.052036493103212365,0.007183863260243853,0.009325906326410496,0.04353755489962731,0.053758168228732174,0.007018168906488542,0.00857783603438947,0.22295760866610895,0.2602670215069092,0.004846247825846742,
2000,base2,15,138,1,,3424.068080763798,exchangeable_varying_sigma,0.18,fixed,0.18,0.18,fixed,0.18,1.0,sin2,anchor_grid,500,0.6,-0.1380763350409112,0.029652240832570384,0.03827345797005036,0.00698101120559419,0.007063373286338868,0.0272440759270631,0.03506703994018799,0.004571892704740316,0.005885644181324832,0.15002899169465217,0.15888456885989952,0.1380763350409112,
5000,base3,14,137,1,,8781.573222973151,exchangeable_varying_sigma,0.18,fixed,0.18,0.18,fixed,0.18,1.0,mixed,anchor_grid,500,0.6,-0.1982628356079174,0.04304114296276422,0.053029805611645206,0.007896132179127296,0.008804695061257218,0.04251322506153641,0.05274331986367806,0.008320194348399312,0.00967236642902264,0.2185374694134811,0.2522630522514496,0.1982628356079174,
2000,base2,15,138,1,,4169.497478835983,exchangeable_varying_sigma,0.18,fixed,0.18,0.18,fixed,0.18,1.0,sin2,anchor_grid,500,0.9,-0.20019803642319967,0.029546821815293025,0.03821395850962866,0.008810722047019354,0.009156346928363562,0.021466096684587457,0.02795692813019797,0.006992195528016193,0.008709643002381277,0.15157999678680364,0.1616284742486557,0.20019803642319967,
5000,base2,15,138,1,,3224.2033836250193,exchangeable_varying_sigma,0.18,fixed,0.18,0.18,fixed,0.18,1.0,sin2,anchor_grid,500,0.9,-0.1081843262093265,0.019698841031801407,0.024994615664263083,0.00884558414289452,0.013417630128732625,0.0148260671250407,0.01918147789427544,0.00831864800099058,0.0111848778623028,0.0538744115043178,0.06235789178590081,0.1081843262093265,
5000,base2,15,138,1,,3980.55114761414,exchangeable_varying_sigma,0.18,fixed,0.18,0.18,fixed,0.18,1.0,sin2,anchor_grid,500,0.3,-0.043052592269657464,0.019857739539806497,0.02517432946529989,0.0070402757007050065,0.011476174936782798,0.01968711829573241,0.024991885939366257,0.0069076145877614015,0.009312653981266055,0.05265132174896879,0.06066693402339139,0.043052592269657464,
2000,base5,15,138,1,,2014.178142858902,exchangeable_varying_sigma,0.18,fixed,0.18,0.18,fixed,0.18,1.0,constant,anchor_grid,500,0.3,-0.2267695417227234,0.0656611032129451,0.08977871589078118,0.020442608887912717,0.022607623707888096,0.06866923858060373,0.09561076691728085,0.01738001137763083,0.018501781015605855,0.4835705592430139,0.6608815558186785,0.2267695417227234,
5000,base5,14,137,1,,8183.854418774135,exchangeable_varying_sigma,0.18,fixed,0.18,0.18,fixed,0.18,1.0,constant,anchor_grid,500,0.3,-0.15017208078620373,0.055108815216359554,0.07734484343064336,0.01778316975246419,0.020503718566954907,0.05811580891174872,0.08382102344620743,0.016298537311670164,0.017753590065635646,0.6506577008984523,0.8840998007109304,0.15017208078620373,
5000,base2,15,138,1,,6237.923982813954,exchangeable_varying_sigma,0.18,fixed,0.18,0.18,fixed,0.18,1.0,sin2,anchor_grid,500,0.0,0.01189787897684735,0.020432673255685232,0.025573048417465244,0.008477570810131577,0.012426576600314706,0.02060705939093028,0.025795268032124438,0.007515282331090098,0.010573166819249285,0.04567010772240526,0.05324719447174136,0.01189787897684735,
2000,base1,16,139,1,,1110.7255972900894,exchangeable_varying_sigma,0.18,fixed,0.18,0.18,fixed,0.18,1.0,sin,anchor_grid,500,0.3,-0.0796970517048454,0.036278872611306974,0.04914020259388824,0.028496095199129323,0.03731174272534483,0.035351156036684574,0.04812541410929687,0.02749245742178477,0.035233402941742036,0.20004159019977447,0.22099309300683231,0.0796970517048454,
2000,base5,15,138,1,,3433.914541381877,exchangeable_varying_sigma,0.18,fixed,0.18,0.18,fixed,0.18,1.0,constant,anchor_grid,500,0.9,-0.5534509695168611,0.06560111276933468,0.08971565238940246,0.024347504134722198,0.02644489098345024,0.06520351639162404,0.09251260204353981,0.01869204379386305,0.020073848601033575,0.4805666456070068,0.6493285685309296,0.5534509695168611,
2000,base1,16,139,1,,1843.7571169328876,exchangeable_varying_sigma,0.18,fixed,0.18,0.18,fixed,0.18,1.0,sin,anchor_grid,500,0.0,0.0220495807664276,0.03635070384536528,0.04842397754892278,0.03641689597173642,0.04521705220814073,0.03649410427283309,0.04874618202563569,0.03850737321256348,0.04580004725308072,0.21318319883258885,0.23312379314920967,0.0220495807664276,
5000,base5,14,137,1,,9751.070315218065,exchangeable_varying_sigma,0.18,fixed,0.18,0.18,fixed,0.18,1.0,constant,anchor_grid,500,0.0,0.013158738097173855,0.05485988571034546,0.07730969882167578,0.006219045643940421,0.008580237456265922,0.05835382681416223,0.0843565053387268,0.007299655727756066,0.008413282508086452,0.6586254271057552,0.89752875636168,0.013158738097173855,
2000,base5,15,138,1,,3797.253278648015,exchangeable_varying_sigma,0.18,fixed,0.18,0.18,fixed,0.18,1.0,constant,anchor_grid,500,0.6,-0.3918215030161645,0.06561057212227826,0.08972136146286193,0.022167185600937084,0.02421665952049722,0.06748872166627545,0.09450348738664842,0.018059091586876602,0.018999353071787323,0.4818610387831426,0.6551073532654622,0.3918215030161645,
5000,base5,15,138,1,,2930.1055590889882,exchangeable_varying_sigma,0.18,fixed,0.18,0.18,fixed,0.18,1.0,constant,anchor_grid,500,0.6,-0.30704566985123094,0.05687782596097792,0.08006967271104712,0.011809980745196763,0.01610534994130657,0.059551365410933546,0.08685389741600057,0.010200848304089544,0.011942910376793937,0.743091745483984,0.9918906510582997,0.30704566985123094,
5000,base5,14,137,1,,9999.817338373046,exchangeable_varying_sigma,0.18,fixed,0.18,0.18,fixed,0.18,1.0,constant,anchor_grid,500,0.6,-0.3018616107050167,0.05516937160085419,0.07737666502263854,0.01879820917269881,0.02123401793262012,0.05724866995408933,0.08318506590617576,0.01725605294230939,0.018421275411446905,0.649163982548255,0.8802549442692374,0.3018616107050167,
2000,base1,16,139,1,,1651.4969863281585,exchangeable_varying_sigma,0.18,fixed,0.18,0.18,fixed,0.18,1.0,sin,anchor_grid,500,0.9,-0.20614683458848504,0.03651592058798694,0.04930244133079387,0.03465979330192942,0.044817745661983606,0.02547829570791482,0.03463524400385724,0.03069653257219196,0.037116958328392985,0.20405087049074483,0.21979729063750897,0.20614683458848504,
2000,base3,16,139,1,,2057.987973232055,exchangeable_varying_sigma,0.18,fixed,0.18,0.18,fixed,0.18,1.0,mixed,anchor_grid,500,0.0,0.02508517040328167,0.05385151695315166,0.06780173125120437,0.0354573693757803,0.0456019500845142,0.05528239013335484,0.06970205897030023,0.03763815334011705,0.04645499194281387,0.16240368359555699,0.2009602509169739,0.02508517040328167,
2000,base1,16,139,1,,3419.8673685989343,exchangeable_varying_sigma,0.18,fixed,0.18,0.18,fixed,0.18,1.0,sin,anchor_grid,500,0.6,-0.14420882447951294,0.036388906014696236,0.04924847093455925,0.03169787053145712,0.041269108708561,0.03230493767449442,0.04407288124336949,0.02961787074183579,0.03692277774614445,0.2019073737629093,0.22025304064025583,0.14420882447951294,
5000,base1,16,139,1,,3741.5115294400603,exchangeable_varying_sigma,0.18,fixed,0.18,0.18,fixed,0.18,1.0,sin,anchor_grid,500,0.3,-0.04207500247190382,0.022481643003988198,0.028737680074789326,0.009021036931570026,0.011942844472342253,0.022071198843911392,0.027904156882875963,0.008232920493658286,0.011525242097619029,0.05923782266092917,0.07862507348970117,0.04207500247190382,
2000,base3,16,139,1,,1369.0911772961263,exchangeable_varying_sigma,0.18,fixed,0.18,0.18,fixed,0.18,1.0,mixed,anchor_grid,500,0.9,-0.37941679959179775,0.053301270250347164,0.0682155093047179,0.036730774138431066,0.04514228513340322,0.04860620295963653,0.061981950116860536,0.036976488886435496,0.041500582583289584,0.17794842731000335,0.21794746537013523,0.37941679959179775,
2000,base3,16,139,1,,2674.787204071181,exchangeable_varying_sigma,0.18,fixed,0.18,0.18,fixed,0.18,1.0,mixed,anchor_grid,500,0.3,-0.14126626902725556,0.05267011674758815,0.06791213067670253,0.031353096873883116,0.03756857072019321,0.05343651818846841,0.06893779360757447,0.03231620088685275,0.03700243847522401,0.18171114177788245,0.22370384644808464,0.14126626902725556,
5000,base2,15,138,1,,9977.018320299918,exchangeable_varying_sigma,0.18,fixed,0.18,0.18,fixed,0.18,1.0,sin2,anchor_grid,500,0.6,-0.07581567395027788,0.019778629891580142,0.02509991322237683,0.007950676629299575,0.012498347810075201,0.01821678121100668,0.0231793147824875,0.007823977253005543,0.010395922772510401,0.05339634079887603,0.0617767560785854,0.07581567395027788,
2000,base3,16,139,1,,3161.920104281977,exchangeable_varying_sigma,0.18,fixed,0.18,0.18,fixed,0.18,1.0,mixed,anchor_grid,500,0.6,-0.2614502429936475,0.052914289134677696,0.06806504868432992,0.0342232790191799,0.041558414718389544,0.05183439187262441,0.06662917064745663,0.03503723166631417,0.03972721833655877,0.17996864081866637,0.22144123975613592,0.2614502429936475,
5000,base5,15,138,1,,9053.88403395703,exchangeable_varying_sigma,0.18,fixed,0.18,0.18,fixed,0.18,1.0,constant,anchor_grid,500,0.0,0.009978132963721019,0.05750994321243407,0.08105751961675942,0.01574535451832007,0.018806457135514286,0.06122994462521669,0.08834136590820929,0.013779987033484542,0.016717409107131303,0.7182815635807858,0.968530835329938,0.009978132963721019,
5000,base5,15,138,1,,8423.49330626498,exchangeable_varying_sigma,0.18,fixed,0.18,0.18,fixed,0.18,1.0,constant,anchor_grid,500,0.3,-0.15062657983320465,0.056944108959163284,0.0801892438796112,0.011885971256375416,0.015729973310026856,0.06041177998248397,0.08742283454788602,0.01009011294658585,0.011488844257809029,0.7408677666614869,0.9896443390197103,0.15062657983320465,
2000,base5,16,139,1,,1941.2282819550019,exchangeable_varying_sigma,0.18,fixed,0.18,0.18,fixed,0.18,1.0,constant,anchor_grid,500,0.0,0.02104302038800605,0.06676996150054787,0.08940454975180621,0.02978869987311769,0.035177422366744815,0.0713134755441383,0.09683121417841636,0.040239023675044755,0.043770799534248846,0.5943568766500985,0.8301764362148968,0.02104302038800605,
5000,base3,16,139,1,,2337.0711264179554,exchangeable_varying_sigma,0.18,fixed,0.18,0.18,fixed,0.18,1.0,mixed,anchor_grid,500,0.9,-0.3072826110948912,0.04254762237998007,0.05257928456454096,0.011645304202247242,0.014536480344487747,0.040216663499805475,0.05025197556536424,0.013318955680899913,0.015583823374001389,0.2353547644979465,0.27306649768143915,0.3072826110948912,
5000,base3,16,139,1,,2714.0584010249004,exchangeable_varying_sigma,0.18,fixed,0.18,0.18,fixed,0.18,1.0,mixed,anchor_grid,500,0.3,-0.12474086373466767,0.042064649400336475,0.05185505494336179,0.008988465629899772,0.011236012024986568,0.04281305571944481,0.05292808320033124,0.01025574789481537,0.012428789774344197,0.2383625166430173,0.2774249549882454,0.12474086373466767,
5000,base3,16,139,1,,2708.728410032112,exchangeable_varying_sigma,0.18,fixed,0.18,0.18,fixed,0.18,1.0,mixed,anchor_grid,500,0.6,-0.2175366626542764,0.042250021931320485,0.05214469434092815,0.010276057704867197,0.01284976883444416,0.04191411481372092,0.05188953450957189,0.011666286727625347,0.013903654200821108,0.23715501719345738,0.2756323006545257,0.2175366626542764,
5000,base1,16,139,1,,7257.062263737898,exchangeable_varying_sigma,0.18,fixed,0.18,0.18,fixed,0.18,1.0,sin,anchor_grid,500,0.6,-0.07710863323084816,0.022436864081441254,0.028776631155814143,0.010305968952589534,0.013534495532444383,0.020335662015898395,0.025303346357141487,0.00933266928943402,0.012832185125586275,0.06046260914072613,0.08090282114962077,0.07710863323084816,
2000,base5,16,139,1,,2998.552432511002,exchangeable_varying_sigma,0.18,fixed,0.18,0.18,fixed,0.18,1.0,constant,anchor_grid,500,0.3,-0.19762514978980794,0.0669721923654637,0.09004622942856798,0.03693727053506768,0.049355199430466935,0.07059532450042193,0.09649634053099676,0.03556368969151409,0.0436750253991151,0.5628451085769323,0.8018193375334475,0.19762514978980794,
5000,base5,15,138,1,,10256.608297276078,exchangeable_varying_sigma,0.18,fixed,0.18,0.18,fixed,0.18,1.0,constant,anchor_grid,500,0.9,-0.46610915185768126,0.05675645587824427,0.07990744062155059,0.01156558467488028,0.01645509069104032,0.05787325647964071,0.08580899984706841,0.009780660144851322,0.012055393274283118,0.7473813728563569,0.9963586042209492,0.46610915185768126,
5000,base1,16,139,1,,8108.602995782159,exchangeable_varying_sigma,0.18,fixed,0.18,0.18,fixed,0.18,1.0,sin,anchor_grid,500,0.0,-0.0042660993671512154,0.024270525580706772,0.030706147499079805,0.010255868393227022,0.012623035585071996,0.024240197734423923,0.0306956705641592,0.010633786418146371,0.013659656643770052,0.07544628588804751,0.09498855130117365,0.0042660993671512154,
5000,base1,16,139,1,,8128.685782989021,exchangeable_varying_sigma,0.18,fixed,0.18,0.18,fixed,0.18,1.0,sin,anchor_grid,500,0.9,-0.11117496517819292,0.022425824182253216,0.028814491211879806,0.011661802543976169,0.01519346758302303,0.016600596648285563,0.019884576582367405,0.01087822291780452,0.014367362123802248,0.06271681902834002,0.08399957813576026,0.11117496517819292,
2000,base5,16,139,1,,3258.4909077708144,exchangeable_varying_sigma,0.18,fixed,0.18,0.18,fixed,0.18,1.0,constant,anchor_grid,500,0.6,-0.3704297402725009,0.06684957870092365,0.08985975735199585,0.04010708355187184,0.053281609300856646,0.06922263767220567,0.09515102003921214,0.038482274390091054,0.04661638238303685,0.5552552874926723,0.7926956673679135,0.3704297402725009,
2000,base5,16,139,1,,3298.562371693086,exchangeable_varying_sigma,0.18,fixed,0.18,0.18,fixed,0.18,1.0,constant,anchor_grid,500,0.9,-0.5402620212439196,0.06674907306077799,0.08953731792911201,0.04305807463423297,0.05678212932222971,0.06655361726960242,0.0925519432553901,0.040922664909958134,0.04885553996138623,0.5452256243086251,0.7790269553133949,0.5402620212439196,
2000,base2,17,140,1,,1983.5691978619434,exchangeable_varying_sigma,0.18,fixed,0.18,0.18,fixed,0.18,1.0,sin2,anchor_grid,500,0.3,-0.13506373421818157,0.029740472241788263,0.03901165569012464,0.02431728418675605,0.029216043516255497,0.02921716657498854,0.03852530806703785,0.025990561916864552,0.0296160356978548,0.18065265206634137,0.18515789408526542,0.13506373421818157,
5000,base5,16,139,1,,3537.967529671965,exchangeable_varying_sigma,0.18,fixed,0.18,0.18,fixed,0.18,1.0,constant,anchor_grid,500,0.0,0.003395569258031333,0.05667412996888698,0.0792838098403102,0.014467181692211645,0.01846932407031383,0.0600722930869664,0.08611675901018158,0.015462793567501076,0.0194599234451395,0.7197709775143404,0.9572524617271598,0.003395569258031333,
2000,base2,17,140,1,,1570.3983508199453,exchangeable_varying_sigma,0.18,fixed,0.18,0.18,fixed,0.18,1.0,sin2,anchor_grid,500,0.6,-0.18877951396633097,0.029578175231557934,0.03870579066798604,0.025980972917902717,0.03184324389035228,0.02671048601217126,0.03519986709819254,0.028318737507897485,0.031831636000755566,0.19296808652148575,0.19864091743061563,0.18877951396633097,
2000,base2,17,140,1,,2708.535805561114,exchangeable_varying_sigma,0.18,fixed,0.18,0.18,fixed,0.18,1.0,sin2,anchor_grid,500,0.0,-0.02239694670656138,0.02914618463657354,0.03770596867096744,0.014752549987208957,0.01507744385149463,0.029347952444364216,0.0380883972914035,0.011166206576031013,0.01282315702521524,0.1699160138329376,0.17567639404837598,0.02239694670656138,
2000,base2,17,140,1,,2195.8025398761965,exchangeable_varying_sigma,0.18,fixed,0.18,0.18,fixed,0.18,1.0,sin2,anchor_grid,500,0.9,-0.23170727801734614,0.02935295315160155,0.0383742419174212,0.028440352128320287,0.0341513240901718,0.021124938710911013,0.02781676685828655,0.029711366703593034,0.03320465034817607,0.20475467578402584,0.2119781762103437,0.23170727801734614,
5000,base5,16,139,1,,4720.606793422019,exchangeable_varying_sigma,0.18,fixed,0.18,0.18,fixed,0.18,1.0,constant,anchor_grid,500,0.3,-0.16455289571772053,0.05649104083291684,0.07975150373314081,0.010960248597899985,0.011448469772324402,0.059684016461442314,0.08654492590463911,0.010316263520328162,0.011749227208113309,0.711846851564267,0.9586465769819945,0.16455289571772053,
5000,base3,16,139,1,,8298.972026664997,exchangeable_varying_sigma,0.18,fixed,0.18,0.18,fixed,0.18,1.0,mixed,anchor_grid,500,0.0,-0.013042637635124442,0.04287748451163696,0.053213345848460956,0.00948875516474837,0.013410357880430277,0.044024702834677826,0.05477824162463163,0.0109228497937615,0.014486926920720828,0.22885762290844736,0.2650974077997143,0.013042637635124442,
5000,base5,16,139,1,,5231.438492437825,exchangeable_varying_sigma,0.18,fixed,0.18,0.18,fixed,0.18,1.0,constant,anchor_grid,500,0.6,-0.32042620656023335,0.056408306937411244,0.07969504773328309,0.012246287896651192,0.012752470605783975,0.058832898081914636,0.08586967778259048,0.011366875717644331,0.013202923702294861,0.7095119862305235,0.9547945508682318,0.32042620656023335,
2000,base5,17,140,1,,2133.681616998045,exchangeable_varying_sigma,0.18,fixed,0.18,0.18,fixed,0.18,1.0,constant,anchor_grid,500,0.9,-0.5206022835976345,0.06363828213333562,0.08730604108686163,0.03887587739159873,0.0466665134827201,0.06382959192436917,0.09144920697917777,0.0426364782856028,0.04686503926881446,0.4259804002321643,0.5940507108156295,0.5206022835976345,
2000,base5,17,140,1,,3063.4594055779744,exchangeable_varying_sigma,0.18,fixed,0.18,0.18,fixed,0.18,1.0,constant,anchor_grid,500,0.3,-0.18197954248860976,0.06435519157363945,0.08772355566935268,0.03567833923816072,0.04118855263085575,0.06759649448888333,0.09407434648723945,0.038651693592804875,0.04219753376595686,0.43127065471294573,0.6009579429264379,0.18197954248860976,
2000,base5,17,140,1,,3567.585825672839,exchangeable_varying_sigma,0.18,fixed,0.18,0.18,fixed,0.18,1.0,constant,anchor_grid,500,0.0,0.02476762783113577,0.06377478733434953,0.08593588671935926,0.011021904895678919,0.011983952535211157,0.06745334688525308,0.09264041577502341,0.009772509666157198,0.011075428018441785,0.47713320011000976,0.6684518215981594,0.02476762783113577,
2000,base1,18,141,1,,935.6530346258078,exchangeable_varying_sigma,0.18,fixed,0.18,0.18,fixed,0.18,1.0,sin,anchor_grid,500,0.0,0.02186518321845995,0.035123318428873465,0.04640585865037724,0.024533810206402634,0.028727808532887013,0.03525625287081977,0.04668306243942319,0.02222593440846203,0.02612831895348395,0.20860113895486643,0.23491318561109883,0.02186518321845995,
2000,base5,17,140,1,,3548.988641920034,exchangeable_varying_sigma,0.18,fixed,0.18,0.18,fixed,0.18,1.0,constant,anchor_grid,500,0.6,-0.351700374546723,0.06399773291684754,0.08751161654011366,0.03760506196060304,0.04415499208893264,0.06632049249238056,0.09317254430252114,0.04117684450609538,0.045042045056959426,0.4277224542962969,0.5956540486153101,0.351700374546723,
5000,base5,16,139,1,,8193.74939337303,exchangeable_varying_sigma,0.18,fixed,0.18,0.18,fixed,0.18,1.0,constant,anchor_grid,500,0.9,-0.47658036126842473,0.05623232857741204,0.07957181049318372,0.013598767881630391,0.014187746015151813,0.05714606823852688,0.08464320627212545,0.012635366099782191,0.014865246680725721,0.7067627665212043,0.9491495333565477,0.47658036126842473,
2000,base1,18,141,1,,1672.501931982115,exchangeable_varying_sigma,0.18,fixed,0.18,0.18,fixed,0.18,1.0,sin,anchor_grid,500,0.9,-0.19170575892894415,0.035619922799874124,0.04715854733487829,0.024871241542209654,0.030027491379549746,0.02465919607980008,0.03251953092162442,0.021428127405191316,0.024216185443892094,0.18720494974221896,0.22503400069441748,0.19170575892894415,
2000,base1,18,141,1,,2959.5168443059083,exchangeable_varying_sigma,0.18,fixed,0.18,0.18,fixed,0.18,1.0,sin,anchor_grid,500,0.6,-0.11330358710083976,0.03521574503812135,0.04659562895860399,0.022942194245101938,0.02826115097022625,0.03132651777036637,0.04143969225257975,0.019505455295277252,0.02358811695665803,0.19165510076747166,0.22772152689155697,0.11330358710083976,
5000,base2,17,140,1,,8402.434858804103,exchangeable_varying_sigma,0.18,fixed,0.18,0.18,fixed,0.18,1.0,sin2,anchor_grid,500,0.0,-0.0201537621552285,0.01993586411789656,0.025168228662255935,0.011697776039476929,0.013180953087949277,0.02007216665495868,0.025362815956400844,0.01331474219920549,0.01433138525678046,0.046092936767670574,0.05041070321678156,0.0201537621552285,
5000,base5,17,140,1,,5169.500543329865,exchangeable_varying_sigma,0.18,fixed,0.18,0.18,fixed,0.18,1.0,constant,anchor_grid,500,0.6,-0.3014944920428791,0.055816568012593104,0.07831634667801257,0.007210080355973467,0.008140231077226247,0.05819544736390033,0.08482026825479266,0.00932688778161224,0.009689271308464274,0.6685100458440978,0.9011650542844464,0.3014944920428791,
5000,base5,17,140,1,,5130.889323778916,exchangeable_varying_sigma,0.18,fixed,0.18,0.18,fixed,0.18,1.0,constant,anchor_grid,500,0.9,-0.4553144005675793,0.055680121916521025,0.07801900404632076,0.008210320517854724,0.009181925497046384,0.05653723768012613,0.08353690917768651,0.00995287306076019,0.010435118713666963,0.6735890544768148,0.906220654421737,0.4553144005675793,
5000,base2,17,140,1,,8799.56059466186,exchangeable_varying_sigma,0.18,fixed,0.18,0.18,fixed,0.18,1.0,sin2,anchor_grid,500,0.3,-0.04162575550970399,0.0199591374604449,0.025337047786534037,0.006798553053590839,0.006844330513871347,0.019644977835992762,0.02498105926970551,0.006716763422423833,0.006885607685209368,0.04524950506549387,0.04874433300289771,0.04162575550970399,
5000,base5,17,140,1,,6962.448991379933,exchangeable_varying_sigma,0.18,fixed,0.18,0.18,fixed,0.18,1.0,constant,anchor_grid,500,0.0,-0.005668667697601822,0.05503402273980994,0.07783227951967302,0.018692452043485783,0.01987278209983765,0.05848910037127344,0.0849225775709406,0.021418502827487057,0.023539776403757907,0.6471577162737464,0.8739347206373067,0.005668667697601822,
5000,base1,18,141,1,,2630.073110735975,exchangeable_varying_sigma,0.18,fixed,0.18,0.18,fixed,0.18,1.0,sin,anchor_grid,500,0.3,-0.025799696413141338,0.022842152433597815,0.02899516092870404,0.005518436263421689,0.006441412858616746,0.022141598731445295,0.028022921487313918,0.005668240485985257,0.006583484742231378,0.06170899031993957,0.07462607247817665,0.025799696413141338,
2000,base1,18,141,1,,4890.219714174047,exchangeable_varying_sigma,0.18,fixed,0.18,0.18,fixed,0.18,1.0,sin,anchor_grid,500,0.3,-0.03813326453660204,0.03501161329710921,0.04627038259098179,0.021081260718519623,0.026067274204460037,0.03424376874355227,0.04525911234328343,0.017901374465547792,0.022754592153946682,0.19790266977764373,0.23202548997666297,0.03813326453660204,
2000,base3,18,141,1,,1198.0338784649502,exchangeable_varying_sigma,0.18,fixed,0.18,0.18,fixed,0.18,1.0,mixed,anchor_grid,500,0.0,0.01658408355709814,0.051989514777376705,0.06642017327561894,0.01868100156376068,0.02013781195916219,0.053421328323977696,0.06825530386105148,0.01911909343493337,0.020067408867060536,0.1718104492515932,0.21590297637533035,0.01658408355709814,
5000,base2,17,140,1,,8958.243588639889,exchangeable_varying_sigma,0.18,fixed,0.18,0.18,fixed,0.18,1.0,sin2,anchor_grid,500,0.6,-0.07670631434596875,0.019864791521230392,0.02519148609706763,0.007603190205406368,0.007689138051554859,0.018045298533026707,0.022989621430755385,0.006907642949676676,0.007063936486157664,0.04669178123575716,0.0515993864256843,0.07670631434596875,
2000,base3,18,141,1,,1485.4845361420885,exchangeable_varying_sigma,0.18,fixed,0.18,0.18,fixed,0.18,1.0,mixed,anchor_grid,500,0.3,-0.09815298764751684,0.052289719384590115,0.06689392416718876,0.02778458016344959,0.033406144787053775,0.05304881966092186,0.0677122511035291,0.02663306952784039,0.032021544628071906,0.17897496209501282,0.2164407863687853,0.09815298764751684,
5000,base2,17,140,1,,10071.414489399875,exchangeable_varying_sigma,0.18,fixed,0.18,0.18,fixed,0.18,1.0,sin2,anchor_grid,500,0.9,-0.110895647767146,0.019745615923950542,0.025000740586950974,0.008352760684623664,0.008534093238295182,0.014601284778846821,0.01897310176739888,0.006915632521238044,0.007100359892629825,0.048252013632817274,0.05552356611965442,0.110895647767146,
5000,base5,17,140,1,,9423.462595982943,exchangeable_varying_sigma,0.18,fixed,0.18,0.18,fixed,0.18,1.0,constant,anchor_grid,500,0.3,-0.14887158508316858,0.05587172087468635,0.07851144999855365,0.00633030435800333,0.007184962811501553,0.05905271249296767,0.0855285721727997,0.008481145494642739,0.00888028733136117,0.6639286614520025,0.8965341310726946,0.14887158508316858,
2000,base3,18,141,1,,2995.6850393719506,exchangeable_varying_sigma,0.18,fixed,0.18,0.18,fixed,0.18,1.0,mixed,anchor_grid,500,0.6,-0.2244263322345076,0.05229766331498603,0.06708254098013941,0.029808640448400342,0.03535774071655677,0.05145813587537527,0.06557233201316598,0.02894711558592275,0.03397691946452893,0.18276344580976447,0.2201055533662023,0.2244263322345076,
5000,base3,18,141,1,,3241.3341940201353,exchangeable_varying_sigma,0.18,fixed,0.18,0.18,fixed,0.18,1.0,mixed,anchor_grid,500,0.0,0.0032622775972199433,0.04175880066806762,0.052104219006125045,0.005982582818130064,0.008666759013103096,0.0428250362917938,0.05368990625123343,0.005924055004505907,0.008508030500550767,0.24201835731538887,0.28081778717485467,0.0032622775972199433,
2000,base3,18,141,1,,3460.378967815079,exchangeable_varying_sigma,0.18,fixed,0.18,0.18,fixed,0.18,1.0,mixed,anchor_grid,500,0.9,-0.35282867670490614,0.05243641471419438,0.06740190003136529,0.03161239646634975,0.03686250973248643,0.04804093419678426,0.061238136094628255,0.03154506279670899,0.03580400901419668,0.18587552104982535,0.22452268664723446,0.35282867670490614,
5000,base3,18,141,1,,3343.8484037290327,exchangeable_varying_sigma,0.18,fixed,0.18,0.18,fixed,0.18,1.0,mixed,anchor_grid,500,0.6,-0.18592369600290498,0.043395764251733436,0.05313564849329058,0.007663397767029692,0.008909778244339252,0.04269418094825058,0.052723112851202944,0.006843693490599365,0.008526602419052393,0.2358446590887792,0.27458661074561846,0.18592369600290498,
2000,base5,18,141,1,,2889.9914710291196,exchangeable_varying_sigma,0.18,fixed,0.18,0.18,fixed,0.18,1.0,constant,anchor_grid,500,0.0,0.02938632824408567,0.06713745315236203,0.0907202907376202,0.024389925078971336,0.02713226537974871,0.07053947689210222,0.09676969009387527,0.018676203679650505,0.02105625979035965,0.48713792188148153,0.6930977960083,0.02938632824408567,
5000,base1,18,141,1,,7733.304374031955,exchangeable_varying_sigma,0.18,fixed,0.18,0.18,fixed,0.18,1.0,sin,anchor_grid,500,0.0,0.00353537615585401,0.021940429990311667,0.028127956622221395,0.0057358671906482805,0.008150016211871792,0.02193203266427215,0.028140258366636108,0.006459685557789613,0.008710985609331267,0.05853637098212867,0.07160058396186122,0.00353537615585401,
2000,base5,18,141,1,,3241.5025552981533,exchangeable_varying_sigma,0.18,fixed,0.18,0.18,fixed,0.18,1.0,constant,anchor_grid,500,0.3,-0.13407062749181792,0.06658963936004376,0.0898445300333302,0.02420893238144317,0.028458713739452083,0.06966341558963911,0.09563615888367193,0.02066218215778079,0.02709025889185099,0.49593243615283533,0.6924963124047672,0.13407062749181792,
2000,base5,18,141,1,,3276.755236420082,exchangeable_varying_sigma,0.18,fixed,0.18,0.18,fixed,0.18,1.0,constant,anchor_grid,500,0.9,-0.4834320924811304,0.06663101278188224,0.0899314194599597,0.02675852735020437,0.03202627022937937,0.0659652393194376,0.09290150451474827,0.021166689280607276,0.02825067383068728,0.5057082622462505,0.7041859783006107,0.4834320924811304,
2000,base5,18,141,1,,3503.0527595370077,exchangeable_varying_sigma,0.18,fixed,0.18,0.18,fixed,0.18,1.0,constant,anchor_grid,500,0.6,-0.3075101002334693,0.06658774719887045,0.08984987025520212,0.025717528382343452,0.03046580857897934,0.06839838054913734,0.09465794713486488,0.020613985854113087,0.027845238054217316,0.5009258291577436,0.6981257547209387,0.3075101002334693,
5000,base5,18,141,1,,2968.5697476940695,exchangeable_varying_sigma,0.18,fixed,0.18,0.18,fixed,0.18,1.0,constant,anchor_grid,500,0.6,-0.27396641352798556,0.05565103201589157,0.07827397701988048,0.009017154075490863,0.01034992830966742,0.05807183388985937,0.08491723045418018,0.012402458396428256,0.01250106549866627,0.7273072629501544,0.958166094722972,0.27396641352798556,
5000,base1,18,141,1,,7736.881415221142,exchangeable_varying_sigma,0.18,fixed,0.18,0.18,fixed,0.18,1.0,sin,anchor_grid,500,0.9,-0.10161563952069652,0.02306821532777203,0.02922643408309086,0.006845987566507103,0.008390567441401878,0.0163542372867402,0.019907019283895353,0.0066388599265201215,0.007553305792666509,0.05384374140927506,0.06652142166494197,0.10161563952069652,
5000,base5,18,141,1,,3366.966967185028,exchangeable_varying_sigma,0.18,fixed,0.18,0.18,fixed,0.18,1.0,constant,anchor_grid,500,0.3,-0.12292661269821317,0.05558110268020875,0.0782687737885895,0.008903678347857519,0.010213534653551968,0.05886555255112005,0.08526100139253051,0.011631328005096447,0.011705350088855353,0.7231358974831765,0.9529920748742702,0.12292661269821317,
5000,base5,18,141,1,,2976.1524381570052,exchangeable_varying_sigma,0.18,fixed,0.18,0.18,fixed,0.18,1.0,constant,anchor_grid,500,0.9,-0.4254132891591237,0.05569206647202924,0.0782621593523611,0.009092785920569155,0.010423827176066429,0.056541702451014836,0.08416427311168749,0.012915791329174794,0.013161003277921504,0.732040657281281,0.9641480252822091,0.4254132891591237,
5000,base1,18,141,1,,8729.954731256934,exchangeable_varying_sigma,0.18,fixed,0.18,0.18,fixed,0.18,1.0,sin,anchor_grid,500,0.6,-0.06231058179817317,0.022954989332651297,0.029130098413888944,0.006195709050564782,0.007377772412481434,0.020216449885044778,0.02536859439129243,0.006305150602182286,0.007151750106425121,0.05818244675772974,0.07075152402190893,0.06231058179817317,
5000,base3,18,141,1,,7261.666025343118,exchangeable_varying_sigma,0.18,fixed,0.18,0.18,fixed,0.18,1.0,mixed,anchor_grid,500,0.9,-0.28277872632269885,0.0435081534101264,0.0532785936973213,0.008783249064500356,0.00993032857120367,0.04051525334841198,0.05064378323661027,0.007524996561925568,0.009649758402753103,0.2400357791004666,0.2792064393834072,0.28277872632269885,
2000,base2,19,142,1,,2901.232798995916,exchangeable_varying_sigma,0.18,fixed,0.18,0.18,fixed,0.18,1.0,sin2,anchor_grid,500,0.0,0.01706418459517512,0.02983275455336102,0.038891597721883574,0.01878080225510123,0.021479606493626305,0.03015155413863828,0.03943047489799315,0.01844092358147456,0.02174186686577247,0.12350391765309726,0.12947299794412948,0.01706418459517512,
2000,base2,19,142,1,,2836.8362075069454,exchangeable_varying_sigma,0.18,fixed,0.18,0.18,fixed,0.18,1.0,sin2,anchor_grid,500,0.3,0.02080260824251179,0.029747007711058936,0.039159859622285846,0.030002604721611162,0.03223773077155527,0.028688215757280405,0.03820647148503527,0.02827272712862755,0.03076665338981396,0.10717721565607613,0.113729647081774,0.02080260824251179,
5000,base3,18,141,1,,8139.076909239171,exchangeable_varying_sigma,0.18,fixed,0.18,0.18,fixed,0.18,1.0,mixed,anchor_grid,500,0.3,-0.09070516083794633,0.04326790007176503,0.05300667057364111,0.006709612929377939,0.007959253994936884,0.04382742368774493,0.053945455926829644,0.005995352505624427,0.0075665233526010095,0.23272849156180747,0.2710383956058458,0.09070516083794633,
2000,base5,19,142,1,,1583.4951422601007,exchangeable_varying_sigma,0.18,fixed,0.18,0.18,fixed,0.18,1.0,constant,anchor_grid,500,0.0,-0.0001004332768253655,0.06380905366024422,0.08842870416193765,0.025314135062451365,0.025582627956491348,0.06750571454772726,0.0947709513215338,0.02366700736811675,0.024466862599222684,0.5500321312190395,0.7466470335923883,0.0001004332768253655,
2000,base2,19,142,1,,3118.203843011055,exchangeable_varying_sigma,0.18,fixed,0.18,0.18,fixed,0.18,1.0,sin2,anchor_grid,500,0.6,-0.0684849752641189,0.030158768253962503,0.039513095528335415,0.03323792607249512,0.03580145830591232,0.02616780849363559,0.03498422783683143,0.030413013918382262,0.03280349236067963,0.0870187440836508,0.09797482093018806,0.0684849752641189,
2000,base2,19,142,1,,3373.464761069976,exchangeable_varying_sigma,0.18,fixed,0.18,0.18,fixed,0.18,1.0,sin2,anchor_grid,500,0.9,-0.17049414267816376,0.03059478920277706,0.03983328466168957,0.036166924317238364,0.03900748014538143,0.02078412425601304,0.02792775168921167,0.03215473997779504,0.034340646563338205,0.067179689355011,0.08532928540738667,0.17049414267816376,
5000,base2,19,142,1,,3189.337574162055,exchangeable_varying_sigma,0.18,fixed,0.18,0.18,fixed,0.18,1.0,sin2,anchor_grid,500,0.0,0.01461411227333049,0.020090177122940537,0.025495004211558182,0.0064045444639652255,0.006806930469128228,0.020237427884015613,0.025705194362368025,0.007137637972894795,0.008356243001072315,0.03744947441102072,0.05090731918732764,0.01461411227333049,
5000,base5,18,141,1,,6805.479118931107,exchangeable_varying_sigma,0.18,fixed,0.18,0.18,fixed,0.18,1.0,constant,anchor_grid,500,0.0,0.014408941074496156,0.05556239174015801,0.07872435539800875,0.006114217502516145,0.007425677473200828,0.058879957286514704,0.08558157063685842,0.004241057839066434,0.0059914374918329785,0.7212903776477985,0.9565934894818003,0.014408941074496156,
5000,base2,19,142,1,,3270.6859594150446,exchangeable_varying_sigma,0.18,fixed,0.18,0.18,fixed,0.18,1.0,sin2,anchor_grid,500,0.6,-0.05637911969707965,0.019382309223677466,0.024473064506707606,0.006857666524605011,0.008708939068293889,0.017722498549757548,0.022370217904249378,0.007920412235336904,0.009436796158891154,0.0317044000691618,0.04216908611126783,0.05637911969707965,
5000,base2,19,142,1,,3293.3843031600118,exchangeable_varying_sigma,0.18,fixed,0.18,0.18,fixed,0.18,1.0,sin2,anchor_grid,500,0.9,-0.09861420940782561,0.019201615173494908,0.024403258001122672,0.00742865792177802,0.009219051521578847,0.01437494110753667,0.018623510439978196,0.00840343872116256,0.009646894339790818,0.029734049776593673,0.038924066999374174,0.09861420940782561,
2000,base5,19,142,1,,2953.179095575819,exchangeable_varying_sigma,0.18,fixed,0.18,0.18,fixed,0.18,1.0,constant,anchor_grid,500,0.6,-0.33028960881656505,0.06577652179872343,0.08995602458469418,0.04901893035359545,0.049701539258998784,0.06681842847236713,0.09390289048374326,0.04754652472864328,0.05020120529007909,0.5487354533955291,0.7209834736829376,0.33028960881656505,
2000,base5,19,142,1,,3075.057060898049,exchangeable_varying_sigma,0.18,fixed,0.18,0.18,fixed,0.18,1.0,constant,anchor_grid,500,0.3,-0.1529659457104227,0.06537589483191106,0.08973496898073272,0.04514825547842413,0.04563344421352056,0.06798606863513382,0.09508259340612461,0.04391548540737876,0.04651160899357832,0.5309062334687253,0.7042884570699214,0.1529659457104227,
2000,base5,19,142,1,,2882.202382791089,exchangeable_varying_sigma,0.18,fixed,0.18,0.18,fixed,0.18,1.0,constant,anchor_grid,500,0.9,-0.512878135147006,0.06630681080989853,0.0901475143276119,0.05253658849304335,0.053432898485588125,0.06475551394648688,0.09181856490445306,0.051153440926668806,0.05360060188716787,0.5662523908530537,0.7389550637043384,0.512878135147006,
2000,base1,20,143,1,,1404.950485950103,exchangeable_varying_sigma,0.18,fixed,0.18,0.18,fixed,0.18,1.0,sin,anchor_grid,500,0.6,-0.11469014517001114,0.0346528010707004,0.04618201813010075,0.014384399419299324,0.01727714885038916,0.031400245919445395,0.042187714606935295,0.010319078463423295,0.014168044215693381,0.22574446553847985,0.250017941760575,0.11469014517001114,
5000,base5,19,142,1,,3279.8996240620036,exchangeable_varying_sigma,0.18,fixed,0.18,0.18,fixed,0.18,1.0,constant,anchor_grid,500,0.0,0.021766952268448384,0.05618680746039763,0.08098922872607471,0.007485896048155749,0.008629628897957316,0.05954069558405593,0.0881111391157751,0.006781205237349042,0.008480024432205998,0.7245831422612009,0.9718293429734686,0.021766952268448384,
2000,base1,20,143,1,,1303.9947422491387,exchangeable_varying_sigma,0.18,fixed,0.18,0.18,fixed,0.18,1.0,sin,anchor_grid,500,0.9,-0.1847510476590205,0.03449133412908615,0.04614802585117668,0.014282847019760486,0.017554841977359126,0.02477005591104215,0.03321938536676479,0.01088710725474,0.014662948654444338,0.22276774240869468,0.24531991871049008,0.1847510476590205,
2000,base3,20,143,1,,1092.3110045769718,exchangeable_varying_sigma,0.18,fixed,0.18,0.18,fixed,0.18,1.0,mixed,anchor_grid,500,0.0,0.008564709720618562,0.050251824635316786,0.0646186213783285,0.011371090033912845,0.011902940123429252,0.05126175877351061,0.06596187170034576,0.008051309907332882,0.008455288323692616,0.1528226104380866,0.19045747057852785,0.008564709720618562,
2000,base3,20,143,1,,1163.4208283000626,exchangeable_varying_sigma,0.18,fixed,0.18,0.18,fixed,0.18,1.0,mixed,anchor_grid,500,0.3,-0.13246268616804133,0.05201710911357206,0.06686034673118514,0.013585126435044587,0.019080984494549702,0.05237713504166088,0.0675830102733934,0.013897912528367945,0.017534985759560275,0.16515700372676156,0.20266398215983084,0.13246268616804133,
2000,base1,20,143,1,,2824.7169475699775,exchangeable_varying_sigma,0.18,fixed,0.18,0.18,fixed,0.18,1.0,sin,anchor_grid,500,0.3,-0.04688971328095359,0.03475654689217182,0.04620131148704848,0.013923972924676078,0.01665084404578535,0.03418382425834554,0.04570590422428939,0.01086732948320683,0.014054494929309469,0.22819672286870876,0.25434808418918964,0.04688971328095359,
2000,base1,20,143,1,,3358.7680677499156,exchangeable_varying_sigma,0.18,fixed,0.18,0.18,fixed,0.18,1.0,sin,anchor_grid,500,0.0,0.01446281569017361,0.03427803932742214,0.045769938221079165,0.006437466308910095,0.007709745873095467,0.034301709378442374,0.045768790549383535,0.007710455974314023,0.009031384173712204,0.22436280418145635,0.25237072803148275,0.01446281569017361,
2000,base3,20,143,1,,1421.8929701189045,exchangeable_varying_sigma,0.18,fixed,0.18,0.18,fixed,0.18,1.0,mixed,anchor_grid,500,0.6,-0.2500394425244911,0.052285164180993125,0.06725115717338973,0.012983680376352433,0.019398896695559765,0.05074280585535616,0.06553782443670059,0.012623774027701831,0.01723423574075054,0.16255852328564485,0.1994004703226773,0.2500394425244911,
2000,base3,20,143,1,,1369.036254734965,exchangeable_varying_sigma,0.18,fixed,0.18,0.18,fixed,0.18,1.0,mixed,anchor_grid,500,0.9,-0.3656020557668016,0.052699536427138774,0.0677560482581274,0.012205758171560235,0.019382658022079804,0.047758767250310336,0.06148398013976313,0.01207578155149304,0.016903535719187887,0.1600903428568688,0.19631631889834228,0.3656020557668016,
5000,base2,19,142,1,,7668.546738304896,exchangeable_varying_sigma,0.18,fixed,0.18,0.18,fixed,0.18,1.0,sin2,anchor_grid,500,0.3,-0.016679874811076245,0.019509836198662117,0.024545886523936956,0.006335422606905644,0.008073540016800093,0.01927970898576431,0.02424398609190426,0.007578416841396457,0.008893633112386088,0.03402971870752938,0.04560982337990093,0.016679874811076245,
5000,base1,20,143,1,,3121.8929267739877,exchangeable_varying_sigma,0.18,fixed,0.18,0.18,fixed,0.18,1.0,sin,anchor_grid,500,0.9,-0.10470816052476883,0.021811063026063553,0.027798388982733947,0.00978539792537031,0.012746604173550181,0.01642403222739792,0.019716797968162336,0.008368353270432477,0.011292624230540884,0.058581586498466176,0.0768897519291847,0.10470816052476883,
5000,base5,19,142,1,,5349.789018071955,exchangeable_varying_sigma,0.18,fixed,0.18,0.18,fixed,0.18,1.0,constant,anchor_grid,500,0.9,-0.44148394306940636,0.055213517088632584,0.07989671710077036,0.010198995048179421,0.01258938206260517,0.05610964959669542,0.08513799425404417,0.01036251351334111,0.011812591224155082,0.720806941762195,0.9627585357677377,0.44148394306940636,
5000,base5,19,142,1,,6155.251301432028,exchangeable_varying_sigma,0.18,fixed,0.18,0.18,fixed,0.18,1.0,constant,anchor_grid,500,0.3,-0.12902952072357046,0.0556598381601074,0.08012616511659403,0.008886059839395971,0.011436489091559601,0.058874626482037846,0.08703561346314855,0.009182137887962127,0.011226122789038763,0.7132121577096731,0.9567229774873474,0.12902952072357046,
2000,base5,20,143,1,,1259.3736017469782,exchangeable_varying_sigma,0.18,fixed,0.18,0.18,fixed,0.18,1.0,constant,anchor_grid,500,0.3,-0.14110590236013387,0.06418657517565343,0.08774059675036507,0.032864103199113634,0.034582422099853884,0.06704833865610482,0.09375253579624544,0.025415955476111293,0.02789680916539532,0.497828362260547,0.7007312269404533,0.14110590236013387,
2000,base5,20,143,1,,1303.7922897259705,exchangeable_varying_sigma,0.18,fixed,0.18,0.18,fixed,0.18,1.0,constant,anchor_grid,500,0.6,-0.31002803346011537,0.06404833308281326,0.08760415879093802,0.03314701255169168,0.03453442192600525,0.06564289167761996,0.09256061951253307,0.025223958434184485,0.02734176649143518,0.49441190665954043,0.6972444159946071,0.31002803346011537,
5000,base5,19,142,1,,7565.66247514612,exchangeable_varying_sigma,0.18,fixed,0.18,0.18,fixed,0.18,1.0,constant,anchor_grid,500,0.6,-0.2844269055161108,0.05546693008183712,0.08002532799412847,0.009554165653443608,0.012114769069095262,0.05790699186945534,0.08629756602888022,0.009964538789271282,0.011772782414536779,0.7169852643110309,0.9597819420219766,0.2844269055161108,
2000,base5,20,143,1,,3113.0973022799008,exchangeable_varying_sigma,0.18,fixed,0.18,0.18,fixed,0.18,1.0,constant,anchor_grid,500,0.0,0.0011674496868305528,0.06423750794261017,0.0883177497409762,0.02207580756758047,0.027463685595077777,0.06738971191506525,0.0943213857010767,0.02279568516657804,0.027872111694157608,0.4989368600269437,0.6977073029914754,0.0011674496868305528,
5000,base3,20,143,1,,3375.74826150015,exchangeable_varying_sigma,0.18,fixed,0.18,0.18,fixed,0.18,1.0,mixed,anchor_grid,500,0.9,-0.2827979277903966,0.04218039616147881,0.051938728903400344,0.011471919648534668,0.013719924392269565,0.040166407041561596,0.050155588524757884,0.010695507339390814,0.01320094461913647,0.2256739105925305,0.263556994882233,0.2827979277903966,
5000,base3,20,143,1,,3548.3609236441553,exchangeable_varying_sigma,0.18,fixed,0.18,0.18,fixed,0.18,1.0,mixed,anchor_grid,500,0.6,-0.1901205390398386,0.042212194414116944,0.05194743987460917,0.010997430223775695,0.012984353694114336,0.042193603583307815,0.05214625851436966,0.010287660108599939,0.01246904508289108,0.22712529179008412,0.2663501749465529,0.1901205390398386,
5000,base1,20,143,1,,7444.48337586713,exchangeable_varying_sigma,0.18,fixed,0.18,0.18,fixed,0.18,1.0,sin,anchor_grid,500,0.0,0.021510676430728053,0.023000873309806026,0.0290491823963912,0.008601722227018188,0.009596340170971064,0.023008035622054255,0.029062149016297213,0.008449582411802714,0.009424275015667255,0.059937576677533494,0.07266955276954894,0.021510676430728053,
5000,base1,20,143,1,,7645.508692099946,exchangeable_varying_sigma,0.18,fixed,0.18,0.18,fixed,0.18,1.0,sin,anchor_grid,500,0.3,-0.039917592311181416,0.022055716590009364,0.027960971819226618,0.008625683135506323,0.010981694015105877,0.021683928626396867,0.027309187258439494,0.007052038259812127,0.00977898101694026,0.05288567344536875,0.06994203202945293,0.039917592311181416,
5000,base1,20,143,1,,7745.92879759497,exchangeable_varying_sigma,0.18,fixed,0.18,0.18,fixed,0.18,1.0,sin,anchor_grid,500,0.6,-0.07332672749188018,0.021918100595356486,0.02785084684306034,0.009282382593380128,0.011930760116878904,0.019984407548735112,0.024861627341706598,0.007693087983641711,0.010515031231793445,0.054210193101821645,0.07279128183660094,0.07332672749188018,
2000,base2,21,144,1,,1391.0559059369843,exchangeable_varying_sigma,0.18,fixed,0.18,0.18,fixed,0.18,1.0,sin2,anchor_grid,500,0.0,0.01762752769932972,0.02821047456109946,0.03621221444875275,0.0172276558381953,0.019952779104117427,0.028434129109469037,0.0365776880340114,0.016690585643344885,0.018318323917993103,0.15044534801624054,0.16066801663025881,0.01762752769932972,
2000,base5,20,143,1,,4034.6608461090364,exchangeable_varying_sigma,0.18,fixed,0.18,0.18,fixed,0.18,1.0,constant,anchor_grid,500,0.9,-0.4789617835375091,0.06389786789546807,0.08743186523082924,0.03288619829370866,0.03392934013907189,0.0630526053084644,0.09032378895142451,0.024358971454733813,0.0260940911336081,0.4897122207455276,0.6908599468942992,0.4789617835375091,
5000,base3,20,143,1,,7612.865082728909,exchangeable_varying_sigma,0.18,fixed,0.18,0.18,fixed,0.18,1.0,mixed,anchor_grid,500,0.0,0.015289314165651154,0.04293718054089957,0.05268627884703332,0.009110188017421028,0.009437924395477892,0.04400884461543426,0.05427629394325037,0.009199908038659249,0.009864059144003045,0.2291756625170784,0.26732265799782823,0.015289314165651154,
5000,base3,20,143,1,,7694.718276645988,exchangeable_varying_sigma,0.18,fixed,0.18,0.18,fixed,0.18,1.0,mixed,anchor_grid,500,0.3,-0.0960079878497849,0.04229290786413294,0.05200860760709324,0.010387172032941483,0.01214145158547574,0.04320173439501953,0.05330497862799559,0.009820921949283745,0.011749685313281358,0.22861198422195939,0.2687354251218342,0.0960079878497849,
5000,base5,20,143,1,,5175.040701793041,exchangeable_varying_sigma,0.18,fixed,0.18,0.18,fixed,0.18,1.0,constant,anchor_grid,500,0.0,0.021519643540971037,0.05490548649093839,0.07849370571993611,0.019021933177270828,0.020697772029193734,0.05840132751453895,0.08577082403741226,0.0161279915693662,0.017704180523132104,0.716489635961445,0.9867500253355871,0.021519643540971037,
2000,base2,21,144,1,,3500.4558539979625,exchangeable_varying_sigma,0.18,fixed,0.18,0.18,fixed,0.18,1.0,sin2,anchor_grid,500,0.3,-0.037903921985033284,0.02849139096611271,0.037173735098605686,0.017887807512546386,0.02076977111551135,0.02812287243655863,0.036617249296942066,0.01742672808499106,0.02117632878958148,0.14975909495223969,0.16061187189670606,0.037903921985033284,
2000,base2,21,144,1,,3693.957088270923,exchangeable_varying_sigma,0.18,fixed,0.18,0.18,fixed,0.18,1.0,sin2,anchor_grid,500,0.6,-0.10583869777575727,0.02834016420520458,0.03693979297743849,0.019637613940772985,0.022787586108186795,0.02563752188108903,0.033352405660504215,0.019273927789189876,0.023145231736985482,0.1448096521685934,0.1549325965911761,0.10583869777575727,
2000,base2,21,144,1,,3631.6608657408506,exchangeable_varying_sigma,0.18,fixed,0.18,0.18,fixed,0.18,1.0,sin2,anchor_grid,500,0.9,-0.1776265391370777,0.028233999978746302,0.036598144579411344,0.021209569725717123,0.024774211184656936,0.019829490177217447,0.02594269236779449,0.020740887883277603,0.024834664072480382,0.13949880192696862,0.14906034858517486,0.1776265391370777,
2000,base5,21,144,1,,3780.2069467871916,exchangeable_varying_sigma,0.18,fixed,0.18,0.18,fixed,0.18,1.0,constant,anchor_grid,500,0.0,0.0008326059900492839,0.062273410530776445,0.08474278000705887,0.01984678340394813,0.023192792927561743,0.06556051637513122,0.0905076239228353,0.02226453334403855,0.024625701827900776,0.4368766289960789,0.6061343149203866,0.0008326059900492839,
2000,base5,21,144,1,,3818.7829985830467,exchangeable_varying_sigma,0.18,fixed,0.18,0.18,fixed,0.18,1.0,constant,anchor_grid,500,0.9,-0.47646089988035495,0.061623632833723165,0.08366550697747749,0.025798184096542512,0.031165709560323007,0.060978697485991364,0.0860446976265628,0.021221462738515204,0.02772543933685925,0.455366338543585,0.6278714555500862,0.47646089988035495,
2000,base5,21,144,1,,4594.990932692075,exchangeable_varying_sigma,0.18,fixed,0.18,0.18,fixed,0.18,1.0,constant,anchor_grid,500,0.3,-0.15203671667835963,0.061531384252509126,0.08376056630851712,0.021952772469793685,0.02528994808802089,0.06440587769913926,0.089173908510978,0.01837103673280542,0.021352722604531124,0.44809508471738463,0.6211917794870311,0.15203671667835963,
5000,base5,20,143,1,,9070.433962437091,exchangeable_varying_sigma,0.18,fixed,0.18,0.18,fixed,0.18,1.0,constant,anchor_grid,500,0.6,-0.3118036616608122,0.05425812912146704,0.07828117248034704,0.006382114528539901,0.008262311371051328,0.05654648715366535,0.08453452360452829,0.00810096157702403,0.009872828584118172,0.6981121652823579,0.9556176265823212,0.3118036616608122,
5000,base5,20,143,1,,9558.26774152997,exchangeable_varying_sigma,0.18,fixed,0.18,0.18,fixed,0.18,1.0,constant,anchor_grid,500,0.3,-0.1605496277238443,0.05429669304267696,0.07833529316298728,0.00595241208102007,0.008149953403823948,0.0574255196543493,0.08521129218640987,0.00748798383652069,0.009034449616453378,0.7015579455752532,0.9621256749419426,0.1605496277238443,
2000,base5,21,144,1,,5327.480735701043,exchangeable_varying_sigma,0.18,fixed,0.18,0.18,fixed,0.18,1.0,constant,anchor_grid,500,0.6,-0.3143743591185368,0.0615755207046519,0.08370211176030902,0.02399661624072834,0.028207058459539247,0.06328568094601983,0.08804568417048204,0.020066331984659347,0.024398201511753734,0.4516458669357604,0.6241483264568182,0.3143743591185368,
5000,base5,20,143,1,,9396.785671275109,exchangeable_varying_sigma,0.18,fixed,0.18,0.18,fixed,0.18,1.0,constant,anchor_grid,500,0.9,-0.46140900389099204,0.054295074958376245,0.07823303569738625,0.006721641700557751,0.008402789300551836,0.05500634705459407,0.08345203335377703,0.008737486344147838,0.010749332882465889,0.6929510634827011,0.947176046240136,0.46140900389099204,
5000,base2,21,144,1,,7665.7892606460955,exchangeable_varying_sigma,0.18,fixed,0.18,0.18,fixed,0.18,1.0,sin2,anchor_grid,500,0.6,-0.06233867361062184,0.019071110775932633,0.024211982328605934,0.008015642110790422,0.009579178556631736,0.017546515981815208,0.022518226835699935,0.006605154114102729,0.009139216979172131,0.04763401926903728,0.06189793097503349,0.06233867361062184,
5000,base2,21,144,1,,9670.680540642003,exchangeable_varying_sigma,0.18,fixed,0.18,0.18,fixed,0.18,1.0,sin2,anchor_grid,500,0.0,0.01831502620032308,0.0199323478495007,0.025564083767902136,0.008345940787823108,0.01199302253157187,0.020108349214940095,0.025820345206644658,0.00881992054583046,0.012559191193493819,0.05570257481925289,0.07024399976051399,0.01831502620032308,
5000,base2,21,144,1,,9926.043734041043,exchangeable_varying_sigma,0.18,fixed,0.18,0.18,fixed,0.18,1.0,sin2,anchor_grid,500,0.3,-0.02492062169593101,0.019095913866094244,0.024312330328143342,0.007078899688738954,0.008602984725024241,0.01890673772556813,0.024227125217659854,0.005925021889686244,0.008228381114971562,0.048546158434145635,0.06276085890044715,0.02492062169593101,
5000,base1,22,145,1,,2931.100078776013,exchangeable_varying_sigma,0.18,fixed,0.18,0.18,fixed,0.18,1.0,sin,anchor_grid,500,0.0,-0.01951007966155749,0.02278632528746463,0.029049346260538785,0.009630301987223505,0.010963608683343817,0.02273003351551301,0.02899375642300603,0.00961812671759485,0.011568080573050329,0.06117938148662372,0.08201687468670378,0.01951007966155749,
2000,base1,22,145,1,,3303.1780439431313,exchangeable_varying_sigma,0.18,fixed,0.18,0.18,fixed,0.18,1.0,sin,anchor_grid,500,0.6,-0.15810403275017604,0.03523978458553019,0.045912326658434116,0.010588757608719038,0.015581614799677677,0.03173461465453227,0.04133612959502974,0.009178916416340596,0.013889963255349198,0.22674848376653187,0.2392578154265769,0.15810403275017604,
2000,base1,22,145,1,,3918.3583717490546,exchangeable_varying_sigma,0.18,fixed,0.18,0.18,fixed,0.18,1.0,sin,anchor_grid,500,0.3,-0.09929623288761655,0.03556955224325933,0.04618655838008931,0.009100554098036062,0.013370083998015649,0.03486577170685625,0.04531071368559876,0.007669115623305273,0.011770757746852479,0.22063307934882903,0.23301334851571,0.09929623288761655,
5000,base2,21,144,1,,9372.189048184082,exchangeable_varying_sigma,0.18,fixed,0.18,0.18,fixed,0.18,1.0,sin2,anchor_grid,500,0.9,-0.1005105365952309,0.019012704228143565,0.02413484536681885,0.00887420899092628,0.01049239570375487,0.01437246114984031,0.018711448755573984,0.00742638470442139,0.010277085074523587,0.04703014088268662,0.061473412873073646,0.1005105365952309,
2000,base1,22,145,1,,4136.265365403844,exchangeable_varying_sigma,0.18,fixed,0.18,0.18,fixed,0.18,1.0,sin,anchor_grid,500,0.0,0.02103908827178043,0.03377337567490359,0.04450984125993723,0.009085377090852415,0.011487177193874305,0.03385080730284966,0.04468751136186873,0.008649472524547314,0.010726141568955584,0.19831470479505844,0.21795179076748447,0.02103908827178043,
2000,base1,22,145,1,,3863.057124404935,exchangeable_varying_sigma,0.18,fixed,0.18,0.18,fixed,0.18,1.0,sin,anchor_grid,500,0.9,-0.21340058078706048,0.034763138502193314,0.04556403786670814,0.012875200566770661,0.018001794185284352,0.02477650062594478,0.0322078133106003,0.012235867739452733,0.0163814497576585,0.23174475305507147,0.2449216177362681,0.21340058078706048,
2000,base3,22,145,1,,1379.3601516529452,exchangeable_varying_sigma,0.18,fixed,0.18,0.18,fixed,0.18,1.0,mixed,anchor_grid,500,0.0,-0.007060186248507124,0.05188958992402429,0.06517176395425038,0.012670730470531272,0.01583177284347208,0.05318322999971419,0.0668144198386848,0.01608250130622252,0.01893252011777763,0.16619070644806408,0.20584182763388822,0.007060186248507124,
5000,base5,21,144,1,,10714.425786233973,exchangeable_varying_sigma,0.18,fixed,0.18,0.18,fixed,0.18,1.0,constant,anchor_grid,500,0.0,0.026052814020922677,0.05597777399754104,0.07947891343924464,0.014942994152766106,0.01697932672389941,0.059646698062805203,0.08654099649977645,0.012982059013855157,0.016629201041723968,0.6757805515916551,0.9206100428528009,0.026052814020922677,
5000,base3,22,145,1,,2029.5154022288043,exchangeable_varying_sigma,0.18,fixed,0.18,0.18,fixed,0.18,1.0,mixed,anchor_grid,500,0.3,-0.11441022904766177,0.04337173922983069,0.053502461216572615,0.010485618117817841,0.011211155456564518,0.04400016997961452,0.05452877253836999,0.011576138049761278,0.012249722938633306,0.21248766819299525,0.24373224971867383,0.11441022904766177,
2000,base3,22,145,1,,3941.6740646169055,exchangeable_varying_sigma,0.18,fixed,0.18,0.18,fixed,0.18,1.0,mixed,anchor_grid,500,0.9,-0.37266568763389085,0.0498842147867443,0.0629069242063587,0.011729478434387958,0.014007133946402128,0.046259806415856024,0.05806649256736681,0.012702319137253726,0.014907145023685195,0.1617226623092269,0.20099909834417204,0.37266568763389085,
2000,base3,22,145,1,,4123.622102301102,exchangeable_varying_sigma,0.18,fixed,0.18,0.18,fixed,0.18,1.0,mixed,anchor_grid,500,0.6,-0.2682036169646197,0.05006658066389067,0.06312498387754395,0.009068938874053023,0.011329030588611044,0.049524402398956474,0.06229119725248276,0.01054856616889216,0.012257249775002947,0.15765290256448714,0.19495277188419363,0.2682036169646197,
2000,base3,22,145,1,,4505.797418133821,exchangeable_varying_sigma,0.18,fixed,0.18,0.18,fixed,0.18,1.0,mixed,anchor_grid,500,0.3,-0.1578228511203188,0.050271357630967316,0.06338572492434265,0.007258547224292283,0.009090322360765924,0.05124538496133054,0.06458736689592827,0.008616554954183675,0.010043985404396686,0.1549076812633439,0.19079854353602635,0.1578228511203188,
5000,base5,21,144,1,,9860.434387803078,exchangeable_varying_sigma,0.18,fixed,0.18,0.18,fixed,0.18,1.0,constant,anchor_grid,500,0.3,-0.1262806905703672,0.05545024023479817,0.07829768531618832,0.008616124487493562,0.0098277353205901,0.05878116838580052,0.08532994390317392,0.006226919715544593,0.009152670738798637,0.6754429372144162,0.9125145009270821,0.1262806905703672,
5000,base5,21,144,1,,9458.158359536901,exchangeable_varying_sigma,0.18,fixed,0.18,0.18,fixed,0.18,1.0,constant,anchor_grid,500,0.6,-0.2809197101198657,0.05541311151542573,0.07817856548376778,0.008879143779583404,0.01039557197261312,0.05802186135565889,0.08488995250567873,0.00668442846827616,0.010170102963308725,0.6749876860715509,0.9119147222765763,0.2809197101198657,
5000,base3,22,145,1,,2240.643124277005,exchangeable_varying_sigma,0.18,fixed,0.18,0.18,fixed,0.18,1.0,mixed,anchor_grid,500,0.9,-0.2957245123889354,0.04344996852291788,0.05356792702946435,0.011441997021324798,0.01339249079635659,0.04077713283767055,0.051117137590664524,0.013218888138144744,0.014770602312634905,0.20811903908323034,0.23674987033403233,0.2957245123889354,
5000,base1,22,145,1,,7345.888555537909,exchangeable_varying_sigma,0.18,fixed,0.18,0.18,fixed,0.18,1.0,sin,anchor_grid,500,0.9,-0.10190815756231986,0.022744693388333053,0.028624455581470896,0.012331571525392493,0.012854927000533445,0.016269044711283844,0.019969444859421703,0.012454048992494485,0.014444436086960314,0.07320517833798942,0.09301134650922095,0.10190815756231986,
5000,base1,22,145,1,,9339.181061619893,exchangeable_varying_sigma,0.18,fixed,0.18,0.18,fixed,0.18,1.0,sin,anchor_grid,500,0.3,-0.04414740425832547,0.022478290144740162,0.028573013673094397,0.00948624834395502,0.010440946410051666,0.021870739346105606,0.027926076757431712,0.009666713808444707,0.011872684780621121,0.06287648074395973,0.082694716944569,0.04414740425832547,
2000,base5,22,145,1,,3626.6977696649265,exchangeable_varying_sigma,0.18,fixed,0.18,0.18,fixed,0.18,1.0,constant,anchor_grid,500,0.0,0.006497288829658048,0.06365027699655959,0.08665992119417205,0.011305274319129671,0.014419922494390504,0.06733193896649842,0.09356673356708615,0.012776885660635715,0.015543685990708165,0.5279655302431087,0.7605792452316529,0.006497288829658048,
2000,base5,22,145,1,,3240.086064585019,exchangeable_varying_sigma,0.18,fixed,0.18,0.18,fixed,0.18,1.0,constant,anchor_grid,500,0.9,-0.5037599952840152,0.06331740608281476,0.08683399773555577,0.01854178865502769,0.023873174008801474,0.06301208248402598,0.09023174272583014,0.01314329282281905,0.017791986640828875,0.4818231275194747,0.7086096015433843,0.5037599952840152,
5000,base5,22,145,1,,3001.1156983189285,exchangeable_varying_sigma,0.18,fixed,0.18,0.18,fixed,0.18,1.0,constant,anchor_grid,500,0.0,-0.031148849835571507,0.05584525209857687,0.07957125405184844,0.010529536512181054,0.015866359118832933,0.05902617016970506,0.08648335682880658,0.013915156168529869,0.01801014640690927,0.658236312449267,0.8986751838268277,0.031148849835571507,
2000,base5,22,145,1,,3912.6193027249537,exchangeable_varying_sigma,0.18,fixed,0.18,0.18,fixed,0.18,1.0,constant,anchor_grid,500,0.3,-0.16897397703742761,0.06420103246926913,0.08764808959791888,0.018262352821722005,0.020831284394739247,0.06757062999905906,0.09408957555956292,0.012647187595385953,0.014757710931748047,0.4930621259940691,0.722867000497734,0.16897397703742761,
5000,base5,21,144,1,,12344.007291167974,exchangeable_varying_sigma,0.18,fixed,0.18,0.18,fixed,0.18,1.0,constant,anchor_grid,500,0.9,-0.43685553203254096,0.05532006455700137,0.07803799458732176,0.008900017247411407,0.01090624966117104,0.05649380929861934,0.08397621857267014,0.007978238461361031,0.011346123926300043,0.6751890957833054,0.9117356361256421,0.43685553203254096,
2000,base5,22,145,1,,3811.819817534182,exchangeable_varying_sigma,0.18,fixed,0.18,0.18,fixed,0.18,1.0,constant,anchor_grid,500,0.6,-0.3369254299255294,0.06379057704585424,0.08730004288183303,0.018522739663426838,0.02225441868557756,0.06597715394082455,0.09271434680389333,0.012973288561759222,0.01605785929457655,0.48739501800466717,0.7161915703422458,0.3369254299255294,
2000,base2,23,146,1,,635.8347651041113,exchangeable_varying_sigma,0.18,fixed,0.18,0.18,fixed,0.18,1.0,sin2,anchor_grid,500,0.6,-0.14916855314937577,0.029125674833930068,0.03768625741720703,0.019810305944169743,0.02510073298451835,0.025708429998436266,0.03339525617561369,0.01868816178720671,0.023126781500347304,0.16759097199205852,0.1751791012005193,0.14916855314937577,
5000,base1,22,145,1,,11144.202418115921,exchangeable_varying_sigma,0.18,fixed,0.18,0.18,fixed,0.18,1.0,sin,anchor_grid,500,0.6,-0.07412278350209234,0.022572068274134077,0.02858756150068518,0.010902209111734104,0.011655861818202561,0.020050687409282626,0.025457695704218755,0.010767063974415694,0.013096951574825644,0.06788898169368826,0.08761535878137966,0.07412278350209234,
2000,base2,23,146,1,,2496.3673197659664,exchangeable_varying_sigma,0.18,fixed,0.18,0.18,fixed,0.18,1.0,sin2,anchor_grid,500,0.3,-0.07785628865862745,0.0287215923100104,0.03730708284114669,0.018561247180080787,0.023104769370824667,0.027947766817266104,0.03635693023003829,0.017381131998855104,0.021137362560805614,0.16775530899291638,0.17478202164136564,0.07785628865862745,
5000,base3,22,145,1,,10066.66318668006,exchangeable_varying_sigma,0.18,fixed,0.18,0.18,fixed,0.18,1.0,mixed,anchor_grid,500,0.0,-0.002860581772338613,0.04255492213796358,0.05222651762214218,0.011119821226606458,0.013359866098043861,0.043483559127535855,0.05357628516426818,0.012290259338584186,0.013625632693258921,0.21301128207345502,0.2474824016561114,0.002860581772338613,
5000,base2,23,146,1,,2179.3381535429507,exchangeable_varying_sigma,0.18,fixed,0.18,0.18,fixed,0.18,1.0,sin2,anchor_grid,500,0.6,-0.07581504244414661,0.019835471925229373,0.025175201104302405,0.009553043584313983,0.012780604352234033,0.017888317955806955,0.022631742994076783,0.011036473755668921,0.013871364349465556,0.05627122166665859,0.06490206685696286,0.07581504244414661,
2000,base2,23,146,1,,3877.1466541590635,exchangeable_varying_sigma,0.18,fixed,0.18,0.18,fixed,0.18,1.0,sin2,anchor_grid,500,0.0,0.026355107682576945,0.028952813729512698,0.03772643994946724,0.018498159049090135,0.02280300081290824,0.029184657995288136,0.03806103062668305,0.01967244251315639,0.02517038006381922,0.17342284897354523,0.1808043119964556,0.026355107682576945,
2000,base2,23,146,1,,3634.1401006430387,exchangeable_varying_sigma,0.18,fixed,0.18,0.18,fixed,0.18,1.0,sin2,anchor_grid,500,0.9,-0.2167183991054672,0.02973010360748718,0.03832731434331376,0.02049553386599462,0.02668467069509462,0.020739251169758326,0.026924059863198,0.01890230506541271,0.024520671911260852,0.16929079436512798,0.17793146476186655,0.2167183991054672,
2000,base5,23,146,1,,993.6811923920177,exchangeable_varying_sigma,0.18,fixed,0.18,0.18,fixed,0.18,1.0,constant,anchor_grid,500,0.6,-0.3434478408069374,0.06515293852234401,0.08691284952013587,0.0311732734107026,0.0373859569258991,0.06672894579596439,0.09125613580217722,0.026560075617302253,0.0324316211858676,0.5058187846224308,0.7252625152335095,0.3434478408069374,
2000,base5,23,146,1,,1721.2899645469151,exchangeable_varying_sigma,0.18,fixed,0.18,0.18,fixed,0.18,1.0,constant,anchor_grid,500,0.0,0.03433589469663275,0.06471962296590067,0.08701479200836416,0.02040455962374066,0.023118748592372076,0.06819502506594396,0.0930473536544065,0.02110726916219488,0.024294998749177052,0.4757959204615223,0.6691623181184866,0.03433589469663275,
5000,base3,22,145,1,,9517.270125505049,exchangeable_varying_sigma,0.18,fixed,0.18,0.18,fixed,0.18,1.0,mixed,anchor_grid,500,0.6,-0.2060043327040607,0.04339291793055419,0.05353968423014286,0.011081721709647219,0.01232078505532602,0.04296298554249316,0.05337974377714647,0.012535964991378087,0.013507863905494046,0.21025769628873986,0.24020161010873628,0.2060043327040607,
5000,base5,23,146,1,,2184.3176124920137,exchangeable_varying_sigma,0.18,fixed,0.18,0.18,fixed,0.18,1.0,constant,anchor_grid,500,0.6,-0.2949228447082147,0.05560704082118905,0.07777915093490098,0.014539056573082076,0.018756568223561115,0.058085561317035586,0.08385388055571236,0.01573792659014922,0.019311135503685416,0.6709959989671581,0.8899067507651064,0.2949228447082147,
5000,base5,23,146,1,,2428.677322122967,exchangeable_varying_sigma,0.18,fixed,0.18,0.18,fixed,0.18,1.0,constant,anchor_grid,500,0.3,-0.13806290405035637,0.055549416956107996,0.07772608019459681,0.013352212562922502,0.01715010067073594,0.058831849244765165,0.08427942990302638,0.014524157028881601,0.01789761887079462,0.6705710062491064,0.8883473608208231,0.13806290405035637,
2000,base5,23,146,1,,4032.0705133560114,exchangeable_varying_sigma,0.18,fixed,0.18,0.18,fixed,0.18,1.0,constant,anchor_grid,500,0.3,-0.16782002224913672,0.06473193048096332,0.08647585970581291,0.03021044619447888,0.03503212823911794,0.06768051111596322,0.09214660167937022,0.025860527719701418,0.030548075982005662,0.5087967531736016,0.7291414098387614,0.16782002224913672,
2000,base1,24,147,1,,793.8330779960379,exchangeable_varying_sigma,0.18,fixed,0.18,0.18,fixed,0.18,1.0,sin,anchor_grid,500,0.3,-0.06438230242648374,0.035256128070880896,0.04562210716565479,0.016155118552339004,0.019002372613572484,0.034346102684881384,0.0444700498471349,0.017692264598209995,0.020922910581074896,0.23811010611115638,0.26134211247279887,0.06438230242648374,
2000,base1,24,147,1,,1381.4574946509674,exchangeable_varying_sigma,0.18,fixed,0.18,0.18,fixed,0.18,1.0,sin,anchor_grid,500,0.0,0.002620677388931232,0.03507563296367397,0.046179011088776416,0.012403546037199842,0.015381508850908549,0.035115037276420735,0.04630408333251872,0.011921868028933816,0.014516079729521717,0.24671219833190364,0.26949026273483917,0.002620677388931232,
2000,base5,23,146,1,,4016.380919815041,exchangeable_varying_sigma,0.18,fixed,0.18,0.18,fixed,0.18,1.0,constant,anchor_grid,500,0.9,-0.5155510828291193,0.0658177945039336,0.08761569543208063,0.03160967730847131,0.039433991697191834,0.06508542934878506,0.08978404594782517,0.026335462652509495,0.03378457118137796,0.5001157067144557,0.7178185088385646,0.5155510828291193,
5000,base5,22,145,1,,8992.556864883052,exchangeable_varying_sigma,0.18,fixed,0.18,0.18,fixed,0.18,1.0,constant,anchor_grid,500,0.9,-0.4452067063524416,0.05414917525397802,0.07751209346248578,0.01753206735801563,0.019139321418535984,0.054952627864869694,0.08337630433708577,0.017976159007947745,0.0229662867370033,0.6799569649276327,0.9306419881800528,0.4452067063524416,
5000,base5,22,145,1,,9644.368285065051,exchangeable_varying_sigma,0.18,fixed,0.18,0.18,fixed,0.18,1.0,constant,anchor_grid,500,0.6,-0.2922599928118796,0.05428648811890548,0.07776617575449293,0.016745951895905012,0.018276996667826832,0.05660152786795462,0.08445340971857379,0.016560794427779024,0.021331574828646636,0.6769011187230328,0.9256398040415963,0.2922599928118796,
5000,base5,22,145,1,,11416.511158444919,exchangeable_varying_sigma,0.18,fixed,0.18,0.18,fixed,0.18,1.0,constant,anchor_grid,500,0.3,-0.1413394861316015,0.054411292722107,0.07797582791202484,0.015931262951535102,0.017395691927259278,0.057507784204439,0.08506399613472086,0.015286576688462727,0.01966563794308132,0.6755930576126163,0.9227871857132056,0.1413394861316015,
5000,base1,24,147,1,,2155.94731520582,exchangeable_varying_sigma,0.18,fixed,0.18,0.18,fixed,0.18,1.0,sin,anchor_grid,500,0.0,-0.011459335474491336,0.023217531780676235,0.029092116365350827,0.011342206697589036,0.013503386799256256,0.023235856835602392,0.029147506550004008,0.010542426550995077,0.012741336822505464,0.06841804116458668,0.09200699059335722,0.011459335474491336,
5000,base2,23,146,1,,9689.110683692154,exchangeable_varying_sigma,0.18,fixed,0.18,0.18,fixed,0.18,1.0,sin2,anchor_grid,500,0.3,-0.03849152253128496,0.019814319222126613,0.025156951150296918,0.008612989377885252,0.011487987668863268,0.01945298556072989,0.024633801985452054,0.010157997934978485,0.012788488037892816,0.056407262326698175,0.06543688309765183,0.03849152253128496,
2000,base3,24,147,1,,293.8525605760515,exchangeable_varying_sigma,0.18,fixed,0.18,0.18,fixed,0.18,1.0,mixed,anchor_grid,500,0.3,-0.13215470315016795,0.052446576059922694,0.06606441699159295,0.009255729388809614,0.0114480407928591,0.05320015853767446,0.06705217817256098,0.009250197489441087,0.012795530847332532,0.14683249660236022,0.1808672855770995,0.13215470315016795,
5000,base2,23,146,1,,9883.023560750065,exchangeable_varying_sigma,0.18,fixed,0.18,0.18,fixed,0.18,1.0,sin2,anchor_grid,500,0.0,-0.007526472661239415,0.019714989020129435,0.024729713554018536,0.005471318142190096,0.008094949283582965,0.019836649964752255,0.024899697938167823,0.005345944596570534,0.008676734455502459,0.05364167473884779,0.06247027689164963,0.007526472661239415,
2000,base1,24,147,1,,3202.863312108908,exchangeable_varying_sigma,0.18,fixed,0.18,0.18,fixed,0.18,1.0,sin,anchor_grid,500,0.9,-0.20743801646084625,0.03580842783587562,0.04647768166759497,0.020292986088634196,0.02305256931242372,0.02482158991783573,0.03185477874478627,0.022310440663860343,0.024460005824817836,0.23423788883787197,0.25365324965887287,0.20743801646084625,
2000,base3,24,147,1,,450.80398466903716,exchangeable_varying_sigma,0.18,fixed,0.18,0.18,fixed,0.18,1.0,mixed,anchor_grid,500,0.9,-0.38264850588933674,0.05312348662048699,0.06684367103970174,0.012620562575556854,0.014661212890027904,0.048646243224106184,0.06105541739940431,0.012713687645881183,0.015712526241686793,0.14850157048358173,0.18103954828397043,0.38264850588933674,
2000,base1,24,147,1,,4044.4049496969674,exchangeable_varying_sigma,0.18,fixed,0.18,0.18,fixed,0.18,1.0,sin,anchor_grid,500,0.6,-0.13521871897076237,0.03552363762030552,0.04599425239276939,0.01825184775264707,0.021089179810585827,0.031483120728558654,0.04065046393021041,0.020003380733591092,0.022738810993008538,0.2363613202327957,0.25755219578199123,0.13521871897076237,
5000,base3,24,147,1,,1220.2974586219061,exchangeable_varying_sigma,0.18,fixed,0.18,0.18,fixed,0.18,1.0,mixed,anchor_grid,500,0.6,-0.18812780412448038,0.04139811492584718,0.051075996736531695,0.010132575918459105,0.014172344493759379,0.0412881749547551,0.0513348888828227,0.008546451285298504,0.01207320123810709,0.2401418397605712,0.2749689602866181,0.18812780412448038,
5000,base2,23,146,1,,10048.794056490995,exchangeable_varying_sigma,0.18,fixed,0.18,0.18,fixed,0.18,1.0,sin2,anchor_grid,500,0.9,-0.11367169133148525,0.019893237587178644,0.02518221070309575,0.010407368134375206,0.013964217184079851,0.014443574831114782,0.018588781096668044,0.011617286989340142,0.014784960826968063,0.05574667979814634,0.06452959145548107,0.11367169133148525,
2000,base5,24,147,1,,852.9179460729938,exchangeable_varying_sigma,0.18,fixed,0.18,0.18,fixed,0.18,1.0,constant,anchor_grid,500,0.0,0.021039901755555444,0.06447678175834029,0.08709906484953074,0.01587653525351021,0.020082399678036406,0.06784395269837991,0.09285537429445614,0.01435571157502967,0.01873950956169972,0.47262124536174505,0.6580949745660538,0.021039901755555444,
2000,base5,24,147,1,,420.9913911810145,exchangeable_varying_sigma,0.18,fixed,0.18,0.18,fixed,0.18,1.0,constant,anchor_grid,500,0.6,-0.3609280635374838,0.06439469857706233,0.08693763776401847,0.03337519702634126,0.03735696856194599,0.06562073642825943,0.09055351448680023,0.029099431833262163,0.03230753539447863,0.4219008704567425,0.5780316785398978,0.3609280635374838,
2000,base5,24,147,1,,432.9565364839509,exchangeable_varying_sigma,0.18,fixed,0.18,0.18,fixed,0.18,1.0,constant,anchor_grid,500,0.9,-0.5250526731773008,0.0648997126539271,0.0875167973142196,0.035414268207782235,0.03950828031692885,0.06366756464685708,0.08899719471552056,0.03048872683145709,0.03430444982614633,0.4191103184762535,0.5740235253764744,0.5250526731773008,
5000,base5,23,146,1,,9812.722148037981,exchangeable_varying_sigma,0.18,fixed,0.18,0.18,fixed,0.18,1.0,constant,anchor_grid,500,0.0,0.02016015318102302,0.05595267988050622,0.07774929763776331,0.0057920982057118875,0.008022722824429873,0.059497939692420315,0.08447288706840203,0.0051988391084602514,0.007946796414450716,0.6954515482300755,0.9246195237563504,0.02016015318102302,
2000,base3,24,147,1,,4662.664629021892,exchangeable_varying_sigma,0.18,fixed,0.18,0.18,fixed,0.18,1.0,mixed,anchor_grid,500,0.0,-0.008992818143025752,0.052578459470069665,0.0666146357303291,0.015501133373925224,0.02063363143782583,0.053881297201335075,0.06824142419512731,0.01463952365408365,0.019238780750632966,0.13844269610209348,0.17591046004960326,0.008992818143025752,
5000,base5,23,146,1,,10312.100051583024,exchangeable_varying_sigma,0.18,fixed,0.18,0.18,fixed,0.18,1.0,constant,anchor_grid,500,0.9,-0.4535338763662433,0.0557008938603683,0.07784545621503278,0.01560158137860708,0.02021950368809147,0.0567356371460808,0.08307056906585099,0.016579151726880584,0.020422045119423544,0.67303045157009,0.8939406934276032,0.4535338763662433,
2000,base3,24,147,1,,4774.880869136192,exchangeable_varying_sigma,0.18,fixed,0.18,0.18,fixed,0.18,1.0,mixed,anchor_grid,500,0.6,-0.25697668357077996,0.05269485129723138,0.0663970889354695,0.011044985390685158,0.013115376737450642,0.051731565287351594,0.06504853673362061,0.010525803984046206,0.01422615462770897,0.1469248308759927,0.18004746986061568,0.25697668357077996,
5000,base5,24,147,1,,1503.3882643131074,exchangeable_varying_sigma,0.18,fixed,0.18,0.18,fixed,0.18,1.0,constant,anchor_grid,500,0.0,-0.005441428359560682,0.05617247829074071,0.07923879654481365,0.01918945500407926,0.02356566450231825,0.059831853698311684,0.08669922957890908,0.018378132935576386,0.02134375453502759,0.7217016861956019,0.9896721358447672,0.005441428359560682,
2000,base2,25,148,1,,394.3556051729247,exchangeable_varying_sigma,0.18,fixed,0.18,0.18,fixed,0.18,1.0,sin2,anchor_grid,500,0.3,-0.05402380597905995,0.02889196611091999,0.03719913809682016,0.01385461600292115,0.016728757898796475,0.028311760989252744,0.03658084775623314,0.01695858829946295,0.020450177767614815,0.17131378508907613,0.17893867925036128,0.05402380597905995,
2000,base2,25,148,1,,830.3900370351039,exchangeable_varying_sigma,0.18,fixed,0.18,0.18,fixed,0.18,1.0,sin2,anchor_grid,500,0.6,-0.12132424113359913,0.028825191585804034,0.03728202762262482,0.014730648212785413,0.017779363437778483,0.025818342015582852,0.03349890347221072,0.018828213881851047,0.022805599924605634,0.17048787610156962,0.1781052188394217,0.12132424113359913,
2000,base2,25,148,1,,269.87763470504433,exchangeable_varying_sigma,0.18,fixed,0.18,0.18,fixed,0.18,1.0,sin2,anchor_grid,500,0.9,-0.1890814655933688,0.028830624303813945,0.037487691442795554,0.01524161631312651,0.01849084694036064,0.020201164130031892,0.026568500857993824,0.020086970891385364,0.025068546562579182,0.16976980092904795,0.17743692889010312,0.1890814655933688,
2000,base5,24,147,1,,4579.745027968893,exchangeable_varying_sigma,0.18,fixed,0.18,0.18,fixed,0.18,1.0,constant,anchor_grid,500,0.3,-0.19414737514001557,0.0640166482187208,0.08651493243191026,0.031231804243373934,0.0350574774028093,0.06659545066441543,0.09142651050529829,0.027267409731880243,0.02996460314103881,0.4254653030962496,0.5822114889679585,0.19414737514001557,
5000,base2,25,148,1,,986.8365572500043,exchangeable_varying_sigma,0.18,fixed,0.18,0.18,fixed,0.18,1.0,sin2,anchor_grid,500,0.0,-0.016564636747557704,0.019058223758057685,0.024422358646468634,0.00920257375915387,0.010528100249113345,0.019236749955090594,0.02467454176568511,0.008162180440011046,0.009902178716238172,0.03239992290898738,0.0389602858179569,0.016564636747557704,
5000,base1,24,147,1,,10627.227025061846,exchangeable_varying_sigma,0.18,fixed,0.18,0.18,fixed,0.18,1.0,sin,anchor_grid,500,0.3,-0.022907513189703743,0.021049570028235685,0.02674802609760337,0.011085449718027648,0.013947654928651188,0.02068574868074225,0.02616071165330812,0.009066941266167583,0.011806837243025267,0.06473523348441235,0.08735028764018314,0.022907513189703743,
5000,base1,24,147,1,,10415.839691689005,exchangeable_varying_sigma,0.18,fixed,0.18,0.18,fixed,0.18,1.0,sin,anchor_grid,500,0.6,-0.057392366545934936,0.02093521345637637,0.02663972951947446,0.01224580110675684,0.015417387121146955,0.01896450399377586,0.02384606780963298,0.009657444572719762,0.012644065816528391,0.0652024019222843,0.08985219732223322,0.057392366545934936,
2000,base2,25,148,1,,4634.675025836099,exchangeable_varying_sigma,0.18,fixed,0.18,0.18,fixed,0.18,1.0,sin2,anchor_grid,500,0.0,0.016710164452366533,0.02857156354315453,0.03686867894083127,0.010413793574604674,0.012261977640524587,0.028752114105967255,0.03720956685696122,0.00987234255478478,0.011711216127843371,0.17223224196410583,0.1826550882420184,0.016710164452366533,
5000,base1,24,147,1,,10838.243551286869,exchangeable_varying_sigma,0.18,fixed,0.18,0.18,fixed,0.18,1.0,sin,anchor_grid,500,0.9,-0.09167218386804821,0.020869929554775114,0.026602581044488767,0.01330789223703599,0.0168065346866081,0.015589865445764989,0.019073416765020976,0.010119389128926959,0.013266182027489923,0.06741615874453753,0.09372228346115818,0.09167218386804821,
5000,base3,24,147,1,,10391.731267967029,exchangeable_varying_sigma,0.18,fixed,0.18,0.18,fixed,0.18,1.0,mixed,anchor_grid,500,0.0,-0.012848413503736543,0.04295518361483725,0.05277735390569029,0.011218525288495429,0.014030704517593414,0.044243338832968514,0.05455487089121638,0.010694730200944774,0.01362117546721921,0.23392958171144668,0.26813669974243626,0.012848413503736543,
5000,base3,24,147,1,,10396.891536240932,exchangeable_varying_sigma,0.18,fixed,0.18,0.18,fixed,0.18,1.0,mixed,anchor_grid,500,0.3,-0.09389960787730289,0.04125205165860067,0.051001314365269,0.008994755560045378,0.012754209818548438,0.042130909638427035,0.05231712786684766,0.007636866239982401,0.010969473242770967,0.23827578726644516,0.273194489311782,0.09389960787730289,
2000,base5,25,148,1,,865.7316653840244,exchangeable_varying_sigma,0.18,fixed,0.18,0.18,fixed,0.18,1.0,constant,anchor_grid,500,0.9,-0.4782030439751637,0.06299630860260755,0.08573429098034689,0.03189439248343037,0.03393485836985224,0.06280170183870949,0.08907669468213886,0.033497622540851146,0.036694924076199176,0.42933167234230996,0.6156237445553174,0.4782030439751637,
5000,base3,24,147,1,,10802.951579466928,exchangeable_varying_sigma,0.18,fixed,0.18,0.18,fixed,0.18,1.0,mixed,anchor_grid,500,0.9,-0.28117024329121654,0.04162920313248037,0.05125621984663566,0.011210513776347589,0.015511025008108362,0.03967607208108362,0.049661673010154915,0.009187092065515767,0.012986772991999724,0.24146242610844784,0.27616123131529147,0.28117024329121654,
5000,base5,24,147,1,,9351.827268933877,exchangeable_varying_sigma,0.18,fixed,0.18,0.18,fixed,0.18,1.0,constant,anchor_grid,500,0.3,-0.16682256204832036,0.054828985633733465,0.07946167313414339,0.009837552217842493,0.011524848955671341,0.05817360575029899,0.0865763666273079,0.007873129078994456,0.009383230085278119,0.7029215531716704,0.9515782942661082,0.16682256204832036,
2000,base5,25,148,1,,4119.407547949115,exchangeable_varying_sigma,0.18,fixed,0.18,0.18,fixed,0.18,1.0,constant,anchor_grid,500,0.0,0.04210450247651759,0.0638662585703093,0.08596239254857872,0.005486592275661631,0.008567002832225902,0.06716613161945907,0.09187519377145187,0.00739204729587685,0.008365313143384212,0.44000592497812857,0.6250948334589832,0.04210450247651759,
5000,base5,25,148,1,,2074.50896039512,exchangeable_varying_sigma,0.18,fixed,0.18,0.18,fixed,0.18,1.0,constant,anchor_grid,500,0.3,-0.15903363980551824,0.05618908209056003,0.07925462788213586,0.02251683115568287,0.02435275744576662,0.059474983675747835,0.08609982332573496,0.02003573967373419,0.021380899418733758,0.7259278867753858,0.9828646462522691,0.15903363980551824,
2000,base5,25,148,1,,4311.236494797049,exchangeable_varying_sigma,0.18,fixed,0.18,0.18,fixed,0.18,1.0,constant,anchor_grid,500,0.3,-0.1373263757917869,0.06287807453417059,0.08563091726324285,0.029586343140109606,0.03152262966442821,0.06616799568020529,0.0915138587210101,0.029381404700771274,0.031634516811101396,0.42964285688308135,0.6132338516174548,0.1373263757917869,
5000,base5,24,147,1,,10327.612821636954,exchangeable_varying_sigma,0.18,fixed,0.18,0.18,fixed,0.18,1.0,constant,anchor_grid,500,0.6,-0.32296392606024193,0.05479255102911334,0.07947061121286905,0.010936541155265586,0.012153261426228237,0.05742781350335639,0.08589302331593612,0.008463786649217112,0.009894061656701432,0.7052143759503555,0.9532530439501333,0.32296392606024193,
5000,base5,25,148,1,,2392.791587757878,exchangeable_varying_sigma,0.18,fixed,0.18,0.18,fixed,0.18,1.0,constant,anchor_grid,500,0.6,-0.3127965675640565,0.056265509070642636,0.07930520540038069,0.02357346802902416,0.025597707211926016,0.0585816040994272,0.08530659526442692,0.021091215474414574,0.02264627167426573,0.7266183837565315,0.9825721242568946,0.3127965675640565,
2000,base5,25,148,1,,4511.164596455172,exchangeable_varying_sigma,0.18,fixed,0.18,0.18,fixed,0.18,1.0,constant,anchor_grid,500,0.6,-0.3075318900218814,0.0628604715724581,0.08564482362976315,0.03093770263595852,0.0329230064842912,0.06501688421517092,0.09069034618056353,0.03169272067296461,0.03431197555490133,0.4296359455312323,0.6148031932792356,0.3075318900218814,
5000,base5,24,147,1,,10493.504209317034,exchangeable_varying_sigma,0.18,fixed,0.18,0.18,fixed,0.18,1.0,constant,anchor_grid,500,0.9,-0.4803473881341734,0.05480821689434241,0.07948075579642466,0.011953183524118394,0.012821822184825865,0.05608341057918396,0.08483473394091032,0.008965189071152097,0.010319211275068319,0.7089398349081395,0.9562164026510482,0.4803473881341734,
5000,base2,25,148,1,,8608.322294664802,exchangeable_varying_sigma,0.18,fixed,0.18,0.18,fixed,0.18,1.0,sin2,anchor_grid,500,0.6,-0.07673371396655448,0.019746110863498704,0.025207011306235143,0.011319410243182018,0.011941778965143268,0.01776877488568438,0.02252112048975724,0.00852423246291567,0.009933711984475218,0.03549255189284889,0.03887833631302012,0.07673371396655448,
5000,base1,26,149,1,,2076.8848862079903,exchangeable_varying_sigma,0.18,fixed,0.18,0.18,fixed,0.18,1.0,sin,anchor_grid,500,0.0,-0.02836812150471067,0.022801715989495718,0.029009554000139198,0.007229217828337853,0.007914955117318106,0.022784665988565427,0.02900848591020706,0.007535070468518201,0.008250064112178736,0.07116003793055392,0.0873192285333783,0.02836812150471067,
5000,base2,25,148,1,,9638.528836103855,exchangeable_varying_sigma,0.18,fixed,0.18,0.18,fixed,0.18,1.0,sin2,anchor_grid,500,0.3,-0.04186574092496531,0.019695980726271992,0.025162753566588893,0.010313901060380451,0.010793277760560684,0.01934587378941266,0.024594549414976314,0.007824102295073757,0.008915390543404072,0.03416063998619976,0.03832458941554388,0.04186574092496531,
2000,base1,26,149,1,,2760.879656421952,exchangeable_varying_sigma,0.18,fixed,0.18,0.18,fixed,0.18,1.0,sin,anchor_grid,500,0.6,-0.15724284379333175,0.03498388396104558,0.046782349686672435,0.008885981110768215,0.010857015163569548,0.030708243641580514,0.041376854461572805,0.009083016897240836,0.010240502680700436,0.2374699140721519,0.2648471869724727,0.15724284379333175,
2000,base1,26,149,1,,3598.2292504648212,exchangeable_varying_sigma,0.18,fixed,0.18,0.18,fixed,0.18,1.0,sin,anchor_grid,500,0.0,-0.017646759524948794,0.033225903717761435,0.044825177215160994,0.005219303873629927,0.006104949019829944,0.03323127987093237,0.04493831446166404,0.004623438614491493,0.00626876879498697,0.22579693494884695,0.25241349512707034,0.017646759524948794,
2000,base1,26,149,1,,3312.6772666350007,exchangeable_varying_sigma,0.18,fixed,0.18,0.18,fixed,0.18,1.0,sin,anchor_grid,500,0.3,-0.09617299200394008,0.034639805584543666,0.04631970302415024,0.00939091290146904,0.011042316822491838,0.03363708446989559,0.045138974796143184,0.009177373924353388,0.010001987603551341,0.23161038417269947,0.25868565946469213,0.09617299200394008,
2000,base1,26,149,1,,3306.8146964181215,exchangeable_varying_sigma,0.18,fixed,0.18,0.18,fixed,0.18,1.0,sin,anchor_grid,500,0.9,-0.21507530015550513,0.0355947199728607,0.04751072061948359,0.008656403360534803,0.010261755251533534,0.024358516758261888,0.033068659534220016,0.008268809706344388,0.010121527462266166,0.243465707226418,0.2710986725179015,0.21507530015550513,
5000,base2,25,148,1,,9530.078437352087,exchangeable_varying_sigma,0.18,fixed,0.18,0.18,fixed,0.18,1.0,sin2,anchor_grid,500,0.9,-0.10995793649909469,0.01989479063754972,0.02525729160569942,0.012167462946142668,0.012969594544626263,0.014313256636469655,0.018404504306679545,0.008897793558982556,0.010840489568044558,0.03739251607223355,0.04228408948383109,0.10995793649909469,
5000,base5,25,148,1,,5373.190171292052,exchangeable_varying_sigma,0.18,fixed,0.18,0.18,fixed,0.18,1.0,constant,anchor_grid,500,0.9,-0.4654218717137286,0.056380097837646956,0.07935044394520394,0.02458345545025703,0.02683459880341495,0.056988976026742896,0.08406557508864662,0.02198210487693711,0.0238602994693898,0.7277436500677384,0.9816960191637075,0.4654218717137286,
2000,base3,26,149,1,,2039.8797886450775,exchangeable_varying_sigma,0.18,fixed,0.18,0.18,fixed,0.18,1.0,mixed,anchor_grid,500,0.6,-0.23997900236469422,0.05108032845386972,0.06587819159400178,0.008520250710032568,0.009580617555612169,0.050266469449218115,0.06461533757056927,0.005640563730749115,0.006698040350775827,0.1705546638851407,0.2159439323326641,0.23997900236469422,
5000,base1,26,149,1,,3749.8792610610835,exchangeable_varying_sigma,0.18,fixed,0.18,0.18,fixed,0.18,1.0,sin,anchor_grid,500,0.6,-0.07059618429888159,0.022656958231146142,0.028188994140634246,0.009351449939563064,0.01050402125132159,0.020515472945862978,0.02547075285978956,0.008991818605825388,0.010340818561500998,0.0708637182298154,0.08968683178704553,0.07059618429888159,
5000,base5,25,148,1,,8242.67891914607,exchangeable_varying_sigma,0.18,fixed,0.18,0.18,fixed,0.18,1.0,constant,anchor_grid,500,0.0,0.0017564166652322983,0.055240715360938025,0.07797355854566859,0.012583327166886038,0.014441824101091296,0.05868278612295178,0.08501498390480772,0.012046571530185068,0.014812747361420605,0.7200187369431424,0.9594519807496819,0.0017564166652322983,
2000,base3,26,149,1,,2880.0793351249304,exchangeable_varying_sigma,0.18,fixed,0.18,0.18,fixed,0.18,1.0,mixed,anchor_grid,500,0.9,-0.3570499518163722,0.05176377693769632,0.06653022813942641,0.0073582977056376175,0.008513407822946194,0.04766926591845586,0.0610512594237255,0.004727540198141422,0.006045722705350119,0.1666426359338202,0.21223784065762855,0.3570499518163722,
2000,base3,26,149,1,,3184.099146085093,exchangeable_varying_sigma,0.18,fixed,0.18,0.18,fixed,0.18,1.0,mixed,anchor_grid,500,0.3,-0.1226211215290895,0.050806110904401,0.0655177614062537,0.009057669721514783,0.01012120267127189,0.05163966884634541,0.06652040288038083,0.0060413892921746815,0.007133142933809136,0.17453221505866606,0.22029970334243107,0.1226211215290895,
2000,base3,26,149,1,,3478.168772460893,exchangeable_varying_sigma,0.18,fixed,0.18,0.18,fixed,0.18,1.0,mixed,anchor_grid,500,0.0,-0.042144888412508866,0.05283049303622846,0.06730844453520594,0.00464613663541899,0.005688061174500763,0.05396660798552322,0.06882481493194179,0.004658369274201893,0.0064215376779900215,0.17139644613434,0.22033132457746732,0.042144888412508866,
2000,base5,26,149,1,,1343.103404221125,exchangeable_varying_sigma,0.18,fixed,0.18,0.18,fixed,0.18,1.0,constant,anchor_grid,500,0.0,-0.004005922696789164,0.06503676178399216,0.09110673883981292,0.011586354803288484,0.01548803118691947,0.06851195141609684,0.09795529468596113,0.005943456517716356,0.007572512507307491,0.5159335483587165,0.7164874627407539,0.004005922696789164,
2000,base5,26,149,1,,1060.1774951170664,exchangeable_varying_sigma,0.18,fixed,0.18,0.18,fixed,0.18,1.0,constant,anchor_grid,500,0.3,-0.22140795284226616,0.06717187160858404,0.09387288594678297,0.015738616050697485,0.018683364890312366,0.07057739823663611,0.10073886425258441,0.010557753503335654,0.010773501665699677,0.514372290133408,0.7219130091557605,0.22140795284226616,
2000,base5,26,149,1,,1500.9948006069753,exchangeable_varying_sigma,0.18,fixed,0.18,0.18,fixed,0.18,1.0,constant,anchor_grid,500,0.6,-0.394913553314033,0.06773078527489387,0.09422937081548617,0.015901142206875524,0.019173800276978653,0.06977848460158796,0.09985731204514876,0.01139522437916654,0.011711388925294566,0.5066462891765237,0.7120998067446461,0.394913553314033,
5000,base3,26,149,1,,2852.467711098958,exchangeable_varying_sigma,0.18,fixed,0.18,0.18,fixed,0.18,1.0,mixed,anchor_grid,500,0.9,-0.2850250024002262,0.04180398581993067,0.051529021769246564,0.011373489974110501,0.011649698014715508,0.04000218956415922,0.050251709797457966,0.009854898621715888,0.010482960214811451,0.22656415487393905,0.26523213378762894,0.2850250024002262,
2000,base2,27,150,1,,895.9455290769693,exchangeable_varying_sigma,0.18,fixed,0.18,0.18,fixed,0.18,1.0,sin2,anchor_grid,500,0.0,0.0021598437816095456,0.030394660878307375,0.03992980397898785,0.011676322128467864,0.01353930558611047,0.03057027324648227,0.0402663815287604,0.012626779836451052,0.01325995516690848,0.17826153082757434,0.18456718723592602,0.0021598437816095456,
5000,base1,26,149,1,,7694.12359504099,exchangeable_varying_sigma,0.18,fixed,0.18,0.18,fixed,0.18,1.0,sin,anchor_grid,500,0.3,-0.03644294786764429,0.022737034301781534,0.028353844320141274,0.008791057672377686,0.009939394298321443,0.02223730589183877,0.027868984029095083,0.00824110357864656,0.009424810699730817,0.0713454517604167,0.08874097308888748,0.03644294786764429,
2000,base2,27,150,1,,965.0159831258934,exchangeable_varying_sigma,0.18,fixed,0.18,0.18,fixed,0.18,1.0,sin2,anchor_grid,500,0.3,-0.07319678180224548,0.030768133182055436,0.04056809959798837,0.013469573222576026,0.013706458426618705,0.030124288185843662,0.03996634419141203,0.01598160717994168,0.016224576574789394,0.16942108440002654,0.17273101071116395,0.07319678180224548,
2000,base2,27,150,1,,982.4736559349112,exchangeable_varying_sigma,0.18,fixed,0.18,0.18,fixed,0.18,1.0,sin2,anchor_grid,500,0.6,-0.13730727133137222,0.03086900549861503,0.04068033934197114,0.015004133084112761,0.01518632651272047,0.027527725591933973,0.03667841164276482,0.016976456125897238,0.017160096085787162,0.17144591554946959,0.1747162902160943,0.13730727133137222,
5000,base5,26,149,1,,2505.5667231699917,exchangeable_varying_sigma,0.18,fixed,0.18,0.18,fixed,0.18,1.0,constant,anchor_grid,500,0.6,-0.3240959413597275,0.05568148433707998,0.07935386982599325,0.014482608083386445,0.014959365102201843,0.05829278151049853,0.0861676517033046,0.012336804863892742,0.013127847743631883,0.7371544672259224,1.0072944171958922,0.3240959413597275,
5000,base5,26,149,1,,2565.7754940148443,exchangeable_varying_sigma,0.18,fixed,0.18,0.18,fixed,0.18,1.0,constant,anchor_grid,500,0.9,-0.48008954147170146,0.05565003623824792,0.0792159201446429,0.01484260077455024,0.015347600125401883,0.05666812198046548,0.08488671859650704,0.012473117886334567,0.013837355503984895,0.735025006030634,1.0064633800348066,0.48008954147170146,
2000,base5,26,149,1,,2956.2996393798385,exchangeable_varying_sigma,0.18,fixed,0.18,0.18,fixed,0.18,1.0,constant,anchor_grid,500,0.9,-0.5675311517991322,0.06850782263877316,0.09468622010430033,0.016376612792497247,0.019594294776944143,0.06829297326634667,0.09823919225917961,0.012438488759872468,0.013044476011756623,0.4986051207568189,0.7028837382135568,0.5675311517991322,
5000,base1,26,149,1,,7067.455132046016,exchangeable_varying_sigma,0.18,fixed,0.18,0.18,fixed,0.18,1.0,sin,anchor_grid,500,0.9,-0.10339351484303638,0.02260059957310632,0.028117836337478257,0.0096835921983255,0.010881933033223611,0.01677251665353062,0.020128540885008754,0.00929828594858595,0.010941060805772812,0.07111553774298358,0.09085946434552444,0.10339351484303638,
5000,base5,26,149,1,,3729.833132794127,exchangeable_varying_sigma,0.18,fixed,0.18,0.18,fixed,0.18,1.0,constant,anchor_grid,500,0.3,-0.16756142786732525,0.05577157440336971,0.07948542761803057,0.013902693870332716,0.01440263997308573,0.05919498428868577,0.08697675947249649,0.01182965295849854,0.012366704118000496,0.7385407179129488,1.0080302464378512,0.16756142786732525,
5000,base3,26,149,1,,7237.542223378085,exchangeable_varying_sigma,0.18,fixed,0.18,0.18,fixed,0.18,1.0,mixed,anchor_grid,500,0.0,-0.02658829359196044,0.04333931710554078,0.05319173255741635,0.00571594403938866,0.00666160677438784,0.04440390791869585,0.05478480296574773,0.004557570841460523,0.005670855138978571,0.2343316434362946,0.27049276721815235,0.02658829359196044,
5000,base3,26,149,1,,6937.7293016000185,exchangeable_varying_sigma,0.18,fixed,0.18,0.18,fixed,0.18,1.0,mixed,anchor_grid,500,0.3,-0.09696713369629176,0.04186166169896715,0.051516864107762544,0.010453939143426766,0.010665895350560738,0.04272647657216185,0.052881710898502,0.009336443389779028,0.00975573944812706,0.23122743460817402,0.268492224614322,0.09696713369629176,
2000,base5,27,150,1,,908.2328084879555,exchangeable_varying_sigma,0.18,fixed,0.18,0.18,fixed,0.18,1.0,constant,anchor_grid,500,0.6,-0.370204326168309,0.0681139701551791,0.09217486164305011,0.015773782562031824,0.017353925309425054,0.0698536270209522,0.09634469199101507,0.020809507198961144,0.021621283649721358,0.4261707489118579,0.5880607493578456,0.370204326168309,
5000,base2,27,150,1,,2288.5042175999843,exchangeable_varying_sigma,0.18,fixed,0.18,0.18,fixed,0.18,1.0,sin2,anchor_grid,500,0.0,-0.015444114855040592,0.019929201763846324,0.025315899186979737,0.0029318151813605003,0.0030507944147045844,0.020155071792560045,0.025633089828609623,0.0032382944892881543,0.0036857689331368116,0.05767727327210369,0.07301758959762059,0.015444114855040592,
5000,base2,27,150,1,,2493.4356627049856,exchangeable_varying_sigma,0.18,fixed,0.18,0.18,fixed,0.18,1.0,sin2,anchor_grid,500,0.6,-0.062351716624905795,0.01946579615325907,0.02499753547957714,0.005784940472653294,0.00633199452256748,0.018199537225590343,0.023496836647988996,0.006028974973777357,0.006832474036034529,0.05384594010065687,0.06719670162825088,0.062351716624905795,
5000,base2,27,150,1,,2577.68324475782,exchangeable_varying_sigma,0.18,fixed,0.18,0.18,fixed,0.18,1.0,sin2,anchor_grid,500,0.3,-0.020111648735330112,0.019627398505308896,0.025165812299134532,0.005378537522654575,0.005965203418116867,0.019634176119919643,0.025262177212265133,0.005530856124959682,0.006156265065829291,0.05324398462411969,0.06632884644149233,0.020111648735330112,
5000,base3,26,149,1,,7362.294328617863,exchangeable_varying_sigma,0.18,fixed,0.18,0.18,fixed,0.18,1.0,mixed,anchor_grid,500,0.6,-0.19183034767888973,0.04178135668875308,0.05145080062580155,0.011031358881654435,0.011252335149263269,0.04184407859491031,0.0519528615724848,0.009787240388656096,0.010269180760160127,0.22888221158338437,0.26681920428808126,0.19183034767888973,
2000,base2,27,150,1,,3171.334445567103,exchangeable_varying_sigma,0.18,fixed,0.18,0.18,fixed,0.18,1.0,sin2,anchor_grid,500,0.9,-0.198760307681645,0.030952766117566338,0.04081587439716503,0.01636777718680256,0.016580914225836543,0.021800081886303755,0.029260304742849314,0.017765160135641653,0.017967893703803816,0.1740289867403655,0.1774909711148291,0.198760307681645,
2000,base5,27,150,1,,2838.443152107997,exchangeable_varying_sigma,0.18,fixed,0.18,0.18,fixed,0.18,1.0,constant,anchor_grid,500,0.0,-0.009513319125876418,0.06541919890257009,0.08955749783728585,0.017266389441702334,0.01851089999511629,0.0690714806895669,0.09586010983377767,0.017202341058945053,0.01771103668536428,0.45179806041520304,0.6316230989714486,0.009513319125876418,
2000,base1,28,151,1,,797.488882089965,exchangeable_varying_sigma,0.18,fixed,0.18,0.18,fixed,0.18,1.0,sin,anchor_grid,500,0.0,-0.0204656698853578,0.036379888067447685,0.04685146712092208,0.017322725931557106,0.01843980265882922,0.036387507511464384,0.04688658105246756,0.016685075061365684,0.019275952469608823,0.223580109057443,0.24177491823576577,0.0204656698853578,
2000,base5,27,150,1,,3258.492933141999,exchangeable_varying_sigma,0.18,fixed,0.18,0.18,fixed,0.18,1.0,constant,anchor_grid,500,0.3,-0.19869677429557114,0.06784422122449396,0.09187263906134835,0.013870812952021819,0.01579363309008419,0.07093442051189985,0.09749645415562824,0.01928852300218689,0.020547527179721824,0.4288929875498241,0.5908763750485377,0.19869677429557114,
5000,base5,26,149,1,,7115.208506112918,exchangeable_varying_sigma,0.18,fixed,0.18,0.18,fixed,0.18,1.0,constant,anchor_grid,500,0.0,-0.02112691799008563,0.0562863920189587,0.07985154444301269,0.005666238679989527,0.007768129288600314,0.05995553686027136,0.08771648694947934,0.008852177068492673,0.009805425900444737,0.7401061691624684,1.0281753539149547,0.02112691799008563,
5000,base5,27,150,1,,2407.232798046898,exchangeable_varying_sigma,0.18,fixed,0.18,0.18,fixed,0.18,1.0,constant,anchor_grid,500,0.6,-0.3179279625130358,0.05546500642242612,0.07811110952873637,0.009396904021168079,0.011294934142875312,0.058381281053552454,0.08498669685831223,0.009416291041819652,0.011598960885355912,0.6845966113587548,0.9282978636537703,0.3179279625130358,
5000,base5,27,150,1,,2302.5564451278187,exchangeable_varying_sigma,0.18,fixed,0.18,0.18,fixed,0.18,1.0,constant,anchor_grid,500,0.9,-0.46969963956429883,0.055559456887526976,0.07805195912533014,0.009455847081337287,0.011453914670836132,0.05702107684360565,0.08395025058573166,0.009769590647571297,0.012367127178246066,0.6794749318306776,0.9215278290576195,0.46969963956429883,
2000,base5,27,150,1,,3240.779574341839,exchangeable_varying_sigma,0.18,fixed,0.18,0.18,fixed,0.18,1.0,constant,anchor_grid,500,0.9,-0.5426543663368386,0.0683064525057784,0.09253893857700239,0.01745938851657522,0.018879638604071946,0.06781672408723265,0.09440820338415107,0.022175051658375494,0.022713134633803683,0.4254324767455761,0.588054175682098,0.5426543663368386,
5000,base1,28,151,1,,2350.055667971028,exchangeable_varying_sigma,0.18,fixed,0.18,0.18,fixed,0.18,1.0,sin,anchor_grid,500,0.0,-0.0010277144499983937,0.022380357967868622,0.028410778812709522,0.004528745776385332,0.0054375021664361395,0.02234781963105759,0.028392939286653155,0.004916517146127203,0.005677053188174027,0.09174354044423896,0.11117017922470235,0.0010277144499983937,
2000,base1,28,151,1,,3009.8689355019014,exchangeable_varying_sigma,0.18,fixed,0.18,0.18,fixed,0.18,1.0,sin,anchor_grid,500,0.3,-0.030010512264118494,0.03318030676720913,0.04332027178920281,0.0176699160354557,0.021300117102593854,0.032308375013391975,0.04278695388382245,0.013609794624947408,0.018709948542119728,0.20643782907673927,0.22662615812945297,0.030010512264118494,
2000,base3,28,151,1,,1002.9536748458631,exchangeable_varying_sigma,0.18,fixed,0.18,0.18,fixed,0.18,1.0,mixed,anchor_grid,500,0.0,0.007069971136860559,0.052730770737824846,0.06657280710646885,0.016529276060045298,0.017816101691447407,0.05405700942568766,0.06824125760020348,0.01699466116662135,0.01955833449875473,0.16183611029253778,0.19567899513622192,0.007069971136860559,
2000,base1,28,151,1,,3079.3065495220944,exchangeable_varying_sigma,0.18,fixed,0.18,0.18,fixed,0.18,1.0,sin,anchor_grid,500,0.6,-0.10844333611856094,0.033179332385440324,0.04304511319444185,0.018807758611422587,0.022728252950331318,0.029273159640038713,0.0388786203653546,0.014369412733722359,0.020213289713976526,0.20126229675946175,0.22322461246528075,0.10844333611856094,
2000,base1,28,151,1,,3058.426742550917,exchangeable_varying_sigma,0.18,fixed,0.18,0.18,fixed,0.18,1.0,sin,anchor_grid,500,0.9,-0.18901390389669792,0.03325309191191644,0.042961390167388,0.019570798692421676,0.02388249278413902,0.02257335766261883,0.02965630102524077,0.01710319286930842,0.021947768283344635,0.19832512549540562,0.22203971095193817,0.18901390389669792,
2000,base3,28,151,1,,1175.9748324190732,exchangeable_varying_sigma,0.18,fixed,0.18,0.18,fixed,0.18,1.0,mixed,anchor_grid,500,0.6,-0.21769006742478036,0.05151680104257616,0.06570073743403766,0.012042358162207695,0.0177695536242952,0.05094985339592221,0.06497777861011698,0.013084301598803444,0.019409415242975295,0.17786290937353402,0.21312152056980832,0.21769006742478036,
5000,base1,28,151,1,,2590.554364020005,exchangeable_varying_sigma,0.18,fixed,0.18,0.18,fixed,0.18,1.0,sin,anchor_grid,500,0.9,-0.09856712705930748,0.021382827004012974,0.026950883321399364,0.010834201856168652,0.012426493989575087,0.016067767664583614,0.01946371267779966,0.013701735395417414,0.01606373240326242,0.09555504547852335,0.11538569820786458,0.09856712705930748,
2000,base3,28,151,1,,3036.1601119879633,exchangeable_varying_sigma,0.18,fixed,0.18,0.18,fixed,0.18,1.0,mixed,anchor_grid,500,0.3,-0.08424045148685524,0.05186493207919319,0.06610344165366443,0.010611935134108491,0.016955162415395273,0.05292471814000876,0.06741884877939927,0.012923073119063933,0.018868406286336896,0.17337148534269925,0.20816471595744668,0.08424045148685524,
2000,base5,28,151,1,,1063.5148112159222,exchangeable_varying_sigma,0.18,fixed,0.18,0.18,fixed,0.18,1.0,constant,anchor_grid,500,0.0,-0.03606344024194649,0.0631101502610787,0.08689935304500546,0.023230369417034172,0.024907622344134878,0.06605659383445302,0.093135383882128,0.02187729260808341,0.025451729541098103,0.4789935401500148,0.698493987708678,0.03606344024194649,
5000,base3,28,151,1,,2693.706228252966,exchangeable_varying_sigma,0.18,fixed,0.18,0.18,fixed,0.18,1.0,mixed,anchor_grid,500,0.0,-0.003360641132376061,0.04162331814885626,0.05197254572942359,0.006630891942529776,0.009534206880063881,0.04278445124920956,0.05362590562395649,0.005577508143697105,0.007722495345623331,0.22040647203053731,0.2551236136878731,0.003360641132376061,
2000,base3,28,151,1,,2925.4622941780835,exchangeable_varying_sigma,0.18,fixed,0.18,0.18,fixed,0.18,1.0,mixed,anchor_grid,500,0.9,-0.35563420666508083,0.05123341381188007,0.06522705295119192,0.013541961451218026,0.0183637516755657,0.046969150279172645,0.06016989169742718,0.014755936824262544,0.019371811465447097,0.18262507741318545,0.21820102403384867,0.35563420666508083,
5000,base2,27,150,1,,8634.276939691044,exchangeable_varying_sigma,0.18,fixed,0.18,0.18,fixed,0.18,1.0,sin2,anchor_grid,500,0.9,-0.10633987933341349,0.019316832944491588,0.024836420064911477,0.006111399898327652,0.0065953396128093115,0.01488813262576682,0.019513075430670133,0.006194899094002754,0.007035319622812252,0.055128206753675316,0.06885862396981207,0.10633987933341349,
2000,base5,28,151,1,,753.472109851893,exchangeable_varying_sigma,0.18,fixed,0.18,0.18,fixed,0.18,1.0,constant,anchor_grid,500,0.6,-0.37502629052147496,0.06177362181075775,0.08681105672832413,0.011623030830262976,0.01797904984489832,0.06383703429334878,0.09206137062396184,0.017103427153581097,0.022562565016366266,0.5072377007299395,0.7231384164628942,0.37502629052147496,
5000,base5,27,150,1,,7474.798654848011,exchangeable_varying_sigma,0.18,fixed,0.18,0.18,fixed,0.18,1.0,constant,anchor_grid,500,0.0,-0.009227779959870301,0.05606621843673895,0.07847555406219914,0.009994211740920758,0.011299785598613984,0.059791055539604114,0.08562680626411422,0.005873292321402629,0.006234721488362885,0.6802892876195461,0.9156959059022777,0.009227779959870301,
5000,base3,28,151,1,,2854.666869292967,exchangeable_varying_sigma,0.18,fixed,0.18,0.18,fixed,0.18,1.0,mixed,anchor_grid,500,0.9,-0.29515044092945686,0.042643011138402596,0.05224792653532589,0.00875072030483838,0.011211268818214644,0.0400435052764276,0.050430243748620235,0.012637162206643501,0.015050594298322601,0.2299341947660369,0.2665854930186484,0.29515044092945686,
2000,base5,28,151,1,,1376.5832915189676,exchangeable_varying_sigma,0.18,fixed,0.18,0.18,fixed,0.18,1.0,constant,anchor_grid,500,0.9,-0.5409513291869281,0.06192721056104779,0.0872319031666528,0.01242349168669915,0.018266191328028168,0.061356287182635645,0.0903009761717188,0.018138445032279932,0.02330850183447849,0.5056510715913405,0.7167573486017229,0.5409513291869281,
5000,base5,27,150,1,,8144.4140775369015,exchangeable_varying_sigma,0.18,fixed,0.18,0.18,fixed,0.18,1.0,constant,anchor_grid,500,0.3,-0.16352924116432344,0.055473733410545414,0.0781902727562244,0.009191492162826165,0.011040572634216464,0.05912904306745032,0.08552644810478727,0.008659783802860171,0.010579410851103874,0.6863411324578481,0.9303666802701174,0.16352924116432344,
2000,base2,29,152,1,,909.174125132151,exchangeable_varying_sigma,0.18,fixed,0.18,0.18,fixed,0.18,1.0,sin2,anchor_grid,500,0.0,0.00406068997873831,0.03118953630272272,0.040723092266041476,0.00735230941015988,0.008666711704804268,0.03139764803163564,0.041058571950518326,0.0070305982822277124,0.008906999938714579,0.14780892949521712,0.15765320455831358,0.00406068997873831,
2000,base2,29,152,1,,980.5420363629237,exchangeable_varying_sigma,0.18,fixed,0.18,0.18,fixed,0.18,1.0,sin2,anchor_grid,500,0.3,-0.08306504083558458,0.02990810105265876,0.03839043064527341,0.009415971433566817,0.012224854346630582,0.02952255800140627,0.037902730617187824,0.009332246860495677,0.010005350948122103,0.150327682814414,0.15729460917474616,0.08306504083558458,
2000,base5,28,151,1,,3409.179880078882,exchangeable_varying_sigma,0.18,fixed,0.18,0.18,fixed,0.18,1.0,constant,anchor_grid,500,0.3,-0.205528101428828,0.06178750643504439,0.08659843925135435,0.011905723615938918,0.0174241247015609,0.06518369509292121,0.09314125901809309,0.015874958610245044,0.021314686821779505,0.5056674457583907,0.7244507949566612,0.205528101428828,
5000,base1,28,151,1,,7600.369294655975,exchangeable_varying_sigma,0.18,fixed,0.18,0.18,fixed,0.18,1.0,sin,anchor_grid,500,0.3,-0.02276219880699376,0.0215118952838763,0.027301215892969244,0.010023021706903362,0.011784061351740087,0.021096538096286983,0.026797950493118793,0.01122046139957883,0.013474375224098943,0.0909739815323388,0.11044275480849533,0.02276219880699376,
2000,base2,29,152,1,,1199.428297705017,exchangeable_varying_sigma,0.18,fixed,0.18,0.18,fixed,0.18,1.0,sin2,anchor_grid,500,0.9,-0.19142032758274052,0.029251422678386214,0.03768198496618124,0.010070738012663491,0.014174097320535596,0.02120010909268762,0.027520172535109275,0.008737805842042104,0.009951581616551878,0.16072619924937567,0.16539345648440765,0.19142032758274052,
5000,base5,28,151,1,,3189.608386762906,exchangeable_varying_sigma,0.18,fixed,0.18,0.18,fixed,0.18,1.0,constant,anchor_grid,500,0.6,-0.2937260983879427,0.05398972243532453,0.07728097423176661,0.01140427486535528,0.013573856858731156,0.05647657440423288,0.0840551946479838,0.007949847451697384,0.012167680566429787,0.6580248838532556,0.8901350140062095,0.2937260983879427,
5000,base1,28,151,1,,7748.196573683061,exchangeable_varying_sigma,0.18,fixed,0.18,0.18,fixed,0.18,1.0,sin,anchor_grid,500,0.6,-0.05988007118787486,0.02143538655418667,0.027131862750440272,0.010562026672565228,0.012281303265083702,0.01949567459470256,0.024495152360530563,0.012705711788161711,0.015130357855423465,0.09299289794475751,0.1126366684501741,0.05988007118787486,
2000,base2,29,152,1,,2939.7249602291267,exchangeable_varying_sigma,0.18,fixed,0.18,0.18,fixed,0.18,1.0,sin2,anchor_grid,500,0.6,-0.13873673859154467,0.02959210645965131,0.038018544842790256,0.009869396074908457,0.013258282043268368,0.02689530495060982,0.03461912448553515,0.009351911169308974,0.010329455530737976,0.15614401956761823,0.16163766812265254,0.13873673859154467,
5000,base3,28,151,1,,7052.279666465009,exchangeable_varying_sigma,0.18,fixed,0.18,0.18,fixed,0.18,1.0,mixed,anchor_grid,500,0.6,-0.1965518868768189,0.04257123355675502,0.05218672591426907,0.00854543559113767,0.011106245121552068,0.0421088137777288,0.052364283815762844,0.011697839808222477,0.014279547279331362,0.22713973832834805,0.26393345654485023,0.1965518868768189,
2000,base5,29,152,1,,1260.335025350796,exchangeable_varying_sigma,0.18,fixed,0.18,0.18,fixed,0.18,1.0,constant,anchor_grid,500,0.0,-0.010107387088813919,0.06619451881761136,0.0904821682501488,0.007976476206583663,0.009136600031765155,0.06970143659769981,0.09641264696057134,0.003675681935141145,0.004022386600160406,0.4926495517773301,0.6958286944299438,0.010107387088813919,
5000,base3,28,151,1,,7595.606145091122,exchangeable_varying_sigma,0.18,fixed,0.18,0.18,fixed,0.18,1.0,mixed,anchor_grid,500,0.3,-0.09855190531825539,0.04247369761038976,0.05215370184498526,0.008163293490711446,0.010685083295026076,0.04317914965689689,0.05346438954528851,0.010420997990878908,0.012863404023406435,0.2242609156000266,0.26107192157478826,0.09855190531825539,
5000,base2,29,152,1,,2957.752551082056,exchangeable_varying_sigma,0.18,fixed,0.18,0.18,fixed,0.18,1.0,sin2,anchor_grid,500,0.0,0.006658356356191466,0.0202167692597174,0.025395397068757878,0.012365803031560485,0.013091584363828204,0.02036379079661659,0.025610074461782435,0.013708266548704579,0.014379749161539251,0.04341236324090584,0.04955957666701464,0.006658356356191466,
5000,base2,29,152,1,,2994.4000262329355,exchangeable_varying_sigma,0.18,fixed,0.18,0.18,fixed,0.18,1.0,sin2,anchor_grid,500,0.9,-0.10724657836728735,0.01933769711446482,0.024291867942180148,0.012227259407718447,0.014727039722130067,0.014357072886145374,0.01858386876571324,0.014699592908829467,0.016191982158595273,0.047457832329429656,0.055984625931691005,0.10724657836728735,
2000,base5,29,152,1,,2878.985401554033,exchangeable_varying_sigma,0.18,fixed,0.18,0.18,fixed,0.18,1.0,constant,anchor_grid,500,0.3,-0.1880609472360955,0.06542071001833737,0.08774719584050436,0.020988411689870423,0.023196091784879812,0.0687496017826725,0.09379672683472169,0.016604185582745526,0.01796768591484724,0.5274311645119016,0.7234252497673749,0.1880609472360955,
5000,base5,28,151,1,,6943.297916183947,exchangeable_varying_sigma,0.18,fixed,0.18,0.18,fixed,0.18,1.0,constant,anchor_grid,500,0.0,0.002903242491292937,0.05498010760681322,0.07806914560795442,0.007758063811113519,0.00861669726436757,0.058193500110934035,0.08504641166366309,0.006519208279612776,0.007517180495610738,0.6536242850670638,0.8983845924328488,0.002903242491292937,
5000,base5,29,152,1,,2512.150442868937,exchangeable_varying_sigma,0.18,fixed,0.18,0.18,fixed,0.18,1.0,constant,anchor_grid,500,0.0,-0.016813691309015943,0.05638800953474931,0.07992589636894294,0.02197740199833273,0.023237530933903176,0.06003015790355093,0.08709192432299033,0.02229029904481661,0.023131793904477196,0.7228785141189994,0.971270663399496,0.016813691309015943,
2000,base5,29,152,1,,2687.6040977200028,exchangeable_varying_sigma,0.18,fixed,0.18,0.18,fixed,0.18,1.0,constant,anchor_grid,500,0.9,-0.5264998013348907,0.06493968349482267,0.08741553054960619,0.021891103887202917,0.024547750664506762,0.06428111541100183,0.09001787788999259,0.01676447967604719,0.01822721051640133,0.5189857962644041,0.7175400205018893,0.5264998013348907,
2000,base5,29,152,1,,2839.054758084938,exchangeable_varying_sigma,0.18,fixed,0.18,0.18,fixed,0.18,1.0,constant,anchor_grid,500,0.6,-0.3574022217067525,0.0652004768627493,0.08752458507995954,0.02158092303949158,0.023957109503567768,0.06704898849171961,0.09225918128904659,0.01688448632295826,0.018286783799774418,0.523170954899186,0.7196432590237944,0.3574022217067525,
5000,base5,28,151,1,,7209.102886562003,exchangeable_varying_sigma,0.18,fixed,0.18,0.18,fixed,0.18,1.0,constant,anchor_grid,500,0.3,-0.14078083784704187,0.054112758493049605,0.07741981333636903,0.011416586584685057,0.01326794838057819,0.05722535511197031,0.08442314456877918,0.0075884965799905,0.01127756839600287,0.6566261869529966,0.8918793268225436,0.14078083784704187,
5000,base5,29,152,1,,2245.3292125149164,exchangeable_varying_sigma,0.18,fixed,0.18,0.18,fixed,0.18,1.0,constant,anchor_grid,500,0.6,-0.33171841536348495,0.05624029574852503,0.07952096556244577,0.00889360663572003,0.011233145543729688,0.058351029708814645,0.08560457188341118,0.013980505098606502,0.016367412377427264,0.734755565847127,0.9860695800489788,0.33171841536348495,
5000,base5,28,151,1,,6727.273366439156,exchangeable_varying_sigma,0.18,fixed,0.18,0.18,fixed,0.18,1.0,constant,anchor_grid,500,0.9,-0.4473387516138606,0.05380497955471777,0.07710149498455182,0.011198410200428277,0.013581125094574754,0.05494805733569276,0.08325332337749165,0.008079209331914,0.012471811730073577,0.65888477028064,0.8878391774045192,0.4473387516138606,
5000,base5,29,152,1,,1466.7476329382043,exchangeable_varying_sigma,0.18,fixed,0.18,0.18,fixed,0.18,1.0,constant,anchor_grid,500,0.9,-0.48095130236427874,0.05633416569392474,0.07959492636710744,0.009750951321973525,0.012333572428414553,0.056791513890863524,0.08461863429426991,0.014578242850617831,0.016984166111199142,0.7275076325962186,0.979913378409494,0.48095130236427874,
5000,base2,29,152,1,,5186.49111724901,exchangeable_varying_sigma,0.18,fixed,0.18,0.18,fixed,0.18,1.0,sin2,anchor_grid,500,0.3,-0.04514382340531753,0.01954310310701472,0.024437728995881706,0.010702936039803712,0.012686979506085739,0.019303823335367166,0.02424121431366638,0.013886321262489218,0.015164681042465721,0.042760707896837974,0.049063250744217496,0.04514382340531753,
5000,base2,29,152,1,,4932.213021832053,exchangeable_varying_sigma,0.18,fixed,0.18,0.18,fixed,0.18,1.0,sin2,anchor_grid,500,0.6,-0.07752383253792672,0.019463653487454477,0.02436137530773165,0.011577316061690296,0.013818920759423108,0.017763577626031184,0.022420775864391666,0.014607935101668953,0.015997470739349626,0.044924523578883456,0.05220218283595101,0.07752383253792672,
5000,base5,29,152,1,,3145.8235055969562,exchangeable_varying_sigma,0.18,fixed,0.18,0.18,fixed,0.18,1.0,constant,anchor_grid,500,0.3,-0.17969812973205251,0.05618557765474614,0.07948202592812365,0.007782066504478047,0.009853065936782823,0.05925460846259007,0.08625769120078645,0.012819935973881827,0.015223882165980944,0.7405366856325855,0.9908273473891467,0.17969812973205251,
