n_subject,coef_type,rep,seed,success,error_message,elapsed_seconds,covariance_mode,signal_bandwidth_input,signal_bandwidth_method,best_signal_bandwidth,variance_bandwidth_input,variance_bandwidth_method,best_variance_bandwidth,sigma2_true,sigma2_function,rho_true,rho_error,miae_iid,rmise_iid,beta_mae_iid,beta_rmse_iid,miae_final,rmise_final,beta_mae_final,beta_rmse_final,sigma2_miae,sigma2_rmise,rho_abs_error,Sigma_fro_error
1000,base5,0,123,1,,1053.5565023689996,exchangeable_varying_sigma,0.18,fixed,0.18,0.18,fixed,0.18,1.0,constant,0.0,0.04617406040464783,0.08260926461199948,0.11168879431912983,0.026783878599978078,0.03434121629118176,0.08582037449333317,0.11659823844940018,0.028093254233135953,0.03198868147582693,0.2582700273566753,0.33286370828117773,0.04617406040464783,
1000,base5,0,123,1,,1304.1898644309258,exchangeable_varying_sigma,0.18,fixed,0.18,0.18,fixed,0.18,1.0,constant,0.3,-0.13877609194092305,0.07798983107995096,0.10416006894124136,0.035778471272450485,0.0371202905315726,0.08112220306863409,0.10924076371219756,0.04391508429448829,0.04505396119883257,0.2959509204076612,0.38136567692541484,0.13877609194092305,
1000,base5,0,123,1,,1328.8347197290277,exchangeable_varying_sigma,0.18,fixed,0.18,0.18,fixed,0.18,1.0,constant,0.6,-0.29529348265429434,0.07780155377463956,0.1038195655831878,0.035861445348453674,0.03732431106659895,0.07916267522591912,0.10757395783051382,0.04573472463854453,0.04713986846285502,0.30017736293613895,0.38406273917556083,0.29529348265429434,
1000,base5,0,123,1,,1041.295658063027,exchangeable_varying_sigma,0.18,fixed,0.18,0.18,fixed,0.18,1.0,constant,0.9,-0.45355889599236443,0.0779276448195069,0.1037520493628889,0.03521473959166793,0.036975606171330826,0.07526900923136821,0.10452246615594965,0.045795207251756925,0.047799062884774174,0.30473484207002194,0.3872982766813058,0.45355889599236443,
1000,base6,0,123,1,,1546.3587287809933,exchangeable_varying_sigma,0.18,fixed,0.18,0.18,fixed,0.18,1.0,constant,0.0,-0.02052992462400903,0.0626956417581999,0.08481252479576594,0.019987873948547064,0.023796867741815466,0.06336928010159519,0.08570255947262191,0.021786441703983347,0.02652541796267891,0.18343970106685992,0.1986608437041073,0.02052992462400903,
1000,base6,0,123,1,,991.526779428008,exchangeable_varying_sigma,0.18,fixed,0.18,0.18,fixed,0.18,1.0,constant,0.3,-0.1561492645939388,0.060366974040654886,0.08152982041161477,0.015197677961367229,0.02058159753602504,0.06069756620531498,0.0816236450707123,0.01824949447640775,0.022945804253599687,0.23030658973935353,0.24921175497182524,0.1561492645939388,
1000,base6,0,123,1,,1474.945800361922,exchangeable_varying_sigma,0.18,fixed,0.18,0.18,fixed,0.18,1.0,constant,0.6,-0.2510254041711133,0.06039727565304532,0.08150720667293843,0.014291441110311207,0.02144805272174203,0.057699679654376904,0.07768195645327863,0.021079004473302437,0.024429046186171914,0.24285383731209262,0.26051751300292403,0.2510254041711133,
1000,base6,0,123,1,,1048.3566189700505,exchangeable_varying_sigma,0.18,fixed,0.18,0.18,fixed,0.18,1.0,constant,0.9,-0.33814888797251974,0.06066928079644477,0.08185401622785834,0.014176374498873573,0.021898577087392446,0.05163122000207186,0.07011533247829825,0.022791974964580436,0.02512981294098559,0.2544758336010931,0.2705644135156021,0.33814888797251974,
2000,base5,0,123,1,,4006.502892324119,exchangeable_varying_sigma,0.18,fixed,0.18,0.18,fixed,0.18,1.0,constant,0.0,-0.04403101756908593,0.06383038305448244,0.08783679131583362,0.011618351067739466,0.015056841008760154,0.0670938289911718,0.0939223513127419,0.014273826642289836,0.018051934135884684,0.3631897806517712,0.5103469974096108,0.04403101756908593,
2000,base5,0,123,1,,4044.7889277390204,exchangeable_varying_sigma,0.18,fixed,0.18,0.18,fixed,0.18,1.0,constant,0.3,-0.19295758552205527,0.06481573658437748,0.08749093804366666,0.014233750503437559,0.01641652844468611,0.06764641406052399,0.09302550089434376,0.013624184392799804,0.014856275463697574,0.3543205490059754,0.5053757696357335,0.19295758552205527,
2000,base5,0,123,1,,6932.9743841220625,exchangeable_varying_sigma,0.18,fixed,0.18,0.18,fixed,0.18,1.0,constant,0.6,-0.3245676949845577,0.06505225507746779,0.0875605179898706,0.015089590710950812,0.017715314338326495,0.06609056640610053,0.091591962438059,0.015786718218194995,0.017170736862706596,0.3513104702213924,0.49813276104004733,0.3245676949845577,
2000,base5,0,123,1,,3828.646425942192,exchangeable_varying_sigma,0.18,fixed,0.18,0.18,fixed,0.18,1.0,constant,0.9,-0.4517487390911783,0.065365636830646,0.08760591611613602,0.015907754117983813,0.01907353994281461,0.0632149832785765,0.08906285645534548,0.01795304859690594,0.019493360653245802,0.3474209750040062,0.4891624690824067,0.4517487390911783,
2000,base6,0,123,1,,3918.3561673220247,exchangeable_varying_sigma,0.18,fixed,0.18,0.18,fixed,0.18,1.0,constant,0.0,-0.02234852476818635,0.04594956546796886,0.05816401083482979,0.00585077621140731,0.006527825937653348,0.0466003012292651,0.05895213525511699,0.005816253866581925,0.006439831300559271,0.08219001611886477,0.09567886328763979,0.02234852476818635,
2000,base6,0,123,1,,5769.720059911022,exchangeable_varying_sigma,0.18,fixed,0.18,0.18,fixed,0.18,1.0,constant,0.3,-0.08173196333191773,0.04504308669678907,0.0578700971678398,0.011857249106619588,0.012312353758666555,0.04511311650979435,0.05779797987990177,0.01236669785193617,0.012834456511478569,0.0945348152504401,0.10793106869463176,0.08173196333191773,
2000,base6,0,123,1,,3794.8769477780443,exchangeable_varying_sigma,0.18,fixed,0.18,0.18,fixed,0.18,1.0,constant,0.6,-0.15463055962447347,0.04501463834068605,0.057831694553127436,0.013368146152446941,0.013972111498713524,0.0429785100615555,0.055053452291564,0.013841234874724495,0.014661651736653816,0.09505247125623734,0.10891539724652805,0.15463055962447347,
2000,base6,0,123,1,,5357.682287098141,exchangeable_varying_sigma,0.18,fixed,0.18,0.18,fixed,0.18,1.0,constant,0.9,-0.22854107219709308,0.04506223740199915,0.05767183971935477,0.014780366079698265,0.015609264694631765,0.03861905797918252,0.04969984459351044,0.015409795469752352,0.016792787711331334,0.09517253140079973,0.10913796605799317,0.22854107219709308,
1000,base5,1,124,1,,1081.8213968590135,exchangeable_varying_sigma,0.18,fixed,0.18,0.18,fixed,0.18,1.0,constant,0.0,-0.015940577726601436,0.07922999266036947,0.1095778005377349,0.027484905101286372,0.02983164557239236,0.08279781191964432,0.11549977763564774,0.028714020154871442,0.03237253382121434,0.2954964502899699,0.37310118756678445,0.015940577726601436,
1000,base5,1,124,1,,1174.1451881570974,exchangeable_varying_sigma,0.18,fixed,0.18,0.18,fixed,0.18,1.0,constant,0.3,-0.2004133652278011,0.08160442305738225,0.10989490668384247,0.027273923903652575,0.032299145407511665,0.08438521033555414,0.11487274356198042,0.03101708013699067,0.03749038761171845,0.305908356532404,0.3737934217813274,0.2004133652278011,
1000,base5,1,124,1,,1421.8041757569881,exchangeable_varying_sigma,0.18,fixed,0.18,0.18,fixed,0.18,1.0,constant,0.6,-0.3608348870507842,0.08197111576582816,0.11024814082432827,0.029428825400575565,0.03559470099992132,0.08284257128736712,0.11338289773890467,0.03401446841626124,0.04129638272523484,0.30990984168653213,0.37511292865357787,0.3608348870507842,
1000,base5,1,124,1,,1039.5329932089662,exchangeable_varying_sigma,0.18,fixed,0.18,0.18,fixed,0.18,1.0,constant,0.9,-0.5192318607162281,0.08211399019899208,0.11062013414982268,0.031543417229966675,0.038789978764553736,0.07948708396586938,0.11055984948638047,0.03601382427164576,0.04396053739169117,0.3130622945972284,0.3760913215782913,0.5192318607162281,
1000,base6,1,124,1,,1435.3755563049344,exchangeable_varying_sigma,0.18,fixed,0.18,0.18,fixed,0.18,1.0,constant,0.0,0.018418908570968853,0.05855312480797364,0.07840037279280757,0.015358904767347636,0.022612383543797306,0.05941604001828302,0.07955630324821576,0.01565210786983641,0.02401729964475587,0.2829753823511676,0.29406905019703444,0.018418908570968853,
1000,base6,1,124,1,,985.474559077993,exchangeable_varying_sigma,0.18,fixed,0.18,0.18,fixed,0.18,1.0,constant,0.3,-0.10333268032579909,0.057580957505907825,0.07707819743021993,0.026642141832936256,0.03623076920564432,0.05754356938100408,0.07680729716174041,0.02714080901726329,0.03760804545004723,0.2831382645700088,0.29474410544534596,0.10333268032579909,
1000,base6,1,124,1,,1492.8847741790814,exchangeable_varying_sigma,0.18,fixed,0.18,0.18,fixed,0.18,1.0,constant,0.6,-0.2080288274192072,0.05754586839326513,0.07750053920431195,0.028797043329862132,0.03973771419356237,0.05491419965134366,0.07353169892815227,0.028730672421485193,0.03969847932681644,0.28094047087413604,0.29397806989950204,0.2080288274192072,
1000,base6,1,124,1,,1272.8228392570745,exchangeable_varying_sigma,0.18,fixed,0.18,0.18,fixed,0.18,1.0,constant,0.9,-0.31266539573624774,0.05735708100020425,0.07799898632848473,0.030461719091364803,0.04312435924159108,0.0496018920564069,0.06698292168105063,0.028650214777505373,0.04036772354007678,0.2787813675206451,0.2937937696915344,0.31266539573624774,
2000,base5,1,124,1,,6053.52741145005,exchangeable_varying_sigma,0.18,fixed,0.18,0.18,fixed,0.18,1.0,constant,0.0,-0.049279825541546286,0.0659420496130617,0.09024717894049868,0.010339366343352571,0.012492806566231852,0.069089425119687,0.09592755971193595,0.007980895475317717,0.008562686010177187,0.36599512532857753,0.5273560113409701,0.049279825541546286,
2000,base5,1,124,1,,5244.32984041411,exchangeable_varying_sigma,0.18,fixed,0.18,0.18,fixed,0.18,1.0,constant,0.3,-0.16262578622930374,0.06607099105451203,0.0909107187764919,0.019354170609802948,0.02637208937656404,0.06846381186838531,0.09544716565487615,0.017234748958197238,0.02455324941274004,0.3555738358565371,0.4931457554363408,0.16262578622930374,
2000,base5,1,124,1,,6048.73977581691,exchangeable_varying_sigma,0.18,fixed,0.18,0.18,fixed,0.18,1.0,constant,0.6,-0.29418404997922115,0.06576340968726564,0.09076071561428894,0.019855446521980402,0.027412058473813016,0.066722937060745,0.09374972818293828,0.01756011840215603,0.025262023573447288,0.35400896328130627,0.4880930525157046,0.29418404997922115,
2000,base5,1,124,1,,3848.326126685133,exchangeable_varying_sigma,0.18,fixed,0.18,0.18,fixed,0.18,1.0,constant,0.9,-0.4268948145978508,0.06528976138889375,0.09047975725693855,0.020805324305607525,0.0284292017568473,0.06338428235715426,0.0909719059053287,0.017491211791407724,0.025636947652880243,0.35239000273383264,0.4831379442201039,0.4268948145978508,
2000,base6,1,124,1,,6937.9462155418005,exchangeable_varying_sigma,0.18,fixed,0.18,0.18,fixed,0.18,1.0,constant,0.0,-0.020516630373878054,0.04630348851687286,0.05818852350641627,0.0076665879713326,0.007900382029476693,0.04687367448643089,0.05880828808987593,0.006510131911041328,0.0068175544072458264,0.06466308414862051,0.07542716567266874,0.020516630373878054,
2000,base6,1,124,1,,3780.968686071923,exchangeable_varying_sigma,0.18,fixed,0.18,0.18,fixed,0.18,1.0,constant,0.3,-0.07655740872940905,0.04536972498669569,0.05804253428344064,0.020164837409313074,0.02218218252123659,0.045216714850096706,0.057735897236483265,0.019651244557462533,0.021649996307385934,0.05911884724095357,0.0687615830576689,0.07655740872940905,
2000,base6,1,124,1,,5173.221539421007,exchangeable_varying_sigma,0.18,fixed,0.18,0.18,fixed,0.18,1.0,constant,0.6,-0.14959224637382612,0.045152906649949136,0.05769094620451896,0.02213998537524131,0.023811331729960625,0.04298056166485765,0.054657919440758575,0.02200798834697476,0.0235958692402032,0.06070502355457951,0.07075696672429932,0.14959224637382612,
2000,base6,1,124,1,,3985.732355477987,exchangeable_varying_sigma,0.18,fixed,0.18,0.18,fixed,0.18,1.0,constant,0.9,-0.2241308310190283,0.044704337429734675,0.057067168864475236,0.02422324721491148,0.025481942256075026,0.03856799187863794,0.049195980814719265,0.025146932722602267,0.02616379525294401,0.06405494995253982,0.07542799067399385,0.2241308310190283,
1000,base5,2,125,1,,1531.1952631570166,exchangeable_varying_sigma,0.18,fixed,0.18,0.18,fixed,0.18,1.0,constant,0.0,0.01849481886569823,0.07853424180607545,0.10510555018605415,0.03002088753595515,0.03632709491979273,0.0812608797624867,0.10985695737387925,0.02470202788709179,0.03285394064972108,0.2677862060743752,0.3630231882915226,0.01849481886569823,
1000,base5,2,125,1,,1501.4437656899681,exchangeable_varying_sigma,0.18,fixed,0.18,0.18,fixed,0.18,1.0,constant,0.3,-0.08714894127476272,0.07926821199651489,0.10676093352860598,0.03664107785475751,0.04018596195966649,0.08152846233152593,0.11067400721780786,0.023645685452933163,0.025002593053315255,0.2650507744676137,0.3519686380013222,0.08714894127476272,
1000,base5,2,125,1,,1553.599321385962,exchangeable_varying_sigma,0.18,fixed,0.18,0.18,fixed,0.18,1.0,constant,0.6,-0.23794354101630338,0.07917487129042587,0.10639951410417701,0.03625072122892123,0.041637569824198216,0.07874921796124632,0.10747995075855754,0.02149215782964678,0.024649460632424028,0.2624243008924409,0.35042495111246347,0.23794354101630338,
1000,base5,2,125,1,,1171.7755176400533,exchangeable_varying_sigma,0.18,fixed,0.18,0.18,fixed,0.18,1.0,constant,0.9,-0.3906006764306925,0.07892730289645251,0.10558324089203633,0.03507941749598831,0.043788930387120444,0.07340574299927934,0.10181893189820072,0.01827983827629237,0.026540804743928906,0.25835070746808186,0.3475840932639938,0.3906006764306925,
1000,base6,2,125,1,,1767.8590189160313,exchangeable_varying_sigma,0.18,fixed,0.18,0.18,fixed,0.18,1.0,constant,0.0,-0.008751266054819072,0.0620914690777341,0.07967976155250373,0.01826983165128926,0.019894454601754263,0.06261570317351513,0.08026465136747613,0.02079586443439349,0.02267217306127417,0.1996663295156752,0.219501825444893,0.008751266054819072,
1000,base6,2,125,1,,1247.387311981991,exchangeable_varying_sigma,0.18,fixed,0.18,0.18,fixed,0.18,1.0,constant,0.3,-0.06031668246506175,0.06200612634142317,0.08137442876354076,0.020949947326179663,0.023906444800330835,0.06160324523887519,0.08084329395242162,0.019866996322350783,0.022119382564380705,0.21559341275617794,0.23365180620914242,0.06031668246506175,
1000,base6,2,125,1,,1020.0913819600828,exchangeable_varying_sigma,0.18,fixed,0.18,0.18,fixed,0.18,1.0,constant,0.6,-0.16087856552715746,0.06178771212436368,0.0810848885668927,0.020559590700343938,0.025799278870516792,0.058180749319986395,0.0764790839621905,0.018570516915652896,0.021409057832724884,0.2113609798565084,0.2311204048282774,0.16087856552715746,
1000,base6,2,125,1,,1325.5450997679727,exchangeable_varying_sigma,0.18,fixed,0.18,0.18,fixed,0.18,1.0,constant,0.9,-0.2659407629052798,0.06113459544974236,0.08027132634601919,0.02201108259025919,0.02858844195575732,0.05072403430410911,0.06774840458676566,0.016158235067682436,0.021718057235588298,0.2069264324375386,0.22804219538527856,0.2659407629052798,
2000,base5,2,125,1,,6476.689150621882,exchangeable_varying_sigma,0.18,fixed,0.18,0.18,fixed,0.18,1.0,constant,0.0,0.019599398365218422,0.06596900515763547,0.08999103866255699,0.00911254504951628,0.010371355881233365,0.06879583972564648,0.09537031138314961,0.013093995505615838,0.01588896344439931,0.3432163233025958,0.48263063861152244,0.019599398365218422,
2000,base5,2,125,1,,6587.177266353974,exchangeable_varying_sigma,0.18,fixed,0.18,0.18,fixed,0.18,1.0,constant,0.3,-0.11918869581750119,0.06455397663568034,0.08788162234196,0.021711408166119994,0.026605960333774277,0.06712196614861177,0.09359974622385135,0.018806783728809423,0.0245276944958851,0.3646027333789555,0.5078025105095829,0.11918869581750119,
2000,base5,2,125,1,,6309.672552401898,exchangeable_varying_sigma,0.18,fixed,0.18,0.18,fixed,0.18,1.0,constant,0.6,-0.25104505901640306,0.06455072893550452,0.08781142799280009,0.02474980255683501,0.030284411962194797,0.06553239735190965,0.0926339034889526,0.020841015282108855,0.027298806641378393,0.3642854411717576,0.5080941458745126,0.25104505901640306,
2000,base5,2,125,1,,4038.6554284710437,exchangeable_varying_sigma,0.18,fixed,0.18,0.18,fixed,0.18,1.0,constant,0.9,-0.3821815006089607,0.06458448720845987,0.08781746356920316,0.028425763487969963,0.03455331879972542,0.06239822137812168,0.09064552889176404,0.02354486611874962,0.031369557066720136,0.36361790630028623,0.5079076629072534,0.3821815006089607,
2000,base6,2,125,1,,5800.395489168819,exchangeable_varying_sigma,0.18,fixed,0.18,0.18,fixed,0.18,1.0,constant,0.0,0.012715155743130094,0.04670592940593353,0.05896428486850698,0.012032629664244732,0.019331045497963467,0.04736821318221464,0.05982469814084876,0.012059492679549672,0.020230149951342893,0.0730969923245187,0.08625609201074028,0.012715155743130094,
2000,base6,2,125,1,,3763.0615804658737,exchangeable_varying_sigma,0.18,fixed,0.18,0.18,fixed,0.18,1.0,constant,0.3,-0.07652583385371331,0.04424407848561842,0.056530067652991824,0.015984146037629043,0.018502268537420097,0.04438620684605729,0.056863422939672,0.014498882878773156,0.01712498397057617,0.06589263043524629,0.07934862465862272,0.07652583385371331,
2000,base6,2,125,1,,6414.205935927806,exchangeable_varying_sigma,0.18,fixed,0.18,0.18,fixed,0.18,1.0,constant,0.6,-0.1517472415235303,0.04434647994218734,0.05645020692024247,0.019022540428341478,0.02189981105461587,0.04247618056924823,0.054294698269590866,0.016215046532277955,0.018903695596706602,0.06768117542338939,0.08109012578135785,0.1517472415235303,
2000,base6,2,125,1,,6113.273433421971,exchangeable_varying_sigma,0.18,fixed,0.18,0.18,fixed,0.18,1.0,constant,0.9,-0.22597700908612095,0.04460448177518623,0.05649587961644207,0.0226985013594784,0.025968530448516415,0.03838642232877044,0.04893324975541272,0.019320858096039978,0.021905347363381813,0.07018222781775137,0.08358090348756812,0.22597700908612095,
1000,base5,3,126,1,,1149.3594275539508,exchangeable_varying_sigma,0.18,fixed,0.18,0.18,fixed,0.18,1.0,constant,0.0,0.04735476802821745,0.0783360320449413,0.10464269117204238,0.01840095950097212,0.02025598624538598,0.08147464177919038,0.10929094651762747,0.014979217135445727,0.01802555285562561,0.2507428062672254,0.3144936297775023,0.04735476802821745,
1000,base5,3,126,1,,1657.6295745889656,exchangeable_varying_sigma,0.18,fixed,0.18,0.18,fixed,0.18,1.0,constant,0.3,-0.15596212783213365,0.07722700979798093,0.1046793194820503,0.018545451173581057,0.028015634534587535,0.07947036916422498,0.10853648927285227,0.022065385419159256,0.029839367997620336,0.23344770942718301,0.28904979749427656,0.15596212783213365,
1000,base5,3,126,1,,1613.9543442999711,exchangeable_varying_sigma,0.18,fixed,0.18,0.18,fixed,0.18,1.0,constant,0.6,-0.3128886252873459,0.07694673362190434,0.10442030152145904,0.019459720719177703,0.029949248152751098,0.07700687627524334,0.10588790802781901,0.02207266319467574,0.031018059563698838,0.23153998703093367,0.28916814230598537,0.3128886252873459,
1000,base5,3,126,1,,1615.2480336800218,exchangeable_varying_sigma,0.18,fixed,0.18,0.18,fixed,0.18,1.0,constant,0.9,-0.470523268102641,0.07659174266440598,0.10399704548538474,0.020516087255865928,0.031552187558838145,0.07278602832143662,0.10141758054878532,0.02044077188263474,0.03085645057686073,0.2328798943753378,0.2930285681534255,0.470523268102641,
1000,base6,3,126,1,,969.461569615989,exchangeable_varying_sigma,0.18,fixed,0.18,0.18,fixed,0.18,1.0,constant,0.0,0.06878265918622001,0.05954758622168836,0.08179414287283418,0.01965284978485851,0.022728145061675586,0.060290877416003405,0.08266860621373337,0.019590387173855472,0.02266680737067365,0.2418333447819852,0.24750807077803164,0.06878265918622001,
1000,base6,3,126,1,,1490.8947345579509,exchangeable_varying_sigma,0.18,fixed,0.18,0.18,fixed,0.18,1.0,constant,0.3,-0.08039912986019737,0.06343377117652331,0.08537695683322286,0.032306325699736266,0.033839266059120236,0.0636905935033622,0.0850107021893177,0.032549900828684614,0.034668388218134116,0.2346161335914461,0.24331630756269046,0.08039912986019737,
1000,base6,3,126,1,,1771.6635321419453,exchangeable_varying_sigma,0.18,fixed,0.18,0.18,fixed,0.18,1.0,constant,0.6,-0.18885901898691176,0.06302612876528685,0.08519510075884663,0.03322059524533494,0.035465324735510076,0.060534237413226194,0.08102800369834566,0.03264719388557588,0.03539581954193361,0.23643395832697023,0.24445155326367024,0.18885901898691176,
1000,base6,3,126,1,,1561.0285034680273,exchangeable_varying_sigma,0.18,fixed,0.18,0.18,fixed,0.18,1.0,constant,0.9,-0.2992297434770306,0.062448039248793615,0.08475253656489451,0.03321942457237498,0.03650241072928357,0.053917313433884805,0.07307963044286392,0.03136358187903726,0.03501507130882791,0.23899487195958055,0.24657148284132452,0.2992297434770306,
2000,base5,3,126,1,,6530.072512331069,exchangeable_varying_sigma,0.18,fixed,0.18,0.18,fixed,0.18,1.0,constant,0.0,-0.0022344447520531185,0.06517427389474248,0.08872012802956249,0.006570139617422324,0.007582226551645513,0.06797269135145012,0.0938499253388778,0.007754376370560867,0.008923411593264126,0.36606883742473706,0.4974441413141702,0.0022344447520531185,
2000,base5,3,126,1,,4177.031708819093,exchangeable_varying_sigma,0.18,fixed,0.18,0.18,fixed,0.18,1.0,constant,0.3,-0.0866839964366474,0.06526633673228852,0.088623539025723,0.025018845227025688,0.029813762246596313,0.067791262213068,0.0934549499987762,0.017779794114558628,0.025149212157086955,0.3792928583934497,0.5141817454881605,0.0866839964366474,
2000,base5,3,126,1,,4960.060210817028,exchangeable_varying_sigma,0.18,fixed,0.18,0.18,fixed,0.18,1.0,constant,0.6,-0.2203094825739187,0.06498110313148608,0.08840611564062732,0.026571253762767255,0.03140563596518214,0.06585180713039279,0.091752543300404,0.01900946104567594,0.025713703285071762,0.3896939864885943,0.5243562433207696,0.2203094825739187,
2000,base5,3,126,1,,4978.054403939983,exchangeable_varying_sigma,0.18,fixed,0.18,0.18,fixed,0.18,1.0,constant,0.9,-0.3585374258558146,0.06443122950435388,0.08797351770340253,0.02787864951133434,0.03259857424477604,0.061968788266213666,0.08873105295322678,0.01984810762284528,0.025573452021124543,0.4030793130972337,0.5386982221022537,0.3585374258558146,
2000,base6,3,126,1,,7072.509482291993,exchangeable_varying_sigma,0.18,fixed,0.18,0.18,fixed,0.18,1.0,constant,0.0,-0.0175364028995773,0.047547607044975224,0.05928113727278255,0.006165584667994536,0.007164494380039724,0.04817674442608156,0.06010440812359386,0.00629356630263378,0.00685656617781873,0.06024611893294825,0.0730385431846967,0.0175364028995773,
2000,base6,3,126,1,,5065.100799425971,exchangeable_varying_sigma,0.18,fixed,0.18,0.18,fixed,0.18,1.0,constant,0.3,-0.05214962354418742,0.047995661457528295,0.061002043287495346,0.020881865643290726,0.025773334536164406,0.04740613961907892,0.06011516560919389,0.02001656652336195,0.024863275188526386,0.05415891482640718,0.066119786461562,0.05214962354418742,
2000,base6,3,126,1,,6091.4115319140255,exchangeable_varying_sigma,0.18,fixed,0.18,0.18,fixed,0.18,1.0,constant,0.6,-0.1303384604854736,0.047965471893049345,0.061126961224242424,0.022154335177963363,0.027356229490222213,0.044695057040750406,0.056738653439111435,0.02111136924807977,0.026199402252802748,0.055304694119350344,0.0670698115852507,0.1303384604854736,
2000,base6,3,126,1,,4797.276080839103,exchangeable_varying_sigma,0.18,fixed,0.18,0.18,fixed,0.18,1.0,constant,0.9,-0.21227908360854408,0.047813964663279605,0.06111800329057425,0.023165732881716666,0.02854799702023364,0.03960345779854496,0.05059585602862921,0.022785116574508685,0.027001507682235294,0.05790890720121713,0.07078328759117827,0.21227908360854408,
1000,base5,0,127,1,,2189.223907137988,exchangeable_varying_sigma,0.18,fixed,0.18,0.18,fixed,0.18,1.0,constant,0.0,-0.029725660858520107,0.08142597679486656,0.11010803139396116,0.02035753975221874,0.025726030722745062,0.08436622873042667,0.11521152138061942,0.016959763277421075,0.017727671192276088,0.30339461301934045,0.39636567511914794,0.029725660858520107,
1000,base5,0,127,1,,2221.076374080032,exchangeable_varying_sigma,0.18,fixed,0.18,0.18,fixed,0.18,1.0,constant,0.3,-0.11411332276542274,0.08001596965748725,0.10993503233116526,0.03943988849541963,0.043092537838339745,0.08219621193164013,0.11426965241088394,0.03669977320791047,0.03957471337915086,0.3071609035578846,0.40667947572951596,0.11411332276542274,
1000,base5,0,127,1,,2416.064559655031,exchangeable_varying_sigma,0.18,fixed,0.18,0.18,fixed,0.18,1.0,constant,0.6,-0.2707364452046096,0.07985470394002335,0.1098278490041014,0.04188021146885401,0.04692991169908471,0.07978762926170602,0.1119184926747162,0.03841694158059904,0.04186047949024643,0.3132423501801369,0.4116478646399391,0.2707364452046096,
1000,base5,0,127,1,,1791.5932805801276,exchangeable_varying_sigma,0.18,fixed,0.18,0.18,fixed,0.18,1.0,constant,0.9,-0.4300392518689637,0.07980828588602473,0.10952680643440016,0.043489059780771167,0.05045043694222595,0.0754829147584759,0.10762810120564749,0.039021967779887354,0.0434764904526591,0.3198799957336976,0.41660622785998197,0.4300392518689637,
1000,base6,0,127,1,,1690.7776241051033,exchangeable_varying_sigma,0.18,fixed,0.18,0.18,fixed,0.18,1.0,constant,0.0,-0.05697039693920057,0.06292081669966727,0.08240905076749724,0.02395948245876492,0.02485707993438207,0.06341457934432959,0.08321939471877123,0.02098090165450006,0.02172568056476177,0.15092020306614437,0.17514233350882766,0.05697039693920057,
1000,base6,0,127,1,,1595.0692217641044,exchangeable_varying_sigma,0.18,fixed,0.18,0.18,fixed,0.18,1.0,constant,0.3,-0.06835909060871853,0.06255301105169868,0.08330268017483583,0.034552839426551685,0.043582911074378304,0.06189186800264782,0.08257382795554481,0.03351963541516283,0.042445328614382105,0.13240987242603167,0.16386857378930322,0.06835909060871853,
1000,base6,0,127,1,,1560.9174509809818,exchangeable_varying_sigma,0.18,fixed,0.18,0.18,fixed,0.18,1.0,constant,0.6,-0.1755280713267076,0.062195778537266454,0.08323561161743473,0.03816356781291319,0.048181952465914994,0.05844012981597689,0.07850603839523773,0.035349422875308595,0.045456043102792484,0.12455077041469775,0.160100422783162,0.1755280713267076,
1000,base6,0,127,1,,1563.2304808951449,exchangeable_varying_sigma,0.18,fixed,0.18,0.18,fixed,0.18,1.0,constant,0.9,-0.28349680433229474,0.06166070345524671,0.08295251519506623,0.041597020329978335,0.052645483752130795,0.051487848770859844,0.07045850760682737,0.037241158339861025,0.04838984779515693,0.11890479745673353,0.1590630875591579,0.28349680433229474,
2000,base5,0,127,1,,6310.837212429149,exchangeable_varying_sigma,0.18,fixed,0.18,0.18,fixed,0.18,1.0,constant,0.0,0.01321789502285248,0.06721429414625338,0.09305141678834712,0.014953177804401419,0.015257861186335776,0.07045773921831085,0.09944041964184856,0.013171335919122146,0.014896007583854095,0.3997350743357365,0.5675822261082376,0.01321789502285248,
2000,base5,0,127,1,,6328.393673887942,exchangeable_varying_sigma,0.18,fixed,0.18,0.18,fixed,0.18,1.0,constant,0.3,-0.0933433023575162,0.0658502534493909,0.0906005382398955,0.009960556914636931,0.01371011128754094,0.06836068212423761,0.09635105217578802,0.008661309167626391,0.012512905568058478,0.39244137522494044,0.5399153320331821,0.0933433023575162,
2000,base5,0,127,1,,6371.957718920894,exchangeable_varying_sigma,0.18,fixed,0.18,0.18,fixed,0.18,1.0,constant,0.6,-0.23267401802071241,0.0657838283619767,0.09043419325382737,0.010975676191507078,0.014835767384886718,0.06655509488163769,0.09490665440922247,0.008788565721083233,0.013579781642180318,0.3987718745737269,0.541340116272892,0.23267401802071241,
2000,base5,0,127,1,,6412.0853255880065,exchangeable_varying_sigma,0.18,fixed,0.18,0.18,fixed,0.18,1.0,constant,0.9,-0.37412550630859287,0.06559938114233187,0.09029857608353502,0.012653923937418071,0.01625993752254843,0.06312271649865069,0.09236411039062806,0.009528662760080325,0.014968481158506105,0.4042591771189925,0.5425283674346606,0.37412550630859287,
2000,base6,0,127,1,,6376.871967070969,exchangeable_varying_sigma,0.18,fixed,0.18,0.18,fixed,0.18,1.0,constant,0.0,0.019429443715323607,0.04770818504507799,0.06121292262812708,0.011788778403678923,0.014027221333294754,0.04836809171882236,0.062030420048962365,0.011387359189602125,0.013752371199524646,0.08064650352555305,0.09415210610281116,0.019429443715323607,
2000,base6,0,127,1,,6762.870332952123,exchangeable_varying_sigma,0.18,fixed,0.18,0.18,fixed,0.18,1.0,constant,0.3,-0.032926858325552755,0.044732193293325166,0.057403876363523385,0.007779143644358902,0.008891413386554296,0.045136649874620086,0.057895399929295634,0.006679733332102131,0.007777770772604921,0.0654123507663429,0.07923893606876227,0.032926858325552755,
2000,base6,0,127,1,,7753.702615347924,exchangeable_varying_sigma,0.18,fixed,0.18,0.18,fixed,0.18,1.0,constant,0.6,-0.11274679289512574,0.04454830045805897,0.057149316971009,0.009343441108965234,0.01041324174732392,0.04332373897223332,0.05546384030576938,0.006779775868356985,0.008009705527612246,0.057854010130241044,0.07392890724532429,0.11274679289512574,
2000,base6,0,127,1,,6614.455340088112,exchangeable_varying_sigma,0.18,fixed,0.18,0.18,fixed,0.18,1.0,constant,0.9,-0.19491671438193214,0.04436041793837613,0.05693408974891254,0.011195151861070174,0.012238471467164405,0.03910879503133621,0.05018724313916212,0.006822306892094579,0.008138376750996665,0.05319970122418644,0.071884681807243,0.19491671438193214,
1000,base5,1,128,1,,2321.955708471127,exchangeable_varying_sigma,0.18,fixed,0.18,0.18,fixed,0.18,1.0,constant,0.0,0.042675464137847986,0.07759294639218901,0.10448141929594137,0.0293661824352022,0.03455312539983562,0.08063788036047699,0.1090800281128608,0.03014361781913555,0.03535041197697169,0.3094805483849331,0.4132024056532216,0.042675464137847986,
1000,base5,1,128,1,,1876.6398327201605,exchangeable_varying_sigma,0.18,fixed,0.18,0.18,fixed,0.18,1.0,constant,0.3,-0.14764173288900445,0.07577076268279685,0.10294527687705761,0.028977982673022457,0.033079762027269935,0.07851959065035712,0.10751452198037213,0.038116246549985744,0.043437588891214955,0.28912558545083605,0.37496403399823236,0.14764173288900445,
1000,base5,1,128,1,,1850.6223859600723,exchangeable_varying_sigma,0.18,fixed,0.18,0.18,fixed,0.18,1.0,constant,0.6,-0.299721505616928,0.07571832872887053,0.10279115872246927,0.03116357134340568,0.03521191400733921,0.07691269563677806,0.10567254582941046,0.04113411414773693,0.047371683556250495,0.28607675627117146,0.3719002322122941,0.299721505616928,
1000,base5,1,128,1,,1996.5209107080009,exchangeable_varying_sigma,0.18,fixed,0.18,0.18,fixed,0.18,1.0,constant,0.9,-0.45134488566420056,0.07601907159841984,0.10285787990501168,0.03259426901746197,0.036571808689527245,0.07356214994726998,0.10221025915333926,0.04450023703951607,0.050322595109995795,0.28526195687096817,0.3715735246556673,0.45134488566420056,
1000,base6,1,128,1,,1574.557935646968,exchangeable_varying_sigma,0.18,fixed,0.18,0.18,fixed,0.18,1.0,constant,0.0,0.027598093559928896,0.06092124070885607,0.08149042873768816,0.02547849728286565,0.03321054696566379,0.06192874116776923,0.08282089131579246,0.027453247875293865,0.033935638980503134,0.1685294986072418,0.1913707566302529,0.027598093559928896,
1000,base6,1,128,1,,1626.3573630210012,exchangeable_varying_sigma,0.18,fixed,0.18,0.18,fixed,0.18,1.0,constant,0.3,-0.11975661218947664,0.062266489257994884,0.08439658529909978,0.03343267948400394,0.034380135273901706,0.062172479056555506,0.0847584931562574,0.035071082819522675,0.036017602929082106,0.1906116309956072,0.2065845848345328,0.11975661218947664,
1000,base6,1,128,1,,1593.9406186949927,exchangeable_varying_sigma,0.18,fixed,0.18,0.18,fixed,0.18,1.0,constant,0.6,-0.2181922631587469,0.0623966200455582,0.08405784846752941,0.03561826815438818,0.03653397517126845,0.059316698356556,0.080891859559537,0.036778231523599755,0.03745745672216451,0.19675835025985816,0.21116676665761913,0.2181922631587469,
1000,base6,1,128,1,,1604.7768402721267,exchangeable_varying_sigma,0.18,fixed,0.18,0.18,fixed,0.18,1.0,constant,0.9,-0.3146520456809122,0.06260076018223641,0.08372107159715549,0.03704896582844469,0.037893822151268346,0.053330396091598585,0.07280358375093766,0.03654672243003845,0.03700922021783236,0.2018560843254018,0.21536326568967826,0.3146520456809122,
2000,base5,1,128,1,,6421.946421425091,exchangeable_varying_sigma,0.18,fixed,0.18,0.18,fixed,0.18,1.0,constant,0.0,0.005814716727704,0.06457901846057106,0.08765712735963702,0.020829747859659825,0.023117438321999775,0.0680184682167353,0.09356746979730457,0.017737174781265602,0.019693223841501364,0.4364542530464803,0.6131909077987128,0.005814716727704,
2000,base5,1,128,1,,6407.155062871054,exchangeable_varying_sigma,0.18,fixed,0.18,0.18,fixed,0.18,1.0,constant,0.3,-0.14371041895591288,0.06439781433439883,0.08784325881949358,0.014509526430483657,0.01952219354775757,0.06677085959397337,0.0928147518749354,0.01643088871410646,0.020240968613900293,0.4106240879186343,0.5707961102486585,0.14371041895591288,
2000,base5,1,128,1,,6310.189774080878,exchangeable_varying_sigma,0.18,fixed,0.18,0.18,fixed,0.18,1.0,constant,0.6,-0.2744049623203044,0.06434774606778607,0.08766231650427074,0.016726609085068275,0.021769949455021483,0.06516685489470378,0.0914102379683959,0.018440289336053864,0.022552670739499573,0.4063463529408543,0.5625460439838809,0.2744049623203044,
2000,base5,1,128,1,,6260.691622371087,exchangeable_varying_sigma,0.18,fixed,0.18,0.18,fixed,0.18,1.0,constant,0.9,-0.40392753911069323,0.06416636717658472,0.08739112123307903,0.018729632033119198,0.02392886146938719,0.06203614097597143,0.08882469638623004,0.020083904066340336,0.02478260362557597,0.4026756065654372,0.5550398427244695,0.40392753911069323,
2000,base6,1,128,1,,6824.278377830051,exchangeable_varying_sigma,0.18,fixed,0.18,0.18,fixed,0.18,1.0,constant,0.0,-0.007505484610704786,0.046715100478039936,0.059170804412717604,0.015748664728593514,0.016516440807437346,0.04743483660521477,0.059947604687458945,0.015459800747818248,0.016323217054470335,0.07914537752425403,0.09364584745775109,0.007505484610704786,
2000,base6,1,128,1,,6729.919340210035,exchangeable_varying_sigma,0.18,fixed,0.18,0.18,fixed,0.18,1.0,constant,0.3,-0.08369726782926609,0.045420645478506376,0.057955320634670716,0.0195906095615465,0.021561222988074707,0.046048203752876195,0.05876079108231551,0.02020921698791392,0.021857750651550215,0.07993665084537278,0.095825799872005,0.08369726782926609,
2000,base6,1,128,1,,8073.128977776971,exchangeable_varying_sigma,0.18,fixed,0.18,0.18,fixed,0.18,1.0,constant,0.6,-0.15082387280555476,0.04511827720446609,0.05763297682548578,0.021807692216135197,0.024059908622479628,0.044152622724846595,0.056412347197608084,0.022404522377205194,0.024273422656905037,0.07818391902633337,0.09279390607151312,0.15082387280555476,
2000,base6,1,128,1,,6327.469386131968,exchangeable_varying_sigma,0.18,fixed,0.18,0.18,fixed,0.18,1.0,constant,0.9,-0.21456802066514558,0.04458184503098905,0.057185591197361205,0.023810715164185592,0.02640335340908901,0.03984801199988522,0.05123786026257435,0.023873237923613164,0.026277026367490106,0.07639060833911591,0.0904087824994871,0.21456802066514558,
1000,base5,2,129,1,,2826.197208079975,exchangeable_varying_sigma,0.18,fixed,0.18,0.18,fixed,0.18,1.0,constant,0.0,0.012690772249236816,0.07898595528539676,0.1047555167095636,0.03206220061752482,0.036541075931029975,0.08202121606259949,0.10987109721929228,0.02662593752094511,0.03372670645925184,0.2948169025231145,0.35792131052091325,0.012690772249236816,
1000,base5,2,129,1,,2407.5781626629177,exchangeable_varying_sigma,0.18,fixed,0.18,0.18,fixed,0.18,1.0,constant,0.3,-0.21011249458696996,0.08086125513355641,0.10710303924002987,0.026768883763445245,0.02984799822318672,0.08434377121743318,0.11223263180309845,0.026002704167366497,0.030371780264841428,0.279072455011501,0.33929489868461243,0.21011249458696996,
1000,base5,2,129,1,,2434.000119959004,exchangeable_varying_sigma,0.18,fixed,0.18,0.18,fixed,0.18,1.0,constant,0.6,-0.3564013834361584,0.07967312859403612,0.10580244393997426,0.028640254055860292,0.03152710002492775,0.08199837817504003,0.10994823023346642,0.02748027389543435,0.030680050641899433,0.2683739672066178,0.32491320200920915,0.3564013834361584,
1000,base5,2,129,1,,2107.5210149390623,exchangeable_varying_sigma,0.18,fixed,0.18,0.18,fixed,0.18,1.0,constant,0.9,-0.49800023931758075,0.0781166240947016,0.10413141116562279,0.02982930532632551,0.033055300888782516,0.07718830023628981,0.10542476242580369,0.0274700324953938,0.029553433853530316,0.25559675925075737,0.307815935694158,0.49800023931758075,
1000,base6,2,129,1,,1567.8806340799201,exchangeable_varying_sigma,0.18,fixed,0.18,0.18,fixed,0.18,1.0,constant,0.0,0.003472671687370328,0.05784393216645185,0.07491063712346437,0.026925215321501467,0.03241172031788449,0.05856812694542248,0.07591314920646192,0.026467894497816502,0.03237178766583231,0.214858323625107,0.22975005640972126,0.003472671687370328,
1000,base6,2,129,1,,1614.5576102291234,exchangeable_varying_sigma,0.18,fixed,0.18,0.18,fixed,0.18,1.0,constant,0.3,-0.15510014464346766,0.06040237480176025,0.07967577826548443,0.028239533386287916,0.030102836859354252,0.060883510595177215,0.08002289963038141,0.027904495923704656,0.0297187140494874,0.26478168562941395,0.2804894208953495,0.15510014464346766,
1000,base6,2,129,1,,1620.0556133610662,exchangeable_varying_sigma,0.18,fixed,0.18,0.18,fixed,0.18,1.0,constant,0.6,-0.2400173883494483,0.059490087050827416,0.07858111212633286,0.030110903678703047,0.03230674974431452,0.058008818146201846,0.07631181356700503,0.029556152213054437,0.03129435184755996,0.27891610403614187,0.29343172291661324,0.2400173883494483,
1000,base6,2,129,1,,1567.8320497749373,exchangeable_varying_sigma,0.18,fixed,0.18,0.18,fixed,0.18,1.0,constant,0.9,-0.3169491088316022,0.05825424921649435,0.07725661325709962,0.03129995494916718,0.03443944253175454,0.05178628239131254,0.06838526889890965,0.0293175650233711,0.03165870639671546,0.29047680467108694,0.30449128098298134,0.3169491088316022,
2000,base5,2,129,1,,6314.472969854018,exchangeable_varying_sigma,0.18,fixed,0.18,0.18,fixed,0.18,1.0,constant,0.0,0.006031405130228532,0.06503633331895728,0.08867359081070637,0.02272737820173637,0.031013814450471987,0.06787292921494346,0.09383085758510061,0.016505215695640438,0.026717407524596896,0.33808560315171354,0.47442131596908477,0.006031405130228532,
2000,base5,2,129,1,,6279.516769713955,exchangeable_varying_sigma,0.18,fixed,0.18,0.18,fixed,0.18,1.0,constant,0.3,-0.10413602447954631,0.06576864763852404,0.0898504099745623,0.028411597914342224,0.029815137382620954,0.0681525982469804,0.09475663531841931,0.030005823793026826,0.0316191046516684,0.37226072269431687,0.5260990342531637,0.10413602447954631,
2000,base5,2,129,1,,6336.808978587156,exchangeable_varying_sigma,0.18,fixed,0.18,0.18,fixed,0.18,1.0,constant,0.6,-0.239244765052386,0.06579555407811512,0.08985401799000667,0.031198931037601657,0.03272542032754911,0.06637212419926387,0.09317518066907408,0.032958666810169096,0.03483606615029459,0.3752680126027448,0.5261868492571053,0.239244765052386,
2000,base5,2,129,1,,6334.7144589999225,exchangeable_varying_sigma,0.18,fixed,0.18,0.18,fixed,0.18,1.0,constant,0.9,-0.3792594566224776,0.06566779303573995,0.08969085789415995,0.033557606867363726,0.03520871964024125,0.06292402703222053,0.09035880300526154,0.035229022522641235,0.03707539625208735,0.38032738101478303,0.5279150552441668,0.3792594566224776,
2000,base6,2,129,1,,6546.0397895250935,exchangeable_varying_sigma,0.18,fixed,0.18,0.18,fixed,0.18,1.0,constant,0.0,0.024057393898983752,0.04608050457537447,0.058277797055438264,0.014451834884572468,0.018468763850422926,0.046473307546808076,0.05882132871484759,0.013931937355962737,0.018833558015463867,0.05042733940064926,0.05955366328003355,0.024057393898983752,
2000,base6,2,129,1,,6990.503030551132,exchangeable_varying_sigma,0.18,fixed,0.18,0.18,fixed,0.18,1.0,constant,0.3,-0.06882187807128126,0.04652660258134657,0.059426643005352144,0.028899418934447724,0.03401800790966467,0.04638329874555896,0.05923007015720419,0.029876702527229182,0.03558226542701674,0.05844653353365162,0.06729379774584478,0.06882187807128126,
2000,base6,2,129,1,,7913.838752242038,exchangeable_varying_sigma,0.18,fixed,0.18,0.18,fixed,0.18,1.0,constant,0.6,-0.14085797427395663,0.04647845368345059,0.05942192959880513,0.03168675205771029,0.037037155843414715,0.044081358833258866,0.05650618817332181,0.03275392278615652,0.039119227556166467,0.054110954756247824,0.06141198143824319,0.14085797427395663,
2000,base6,2,129,1,,7076.526363968849,exchangeable_varying_sigma,0.18,fixed,0.18,0.18,fixed,0.18,1.0,constant,0.9,-0.21308806015611204,0.046275348542213,0.05916759941488449,0.0340454278874702,0.03950923347938904,0.03942673973916863,0.050881434889608765,0.03479100249001618,0.0414705792218726,0.04835772986423073,0.054211813554395964,0.21308806015611204,
1000,base5,3,130,1,,2705.6982119989116,exchangeable_varying_sigma,0.18,fixed,0.18,0.18,fixed,0.18,1.0,constant,0.0,-0.047159684741954255,0.07743313517666868,0.10221193247172569,0.028003818621287313,0.032283958206654584,0.08078261554104793,0.10779626232336584,0.027375920668501308,0.03233266491143715,0.30468458805106297,0.3968707411074065,0.047159684741954255,
1000,base5,3,130,1,,2743.2159174769185,exchangeable_varying_sigma,0.18,fixed,0.18,0.18,fixed,0.18,1.0,constant,0.3,-0.1774986524752047,0.08156879432344397,0.10872566157487862,0.019454869210419792,0.021414090375211546,0.08400494195721933,0.11314859752381694,0.021237566416880446,0.02217791947617034,0.3061682621123129,0.3853484306012188,0.1774986524752047,
1000,base5,3,130,1,,2789.329931164859,exchangeable_varying_sigma,0.18,fixed,0.18,0.18,fixed,0.18,1.0,constant,0.6,-0.33473391058041796,0.08196474270815257,0.10926184708815849,0.022817728422779474,0.024318855746435556,0.08200525123180909,0.11052954191940233,0.02543771950469531,0.026288136801421037,0.3031953244514518,0.3863486433698369,0.33473391058041796,
1000,base5,3,130,1,,2060.7306808431167,exchangeable_varying_sigma,0.18,fixed,0.18,0.18,fixed,0.18,1.0,constant,0.9,-0.49360467387341384,0.0820831289224787,0.10936372156568318,0.025652027786906714,0.02668899664559598,0.07790077498240067,0.10587823019368946,0.029247438750175547,0.030010670421091866,0.29951876665382754,0.38749858140442556,0.49360467387341384,
1000,base6,3,130,1,,1535.0454587519635,exchangeable_varying_sigma,0.18,fixed,0.18,0.18,fixed,0.18,1.0,constant,0.0,0.008554118325340742,0.06173155344008147,0.08177306009811902,0.021795677648228456,0.027004145748643207,0.06250513669529362,0.08265201195355505,0.0198920054544066,0.024669604289896573,0.2341674693205318,0.24930973058400047,0.008554118325340742,
1000,base6,3,130,1,,1624.8060192060657,exchangeable_varying_sigma,0.18,fixed,0.18,0.18,fixed,0.18,1.0,constant,0.3,-0.10283058932201872,0.06472641467612131,0.08689707558637091,0.03997366612758904,0.04458349000828183,0.06398691868478992,0.08612930677045322,0.03984938376016531,0.04505129811100651,0.24320646998807438,0.25591009612553,0.10283058932201872,
1000,base6,3,130,1,,1539.837135320995,exchangeable_varying_sigma,0.18,fixed,0.18,0.18,fixed,0.18,1.0,constant,0.6,-0.21663458655296625,0.06490014125848,0.08737206215047176,0.04333652533994904,0.04789094171219169,0.06066162010833749,0.08182097854922689,0.0439725245946862,0.048936296807829606,0.2294287314447717,0.24221312773766887,0.21663458655296625,
1000,base6,3,130,1,,1574.9621560070664,exchangeable_varying_sigma,0.18,fixed,0.18,0.18,fixed,0.18,1.0,constant,0.9,-0.33635870529128153,0.06453813962781532,0.08720288546848153,0.04617082470407716,0.05066612114336577,0.054438314687884605,0.07356878611579448,0.047266062139007164,0.051778891841738305,0.21239023445118863,0.2258957900923518,0.33635870529128153,
2000,base5,3,130,1,,6293.5552739328705,exchangeable_varying_sigma,0.18,fixed,0.18,0.18,fixed,0.18,1.0,constant,0.0,-0.002096206984688861,0.0645014058759901,0.08687430187019884,0.013428337351941419,0.01499498243898616,0.06776404765738545,0.09272547869127658,0.012779510812506736,0.01688520352485432,0.3802138743667514,0.5199503766960968,0.002096206984688861,
2000,base5,3,130,1,,6262.509614332812,exchangeable_varying_sigma,0.18,fixed,0.18,0.18,fixed,0.18,1.0,constant,0.3,-0.14977888743454215,0.06316977919439556,0.08496706725866914,0.009539937485769395,0.01354304806808071,0.0657519093694955,0.0901557857660064,0.011181295340361858,0.01455662772805578,0.3589254282385094,0.482925012015783,0.14977888743454215,
2000,base5,3,130,1,,6365.916943684919,exchangeable_varying_sigma,0.18,fixed,0.18,0.18,fixed,0.18,1.0,constant,0.6,-0.28087226945178745,0.0632940895737348,0.08511067539299334,0.009431913724159247,0.013762111330698107,0.06436816727527078,0.08924925703577782,0.01144525993543083,0.014352229677002809,0.36086303542424525,0.4834922040913158,0.28087226945178745,
2000,base5,3,130,1,,6378.742458587047,exchangeable_varying_sigma,0.18,fixed,0.18,0.18,fixed,0.18,1.0,constant,0.9,-0.40996300998080293,0.06347031956287226,0.0853226971373392,0.009257639261712053,0.014005168275943322,0.06166386781030159,0.08745511365178067,0.011824251556917714,0.014254899644990361,0.3633404581854187,0.48434695509184905,0.40996300998080293,
2000,base6,3,130,1,,6884.760635392042,exchangeable_varying_sigma,0.18,fixed,0.18,0.18,fixed,0.18,1.0,constant,0.0,0.004446782815052874,0.04573434853120792,0.059024997153887905,0.005566179866668686,0.00852049110236914,0.04650355937090772,0.05991038990608862,0.0065395872362310065,0.009852339600258662,0.07745510076155142,0.09682632893291311,0.004446782815052874,
2000,base6,3,130,1,,6920.990952135995,exchangeable_varying_sigma,0.18,fixed,0.18,0.18,fixed,0.18,1.0,constant,0.3,-0.09507067906670416,0.04493183296379431,0.0570048195702144,0.004832734100554376,0.0052452143699096045,0.045104479103436276,0.05701837433104735,0.003968084529902022,0.003996055559087307,0.0774265101229144,0.0927553937245529,0.09507067906670416,
2000,base6,3,130,1,,7504.533303952077,exchangeable_varying_sigma,0.18,fixed,0.18,0.18,fixed,0.18,1.0,constant,0.6,-0.1681240450930705,0.045160913996080174,0.05744764327634479,0.005130700559041718,0.005682559534409779,0.0433406916238392,0.05482574219527882,0.003922972227999866,0.004186009897401311,0.08161453602494893,0.09889132266446903,0.1681240450930705,
2000,base6,3,130,1,,6821.656642381102,exchangeable_varying_sigma,0.18,fixed,0.18,0.18,fixed,0.18,1.0,constant,0.9,-0.23710248396859324,0.04548903219568253,0.05806963487031374,0.005376124278174549,0.006136845693960138,0.03972176704682166,0.05047067466861328,0.004011063185028418,0.005173543348080539,0.08582359309054624,0.10558739544686818,0.23710248396859324,
1000,base5,0,131,1,,1643.4565756099764,exchangeable_varying_sigma,0.18,fixed,0.18,0.18,fixed,0.18,1.0,constant,0.0,0.011677176279499157,0.07851848684641786,0.1050444039836932,0.0210624710550502,0.026009910905688122,0.08174517630870201,0.10997616479581203,0.02108072426950873,0.025960348558274962,0.27417632866856445,0.35491523958597154,0.011677176279499157,
1000,base5,0,131,1,,1379.330195107963,exchangeable_varying_sigma,0.18,fixed,0.18,0.18,fixed,0.18,1.0,constant,0.3,-0.1029699133314621,0.08066862614106816,0.10522354401819062,0.03604069010820796,0.038360395540573945,0.08319177210482342,0.10943279715600011,0.039922537683110965,0.041531198209872014,0.254511304788476,0.31450368986132476,0.1029699133314621,
1000,base5,0,131,1,,1804.7006974921096,exchangeable_varying_sigma,0.18,fixed,0.18,0.18,fixed,0.18,1.0,constant,0.6,-0.25817962929216015,0.0812557007990191,0.10612993870553317,0.03734299846724723,0.03915024514170482,0.08125450314386577,0.10762426741187882,0.03954530904998228,0.040599015280855646,0.24738659980135694,0.30223471894937337,0.25817962929216015,
1000,base5,0,131,1,,1383.8776488939766,exchangeable_varying_sigma,0.18,fixed,0.18,0.18,fixed,0.18,1.0,constant,0.9,-0.41503197078511656,0.08186875205784264,0.10721481458848606,0.037467110286774144,0.03879523727056192,0.07746416662101575,0.10391175527665888,0.03613601806063055,0.03676173605474997,0.24013622887026667,0.2895205343755066,0.41503197078511656,
1000,base6,0,131,1,,1144.8302115059923,exchangeable_varying_sigma,0.18,fixed,0.18,0.18,fixed,0.18,1.0,constant,0.0,-0.01117683421668773,0.0626827049950645,0.08589440392149662,0.01708972012589452,0.021967240222426663,0.0634626120214477,0.08673153606710254,0.01755009434780247,0.023358570258647838,0.23936806115785134,0.25322773257361103,0.01117683421668773,
1000,base6,0,131,1,,1402.6728232679889,exchangeable_varying_sigma,0.18,fixed,0.18,0.18,fixed,0.18,1.0,constant,0.3,-0.04567368318635795,0.06445577105543905,0.08753339534370268,0.023206974352293255,0.023861408721389588,0.06390190995701764,0.08667125096199639,0.027214335374538615,0.02752488947566315,0.2507934597252083,0.2657560743169223,0.04567368318635795,
1000,base6,0,131,1,,1598.4375578649342,exchangeable_varying_sigma,0.18,fixed,0.18,0.18,fixed,0.18,1.0,constant,0.6,-0.15214317926896215,0.06472834367337829,0.08848891626743158,0.024509282711333055,0.025205688636405967,0.06068695770189175,0.0830452361271893,0.026999048324294436,0.027090904224879243,0.24791350063307332,0.2627507260561836,0.15214317926896215,
1000,base6,0,131,1,,1328.2464301260188,exchangeable_varying_sigma,0.18,fixed,0.18,0.18,fixed,0.18,1.0,constant,0.9,-0.2640718380068181,0.06467446943958964,0.0894721362448413,0.02463339453085829,0.025455328257851403,0.05388825311200908,0.07506915039661609,0.02323165696822463,0.023297870582881675,0.24429796558773223,0.2595585935523342,0.2640718380068181,
2000,base5,0,131,1,,5189.589248876087,exchangeable_varying_sigma,0.18,fixed,0.18,0.18,fixed,0.18,1.0,constant,0.0,0.02115681993756575,0.065244484344748,0.08729142019701426,0.016249449378913094,0.017381701305614596,0.06854634662149682,0.09280574426111332,0.01441790930799744,0.01598925427528535,0.3872567450181466,0.5258257605549861,0.02115681993756575,
2000,base5,0,131,1,,5539.92907587206,exchangeable_varying_sigma,0.18,fixed,0.18,0.18,fixed,0.18,1.0,constant,0.3,-0.11847594194508324,0.06642051788434983,0.08996731304104866,0.021266548666891955,0.024814052863279295,0.06898212316514887,0.09490661554855909,0.018337514552714818,0.02014759516925891,0.38846494876950804,0.5233463807837696,0.11847594194508324,
2000,base5,0,131,1,,6339.242924503982,exchangeable_varying_sigma,0.18,fixed,0.18,0.18,fixed,0.18,1.0,constant,0.6,-0.26039857851935955,0.0667811775302146,0.0901323016329613,0.02243646092615814,0.026216122705320057,0.06744811184004622,0.09334827806137903,0.01937991066562081,0.02134761189512451,0.3905357625309843,0.5277136329949891,0.26039857851935955,
2000,base5,0,131,1,,6544.733988461085,exchangeable_varying_sigma,0.18,fixed,0.18,0.18,fixed,0.18,1.0,constant,0.9,-0.40221771736165346,0.06716495218955934,0.0902710146372538,0.0234157567784872,0.027653936097133805,0.06454035861195956,0.0904465117263014,0.020252017512308235,0.02286625765421507,0.39059514674345086,0.531114827451383,0.40221771736165346,
2000,base6,0,131,1,,4708.6255056071095,exchangeable_varying_sigma,0.18,fixed,0.18,0.18,fixed,0.18,1.0,constant,0.0,0.004665331793324852,0.04754465747272352,0.059518400862163603,0.010243442533736963,0.010799313232959596,0.04840663348597087,0.06049765991445613,0.009653379914344618,0.010417936691653654,0.09221310789043126,0.10996291784712073,0.004665331793324852,
2000,base6,0,131,1,,4677.32381940796,exchangeable_varying_sigma,0.18,fixed,0.18,0.18,fixed,0.18,1.0,constant,0.3,-0.05099695520493064,0.04906813737062228,0.06273950506452201,0.017273753429665445,0.01804962868319194,0.049141804470258774,0.06285532852582529,0.016244931151771252,0.017245407328361426,0.08535067834731945,0.10598091494180567,0.05099695520493064,
2000,base6,0,131,1,,4158.310943218181,exchangeable_varying_sigma,0.18,fixed,0.18,0.18,fixed,0.18,1.0,constant,0.6,-0.13764055468603043,0.048991845332855964,0.06270034262771021,0.01844366568893016,0.019601300207494936,0.046755748501549316,0.05983204099101841,0.01655448684767627,0.01818294284481285,0.08575034183368876,0.10631964746731425,0.13764055468603043,
2000,base6,0,131,1,,4033.325137651991,exchangeable_varying_sigma,0.18,fixed,0.18,0.18,fixed,0.18,1.0,constant,0.9,-0.22792774637133795,0.04874967902295045,0.062493732545849744,0.019422961541259054,0.021195007990850716,0.04167469555812883,0.05338478777837375,0.016898893776942342,0.019704569739725245,0.08677639133293207,0.10669057579926787,0.22792774637133795,
1000,base5,1,132,1,,1641.181511284085,exchangeable_varying_sigma,0.18,fixed,0.18,0.18,fixed,0.18,1.0,constant,0.0,-0.06085865405087438,0.07937433920811514,0.10833571988348016,0.020428208529855163,0.022421755282771575,0.08268733897654068,0.11357977212500464,0.017501908162290303,0.02002856145345545,0.28777427856624693,0.3646513530708885,0.06085865405087438,
1000,base5,1,132,1,,1584.434228520142,exchangeable_varying_sigma,0.18,fixed,0.18,0.18,fixed,0.18,1.0,constant,0.3,-0.15428101468370378,0.07603646585907176,0.1039261579189792,0.024587827543648563,0.030208920760064272,0.07844713713827213,0.10816251704406993,0.025992748127150217,0.032684011880926525,0.3284365632760084,0.43878444105044156,0.15428101468370378,
1000,base5,1,132,1,,1543.5549066611566,exchangeable_varying_sigma,0.18,fixed,0.18,0.18,fixed,0.18,1.0,constant,0.6,-0.31276617205096274,0.07671532749999505,0.10488597755535219,0.02528091196748712,0.03080889448990059,0.07697179758497494,0.10655401698959133,0.028401070992410626,0.03545419131314017,0.32971745362996446,0.43877617627836263,0.31276617205096274,
1000,base5,1,132,1,,1441.8517291469034,exchangeable_varying_sigma,0.18,fixed,0.18,0.18,fixed,0.18,1.0,constant,0.9,-0.4708807400456113,0.07756924280576703,0.10608498485891785,0.02481693436692972,0.03013282661501714,0.07365606807979258,0.10330474212512746,0.02906127331622123,0.03649461631507589,0.3310065779890406,0.43792355469533417,0.4708807400456113,
1000,base6,1,132,1,,1451.2057011609431,exchangeable_varying_sigma,0.18,fixed,0.18,0.18,fixed,0.18,1.0,constant,0.0,-0.01838997005699827,0.06402817808813803,0.0853380475300028,0.014604977460142665,0.016906885341437517,0.06486800067326687,0.08632797764769494,0.014745846651866318,0.017041752597412727,0.21434893268316166,0.22837124533192535,0.01838997005699827,
1000,base6,1,132,1,,1615.198281657882,exchangeable_varying_sigma,0.18,fixed,0.18,0.18,fixed,0.18,1.0,constant,0.3,-0.09579470106325191,0.05977155998490515,0.0810396602458121,0.032926193486385286,0.03962774331542042,0.05967428289251268,0.08049653920922396,0.03539791981127208,0.042340450040243935,0.17997830230701858,0.2062722149004963,0.09579470106325191,
1000,base6,1,132,1,,1566.2333136599045,exchangeable_varying_sigma,0.18,fixed,0.18,0.18,fixed,0.18,1.0,constant,0.6,-0.20442616910660227,0.06070652718841307,0.08229990294666548,0.03412025266031432,0.04055177633114648,0.05712562233432845,0.07681754139044719,0.03786344389651777,0.04430002060185019,0.17692298112076663,0.20463483082616823,0.20442616910660227,
1000,base6,1,132,1,,1549.2268579280935,exchangeable_varying_sigma,0.18,fixed,0.18,0.18,fixed,0.18,1.0,constant,0.9,-0.31236855466079316,0.061977031513623576,0.08376817232620792,0.03459452785275054,0.04019979069447031,0.05165771439931971,0.06923339208327715,0.03849701970564276,0.044224315306266165,0.17541206790084707,0.20443081624947904,0.31236855466079316,
2000,base5,1,132,1,,5462.219702859875,exchangeable_varying_sigma,0.18,fixed,0.18,0.18,fixed,0.18,1.0,constant,0.0,0.002980278465649431,0.0629048194783713,0.08804191294469509,0.01873527145410195,0.023898426438112484,0.06623837181828802,0.09460661185163441,0.022159950133099543,0.02418220237963568,0.40168691752808844,0.5736395932279406,0.002980278465649431,
2000,base5,1,132,1,,6123.202787767863,exchangeable_varying_sigma,0.18,fixed,0.18,0.18,fixed,0.18,1.0,constant,0.3,-0.11103832230031854,0.06373781549645234,0.0893979975723519,0.012218772080194007,0.014650824272231898,0.06606966080843198,0.09476935085817702,0.013970516246544593,0.015003072260520701,0.39337281676782015,0.5539635275263207,0.11103832230031854,
2000,base5,1,132,1,,6166.915742231067,exchangeable_varying_sigma,0.18,fixed,0.18,0.18,fixed,0.18,1.0,constant,0.6,-0.24389317598452132,0.06383905288765662,0.08946099538568063,0.013335614188326114,0.016218107047516753,0.06441366458903405,0.09321632985207183,0.014480144574941789,0.015278462340940225,0.39816433383565636,0.5555534599727646,0.24389317598452132,
2000,base5,1,132,1,,5975.902720410144,exchangeable_varying_sigma,0.18,fixed,0.18,0.18,fixed,0.18,1.0,constant,0.9,-0.37870976767868014,0.06397266560916591,0.08940189161651749,0.014374848115600553,0.018148943314603413,0.06127010015839775,0.09035225505726358,0.015144127931252943,0.0158666521001265,0.4042769412953711,0.5591642215443119,0.37870976767868014,
2000,base6,1,132,1,,4446.996836497914,exchangeable_varying_sigma,0.18,fixed,0.18,0.18,fixed,0.18,1.0,constant,0.0,0.015602348031427252,0.04636456649504341,0.0585003342400168,0.020203107368269635,0.022044708150870288,0.04696645606732005,0.059213171211482826,0.02043194591261635,0.02179975688865048,0.06723469583073304,0.07676912604502958,0.015602348031427252,
2000,base6,1,132,1,,4932.114805096993,exchangeable_varying_sigma,0.18,fixed,0.18,0.18,fixed,0.18,1.0,constant,0.3,-0.03588841459711034,0.045820945266933595,0.0594038946883863,0.00944565590987223,0.012502368101549971,0.046131481077449445,0.05953840129151151,0.009050453777404294,0.012562800006177453,0.07908547030490504,0.08964218974697684,0.03588841459711034,
2000,base6,1,132,1,,4788.688196305884,exchangeable_varying_sigma,0.18,fixed,0.18,0.18,fixed,0.18,1.0,constant,0.6,-0.11075312534267767,0.04573845070268887,0.05946229754369919,0.010991189786607361,0.0146753798802185,0.043954258880907635,0.05677643833275047,0.00947322991456484,0.013042572148226322,0.08298374892626495,0.09340437112416207,0.11075312534267767,
2000,base6,1,132,1,,3870.0907079169992,exchangeable_varying_sigma,0.18,fixed,0.18,0.18,fixed,0.18,1.0,constant,0.9,-0.1907856727367757,0.045621586235584176,0.059300380835853816,0.012470691718876006,0.0170974827154113,0.03918448768494724,0.05078271794426634,0.00975564064607154,0.014020963674503062,0.08831505308226098,0.09862529376070416,0.1907856727367757,
1000,base5,2,133,1,,1669.6191883371212,exchangeable_varying_sigma,0.18,fixed,0.18,0.18,fixed,0.18,1.0,constant,0.0,0.02924213890872953,0.08011355316626097,0.10805619294132611,0.01260126295409228,0.012891950835315039,0.08391260198344257,0.11392951322807714,0.012111495268005673,0.016234993698870204,0.25771458954126175,0.33155933643933017,0.02924213890872953,
1000,base5,2,133,1,,1736.796670377953,exchangeable_varying_sigma,0.18,fixed,0.18,0.18,fixed,0.18,1.0,constant,0.3,-0.08061006953424624,0.07731681411649716,0.10470365750889082,0.02199335488563056,0.029789030728657337,0.08035595651449956,0.10986951348696886,0.029660414779628302,0.036171777720982685,0.2704276893683492,0.3496458698444856,0.08061006953424624,
1000,base5,2,133,1,,1723.9249348419253,exchangeable_varying_sigma,0.18,fixed,0.18,0.18,fixed,0.18,1.0,constant,0.6,-0.2274764390227097,0.07679349474745033,0.10412393490541264,0.022906941543691203,0.03211601498995786,0.07765923760673153,0.10689144430461647,0.03218135763477535,0.03891747723070981,0.26758283812630573,0.3447035545076084,0.2274764390227097,
1000,base5,2,133,1,,1568.5956426658668,exchangeable_varying_sigma,0.18,fixed,0.18,0.18,fixed,0.18,1.0,constant,0.9,-0.3726984313805627,0.0761679280325717,0.10350445783092817,0.027406552509409363,0.034604670053099855,0.07285079872693784,0.101606685677529,0.033023330963636965,0.04045364038389104,0.26313139060407753,0.336466626885386,0.3726984313805627,
1000,base6,2,133,1,,1754.682921236148,exchangeable_varying_sigma,0.18,fixed,0.18,0.18,fixed,0.18,1.0,constant,0.0,0.04836054067969434,0.06375943948158994,0.08572582182918138,0.020199558308131915,0.02143373687045361,0.0648791758564127,0.08707276060490717,0.01912279692282609,0.02002948484787925,0.2296228423732205,0.24800485741964656,0.04836054067969434,
1000,base6,2,133,1,,1574.421682626009,exchangeable_varying_sigma,0.18,fixed,0.18,0.18,fixed,0.18,1.0,constant,0.3,-0.040511549282667314,0.05898571952705675,0.07753777421961608,0.019065753131456142,0.022580780426434247,0.058982048572172624,0.07826861436824714,0.02049917493537537,0.025313584022560183,0.21469559531654023,0.23330554336424514,0.040511549282667314,
1000,base6,2,133,1,,1616.3528047071304,exchangeable_varying_sigma,0.18,fixed,0.18,0.18,fixed,0.18,1.0,constant,0.6,-0.14901753285073804,0.0583979602200045,0.07664691677690255,0.018478330829887646,0.024410451567133534,0.05512752728934802,0.07345778454865776,0.02143857049985995,0.02705486797322508,0.20341780880907703,0.22149081262819387,0.14901753285073804,
1000,base6,2,133,1,,1625.338150049094,exchangeable_varying_sigma,0.18,fixed,0.18,0.18,fixed,0.18,1.0,constant,0.9,-0.2659158921067246,0.05779731943561188,0.07587209699010353,0.019949316913569326,0.026494963667589074,0.04770550223574283,0.0641344543954201,0.022890000579643383,0.028579114678798728,0.1908696756588045,0.20776122295868665,0.2659158921067246,
2000,base5,2,133,1,,6473.6636798451655,exchangeable_varying_sigma,0.18,fixed,0.18,0.18,fixed,0.18,1.0,constant,0.0,-0.01617762995932349,0.06329370426408046,0.08648361449186914,0.013721262966691128,0.014839647307508669,0.06649904461013045,0.09242351370761245,0.013035937267750625,0.016025980278308174,0.34893304377322626,0.48422587615532026,0.01617762995932349,
2000,base5,2,133,1,,6750.64083671011,exchangeable_varying_sigma,0.18,fixed,0.18,0.18,fixed,0.18,1.0,constant,0.3,-0.17309358332162322,0.06311995699505625,0.08647165056015406,0.00874560372375377,0.010575776182290638,0.06582693489339841,0.09185489843043741,0.009240246851704131,0.01108437287351524,0.3535439697906288,0.47483056576415944,0.17309358332162322,
2000,base5,2,133,1,,6277.252038956853,exchangeable_varying_sigma,0.18,fixed,0.18,0.18,fixed,0.18,1.0,constant,0.6,-0.2994573485255791,0.06322146059333932,0.08661107437012376,0.008753690162060984,0.011137113019861464,0.0641835026639477,0.09033456408392206,0.010191979624490421,0.011808470963189932,0.3548237409899981,0.46775601847058307,0.2994573485255791,
2000,base5,2,133,1,,6220.16796807386,exchangeable_varying_sigma,0.18,fixed,0.18,0.18,fixed,0.18,1.0,constant,0.9,-0.4226558603136353,0.06331806544667994,0.08674949511299154,0.009260525320471141,0.011768507363240208,0.06092353703140922,0.08767197895071223,0.011052604997478038,0.012468244838526954,0.35643256054544464,0.46103002485904915,0.4226558603136353,
2000,base6,2,133,1,,4238.58081022813,exchangeable_varying_sigma,0.18,fixed,0.18,0.18,fixed,0.18,1.0,constant,0.0,0.0008663665556489151,0.04405733551057333,0.05682774320458316,0.011130027117838753,0.01547606981529356,0.044648891139400924,0.05749243527966139,0.01157739417039369,0.01613825237555993,0.06217603535665669,0.07510244553121141,0.0008663665556489151,
2000,base6,2,133,1,,4305.368233807152,exchangeable_varying_sigma,0.18,fixed,0.18,0.18,fixed,0.18,1.0,constant,0.3,-0.08704575205153467,0.04619085180226759,0.05902944531383605,0.00859216960935888,0.009495992499352162,0.04610135135582927,0.05855627389838679,0.007303459123890688,0.008049977875011372,0.06500690222263364,0.07670800325875493,0.08704575205153467,
2000,base6,2,133,1,,6597.15497299796,exchangeable_varying_sigma,0.18,fixed,0.18,0.18,fixed,0.18,1.0,constant,0.6,-0.1576737903222058,0.04646267900710067,0.05940734140899747,0.00908604462408566,0.010125429866319886,0.04397833917242,0.05568182188968114,0.006989627822495154,0.007657922149566634,0.06523071314762709,0.07767498448467385,0.1576737903222058,
2000,base6,2,133,1,,5208.481505768839,exchangeable_varying_sigma,0.18,fixed,0.18,0.18,fixed,0.18,1.0,constant,0.9,-0.2281296997611607,0.04678817576163968,0.05978060870908601,0.00953898580791529,0.010915884401839392,0.0395739460949957,0.05011379565867818,0.006892527347240163,0.007709529252852392,0.06754617762118396,0.08117432667642738,0.2281296997611607,
1000,base5,3,134,1,,1712.0928606439847,exchangeable_varying_sigma,0.18,fixed,0.18,0.18,fixed,0.18,1.0,constant,0.0,0.06363652007485689,0.07525090283770919,0.10114576296853027,0.016903495874040164,0.019191498559913093,0.07804687276061027,0.10614600746787249,0.017285602958549376,0.02044870927700891,0.27561421682444587,0.34745170355657345,0.06363652007485689,
1000,base5,3,134,1,,1614.4750955738127,exchangeable_varying_sigma,0.18,fixed,0.18,0.18,fixed,0.18,1.0,constant,0.3,-0.1121217264832294,0.07569205578172039,0.10175112549878086,0.02269007285849256,0.02847142093671183,0.07812943244419411,0.10602703750496097,0.025702948731243846,0.02932673213246026,0.27907767008998535,0.34334291150209273,0.1121217264832294,
1000,base5,3,134,1,,1661.6527976591606,exchangeable_varying_sigma,0.18,fixed,0.18,0.18,fixed,0.18,1.0,constant,0.6,-0.26526127641103003,0.07555283733351996,0.10139246707403303,0.02542938853295046,0.030860256913516237,0.07597164339278593,0.10365337121953122,0.028724672483564223,0.03219833285268848,0.27564841113101574,0.33990903717932025,0.26526127641103003,
1000,base5,3,134,1,,1141.7689503668807,exchangeable_varying_sigma,0.18,fixed,0.18,0.18,fixed,0.18,1.0,constant,0.9,-0.41899054940982766,0.07535376118113087,0.10097140182896328,0.027958826069449494,0.032839607287910785,0.07175252032906038,0.09927835210556485,0.03176160164197486,0.034829296756396386,0.27078960852145106,0.33381575160908666,0.41899054940982766,
1000,base6,3,134,1,,1657.3005591160618,exchangeable_varying_sigma,0.18,fixed,0.18,0.18,fixed,0.18,1.0,constant,0.0,0.03865919235272409,0.06075683997016754,0.07910295437898746,0.02086699368973001,0.02259404076367877,0.06170753645305232,0.08037698145976854,0.020152118193880728,0.022071705354775775,0.2584665954389784,0.26668576159874785,0.03865919235272409,
1000,base6,3,134,1,,1526.664129379904,exchangeable_varying_sigma,0.18,fixed,0.18,0.18,fixed,0.18,1.0,constant,0.3,-0.09259997850478402,0.059721900007777474,0.07838573352432715,0.020827958968677507,0.027838631213072052,0.059578541420593725,0.07850975950859741,0.019850061887215664,0.02719995769570701,0.2744573111564327,0.2853040937653533,0.09259997850478402,
1000,base6,3,134,1,,1219.5710512730293,exchangeable_varying_sigma,0.18,fixed,0.18,0.18,fixed,0.18,1.0,constant,0.6,-0.197992597716231,0.059501974072806454,0.07753122664678537,0.02229572854040557,0.03019687214835294,0.05654494277352392,0.07423164102145426,0.020819290704872456,0.02902934336032668,0.27342973807193893,0.28480174656962426,0.197992597716231,
1000,base6,3,134,1,,1408.6884680851363,exchangeable_varying_sigma,0.18,fixed,0.18,0.18,fixed,0.18,1.0,constant,0.9,-0.3056763661601398,0.05914368789989838,0.07647485913715162,0.023995328253758608,0.03216292096213555,0.0502452383791549,0.06569685665591539,0.021907371873712056,0.029823893094615004,0.27118111488069246,0.2832681483124382,0.3056763661601398,
2000,base5,3,134,1,,6038.148685781984,exchangeable_varying_sigma,0.18,fixed,0.18,0.18,fixed,0.18,1.0,constant,0.0,0.005856671070643302,0.06728494741045449,0.09250823112494141,0.02214697639084684,0.02398718204377431,0.07046181175739757,0.09848547378619538,0.02302152497323086,0.02491861616991655,0.3659057447502719,0.517384808485257,0.005856671070643302,
2000,base5,3,134,1,,5571.114769960986,exchangeable_varying_sigma,0.18,fixed,0.18,0.18,fixed,0.18,1.0,constant,0.3,-0.13058317534556582,0.06544903950456779,0.09140202059199032,0.02453853306475856,0.02923236881331974,0.06826029040351402,0.09714094493034393,0.024834395727636183,0.027721659622321045,0.39681853583441384,0.574405786367058,0.13058317534556582,
2000,base5,3,134,1,,6358.984925447032,exchangeable_varying_sigma,0.18,fixed,0.18,0.18,fixed,0.18,1.0,constant,0.6,-0.2658589751173022,0.06548161025894018,0.09159032397534955,0.026584704510449336,0.03174097033705047,0.06667530823803768,0.09582361922948827,0.026987359933593608,0.030295071697062154,0.39628054843845467,0.5777357556337092,0.2658589751173022,
2000,base5,3,134,1,,6167.894371019909,exchangeable_varying_sigma,0.18,fixed,0.18,0.18,fixed,0.18,1.0,constant,0.9,-0.40296655677415233,0.06548991040853767,0.09184035824811382,0.02830323415567218,0.03417783996792118,0.06344637114209321,0.0933990127734967,0.028120179006517143,0.032189034576245855,0.39720789757496816,0.58218285408099,0.40296655677415233,
2000,base6,3,134,1,,5029.162622306962,exchangeable_varying_sigma,0.18,fixed,0.18,0.18,fixed,0.18,1.0,constant,0.0,0.024062561418213706,0.04571946803252835,0.05842573852567231,0.01934767194872851,0.02249194802857517,0.04646287379265724,0.05929921467223733,0.019125352492747966,0.022639097809481763,0.08965791411164059,0.10511007286370827,0.024062561418213706,
2000,base6,3,134,1,,5361.674301479012,exchangeable_varying_sigma,0.18,fixed,0.18,0.18,fixed,0.18,1.0,constant,0.3,-0.10942292995676497,0.04726749948188391,0.06074480515490788,0.022854011500416244,0.02523353935803821,0.04700787371886695,0.06026365992355475,0.02396461601881944,0.026373510266518133,0.09205579264620488,0.11066212844518895,0.10942292995676497,
2000,base6,3,134,1,,4054.6058182709385,exchangeable_varying_sigma,0.18,fixed,0.18,0.18,fixed,0.18,1.0,constant,0.6,-0.18200320679991522,0.04759395070859671,0.061309446326637144,0.024957635013781537,0.027655995862334415,0.044812777293485734,0.05743782587023877,0.026190364122093912,0.028805941486084008,0.09983652439523034,0.12106863626953047,0.18200320679991522,
2000,base6,3,134,1,,5049.687784411013,exchangeable_varying_sigma,0.18,fixed,0.18,0.18,fixed,0.18,1.0,constant,0.9,-0.2514694678159648,0.0480529937808845,0.06197585612697529,0.02677728924053749,0.029799096410581764,0.0405048470498511,0.052065841649893585,0.026928093535271674,0.02993363876840439,0.10770897950828137,0.13173177143525314,0.2514694678159648,
1000,base5,0,135,1,,648.7654355249833,exchangeable_varying_sigma,0.18,fixed,0.18,0.18,fixed,0.18,1.0,constant,0.0,0.05104389013060157,0.07591499165270339,0.1009285615782701,0.029966670350030006,0.036174009579782326,0.07924286481925127,0.10616695854055834,0.0231968281025908,0.02938305146450437,0.31508779500202,0.3999693091179492,0.05104389013060157,
1000,base5,0,135,1,,1543.5765439909883,exchangeable_varying_sigma,0.18,fixed,0.18,0.18,fixed,0.18,1.0,constant,0.3,-0.10573722483046372,0.07897827314092117,0.10434785821825182,0.03174959786547897,0.03411464924057988,0.08173271894661241,0.10922186087237985,0.030627626372726632,0.03438319354770391,0.32458918265038755,0.41737957436630796,0.10573722483046372,
1000,base5,0,135,1,,1482.7020347469952,exchangeable_varying_sigma,0.18,fixed,0.18,0.18,fixed,0.18,1.0,constant,0.6,-0.26247570408937004,0.07933296119551071,0.10472649251073513,0.03516335189925486,0.03702430395093288,0.07978999329559174,0.10739472625098065,0.03411315865422361,0.03746885300190308,0.32473357698341715,0.41810981028846733,0.26247570408937004,
1000,base5,0,135,1,,410.8468357900856,exchangeable_varying_sigma,0.18,fixed,0.18,0.18,fixed,0.18,1.0,constant,0.9,-0.4222997728534978,0.07961478629670363,0.10503019314981919,0.03912960692189692,0.040596950614567404,0.07583029141685144,0.10358994162593906,0.03851371025143163,0.04108745178485981,0.32355192861209003,0.4173131748159928,0.4222997728534978,
1000,base6,0,135,1,,1392.0275738120545,exchangeable_varying_sigma,0.18,fixed,0.18,0.18,fixed,0.18,1.0,constant,0.0,0.008719882229789014,0.060299969186857615,0.07925607191825965,0.02005429295642791,0.02867556047647425,0.06143860754942067,0.08062637263660619,0.022528169114029745,0.029785382936983004,0.17693715711738092,0.20790340585720907,0.008719882229789014,
1000,base6,0,135,1,,674.176521379035,exchangeable_varying_sigma,0.18,fixed,0.18,0.18,fixed,0.18,1.0,constant,0.3,-0.09496144459523842,0.06285366062055929,0.0812429429791286,0.018775784866531017,0.02064427116701218,0.06241217705235825,0.08072706133939012,0.016887128946993277,0.018409114785572535,0.18956842557825151,0.21630899566748035,0.09496144459523842,
1000,base6,0,135,1,,1378.257609232911,exchangeable_varying_sigma,0.18,fixed,0.18,0.18,fixed,0.18,1.0,constant,0.6,-0.20061686233075093,0.06346366274184152,0.08181759019415087,0.02087430645134103,0.023915966779020706,0.059405998799349116,0.07698482352767097,0.018148143021704408,0.020547451764728417,0.18944403898904852,0.21407045562413937,0.20061686233075093,
1000,base6,0,135,1,,1403.2199987430358,exchangeable_varying_sigma,0.18,fixed,0.18,0.18,fixed,0.18,1.0,constant,0.9,-0.3086303711037708,0.06412877714974184,0.08236578888031504,0.022997387417787535,0.02760411977200316,0.052970926906948865,0.06915438650399382,0.020046247410245577,0.02383890836871664,0.18903580965863875,0.2109141457122381,0.3086303711037708,
2000,base5,0,135,1,,2657.532542956993,exchangeable_varying_sigma,0.18,fixed,0.18,0.18,fixed,0.18,1.0,constant,0.0,-0.004830078234905665,0.0630818138573546,0.0871875309243702,0.02164314121291397,0.02269522728870416,0.06627680457279089,0.09290758807954423,0.019614112722711657,0.019768510430197162,0.38901459350043865,0.5431895331465612,0.004830078234905665,
2000,base5,0,135,1,,5565.840450266958,exchangeable_varying_sigma,0.18,fixed,0.18,0.18,fixed,0.18,1.0,constant,0.3,-0.13729336117627264,0.06561926823839717,0.08811361261140928,0.013340387713368124,0.013958600849823711,0.06795549082189634,0.09315960336699917,0.012569019762529277,0.013368141900147611,0.381188513341245,0.5388619259363984,0.13729336117627264,
2000,base5,0,135,1,,5555.0322157270275,exchangeable_varying_sigma,0.18,fixed,0.18,0.18,fixed,0.18,1.0,constant,0.6,-0.2706505861560489,0.0657476182647645,0.08811421003733351,0.015909851518312534,0.01651277056364027,0.06596421438899082,0.09144283502590592,0.013928738446417455,0.015047756931496946,0.38485406560040536,0.5399422454339499,0.2706505861560489,
2000,base5,0,135,1,,2453.3126204529544,exchangeable_varying_sigma,0.18,fixed,0.18,0.18,fixed,0.18,1.0,constant,0.9,-0.4026183337076531,0.06580778000554036,0.08811800080631225,0.018683047699162625,0.019400405164701255,0.06240251134128474,0.08860865287986738,0.015231702928417995,0.01675007330190226,0.38733111913006374,0.5384675011118591,0.4026183337076531,
2000,base6,0,135,1,,6128.358860707958,exchangeable_varying_sigma,0.18,fixed,0.18,0.18,fixed,0.18,1.0,constant,0.0,-0.005476084826459135,0.04443972139728905,0.05911130524968804,0.018745556928598223,0.02148463286753385,0.045069350815536785,0.05991965946466051,0.017870741783743566,0.02059597635547153,0.0603840619110131,0.07068195439664679,0.005476084826459135,
2000,base6,0,135,1,,5777.3138110500295,exchangeable_varying_sigma,0.18,fixed,0.18,0.18,fixed,0.18,1.0,constant,0.3,-0.071988954465908,0.04586289997204779,0.05857614808980513,0.013849604711864139,0.015007980670068631,0.04552768455231957,0.05810551286439108,0.011959817752522778,0.013293019048519794,0.05876815371840482,0.06966180467301593,0.071988954465908,
2000,base6,0,135,1,,5674.418263840955,exchangeable_varying_sigma,0.18,fixed,0.18,0.18,fixed,0.18,1.0,constant,0.6,-0.14812520323432238,0.04604833690891999,0.058764229748841726,0.01641906851680633,0.017988532354188354,0.043464588344830926,0.05539659872795637,0.012950007058776747,0.014987639845594595,0.05913305465161174,0.06948296714450937,0.14812520323432238,
2000,base6,0,135,1,,5741.892233912018,exchangeable_varying_sigma,0.18,fixed,0.18,0.18,fixed,0.18,1.0,constant,0.9,-0.22545906460114906,0.04639678149744271,0.0590465317294156,0.01919226469765728,0.021255185714983586,0.039229326865107925,0.05023886827832281,0.014895226463051692,0.017282793429847027,0.059550730796696975,0.06948710365725957,0.22545906460114906,
1000,base5,1,136,1,,1493.6847130359383,exchangeable_varying_sigma,0.18,fixed,0.18,0.18,fixed,0.18,1.0,constant,0.0,0.018236377026355922,0.07967910413129457,0.10768080802981468,0.03372498545629986,0.03969113230789396,0.08378497216670983,0.11414181144607609,0.03065642053359134,0.03297496074400315,0.32795182078122337,0.43233635497877376,0.018236377026355922,
1000,base5,1,136,1,,1504.5720026140334,exchangeable_varying_sigma,0.18,fixed,0.18,0.18,fixed,0.18,1.0,constant,0.3,-0.19030124557722178,0.07592762294064316,0.10342364278145964,0.007940861013819647,0.00956750458962848,0.07905885516784514,0.10861438040847951,0.009979584571936553,0.01169825423778493,0.2806731511794663,0.353136442950661,0.19030124557722178,
1000,base5,1,136,1,,1547.8738806629553,exchangeable_varying_sigma,0.18,fixed,0.18,0.18,fixed,0.18,1.0,constant,0.6,-0.340345514462895,0.0762462989151609,0.10374881517274907,0.010601810942199766,0.012846115059891697,0.07735152881932394,0.10681753919776363,0.011126687225804538,0.012432435867903035,0.2697683670260689,0.34024106759284095,0.340345514462895,
1000,base5,1,136,1,,460.59830326994415,exchangeable_varying_sigma,0.18,fixed,0.18,0.18,fixed,0.18,1.0,constant,0.9,-0.4836783625226687,0.07707690580785373,0.10443308308805958,0.014207134316684383,0.01763585863892059,0.07416948886142989,0.10364894917581229,0.010986912248860739,0.012991044739719945,0.2574936330926141,0.32599755948263415,0.4836783625226687,
1000,base6,1,136,1,,1405.5551944590406,exchangeable_varying_sigma,0.18,fixed,0.18,0.18,fixed,0.18,1.0,constant,0.0,0.007968028792860711,0.061078986800557906,0.08087177631496957,0.023906470721238596,0.02952621233523155,0.06215544305500167,0.08217752004693231,0.02263192558247544,0.026860228812340906,0.22694518905880956,0.24941627718779172,0.007968028792860711,
1000,base6,1,136,1,,683.0125338310609,exchangeable_varying_sigma,0.18,fixed,0.18,0.18,fixed,0.18,1.0,constant,0.3,-0.10899386861713758,0.05946781279800656,0.07959777723062379,0.011598374589884192,0.012405519044899855,0.05933106748569759,0.0796694350179342,0.01063033870280125,0.011927940971334115,0.19517802313734406,0.21784437505059656,0.10899386861713758,
1000,base6,1,136,1,,1388.4538095829776,exchangeable_varying_sigma,0.18,fixed,0.18,0.18,fixed,0.18,1.0,constant,0.6,-0.20720129982850455,0.05982964537316905,0.07992889055701707,0.013170366548050538,0.014822661381836,0.056746245913619625,0.07645681023328726,0.01120069008144059,0.01265540034039734,0.19979747682076912,0.21997701967637487,0.20720129982850455,
1000,base6,1,136,1,,1391.8834417620674,exchangeable_varying_sigma,0.18,fixed,0.18,0.18,fixed,0.18,1.0,constant,0.9,-0.2994345864506158,0.060400180665612216,0.08054352793143173,0.014855298948969337,0.01858799892674895,0.051424354971565674,0.0701236792128525,0.011208370319035266,0.013611018622660197,0.20832091164910083,0.2265483301588186,0.2994345864506158,
2000,base5,1,136,1,,5445.671409375034,exchangeable_varying_sigma,0.18,fixed,0.18,0.18,fixed,0.18,1.0,constant,0.0,0.02107506323133522,0.06349749623147918,0.08781603071484939,0.022340079220227987,0.027097877877398466,0.06637342416062027,0.09342734223753087,0.022387096011662,0.02688793522489883,0.3768650883205893,0.5159962830427085,0.02107506323133522,
2000,base5,1,136,1,,5503.153520763968,exchangeable_varying_sigma,0.18,fixed,0.18,0.18,fixed,0.18,1.0,constant,0.3,-0.10730889129651361,0.06650482119607444,0.08984301714190894,0.011631074691402066,0.014490880395501213,0.06874251452618035,0.09496562116034905,0.008311995402640854,0.012495365722145461,0.34481292633553545,0.488177213508868,0.10730889129651361,
2000,base5,1,136,1,,5537.613558033016,exchangeable_varying_sigma,0.18,fixed,0.18,0.18,fixed,0.18,1.0,constant,0.6,-0.23625745479230448,0.0663340910001202,0.08949395769622476,0.01369195838817408,0.01692490379306502,0.06701408639944688,0.09345257823699911,0.010013692085257347,0.014642778720367119,0.3465916573202078,0.48602890130576043,0.23625745479230448,
2000,base5,1,136,1,,2479.7140497079818,exchangeable_varying_sigma,0.18,fixed,0.18,0.18,fixed,0.18,1.0,constant,0.9,-0.3682890807990241,0.06586460948519653,0.08889145016280178,0.015988319073197282,0.019463426373987375,0.06334868641348813,0.0904316838252788,0.01267758417523654,0.017141478204599585,0.3499310242749194,0.48483238079264607,0.3682890807990241,
2000,base6,1,136,1,,6009.349340440938,exchangeable_varying_sigma,0.18,fixed,0.18,0.18,fixed,0.18,1.0,constant,0.0,-0.009852224921029539,0.045115818823745706,0.05932678672576068,0.019589728926757408,0.024670918030723375,0.04547428148590172,0.0597326679036868,0.02007691858555033,0.02464912450587743,0.05334054359689179,0.0636695768391168,0.009852224921029539,
2000,base6,1,136,1,,5642.0349930869415,exchangeable_varying_sigma,0.18,fixed,0.18,0.18,fixed,0.18,1.0,constant,0.3,-0.048109783564469266,0.04788421262265212,0.06150585052838389,0.012823733873297882,0.01840699964587627,0.048131670421242605,0.061573060292435894,0.0120044517742664,0.01774690315068474,0.06015333783588181,0.07046236990942782,0.048109783564469266,
2000,base6,1,136,1,,5520.807286328985,exchangeable_varying_sigma,0.18,fixed,0.18,0.18,fixed,0.18,1.0,constant,0.6,-0.12363269855453157,0.04735337194973577,0.06083597327045278,0.014884617570070202,0.020825928792210107,0.04565220423311024,0.05822073590345925,0.014243882571146782,0.020106020035274848,0.057929459394065616,0.06686475963846114,0.12363269855453157,
2000,base6,1,136,1,,5648.3454111180035,exchangeable_varying_sigma,0.18,fixed,0.18,0.18,fixed,0.18,1.0,constant,0.9,-0.20513236929788092,0.04657829878726004,0.05970936244028585,0.01718097825509332,0.023293275751113757,0.04026305981728226,0.05146796143981028,0.01725482518458918,0.022672644444365016,0.056469121623284886,0.06550865945117436,0.20513236929788092,
1000,base5,2,137,1,,1513.4517881440697,exchangeable_varying_sigma,0.18,fixed,0.18,0.18,fixed,0.18,1.0,constant,0.0,0.03280105412587075,0.07774460576642284,0.10494351187073608,0.015412118298920613,0.02027383599044302,0.08083208829204792,0.10978100652542835,0.02438800405678579,0.026013418259275167,0.2781716438266284,0.3665221716755327,0.03280105412587075,
1000,base5,2,137,1,,1502.3317100229906,exchangeable_varying_sigma,0.18,fixed,0.18,0.18,fixed,0.18,1.0,constant,0.3,-0.14529753080068725,0.079512771696271,0.10757908854462976,0.026199678509393115,0.036106658648782285,0.08203268237010333,0.11212126571220944,0.031031550180156575,0.03734262314286287,0.2899482384150651,0.3875776281907396,0.14529753080068725,
1000,base5,2,137,1,,1536.5675011470448,exchangeable_varying_sigma,0.18,fixed,0.18,0.18,fixed,0.18,1.0,constant,0.6,-0.292293520203089,0.079321546945133,0.10705572546309808,0.030108624090320182,0.040106892695196156,0.07948378469584362,0.10918417137108377,0.03472722558829802,0.04001331594455043,0.2939242441887597,0.39375744913888383,0.292293520203089,
1000,base5,2,137,1,,1536.1427103499882,exchangeable_varying_sigma,0.18,fixed,0.18,0.18,fixed,0.18,1.0,constant,0.9,-0.4402209799716166,0.07891713125163234,0.1063219142978593,0.03506328916473142,0.04489422393939386,0.07503149882361278,0.1044059789343898,0.03931257812402211,0.04408594275612801,0.30080619711518614,0.4051011932636841,0.4402209799716166,
1000,base6,2,137,1,,1400.667257967987,exchangeable_varying_sigma,0.18,fixed,0.18,0.18,fixed,0.18,1.0,constant,0.0,0.04212009006737238,0.0617102573406212,0.08416140043708464,0.027210941659541216,0.027616685686217425,0.06263822560704267,0.0855015916420951,0.031839781911309595,0.032006100379313444,0.17542801008129388,0.2098840382802047,0.04212009006737238,
1000,base6,2,137,1,,638.4736832670169,exchangeable_varying_sigma,0.18,fixed,0.18,0.18,fixed,0.18,1.0,constant,0.3,-0.07054341106926018,0.059228714777026625,0.0807630360239744,0.021863429414030716,0.024600824516564087,0.059191876746560165,0.07991133480878274,0.024259454229606597,0.02598795314598391,0.1415971837467702,0.17085850728446686,0.07054341106926018,
1000,base6,2,137,1,,1394.1298051660415,exchangeable_varying_sigma,0.18,fixed,0.18,0.18,fixed,0.18,1.0,constant,0.6,-0.17415231908859474,0.05873640952989535,0.08037307471890275,0.023579314746298263,0.027367410454531733,0.05573431468533547,0.07518426797705542,0.02556012330360921,0.02699496217896324,0.13218113182600974,0.16086787469740269,0.17415231908859474,
1000,base6,2,137,1,,1355.4292869389756,exchangeable_varying_sigma,0.18,fixed,0.18,0.18,fixed,0.18,1.0,constant,0.9,-0.2808212398511388,0.05812776053598358,0.0800642657119834,0.02486627757047924,0.030922561739669268,0.0486667024856007,0.06683077908223442,0.02591680123761364,0.028348342285998092,0.12291688857600568,0.1527476729375787,0.2808212398511388,
2000,base5,2,137,1,,5483.575747521012,exchangeable_varying_sigma,0.18,fixed,0.18,0.18,fixed,0.18,1.0,constant,0.0,0.0036668769796077243,0.06484933798857422,0.09001099538885314,0.01070817139528929,0.011419119310705007,0.06729921754257673,0.0952609540768831,0.011053039570423834,0.012654236497898133,0.3393763534416079,0.4952385728629685,0.0036668769796077243,
2000,base5,2,137,1,,5479.839047002024,exchangeable_varying_sigma,0.18,fixed,0.18,0.18,fixed,0.18,1.0,constant,0.3,-0.08630045563602837,0.06298537194171804,0.08661936409142564,0.019325111333986428,0.02449254443249652,0.06515234284998683,0.09222967807682224,0.01865893089930272,0.023344784843197824,0.3520578694582166,0.5025237215006988,0.08630045563602837,
2000,base5,2,137,1,,5530.016907449113,exchangeable_varying_sigma,0.18,fixed,0.18,0.18,fixed,0.18,1.0,constant,0.6,-0.2198880092764282,0.06301558809108693,0.08634935260619407,0.020556567576584903,0.025640484216651122,0.06345160637628948,0.09092973830704872,0.019740984093313,0.02421531626423658,0.35559005395926535,0.5047901500993552,0.2198880092764282,
2000,base5,2,137,1,,2720.075197561062,exchangeable_varying_sigma,0.18,fixed,0.18,0.18,fixed,0.18,1.0,constant,0.9,-0.3581675057114465,0.06300537708137999,0.08597422598372587,0.021611584980325477,0.026450358944232588,0.06003263193894267,0.08833056939161471,0.020615581746370112,0.024401795230504342,0.36013547161189996,0.507774201962459,0.3581675057114465,
2000,base6,2,137,1,,6107.301913351985,exchangeable_varying_sigma,0.18,fixed,0.18,0.18,fixed,0.18,1.0,constant,0.0,-0.020006634571320302,0.04713652426292395,0.059767911567674005,0.006833443872073408,0.007454714105418649,0.04772956720400973,0.06049734306420337,0.007197157635878471,0.008266582136336402,0.0675922498977547,0.0770621773471295,0.020006634571320302,
2000,base6,2,137,1,,5546.031075850013,exchangeable_varying_sigma,0.18,fixed,0.18,0.18,fixed,0.18,1.0,constant,0.3,-0.048582585868301,0.0440752850432546,0.0562797898352032,0.01995262132310717,0.024300002297440445,0.04456511232383315,0.05691436501902997,0.01882428224811629,0.024112316656562265,0.07531875611515065,0.0842583185498851,0.048582585868301,
2000,base6,2,137,1,,5655.381702386076,exchangeable_varying_sigma,0.18,fixed,0.18,0.18,fixed,0.18,1.0,constant,0.6,-0.12296839091038997,0.0440141932290758,0.056176000005300805,0.02118407756570438,0.025604335603694968,0.04280357445513919,0.05459970398869338,0.01972831221774897,0.025087710640150626,0.07050426360690884,0.07921066523275952,0.12296839091038997,
2000,base6,2,137,1,,5661.151155156083,exchangeable_varying_sigma,0.18,fixed,0.18,0.18,fixed,0.18,1.0,constant,0.9,-0.19743560534874605,0.04385682218107442,0.05602961986527776,0.022239094969445677,0.026546104786352602,0.03859065955370889,0.049497229271963275,0.020381741347647864,0.025281376933335604,0.06400284254762065,0.07265551553686901,0.19743560534874605,
1000,base5,3,138,1,,1554.99960903998,exchangeable_varying_sigma,0.18,fixed,0.18,0.18,fixed,0.18,1.0,constant,0.0,-0.0667016263892338,0.08220849744211478,0.1103652714626263,0.01761365066972606,0.020786574434106555,0.08533344845680947,0.11543938315673893,0.01959617630754107,0.020478494094423372,0.3063941009093095,0.39291653730502557,0.0667016263892338,
1000,base5,3,138,1,,1522.7506235570181,exchangeable_varying_sigma,0.18,fixed,0.18,0.18,fixed,0.18,1.0,constant,0.3,-0.1756819954159563,0.07864171416734407,0.10487311246069157,0.024349363121929077,0.02713279554636321,0.08176534378472193,0.11081810571534871,0.02006660511726635,0.024886186454118914,0.3178281405797485,0.4142113740366169,0.1756819954159563,
1000,base5,3,138,1,,1533.8856408320135,exchangeable_varying_sigma,0.18,fixed,0.18,0.18,fixed,0.18,1.0,constant,0.6,-0.3250566633909486,0.0781353262000974,0.10386276778151676,0.024259397329222776,0.026735517659208636,0.07942329450095172,0.10837609058319084,0.02134158813770798,0.02589983748722728,0.3142728702628925,0.40756944853973626,0.3250566633909486,
1000,base5,3,138,1,,1521.7899818369187,exchangeable_varying_sigma,0.18,fixed,0.18,0.18,fixed,0.18,1.0,constant,0.9,-0.4716904568360771,0.07770015827463264,0.1029076656471662,0.023695419708520668,0.026013673855477377,0.07491556356057028,0.10389425629054173,0.021281004170201873,0.025018471821095917,0.30966066137208204,0.4000368304357078,0.4716904568360771,
1000,base6,3,138,1,,1391.7418151620077,exchangeable_varying_sigma,0.18,fixed,0.18,0.18,fixed,0.18,1.0,constant,0.0,-0.0487092679769837,0.06396110967464165,0.08626294116293233,0.01077224707180427,0.01187165127796005,0.06488967813219487,0.08721687634754602,0.011407982380730208,0.011731601827935428,0.1882799968515307,0.21080380551700953,0.0487092679769837,
1000,base6,3,138,1,,643.7363507429836,exchangeable_varying_sigma,0.18,fixed,0.18,0.18,fixed,0.18,1.0,constant,0.3,-0.1346171335879821,0.06099479069554219,0.08168707895210524,0.01866603308634275,0.020589708449005092,0.06188987057168687,0.0832932317995885,0.021339403431621842,0.02266916657923601,0.2242929776948402,0.24537176547910014,0.1346171335879821,
1000,base6,3,138,1,,1389.0459395200014,exchangeable_varying_sigma,0.18,fixed,0.18,0.18,fixed,0.18,1.0,constant,0.6,-0.22616409237154456,0.06034700518746969,0.08037908342540862,0.018982134064454523,0.02084800430876908,0.05894806731457031,0.07943334790004229,0.022902609010853198,0.023681151121318418,0.2358784127339473,0.25547604668784135,0.22616409237154456,
1000,base6,3,138,1,,1369.5332599499961,exchangeable_varying_sigma,0.18,fixed,0.18,0.18,fixed,0.18,1.0,constant,0.9,-0.3140573193420684,0.05948315763489724,0.07900181709570159,0.018870177647629036,0.021119762604998114,0.05218653258996413,0.07088857900645423,0.02301797113173347,0.023279217585059197,0.24445400330622769,0.2633803347542292,0.3140573193420684,
2000,base5,3,138,1,,5482.608428679989,exchangeable_varying_sigma,0.18,fixed,0.18,0.18,fixed,0.18,1.0,constant,0.0,-0.03425440371243405,0.06606918546605298,0.09013392706224746,0.008953086126039456,0.012506941634212182,0.06901970550011625,0.09570641964290834,0.007325532709020949,0.00916504626127318,0.4208602753120169,0.5968771213440777,0.03425440371243405,
2000,base5,3,138,1,,2766.043507701019,exchangeable_varying_sigma,0.18,fixed,0.18,0.18,fixed,0.18,1.0,constant,0.3,-0.17440967772506277,0.06671463738675716,0.09088540790354789,0.01597944094119047,0.018386533211776086,0.06908042306720916,0.09604532428301697,0.016296392437199325,0.020515405219794197,0.40322781568427196,0.5784185514171666,0.17440967772506277,
2000,base5,3,138,1,,5498.040454043075,exchangeable_varying_sigma,0.18,fixed,0.18,0.18,fixed,0.18,1.0,constant,0.6,-0.30798819594621346,0.06684338440917334,0.09076442295965266,0.017138844952167664,0.01916426242668938,0.06726632170467953,0.09426774893495093,0.016515503673263626,0.020866850475888044,0.397449254179334,0.572044294858061,0.30798819594621346,
2000,base5,3,138,1,,2649.537478334969,exchangeable_varying_sigma,0.18,fixed,0.18,0.18,fixed,0.18,1.0,constant,0.9,-0.4417721643010397,0.06669196907933964,0.09043639860927212,0.018314562354241823,0.019883628585534704,0.06375898172561896,0.09095504916938399,0.01697412641299534,0.020834979854177184,0.3927167698474307,0.5648207648199516,0.4417721643010397,
2000,base6,3,138,1,,5729.614307613927,exchangeable_varying_sigma,0.18,fixed,0.18,0.18,fixed,0.18,1.0,constant,0.0,-0.00857522216123429,0.04701616666550871,0.05883180841727514,0.0149174959870442,0.01680603956137849,0.047520258717634406,0.059409984411451205,0.01430235905651453,0.016044262699709294,0.05895707090503544,0.07268262108710163,0.00857522216123429,
2000,base6,3,138,1,,5724.769454939989,exchangeable_varying_sigma,0.18,fixed,0.18,0.18,fixed,0.18,1.0,constant,0.3,-0.05941381758963438,0.04832816879277363,0.06187962666264576,0.008365802530062971,0.009060600065223025,0.048079899021724666,0.06188358070353628,0.008337268595368513,0.009278464010613496,0.05112496658835343,0.06334372545718603,0.05941381758963438,
2000,base6,3,138,1,,5266.789431946003,exchangeable_varying_sigma,0.18,fixed,0.18,0.18,fixed,0.18,1.0,constant,0.6,-0.13609373291633042,0.04843555937699671,0.06176750857265569,0.00902161507354568,0.009642415441697307,0.04580215421937024,0.05887115706604107,0.008601087581577002,0.009449470748580328,0.05237900812705514,0.06335214547872156,0.13609373291633042,
2000,base6,3,138,1,,3141.259369965992,exchangeable_varying_sigma,0.18,fixed,0.18,0.18,fixed,0.18,1.0,constant,0.9,-0.21770092772611516,0.04814240467532215,0.061340236119853765,0.009490877432228081,0.01027865557313758,0.04069882301553151,0.05257055288422296,0.009289279317537397,0.010410259577512373,0.05790744334081056,0.06681166512046388,0.21770092772611516,
1000,base5,0,139,1,,1141.0644892590353,exchangeable_varying_sigma,0.18,fixed,0.18,0.18,fixed,0.18,1.0,constant,0.0,-0.02085131867343553,0.07958435610415965,0.10639897752256733,0.03227064912504242,0.033975257821200616,0.08279428886621365,0.11169478407137075,0.03090902479908765,0.03463181418018127,0.2850003243313142,0.3587432755801183,0.02085131867343553,
1000,base5,0,139,1,,1064.5634745879797,exchangeable_varying_sigma,0.18,fixed,0.18,0.18,fixed,0.18,1.0,constant,0.3,-0.12077171254160585,0.07885211731077973,0.10512306903419188,0.014299094644385169,0.019075308599726604,0.08141363996068406,0.10917396819630501,0.015303313405819557,0.01663891558211714,0.2955346285548372,0.37777151478834425,0.12077171254160585,
1000,base5,0,139,1,,1125.729613914038,exchangeable_varying_sigma,0.18,fixed,0.18,0.18,fixed,0.18,1.0,constant,0.6,-0.26772556594352165,0.07923340891714231,0.10564667600834,0.015123737787584912,0.019871312998940762,0.07992190614207675,0.10763164875164553,0.016792018133516246,0.017740313972171868,0.3001369642188221,0.3839352730892541,0.26772556594352165,
1000,base5,0,139,1,,1082.1904992220225,exchangeable_varying_sigma,0.18,fixed,0.18,0.18,fixed,0.18,1.0,constant,0.9,-0.4184652603233798,0.07960054233221107,0.1062659978946962,0.01532964798715164,0.02010518628431514,0.07643510815881038,0.10437611831049672,0.017581774182668652,0.018294659016764598,0.3061864716915125,0.3913909868800969,0.4184652603233798,
1000,base6,0,139,1,,1219.3049633299233,exchangeable_varying_sigma,0.18,fixed,0.18,0.18,fixed,0.18,1.0,constant,0.0,-0.026796439062368723,0.06488044037779019,0.08839867098476197,0.029392971249514066,0.0305000672325469,0.06587818893250263,0.08976516342480509,0.02921338017588103,0.03037918929315282,0.20672619625045996,0.22369098093789613,0.026796439062368723,
1000,base6,0,139,1,,953.996920155012,exchangeable_varying_sigma,0.18,fixed,0.18,0.18,fixed,0.18,1.0,constant,0.3,-0.06245568858495096,0.06125736487519544,0.08250701303636346,0.013924643402570991,0.016664294810811442,0.060951730463961955,0.08234600403443633,0.015067876021900184,0.016791389649002304,0.15460247478452976,0.177794706822907,0.06245568858495096,
1000,base6,0,139,1,,1002.846693902975,exchangeable_varying_sigma,0.18,fixed,0.18,0.18,fixed,0.18,1.0,constant,0.6,-0.16312515943319683,0.0612638227052006,0.08209073302058922,0.014933537103688,0.017896039407326533,0.05756389966156081,0.0776299577388549,0.016591297034378533,0.018197275533155994,0.15058227035332636,0.17411701075628966,0.16312515943319683,
1000,base6,0,139,1,,948.9099790410837,exchangeable_varying_sigma,0.18,fixed,0.18,0.18,fixed,0.18,1.0,constant,0.9,-0.26854936207673175,0.060974219678657036,0.08138014903873543,0.016029912139085556,0.018553377682352455,0.05070554564353499,0.06847097018722145,0.017503296887883407,0.019167787296286157,0.1463530788276263,0.17091387633202834,0.26854936207673175,
2000,base5,0,139,1,,4777.688091251999,exchangeable_varying_sigma,0.18,fixed,0.18,0.18,fixed,0.18,1.0,constant,0.0,0.04354900645071208,0.06506952641735461,0.0893329025186146,0.012444212484097938,0.0157762762464826,0.0682222573538492,0.09571652679557878,0.011774154118999652,0.01461723081301305,0.40806461977175845,0.5799529469307293,0.04354900645071208,
2000,base5,0,139,1,,4239.796467317967,exchangeable_varying_sigma,0.18,fixed,0.18,0.18,fixed,0.18,1.0,constant,0.3,-0.1432328601451832,0.06662893460477873,0.09076262987482878,0.01646332558859598,0.01942000512953445,0.06895761570737063,0.09619031175027512,0.0160173814868525,0.017167369547975903,0.3602858232033948,0.5027856360704412,0.1432328601451832,
2000,base5,0,139,1,,5060.44517011405,exchangeable_varying_sigma,0.18,fixed,0.18,0.18,fixed,0.18,1.0,constant,0.6,-0.27801432588176617,0.06687605801888596,0.09088615820869542,0.01699986474351642,0.020396022583068184,0.06757551697695163,0.09521546317056413,0.01677619544667172,0.017962144989309495,0.35480933851720187,0.499608039885432,0.27801432588176617,
2000,base5,0,139,1,,3983.8982106840704,exchangeable_varying_sigma,0.18,fixed,0.18,0.18,fixed,0.18,1.0,constant,0.9,-0.4129341755015533,0.06710564961105903,0.09097366107758277,0.017432288691883124,0.021260330148034006,0.06471406912361415,0.09305572058305785,0.01738738758834163,0.018480321405547208,0.3506283828906738,0.4973427323248383,0.4129341755015533,
2000,base6,0,139,1,,3431.7179908279795,exchangeable_varying_sigma,0.18,fixed,0.18,0.18,fixed,0.18,1.0,constant,0.0,-0.0131814521860151,0.04683257682097077,0.05965541177629695,0.012414840003014307,0.0143117504033114,0.047447319775604874,0.06038870170579308,0.012690971298439546,0.013749116459147979,0.06357539803707715,0.07694871878308103,0.0131814521860151,
2000,base6,0,139,1,,3851.5146423929837,exchangeable_varying_sigma,0.18,fixed,0.18,0.18,fixed,0.18,1.0,constant,0.3,-0.06550162155712938,0.045674548422721374,0.05800193661015776,0.011587732502119544,0.01609466529350865,0.04597944157522367,0.058403830921366556,0.012418313996709729,0.015877899430498364,0.06161186385459721,0.07471027335140373,0.06550162155712938,
2000,base6,0,139,1,,6114.769513920997,exchangeable_varying_sigma,0.18,fixed,0.18,0.18,fixed,0.18,1.0,constant,0.6,-0.13989118557622277,0.04568177673111057,0.05807776476307725,0.012014345092448392,0.017361551959132502,0.044252552772381916,0.05637674235118894,0.013565475812932284,0.01734681610002171,0.06969757152902542,0.08457955186884465,0.13989118557622277,
2000,base6,0,139,1,,3673.690455612028,exchangeable_varying_sigma,0.18,fixed,0.18,0.18,fixed,0.18,1.0,constant,0.9,-0.21368572945889075,0.045740255338584605,0.05817434473485998,0.012199306500584456,0.01851514876870665,0.04020402616973462,0.05156260098709491,0.014412992039216602,0.01869604673332792,0.07931458777809704,0.09640179602113487,0.21368572945889075,
1000,base5,1,140,1,,1028.3957876410568,exchangeable_varying_sigma,0.18,fixed,0.18,0.18,fixed,0.18,1.0,constant,0.0,0.01598627704984566,0.07800135246411795,0.10442928446756154,0.00704328943736629,0.011738488503572208,0.08127436940124341,0.10972061989837018,0.010954158901198163,0.013394428555990455,0.2856359504545511,0.3653901833309858,0.01598627704984566,
1000,base5,1,140,1,,1140.2056342529831,exchangeable_varying_sigma,0.18,fixed,0.18,0.18,fixed,0.18,1.0,constant,0.3,-0.18060846925992252,0.07537640440132698,0.1018688533761745,0.022956190136045357,0.028640255301170824,0.07773311340851606,0.10606745017557334,0.021878435712650773,0.029539416312816553,0.27575016059458524,0.3631794623760947,0.18060846925992252,
1000,base5,1,140,1,,1199.9939922930207,exchangeable_varying_sigma,0.18,fixed,0.18,0.18,fixed,0.18,1.0,constant,0.6,-0.3268225459734074,0.07550951854208746,0.10192504308696733,0.024084863803687795,0.029674726287197892,0.07571427601965804,0.10369834796089003,0.02276459722114349,0.02951341389453455,0.27602766117615646,0.3632732130314826,0.3268225459734074,
1000,base5,1,140,1,,1278.593913418008,exchangeable_varying_sigma,0.18,fixed,0.18,0.18,fixed,0.18,1.0,constant,0.9,-0.4695304687999404,0.07605999341549304,0.10228494963206716,0.024410883930000737,0.029703575121934014,0.07225193712068313,0.09974061966157241,0.022700281207994777,0.027677533112912434,0.277132392767792,0.3638196793311775,0.4695304687999404,
1000,base6,1,140,1,,1391.2459314620355,exchangeable_varying_sigma,0.18,fixed,0.18,0.18,fixed,0.18,1.0,constant,0.0,0.03630435006452933,0.06457917561349819,0.08505111728811249,0.0050223815244095915,0.00570701854050137,0.06545171570721546,0.08591706775377836,0.005611506404362934,0.007127096077376604,0.21979716764772633,0.23790919716056647,0.03630435006452933,
1000,base6,1,140,1,,1214.8310304639162,exchangeable_varying_sigma,0.18,fixed,0.18,0.18,fixed,0.18,1.0,constant,0.3,-0.11098080498515009,0.05951405708160713,0.07924346819959624,0.025178697905221398,0.03057593005765739,0.059528139915201755,0.07916862416898103,0.026424382469473845,0.03188391214876186,0.18828838239920623,0.2031287893771627,0.11098080498515009,
1000,base6,1,140,1,,1056.2172147129895,exchangeable_varying_sigma,0.18,fixed,0.18,0.18,fixed,0.18,1.0,constant,0.6,-0.20847376383944466,0.059054567136140386,0.07852390972583746,0.025984680782735387,0.031449609241007336,0.05616764570478337,0.07456281697807733,0.026961824255223144,0.03261862398127255,0.1965978103934673,0.2098964986317538,0.20847376383944466,
1000,base6,1,140,1,,1235.2591478930553,exchangeable_varying_sigma,0.18,fixed,0.18,0.18,fixed,0.18,1.0,constant,0.9,-0.30140197487406073,0.058644005753898366,0.07789613101994682,0.02631070090904994,0.031223386191042778,0.04956830912371372,0.0657811188031197,0.026468653872590453,0.03200941624807141,0.20753235835228048,0.21957051993999563,0.30140197487406073,
2000,base5,1,140,1,,4169.222246976104,exchangeable_varying_sigma,0.18,fixed,0.18,0.18,fixed,0.18,1.0,constant,0.0,-0.010480706161248694,0.06540003739923982,0.0883998197159179,0.01702686228755601,0.01879935621449095,0.06862731168650794,0.09454805227946458,0.01556291711418617,0.015694987432708776,0.39771555487760385,0.5724757997659986,0.010480706161248694,
2000,base5,1,140,1,,5903.930426598992,exchangeable_varying_sigma,0.18,fixed,0.18,0.18,fixed,0.18,1.0,constant,0.3,-0.12404550616268348,0.06418228890305543,0.08773541305803141,0.007110902501151498,0.008378540187010383,0.06702797895756153,0.09327875763385865,0.007616133121533919,0.008247058433728428,0.387680299914225,0.5373962408213802,0.12404550616268348,
2000,base5,1,140,1,,3896.1695444189245,exchangeable_varying_sigma,0.18,fixed,0.18,0.18,fixed,0.18,1.0,constant,0.6,-0.2562750939339703,0.06415449934422755,0.08765386632739589,0.007707248903374708,0.008916786857238967,0.06552606369715198,0.09183884965417571,0.008874328834371198,0.009437701379825707,0.39153943109257705,0.5377536883395982,0.2562750939339703,
2000,base5,1,140,1,,4230.550622698036,exchangeable_varying_sigma,0.18,fixed,0.18,0.18,fixed,0.18,1.0,constant,0.9,-0.38946218373398034,0.06410798563197771,0.08758753554704765,0.008278039888820699,0.00931461504948073,0.06239707445114389,0.08929335483362064,0.010159028508435239,0.010671269836112794,0.39561527338177477,0.538353149146804,0.38946218373398034,
2000,base6,1,140,1,,3628.0035830400884,exchangeable_varying_sigma,0.18,fixed,0.18,0.18,fixed,0.18,1.0,constant,0.0,-0.010926702296701904,0.045559172888679916,0.05756457068560918,0.01313037564844538,0.0153544954123633,0.046146423022939115,0.058274890957815344,0.013310017192784046,0.014316305869883977,0.07742222622277475,0.0910189509112177,0.010926702296701904,
2000,base6,1,140,1,,5521.158734928002,exchangeable_varying_sigma,0.18,fixed,0.18,0.18,fixed,0.18,1.0,constant,0.3,-0.06375279486985691,0.045876191576302974,0.05827757099590432,0.009936911413603894,0.011541627435964168,0.045781787885270625,0.05829626534905329,0.009598950826439967,0.011815311716932857,0.08029606589280264,0.09610048176215741,0.06375279486985691,
2000,base6,1,140,1,,3590.3676463379525,exchangeable_varying_sigma,0.18,fixed,0.18,0.18,fixed,0.18,1.0,constant,0.6,-0.14112743111992831,0.04595229681802593,0.05823097385487989,0.01073739777745146,0.012246479983880723,0.04373157474121329,0.055527775908478724,0.010283838067932233,0.012608303459972074,0.0763706302315874,0.09213393354102366,0.14112743111992831,
2000,base6,1,140,1,,3739.24861419003,exchangeable_varying_sigma,0.18,fixed,0.18,0.18,fixed,0.18,1.0,constant,0.9,-0.22179525712247827,0.04597269307623122,0.058190234624949384,0.011350139234593243,0.012741480771666296,0.03941605115920979,0.05004916140634115,0.011226018935938956,0.012922655354135497,0.0719932432765247,0.08750096970908068,0.22179525712247827,
1000,base5,2,141,1,,1127.6132243130123,exchangeable_varying_sigma,0.18,fixed,0.18,0.18,fixed,0.18,1.0,constant,0.0,-0.06407149728048812,0.08170036917407558,0.11011198879358933,0.01517412174693708,0.017916988934872247,0.08514913546024439,0.11513578842247114,0.0106868749032977,0.01277325938876639,0.29980609361487887,0.3834115919994143,0.06407149728048812,
1000,base5,2,141,1,,1051.64994049503,exchangeable_varying_sigma,0.18,fixed,0.18,0.18,fixed,0.18,1.0,constant,0.3,-0.12323840312091244,0.08309661062613573,0.11258073185720135,0.023939156867217065,0.026056384627615836,0.08527520323638568,0.11661567871705193,0.019367565668100772,0.022071158671191478,0.29565658952073853,0.38821194516440577,0.12323840312091244,
1000,base5,2,141,1,,1145.1374328470556,exchangeable_varying_sigma,0.18,fixed,0.18,0.18,fixed,0.18,1.0,constant,0.6,-0.2913644660254126,0.08367787437445813,0.11314817975296977,0.026561656417743523,0.028223855687221223,0.08354798396068512,0.11477446181287047,0.019422537282959118,0.02218000225175764,0.29774762066780114,0.39333780872405233,0.2913644660254126,
1000,base5,2,141,1,,1269.944187039975,exchangeable_varying_sigma,0.18,fixed,0.18,0.18,fixed,0.18,1.0,constant,0.9,-0.46193117783564225,0.08427682627304656,0.11344041975980784,0.02924894859582816,0.030764524518870004,0.08000403645936653,0.11069977813088748,0.019086142562139224,0.02250865657724109,0.3011396622628181,0.40024612683379746,0.46193117783564225,
1000,base6,2,141,1,,1247.3216364309192,exchangeable_varying_sigma,0.18,fixed,0.18,0.18,fixed,0.18,1.0,constant,0.0,-0.05746951208055038,0.0639121888190359,0.08760748734674485,0.00797920836559704,0.010686144644513106,0.06448692250611503,0.0883157865434346,0.007857834896063884,0.010530308087025795,0.19562759165239293,0.20875371799947234,0.05746951208055038,
1000,base6,2,141,1,,1493.5313069919357,exchangeable_varying_sigma,0.18,fixed,0.18,0.18,fixed,0.18,1.0,constant,0.3,-0.04997798608848503,0.06370896451365031,0.09151259233619291,0.025667532893725697,0.027803791439760406,0.06359038207665582,0.09167181244567245,0.02337854812532389,0.02597773892122386,0.18321983003829945,0.19552534203373503,0.04997798608848503,
1000,base6,2,141,1,,1253.7216421249323,exchangeable_varying_sigma,0.18,fixed,0.18,0.18,fixed,0.18,1.0,constant,0.6,-0.16500482154004953,0.0639959523957606,0.09194619692952913,0.02829003244425249,0.03033390638101988,0.06102757193319658,0.08866823962548348,0.024448501376331117,0.026572384986642487,0.1711829727019646,0.184482151022111,0.16500482154004953,
1000,base6,2,141,1,,970.6117387139238,exchangeable_varying_sigma,0.18,fixed,0.18,0.18,fixed,0.18,1.0,constant,0.9,-0.28566728211572057,0.0644771415222685,0.09187165823040895,0.030977324622336766,0.033258173413019815,0.05552548882909416,0.08100155052760376,0.025134957628034527,0.027186824361795738,0.1599833649457676,0.17478956785472877,0.28566728211572057,
2000,base5,2,141,1,,3880.6948996370193,exchangeable_varying_sigma,0.18,fixed,0.18,0.18,fixed,0.18,1.0,constant,0.0,0.03949246144000812,0.06458260837500596,0.08759907909716581,0.01509473648001218,0.016510671387102646,0.06846711383441832,0.09412020895661369,0.01830912463862039,0.021317540548632833,0.4414261267406487,0.62040820110763,0.03949246144000812,
2000,base5,2,141,1,,3908.5715906600235,exchangeable_varying_sigma,0.18,fixed,0.18,0.18,fixed,0.18,1.0,constant,0.3,-0.12637603573528777,0.06400605139365617,0.0870424342411581,0.009937944339635935,0.01196990497166051,0.06693971880736463,0.09295832977390692,0.011989349798467774,0.013575886583616416,0.4091259751316067,0.5831082519139067,0.12637603573528777,
2000,base5,2,141,1,,3918.98361982801,exchangeable_varying_sigma,0.18,fixed,0.18,0.18,fixed,0.18,1.0,constant,0.6,-0.26327139152877843,0.06420773969430583,0.08727306161875377,0.010334668706113853,0.012646297730368673,0.0655359868553725,0.09219054026883722,0.012875765740381934,0.014532748569785816,0.3996402287245171,0.5728398969902261,0.26327139152877843,
2000,base5,2,141,1,,3929.097064147005,exchangeable_varying_sigma,0.18,fixed,0.18,0.18,fixed,0.18,1.0,constant,0.9,-0.39590717098691164,0.06459421096111434,0.08766881663291393,0.01055660614440479,0.013169720782583638,0.06280655875855758,0.09066860189231318,0.012978132449389945,0.01467655736812065,0.3892916584758888,0.5608145778613576,0.39590717098691164,
2000,base6,2,141,1,,3820.1881087899674,exchangeable_varying_sigma,0.18,fixed,0.18,0.18,fixed,0.18,1.0,constant,0.0,0.01670508103025634,0.045521789648638275,0.05805353806575203,0.011974380544568466,0.014638076901947633,0.04638079005515068,0.059071634847406,0.01344720576593944,0.015875059068444077,0.08007786894803182,0.0944694196450447,0.01670508103025634,
2000,base6,2,141,1,,5909.022957856068,exchangeable_varying_sigma,0.18,fixed,0.18,0.18,fixed,0.18,1.0,constant,0.3,-0.06732406907710434,0.045573526497707614,0.057609597920522455,0.012319940705288301,0.012727893011430623,0.045912064556048224,0.057988599531187644,0.013197515590283704,0.013508045791830264,0.08204368654286018,0.09530955618946456,0.06732406907710434,
2000,base6,2,141,1,,4995.2339035579935,exchangeable_varying_sigma,0.18,fixed,0.18,0.18,fixed,0.18,1.0,constant,0.6,-0.14761201811470376,0.04558169673248651,0.05772848737457599,0.012821092854125277,0.013340657485316364,0.04396682216499652,0.05566436990691342,0.014199827099208279,0.014542844167816532,0.08111552992892211,0.09459541161752025,0.14761201811470376,
2000,base6,2,141,1,,5537.252054749057,exchangeable_varying_sigma,0.18,fixed,0.18,0.18,fixed,0.18,1.0,constant,0.9,-0.22854634604341195,0.04559566288446159,0.05796201448910275,0.0130626244584581,0.013708847435302252,0.039718281577036135,0.050719600977294964,0.014571137680043394,0.015163505110192738,0.07988893173404256,0.09312856920616064,0.22854634604341195,
1000,base5,3,142,1,,1124.6812300129095,exchangeable_varying_sigma,0.18,fixed,0.18,0.18,fixed,0.18,1.0,constant,0.0,-0.01818805841917541,0.07848428345799534,0.10581333699575472,0.0504878025653987,0.06228919662221173,0.08084278387986818,0.1094768130405166,0.047240952997168836,0.06044104551403945,0.23249502896950514,0.2894126956633974,0.01818805841917541,
1000,base5,3,142,1,,1082.1154212569818,exchangeable_varying_sigma,0.18,fixed,0.18,0.18,fixed,0.18,1.0,constant,0.3,-0.13756674290898968,0.0751890354712655,0.10101787470551438,0.017063276480361142,0.019816910640235757,0.07742457517686382,0.10505548569422202,0.01522643788364475,0.020653190605294365,0.24286960987191694,0.3102499123839876,0.13756674290898968,
1000,base5,3,142,1,,1148.6783095259452,exchangeable_varying_sigma,0.18,fixed,0.18,0.18,fixed,0.18,1.0,constant,0.6,-0.2828011162943005,0.07448597328235199,0.09998657584453491,0.02036866857643775,0.022509465748770958,0.07510938923706953,0.10297613321267432,0.01743049655595738,0.024150617894241683,0.24586438053045595,0.31341567756351957,0.2828011162943005,
1000,base5,3,142,1,,1123.013245579088,exchangeable_varying_sigma,0.18,fixed,0.18,0.18,fixed,0.18,1.0,constant,0.9,-0.42821551668385316,0.07372819582540466,0.0989707813518599,0.024288314162961636,0.026649533730111998,0.07069531802670402,0.09876754672469906,0.024882419320030463,0.03002725097748326,0.24976546550365372,0.3170879105246434,0.42821551668385316,
1000,base6,3,142,1,,1272.3782045081025,exchangeable_varying_sigma,0.18,fixed,0.18,0.18,fixed,0.18,1.0,constant,0.0,-0.03513516450160445,0.06289414454905276,0.08337197484892339,0.03885478771119752,0.05149983229497859,0.0637300476172937,0.08429171092929694,0.03693655706532786,0.05201357260014015,0.2060290594142346,0.22468310621472382,0.03513516450160445,
1000,base6,3,142,1,,958.6591697159456,exchangeable_varying_sigma,0.18,fixed,0.18,0.18,fixed,0.18,1.0,constant,0.3,-0.09332611313151279,0.05730496775290845,0.07589352894893975,0.014984673458876413,0.018337202244677345,0.057464792209875465,0.07637247796297804,0.015068850116357835,0.01814072412339143,0.20176379845239875,0.21056241737863818,0.09332611313151279,
1000,base6,3,142,1,,991.4349545290461,exchangeable_varying_sigma,0.18,fixed,0.18,0.18,fixed,0.18,1.0,constant,0.6,-0.18991150562893472,0.0568803852372568,0.07504212816636072,0.019226656637884726,0.022980217297933366,0.05454813399256612,0.07291059034037455,0.017255985254301165,0.020650280516633646,0.20379398973173737,0.21168707813473311,0.18991150562893472,
1000,base6,3,142,1,,1270.1926427530125,exchangeable_varying_sigma,0.18,fixed,0.18,0.18,fixed,0.18,1.0,constant,0.9,-0.28998238457730474,0.05652096940393312,0.07447113482341,0.02518111298733014,0.02868525575400666,0.048828890967016175,0.06577964071118751,0.0224171318060076,0.025124041536151404,0.20245880619717913,0.20999984420670542,0.28998238457730474,
2000,base5,3,142,1,,5021.205463124905,exchangeable_varying_sigma,0.18,fixed,0.18,0.18,fixed,0.18,1.0,constant,0.0,0.0355433872428275,0.06337685494670683,0.08726846271468154,0.028818383872696085,0.03368193003859578,0.06651611921826446,0.0927638090303159,0.02459651147860989,0.03009505581026962,0.3832503111556681,0.5246510118987178,0.0355433872428275,
2000,base5,3,142,1,,5103.910323327989,exchangeable_varying_sigma,0.18,fixed,0.18,0.18,fixed,0.18,1.0,constant,0.3,-0.11226935371299798,0.06454075985789395,0.08935638531358915,0.018479543360003556,0.02616880079518975,0.0673928050370562,0.09465878986158692,0.019322250693178944,0.02640391926544596,0.38375594404623464,0.5314424886571455,0.11226935371299798,
2000,base5,3,142,1,,5224.323461332009,exchangeable_varying_sigma,0.18,fixed,0.18,0.18,fixed,0.18,1.0,constant,0.6,-0.2540415652553535,0.06437579524720645,0.08929088770885248,0.018410705060778645,0.026314934812125674,0.06573114900998772,0.09316481077276867,0.019892523794451167,0.026942865485442717,0.38312266078133794,0.525174434347225,0.2540415652553535,
2000,base5,3,142,1,,4231.179588778061,exchangeable_varying_sigma,0.18,fixed,0.18,0.18,fixed,0.18,1.0,constant,0.9,-0.4001157694644098,0.06416272481398595,0.0891155623250866,0.017984071662920292,0.026263388543704795,0.06244702952645296,0.09029545674880435,0.0196266445707739,0.026556116333267175,0.38299602364699775,0.5188560925627029,0.4001157694644098,
2000,base6,3,142,1,,5364.088483121013,exchangeable_varying_sigma,0.18,fixed,0.18,0.18,fixed,0.18,1.0,constant,0.0,0.025154961128112573,0.045622931935611385,0.058805670970110115,0.013529921747819473,0.017464464738497307,0.04632881010771427,0.05966255139819033,0.012361150836747076,0.016568330853423574,0.07054470765784458,0.0787550776535401,0.025154961128112573,
2000,base6,3,142,1,,4531.218268163968,exchangeable_varying_sigma,0.18,fixed,0.18,0.18,fixed,0.18,1.0,constant,0.3,-0.06388166384633731,0.04663278420244708,0.05927937944178643,0.020633733147680855,0.023730795257183284,0.047256197763311546,0.05990893574954819,0.021099116716964628,0.02478048133092751,0.08228553944468789,0.09237151538590214,0.06388166384633731,
2000,base6,3,142,1,,3584.825784028042,exchangeable_varying_sigma,0.18,fixed,0.18,0.18,fixed,0.18,1.0,constant,0.6,-0.1423572906428039,0.04623990460776513,0.05900569937521835,0.02288557053197865,0.02565450299563577,0.04514542514163933,0.0573183367219268,0.02264648461798105,0.02619514187141447,0.0818672614138749,0.09235540651279384,0.1423572906428039,
2000,base6,3,142,1,,5864.099070867989,exchangeable_varying_sigma,0.18,fixed,0.18,0.18,fixed,0.18,1.0,constant,0.9,-0.22066736410592247,0.045730773714271145,0.05858031429604872,0.025015278397309743,0.027494585955985053,0.04027481407993541,0.051359506308530686,0.02398456855631262,0.02710164215268966,0.08115524615002949,0.09305410524974338,0.22066736410592247,
1000,base5,0,143,1,,1197.1133533719694,exchangeable_varying_sigma,0.18,fixed,0.18,0.18,fixed,0.18,1.0,constant,0.0,0.038106864020265675,0.07905326699438334,0.10573731996788148,0.01732858419084332,0.02093752216941795,0.08163811400794044,0.11005826494163959,0.027286382617698918,0.032938595595119385,0.2752722017933421,0.36650273933635086,0.038106864020265675,
1000,base5,0,143,1,,1224.974558857968,exchangeable_varying_sigma,0.18,fixed,0.18,0.18,fixed,0.18,1.0,constant,0.3,-0.17507643173431248,0.07967543741346707,0.10831799310468183,0.030605408738794082,0.03645937341355111,0.08192456414259085,0.11227454789929463,0.026516942314393277,0.033987003360651344,0.29357338091443896,0.3824954198360317,0.17507643173431248,
1000,base5,0,143,1,,1230.7275075489888,exchangeable_varying_sigma,0.18,fixed,0.18,0.18,fixed,0.18,1.0,constant,0.6,-0.33316052347888964,0.07950311603734567,0.10818666563177431,0.0357541163893626,0.04213356060480011,0.07972001658958286,0.109762487495291,0.03155194280078025,0.04011438959164371,0.2921349846838652,0.3818007962761077,0.33316052347888964,
1000,base5,0,143,1,,1141.8633840450784,exchangeable_varying_sigma,0.18,fixed,0.18,0.18,fixed,0.18,1.0,constant,0.9,-0.4904727715026066,0.07922851013529023,0.10789523083306958,0.041415059201357296,0.048381257960502085,0.07553023862380107,0.10512309110811728,0.03751235632196451,0.04756763065153335,0.288929441719812,0.37849212086254364,0.4904727715026066,
1000,base6,0,143,1,,1132.4177653939696,exchangeable_varying_sigma,0.18,fixed,0.18,0.18,fixed,0.18,1.0,constant,0.0,0.042392492711085424,0.05932851204720075,0.07898194795106914,0.006475845272883751,0.008880185028896256,0.05980616760806902,0.07955224311369948,0.008619036885897213,0.010925272403935196,0.19886182199779784,0.2105044097067232,0.042392492711085424,
1000,base6,0,143,1,,1141.2486099220114,exchangeable_varying_sigma,0.18,fixed,0.18,0.18,fixed,0.18,1.0,constant,0.3,-0.061109821240980716,0.061580330147176725,0.08201412590061431,0.030149557804101834,0.038032069445425934,0.06147972254218242,0.08182252099433945,0.02917636465113535,0.03667716639418675,0.2020241102708801,0.22414730565579777,0.061109821240980716,
1000,base6,0,143,1,,1075.8664058669237,exchangeable_varying_sigma,0.18,fixed,0.18,0.18,fixed,0.18,1.0,constant,0.6,-0.17159086054949724,0.06149560335410508,0.0820852091706667,0.03529826545466999,0.04354906097508435,0.05827744004775263,0.07794772191634916,0.032750293509186346,0.041324322013759504,0.19964646364042107,0.22293130082251608,0.17159086054949724,
1000,base6,0,143,1,,1149.6271938480204,exchangeable_varying_sigma,0.18,fixed,0.18,0.18,fixed,0.18,1.0,constant,0.9,-0.28636618958381654,0.06154595529942811,0.0820809826386699,0.04095920826666383,0.04966813576585147,0.05172580651262469,0.0697476727305288,0.03817122562313603,0.047033990717775614,0.19858818040263163,0.2223174777780669,0.28636618958381654,
2000,base5,0,143,1,,4674.756479930016,exchangeable_varying_sigma,0.18,fixed,0.18,0.18,fixed,0.18,1.0,constant,0.0,0.019734938534394595,0.06342497865181744,0.0885769238915441,0.007082702267220187,0.009626069083928431,0.06612115553040679,0.09399189719561551,0.009419429629607512,0.00968456491321577,0.3633546777786761,0.503121506716402,0.019734938534394595,
2000,base5,0,143,1,,4261.169142634026,exchangeable_varying_sigma,0.18,fixed,0.18,0.18,fixed,0.18,1.0,constant,0.3,-0.10723363413986187,0.0646212745155231,0.08874791662987373,0.016256817301432303,0.019556744575076803,0.06704866546915804,0.09416088447123232,0.01506482783234342,0.015516020754484815,0.3696902230878626,0.5244440804468277,0.10723363413986187,
2000,base5,0,143,1,,4397.590676340042,exchangeable_varying_sigma,0.18,fixed,0.18,0.18,fixed,0.18,1.0,constant,0.6,-0.24161315293395175,0.0646855230926718,0.08864049269491193,0.016653081911184087,0.020375399208484316,0.06538160068929075,0.09268016815014851,0.015687845754986385,0.016380583954961947,0.36798615323002004,0.5204841887190965,0.24161315293395175,
2000,base5,0,143,1,,4533.707342654932,exchangeable_varying_sigma,0.18,fixed,0.18,0.18,fixed,0.18,1.0,constant,0.9,-0.3790604939775136,0.06459097964681927,0.08837345153086386,0.016760821890026006,0.02109687878911663,0.06204314030296353,0.08999820207097685,0.015247372883064741,0.016508628961418546,0.36734645678604294,0.5171690206263884,0.3790604939775136,
2000,base6,0,143,1,,4482.872845180915,exchangeable_varying_sigma,0.18,fixed,0.18,0.18,fixed,0.18,1.0,constant,0.0,0.016447445000133818,0.04478388411886799,0.05685247964405721,0.011418792768660313,0.01399347615484874,0.0454392606665565,0.05769756984458329,0.011182882296998903,0.013470940740070316,0.06792903557885592,0.07915936019269347,0.016447445000133818,
2000,base6,0,143,1,,4446.050051706028,exchangeable_varying_sigma,0.18,fixed,0.18,0.18,fixed,0.18,1.0,constant,0.3,-0.05948735612544662,0.0465742705929963,0.05906736690266127,0.011853833899997168,0.014828430093172648,0.04616114702973685,0.0586064570508472,0.012662679743311173,0.015369339358805374,0.0715432325401854,0.08751796199567581,0.05948735612544662,
2000,base6,0,143,1,,4215.570475702989,exchangeable_varying_sigma,0.18,fixed,0.18,0.18,fixed,0.18,1.0,constant,0.6,-0.13357852315990826,0.04660651702458358,0.05915173580620859,0.012318334143764403,0.015827572624560467,0.04368600966792432,0.05556695400348651,0.013133268037456153,0.01597444255246075,0.06874674471465204,0.08455954710768793,0.13357852315990826,
2000,base6,0,143,1,,4288.031825950951,exchangeable_varying_sigma,0.18,fixed,0.18,0.18,fixed,0.18,1.0,constant,0.9,-0.21027750999326844,0.04637873396158175,0.05906762226107093,0.013171248239054523,0.016849996626977257,0.03893652496332988,0.04962951970281954,0.013472129503297708,0.015988168575158522,0.0661393834316315,0.08143738069105183,0.21027750999326844,
1000,base5,1,144,1,,1113.8206426849356,exchangeable_varying_sigma,0.18,fixed,0.18,0.18,fixed,0.18,1.0,constant,0.0,0.045199456915577106,0.07563748837000804,0.10123003913121231,0.02029312199258612,0.030355188496219786,0.07903980476040957,0.10680832503240995,0.016837584026639624,0.026854098302818694,0.27361601755354364,0.32363314310162605,0.045199456915577106,
1000,base5,1,144,1,,1020.1146143939113,exchangeable_varying_sigma,0.18,fixed,0.18,0.18,fixed,0.18,1.0,constant,0.3,-0.0658237614469897,0.07536543080206065,0.09934215150545804,0.024112632249173732,0.028138533243208665,0.07771288811732129,0.10335222340952595,0.02177181725803297,0.02748383301920144,0.27349671336976883,0.3296234842908549,0.0658237614469897,
1000,base5,1,144,1,,1087.2034043329768,exchangeable_varying_sigma,0.18,fixed,0.18,0.18,fixed,0.18,1.0,constant,0.6,-0.21850645392650025,0.07528250551611751,0.09919932832532846,0.026010762297029533,0.029412807870189624,0.07503643587764776,0.10035134296802244,0.022705706308777676,0.02852099353463482,0.2672751624030784,0.3224942747325,0.21850645392650025,
1000,base5,1,144,1,,1054.1006588460878,exchangeable_varying_sigma,0.18,fixed,0.18,0.18,fixed,0.18,1.0,constant,0.9,-0.3757885630966872,0.07501635979291825,0.0987305334267264,0.028166515331013692,0.030764994847254912,0.07012547376575674,0.09526351093159803,0.022468081863520437,0.02861965592517271,0.26054998861687423,0.3155292359974366,0.3757885630966872,
1000,base6,1,144,1,,1131.2237949270057,exchangeable_varying_sigma,0.18,fixed,0.18,0.18,fixed,0.18,1.0,constant,0.0,0.0125291854700229,0.059864922417082106,0.07970592717768757,0.02088155588357063,0.02652569027722805,0.06068606990538103,0.08075308571395971,0.02405513958798597,0.02863327281553371,0.1762419732887809,0.19495936025228758,0.0125291854700229,
1000,base6,1,144,1,,1148.4293839420425,exchangeable_varying_sigma,0.18,fixed,0.18,0.18,fixed,0.18,1.0,constant,0.3,-0.05698731408288349,0.06080887110452525,0.08110195770014883,0.022254970064709362,0.025062636054640264,0.06011206233588418,0.0798837301123995,0.016892155290228444,0.02241824151825963,0.1741162278706178,0.19668377121370745,0.05698731408288349,
1000,base6,1,144,1,,1085.995061455993,exchangeable_varying_sigma,0.18,fixed,0.18,0.18,fixed,0.18,1.0,constant,0.6,-0.16286523864370672,0.06079590767194767,0.08110787393440211,0.024016843633628687,0.026447039410164436,0.056667463720175004,0.07533356438941137,0.020344406866358078,0.024075777667803187,0.16418914818242922,0.18539337822977967,0.16286523864370672,
1000,base6,1,144,1,,1119.3056767389644,exchangeable_varying_sigma,0.18,fixed,0.18,0.18,fixed,0.18,1.0,constant,0.9,-0.27174950817314636,0.06061326571029834,0.08069337903195906,0.025724969885624227,0.027916460300331746,0.04997804138101824,0.0668959786354813,0.023514390745406788,0.02563247230543789,0.15426124642338174,0.1741102033236693,0.27174950817314636,
2000,base5,1,144,1,,4467.475971242995,exchangeable_varying_sigma,0.18,fixed,0.18,0.18,fixed,0.18,1.0,constant,0.0,0.03682188570185127,0.0643441375003335,0.0864832122975753,0.023004356578809587,0.02423391405901435,0.06752534484357924,0.09224461962023503,0.024002441133850708,0.025316462172329374,0.36296986609370285,0.5014314887548469,0.03682188570185127,
2000,base5,1,144,1,,4186.841260746005,exchangeable_varying_sigma,0.18,fixed,0.18,0.18,fixed,0.18,1.0,constant,0.3,-0.16627673739000087,0.06624289202625229,0.0896730237199252,0.004202672095075202,0.005488843752865595,0.06867032163339562,0.09462561850156763,0.0077638565943699,0.009104951931273388,0.35636702461371467,0.4752624573436711,0.16627673739000087,
2000,base5,1,144,1,,4495.287713011028,exchangeable_varying_sigma,0.18,fixed,0.18,0.18,fixed,0.18,1.0,constant,0.6,-0.298440921796633,0.06623001510175718,0.08977648964033902,0.005341165242133572,0.006637721343854692,0.06694832489622769,0.09312614219123004,0.010028129309697542,0.010862823527608565,0.35701964145101317,0.4759982402535134,0.298440921796633,
2000,base5,1,144,1,,4272.16829202394,exchangeable_varying_sigma,0.18,fixed,0.18,0.18,fixed,0.18,1.0,constant,0.9,-0.4301730452339665,0.06608592423072182,0.08974186694556657,0.007518555280805611,0.008495355805068789,0.06348352687786883,0.09037071362707647,0.012762805056853427,0.01339075324630577,0.358038593987673,0.4785921628158885,0.4301730452339665,
2000,base6,1,144,1,,4475.476951642078,exchangeable_varying_sigma,0.18,fixed,0.18,0.18,fixed,0.18,1.0,constant,0.0,0.044739565615193704,0.04447925813310403,0.055812857448984655,0.013853580971118093,0.014956237673240736,0.045295274914955136,0.05679345827999735,0.013737218783456517,0.014971436576224365,0.0756322371034977,0.08678099654953822,0.044739565615193704,
2000,base6,1,144,1,,4375.271856465959,exchangeable_varying_sigma,0.18,fixed,0.18,0.18,fixed,0.18,1.0,constant,0.3,-0.1136849636734667,0.04862248488821494,0.0620729031108847,0.008357601536208431,0.009405831305592742,0.04805522196543543,0.06137753545489925,0.008139133635144957,0.008894058623125738,0.06350979508655138,0.0747476110256373,0.1136849636734667,
2000,base6,1,144,1,,4056.1994113120018,exchangeable_varying_sigma,0.18,fixed,0.18,0.18,fixed,0.18,1.0,constant,0.6,-0.1908995445250719,0.048978960309593866,0.06247636559146319,0.010151426194647095,0.011546549814665852,0.04571251020272457,0.05837464083499419,0.009425972374367625,0.010638745552275192,0.06417173333729086,0.07549232086583757,0.1908995445250719,
2000,base6,1,144,1,,4272.069522520062,exchangeable_varying_sigma,0.18,fixed,0.18,0.18,fixed,0.18,1.0,constant,0.9,-0.26772525044130013,0.0493120746040425,0.062754134022163,0.012043634396804698,0.013922588510146166,0.041064401657738864,0.05240635791179852,0.010968718945032235,0.012977568594715938,0.06499473433020427,0.07624290563898897,0.26772525044130013,
1000,base5,2,145,1,,1188.3629348180257,exchangeable_varying_sigma,0.18,fixed,0.18,0.18,fixed,0.18,1.0,constant,0.0,-0.03899497129382868,0.07858833138092354,0.10576331160604717,0.049634369981463575,0.04996559537759796,0.08103860326815845,0.10978944391587334,0.04268849122406633,0.04504061543829697,0.26117450576463364,0.3280516239270891,0.03899497129382868,
1000,base5,2,145,1,,1087.2424492059508,exchangeable_varying_sigma,0.18,fixed,0.18,0.18,fixed,0.18,1.0,constant,0.3,-0.16185466492216488,0.07760290166291431,0.10334853010790523,0.03563930277130968,0.03899403470026403,0.0800040639687452,0.10786339808138638,0.034228567368987634,0.04152257881589757,0.2731374400500067,0.33525851775994236,0.16185466492216488,
1000,base5,2,145,1,,1122.8161445499863,exchangeable_varying_sigma,0.18,fixed,0.18,0.18,fixed,0.18,1.0,constant,0.6,-0.31530532664182537,0.07730323074928268,0.10307760509411733,0.03933639381294668,0.042429486511315735,0.07806868596143632,0.10596955276299762,0.03695103048441446,0.043824762895582015,0.27658946975249904,0.339472937110908,0.31530532664182537,
1000,base5,2,145,1,,1081.0588082729373,exchangeable_varying_sigma,0.18,fixed,0.18,0.18,fixed,0.18,1.0,constant,0.9,-0.4692531551096406,0.07682342733916504,0.10267010158048519,0.04250267075385282,0.044996561479465076,0.07386758600348582,0.10199136226849549,0.03800144975714724,0.04333761964171632,0.27798440126080876,0.34139801819059284,0.4692531551096406,
1000,base6,2,145,1,,1159.7042984110303,exchangeable_varying_sigma,0.18,fixed,0.18,0.18,fixed,0.18,1.0,constant,0.0,0.014934263271413707,0.06085037191088071,0.07947420397357642,0.035263560983072026,0.038317397155733415,0.06129046235156007,0.0800184031341524,0.03296120285789554,0.03586065810930142,0.20356082230701042,0.21109934980491116,0.014934263271413707,
1000,base6,2,145,1,,1225.362955893972,exchangeable_varying_sigma,0.18,fixed,0.18,0.18,fixed,0.18,1.0,constant,0.3,-0.09474055387431365,0.06203501013953683,0.08210357855866046,0.04299298283214911,0.04730271682631565,0.06201333104397456,0.08217180562703837,0.04572645241880294,0.05006425764764544,0.21003923040716355,0.224109823179975,0.09474055387431365,
1000,base6,2,145,1,,1136.1753247480374,exchangeable_varying_sigma,0.18,fixed,0.18,0.18,fixed,0.18,1.0,constant,0.6,-0.20352266823004805,0.06216324682635919,0.08219145336922465,0.04544592170601533,0.05035149899652012,0.059445253680420994,0.07916711333991777,0.04858479380401273,0.05369449503452953,0.20773363313952442,0.2235630823744533,0.20352266823004805,
1000,base6,2,145,1,,1166.2605206359876,exchangeable_varying_sigma,0.18,fixed,0.18,0.18,fixed,0.18,1.0,constant,0.9,-0.3116502930551417,0.06233788880344601,0.08218650219230425,0.04674940934860175,0.05239624070349141,0.05386202204014756,0.07218671017937799,0.04841037713161936,0.05431389361593279,0.20606717753377568,0.22414128860748628,0.3116502930551417,
2000,base5,2,145,1,,4406.828842121991,exchangeable_varying_sigma,0.18,fixed,0.18,0.18,fixed,0.18,1.0,constant,0.0,-0.027159535994962663,0.06237393718563947,0.08685956963003813,0.014275183437167605,0.015147086963963335,0.06553699470546703,0.0929898490289982,0.014141431048953657,0.015980892312295623,0.41503523932806763,0.6093081654689766,0.027159535994962663,
2000,base5,2,145,1,,4471.065542864031,exchangeable_varying_sigma,0.18,fixed,0.18,0.18,fixed,0.18,1.0,constant,0.3,-0.1452179177144083,0.0631541154461052,0.08853363094301915,0.01531923267449338,0.019790564735160884,0.0653954524606613,0.0936747737986029,0.012480461474591337,0.016305033543860602,0.41603889523651205,0.5893873597031077,0.1452179177144083,
2000,base5,2,145,1,,4352.184741439996,exchangeable_varying_sigma,0.18,fixed,0.18,0.18,fixed,0.18,1.0,constant,0.6,-0.28269349798183974,0.06328967100015073,0.08871582439912994,0.016841335029436272,0.021255794765036,0.06392604201926606,0.09224058204694256,0.013578078262513602,0.016900041785027794,0.4199348483845063,0.5863604469139351,0.28269349798183974,
2000,base5,2,145,1,,4167.625660086982,exchangeable_varying_sigma,0.18,fixed,0.18,0.18,fixed,0.18,1.0,constant,0.9,-0.42150130248839424,0.06335868734976217,0.08889186917876771,0.018481956392348578,0.022770104164517663,0.06104600154171926,0.08970454432420727,0.014770263117560148,0.017400920752810346,0.4232306522793032,0.5816360533242461,0.42150130248839424,
2000,base6,2,145,1,,4395.249150160002,exchangeable_varying_sigma,0.18,fixed,0.18,0.18,fixed,0.18,1.0,constant,0.0,-0.022831436754834372,0.04485997121529318,0.0572754005994909,0.005610570014826455,0.007324911144890922,0.04539773423557796,0.05791893412527868,0.005657924663082917,0.007669452337421635,0.07033680453218287,0.08353273505723303,0.022831436754834372,
2000,base6,2,145,1,,4527.548335080035,exchangeable_varying_sigma,0.18,fixed,0.18,0.18,fixed,0.18,1.0,constant,0.3,-0.04329224234246959,0.047056768574286444,0.05985274111805658,0.017083483709458766,0.01977988749402196,0.04714131491982333,0.06002632910267693,0.015510247306825528,0.01733046609952043,0.058567208157168836,0.06864388039900572,0.04329224234246959,
2000,base6,2,145,1,,4522.036613636999,exchangeable_varying_sigma,0.18,fixed,0.18,0.18,fixed,0.18,1.0,constant,0.6,-0.1268116591650139,0.04714556720299896,0.05989287391873731,0.01890399511499169,0.021754004623270956,0.04512932722506297,0.057582439509864455,0.01634470689306737,0.01796415530945118,0.056934535517061874,0.0675798984427196,0.1268116591650139,
2000,base6,2,145,1,,4416.325418388005,exchangeable_varying_sigma,0.18,fixed,0.18,0.18,fixed,0.18,1.0,constant,0.9,-0.21679010043808622,0.04714557099426103,0.059799107199812435,0.02081144563007402,0.02384606447544396,0.040588088616448297,0.051866114296164986,0.01738965928612697,0.018925766886676288,0.05816927706790421,0.07194225473476994,0.21679010043808622,
1000,base5,3,146,1,,1119.6335228210082,exchangeable_varying_sigma,0.18,fixed,0.18,0.18,fixed,0.18,1.0,constant,0.0,0.09001663228526885,0.07560437982929165,0.10432852368512718,0.01974968315662856,0.025161046743080943,0.07785857086168164,0.10834185012159589,0.021114148230646668,0.02497904053200796,0.2898446616570885,0.3689662017476096,0.09001663228526885,
1000,base5,3,146,1,,1270.9424585590605,exchangeable_varying_sigma,0.18,fixed,0.18,0.18,fixed,0.18,1.0,constant,0.3,-0.15126267756128187,0.07922878890672051,0.10808365620951679,0.01930322430905876,0.027587795476340132,0.08107916505609178,0.111384152653173,0.018352256222977315,0.024310704661673174,0.23582640468074487,0.3013915623411379,0.15126267756128187,
1000,base5,3,146,1,,1180.048748517991,exchangeable_varying_sigma,0.18,fixed,0.18,0.18,fixed,0.18,1.0,constant,0.6,-0.3116530415303831,0.07988618027205067,0.10854526703675615,0.02132278077796422,0.029694132072457278,0.07914481684982713,0.10909243086468418,0.02030429590734159,0.02563606269299708,0.24151892001592382,0.308802284571227,0.3116530415303831,
1000,base5,3,146,1,,1089.0524664770346,exchangeable_varying_sigma,0.18,fixed,0.18,0.18,fixed,0.18,1.0,constant,0.9,-0.4777332269236006,0.08039853076817924,0.1088337168428561,0.023431493124189823,0.031781961351901165,0.07537093672265045,0.10462517252671519,0.0225030294877466,0.027289255374283873,0.2547587897757497,0.32381140884569004,0.4777332269236006,
1000,base6,3,146,1,,1151.01392553607,exchangeable_varying_sigma,0.18,fixed,0.18,0.18,fixed,0.18,1.0,constant,0.0,0.08899262091378991,0.05874033830725929,0.07931599662634788,0.020982331700506257,0.02272133622856274,0.05953844699491147,0.08047584175523867,0.02163495331710963,0.023132676019543507,0.21782333200893508,0.2602939105558909,0.08899262091378991,
1000,base6,3,146,1,,1227.673674499034,exchangeable_varying_sigma,0.18,fixed,0.18,0.18,fixed,0.18,1.0,constant,0.3,-0.08440517929007518,0.06527261276825112,0.08815271041965793,0.014805591837515064,0.018150793352680977,0.06543608106423414,0.08840209797357995,0.012909608061882197,0.014020569759026234,0.22864304480681558,0.25097884571163287,0.08440517929007518,
1000,base6,3,146,1,,1092.3303476020228,exchangeable_varying_sigma,0.18,fixed,0.18,0.18,fixed,0.18,1.0,constant,0.6,-0.19392519043862222,0.06541045654446183,0.08895995007577738,0.016825148306420207,0.020643035772008874,0.062364484309849574,0.08470210067454703,0.013722164788914429,0.015344682021160636,0.22545420106173042,0.2503002723211491,0.19392519043862222,
1000,base6,3,146,1,,1121.7356089359382,exchangeable_varying_sigma,0.18,fixed,0.18,0.18,fixed,0.18,1.0,constant,0.9,-0.3069881662240067,0.0652969027742263,0.08951980145666444,0.018933860652646448,0.023181277096523407,0.055774973390836056,0.07695864406198143,0.015088724950448537,0.017633765060747555,0.22297802397933572,0.25062274622788494,0.3069881662240067,
2000,base5,3,146,1,,4209.433165375958,exchangeable_varying_sigma,0.18,fixed,0.18,0.18,fixed,0.18,1.0,constant,0.0,-0.019100283421209258,0.06497299821730335,0.08774394587807982,0.011481658996464042,0.014334543261894423,0.06797494493460265,0.09320817551258301,0.008506634646992972,0.010100301212544086,0.4202030032815194,0.5574061487126225,0.019100283421209258,
2000,base5,3,146,1,,4274.129475295893,exchangeable_varying_sigma,0.18,fixed,0.18,0.18,fixed,0.18,1.0,constant,0.3,-0.1311321414787413,0.06496612467151457,0.087394839851785,0.023566822814533206,0.027926727528271814,0.06811376575559941,0.09293210508118109,0.01989260342621972,0.024055106121996357,0.4105966705211117,0.5451279812769945,0.1311321414787413,
2000,base5,3,146,1,,4450.968921995023,exchangeable_varying_sigma,0.18,fixed,0.18,0.18,fixed,0.18,1.0,constant,0.6,-0.2581180285780087,0.06480016676066039,0.08739014849783706,0.025070023642019337,0.030316990609977085,0.06664317128034727,0.09185295875459668,0.021655543076897002,0.026070383540263392,0.40687396367381445,0.5415481969489497,0.2581180285780087,
2000,base5,3,146,1,,4237.357870391919,exchangeable_varying_sigma,0.18,fixed,0.18,0.18,fixed,0.18,1.0,constant,0.9,-0.38460292039315647,0.06454118330412538,0.08747238447194446,0.026715767439407997,0.0330503024359549,0.06336646029107021,0.08970747533952665,0.024242800610896134,0.028827106293002336,0.40276737167944915,0.5375062232192689,0.38460292039315647,
2000,base6,3,146,1,,4475.438490210916,exchangeable_varying_sigma,0.18,fixed,0.18,0.18,fixed,0.18,1.0,constant,0.0,-0.04189919642638417,0.045889571033426,0.05773585236991522,0.004589369670714855,0.005102419045212831,0.04672201792115706,0.05873780902001808,0.005037480995879723,0.00575211937138636,0.07011432547506465,0.08676939555792902,0.04189919642638417,
2000,base6,3,146,1,,4647.843270549085,exchangeable_varying_sigma,0.18,fixed,0.18,0.18,fixed,0.18,1.0,constant,0.3,-0.0735434664649822,0.04425274031595478,0.05648271019636044,0.013332252670631442,0.016829721626437942,0.044862177275512824,0.057254263526336745,0.014095713677215724,0.017628158993302397,0.0953203598885023,0.11856417696929723,0.0735434664649822,
2000,base6,3,146,1,,4413.262852845015,exchangeable_varying_sigma,0.18,fixed,0.18,0.18,fixed,0.18,1.0,constant,0.6,-0.1395968791472041,0.04423076555260758,0.056324263470989934,0.014835453498117532,0.019126061522381062,0.04307767927234654,0.05502267500884442,0.015770527667716555,0.01973432535760345,0.09580772546890791,0.12106284370110959,0.1395968791472041,
2000,base6,3,146,1,,4439.482032784959,exchangeable_varying_sigma,0.18,fixed,0.18,0.18,fixed,0.18,1.0,constant,0.9,-0.20224915224966056,0.04419397157617831,0.05625780476476897,0.016481197295506414,0.021765247268155544,0.039202738131866324,0.0504897421936019,0.017654288318915135,0.022718454035310153,0.09622201623438797,0.12326630586521027,0.20224915224966056,
1000,base5,0,147,1,,1203.018517719931,exchangeable_varying_sigma,0.18,fixed,0.18,0.18,fixed,0.18,1.0,constant,0.0,-0.04464546885166283,0.07842509758245111,0.10455486070056828,0.029957654145997673,0.03356683205440436,0.0813907681645701,0.10893603386844879,0.03592010883851793,0.037301461508001815,0.24326500738910128,0.31031785365928244,0.04464546885166283,
1000,base5,0,147,1,,1202.3589975680225,exchangeable_varying_sigma,0.18,fixed,0.18,0.18,fixed,0.18,1.0,constant,0.3,-0.14664980913621964,0.07595844812338796,0.10209578737478248,0.012408614875007856,0.015553343260998545,0.07760829694752945,0.10532442894773406,0.009791828825662596,0.016742498335663547,0.24640187723669665,0.3309848345394727,0.14664980913621964,
1000,base5,0,147,1,,1184.7119644850027,exchangeable_varying_sigma,0.18,fixed,0.18,0.18,fixed,0.18,1.0,constant,0.6,-0.3034909136157171,0.07616905894794217,0.10239925680670765,0.014353192715778562,0.017834567813726828,0.07576025891283827,0.10353926445992685,0.011168077769570989,0.018173782247046293,0.24707045600291713,0.33208720227281685,0.3034909136157171,
1000,base5,0,147,1,,1002.966052755015,exchangeable_varying_sigma,0.18,fixed,0.18,0.18,fixed,0.18,1.0,constant,0.9,-0.4605056063516838,0.07666535035325336,0.10296745001352708,0.016446659441142486,0.020214207412873195,0.07261017023569542,0.10015826878272834,0.013984664259114654,0.020542525810124904,0.24988226217246867,0.33564633501082336,0.4605056063516838,
1000,base6,0,147,1,,1065.2736167779658,exchangeable_varying_sigma,0.18,fixed,0.18,0.18,fixed,0.18,1.0,constant,0.0,-0.033706783111592066,0.06355944081376473,0.08555085100815875,0.022667147899187695,0.023935730789507365,0.06414884199945428,0.08622339746634282,0.02422392389413129,0.025823368425122135,0.19477437929647493,0.2089678714890461,0.033706783111592066,
1000,base6,0,147,1,,1136.1536083490355,exchangeable_varying_sigma,0.18,fixed,0.18,0.18,fixed,0.18,1.0,constant,0.3,-0.13930605588983488,0.06004224991046689,0.08062174102726109,0.02945984391974607,0.030321209780344763,0.059866160139426736,0.080396411613695,0.02658351133235526,0.027175131871793518,0.16887703957734226,0.17688432773833315,0.13930605588983488,
1000,base6,0,147,1,,1120.6004346499685,exchangeable_varying_sigma,0.18,fixed,0.18,0.18,fixed,0.18,1.0,constant,0.6,-0.24175882153995143,0.05999500236820041,0.0806058559259651,0.0315779781988724,0.0326410406596523,0.05736217211993151,0.07707001246346112,0.025846689245076576,0.026912409581647284,0.17590399118827332,0.1844610151376963,0.24175882153995143,
1000,base6,0,147,1,,1173.8854101989418,exchangeable_varying_sigma,0.18,fixed,0.18,0.18,fixed,0.18,1.0,constant,0.9,-0.33668411169656376,0.06004249633403901,0.0808218988327198,0.03328588355631551,0.034777759314737,0.05174561317341827,0.07004939228595201,0.024136974675117745,0.02644796172859776,0.18537930781337364,0.19491045268858118,0.33668411169656376,
2000,base5,0,147,1,,4417.470866646967,exchangeable_varying_sigma,0.18,fixed,0.18,0.18,fixed,0.18,1.0,constant,0.0,0.002393009722542356,0.06320010111818379,0.0867761766250193,0.022551473752749934,0.024313402024294495,0.06600348399974341,0.09188340066950741,0.018459840093073623,0.019839872751757557,0.36392355960480605,0.5145509203677051,0.002393009722542356,
2000,base5,0,147,1,,4092.07348689402,exchangeable_varying_sigma,0.18,fixed,0.18,0.18,fixed,0.18,1.0,constant,0.3,-0.11137273231010911,0.0637403824998652,0.08636291900251236,0.021306284266061182,0.026788651789730247,0.06610104440954337,0.09087785201652737,0.018789631132302587,0.023674994188241878,0.3738592816519855,0.5209011830241213,0.11137273231010911,
2000,base5,0,147,1,,4180.736995983054,exchangeable_varying_sigma,0.18,fixed,0.18,0.18,fixed,0.18,1.0,constant,0.6,-0.24776218053943838,0.06367507401774176,0.08621031193678313,0.023478198237370906,0.028697715443940754,0.06449503361853363,0.08958286326859492,0.02114678152097013,0.025693509929149552,0.38283046669607307,0.5289567005855463,0.24776218053943838,
2000,base5,0,147,1,,4570.319674856961,exchangeable_varying_sigma,0.18,fixed,0.18,0.18,fixed,0.18,1.0,constant,0.9,-0.386883427385457,0.06360145616716902,0.08605049130810491,0.025369266539481655,0.030294875508195554,0.06135896174902598,0.0872973212493376,0.023045524052277555,0.02685651931568336,0.3916259762338069,0.537377631300007,0.386883427385457,
2000,base6,0,147,1,,4196.0320845081005,exchangeable_varying_sigma,0.18,fixed,0.18,0.18,fixed,0.18,1.0,constant,0.0,-0.006554586770477749,0.04613831323562143,0.05879115720768952,0.01120905996053044,0.016016941994948557,0.046737227734263406,0.05952074630772794,0.009973516174464903,0.014795585839527555,0.0569791586065639,0.06844136669937717,0.006554586770477749,
2000,base6,0,147,1,,4430.460736803012,exchangeable_varying_sigma,0.18,fixed,0.18,0.18,fixed,0.18,1.0,constant,0.3,-0.055794548668815974,0.04441198398231322,0.05646709665429343,0.023208358227269632,0.025176152834903653,0.044489480375300976,0.05646768362015021,0.022920995387460036,0.024842471051092257,0.057023837167119326,0.07204004609858146,0.055794548668815974,
2000,base6,0,147,1,,4350.518698127009,exchangeable_varying_sigma,0.18,fixed,0.18,0.18,fixed,0.18,1.0,constant,0.6,-0.13567833323720196,0.044376165750229166,0.05630955060105038,0.02538027219857522,0.027412849958469775,0.04261267708556977,0.05403118315119368,0.02610514007692505,0.02782684916982809,0.05649871033817786,0.07177820340991627,0.13567833323720196,
2000,base6,0,147,1,,4748.320069518988,exchangeable_varying_sigma,0.18,fixed,0.18,0.18,fixed,0.18,1.0,constant,0.9,-0.2157352906420611,0.04443512787806325,0.056216844652078594,0.027271340500687052,0.029386877209257384,0.03894404918358316,0.04954869412925455,0.028945640815408097,0.030464606291665794,0.05543792835000358,0.07051280217084933,0.2157352906420611,
1000,base5,1,148,1,,1208.8803140609525,exchangeable_varying_sigma,0.18,fixed,0.18,0.18,fixed,0.18,1.0,constant,0.0,-7.527039952999095e-05,0.07706318586482691,0.10532898981326022,0.022654099950847967,0.028170265946696083,0.0793887717869729,0.10937406280033603,0.015099723189046232,0.01919547934379821,0.2505388590237777,0.32450815638887964,7.527039952999095e-05,
1000,base5,1,148,1,,1254.6993956960505,exchangeable_varying_sigma,0.18,fixed,0.18,0.18,fixed,0.18,1.0,constant,0.3,-0.15019005392942641,0.07652342501261554,0.10290080571341587,0.016415689146456885,0.01863905687693963,0.07905413281755695,0.10763286180896056,0.022832157368439465,0.02528127689410135,0.28701272261383504,0.3737135466729241,0.15019005392942641,
1000,base5,1,148,1,,1172.1142102419399,exchangeable_varying_sigma,0.18,fixed,0.18,0.18,fixed,0.18,1.0,constant,0.6,-0.30527441678155076,0.07641735361086813,0.10264432648792313,0.01729671760337731,0.020047845795482102,0.07690181406957537,0.10536667359954915,0.024747478858722166,0.0292446514253239,0.29329268560118893,0.37935658358368757,0.30527441678155076,
1000,base5,1,148,1,,1291.3945202690084,exchangeable_varying_sigma,0.18,fixed,0.18,0.18,fixed,0.18,1.0,constant,0.9,-0.462069015304106,0.07631508297606943,0.10231322931845138,0.019056892010339332,0.022630254656433355,0.07286601853208868,0.10130989790993017,0.029670111340861505,0.03449611893828171,0.30145116102602637,0.38710534239496663,0.462069015304106,
1000,base6,1,148,1,,1060.0362719650147,exchangeable_varying_sigma,0.18,fixed,0.18,0.18,fixed,0.18,1.0,constant,0.0,0.01981467444147136,0.05894120924679671,0.07784171877003214,0.020064837799486923,0.022085919841766857,0.059495237000470234,0.07839839643843481,0.019244393133435928,0.022069370162478254,0.1948885184124166,0.2102156597934584,0.01981467444147136,
1000,base6,1,148,1,,1252.892304323963,exchangeable_varying_sigma,0.18,fixed,0.18,0.18,fixed,0.18,1.0,constant,0.3,-0.12601044098500686,0.058529515098705416,0.07684387610984668,0.008224610098243879,0.008773616383060382,0.0584201059688598,0.07697264143926343,0.008111403553172636,0.009950827388285519,0.21587481963546487,0.22857036381409773,0.12601044098500686,
1000,base6,1,148,1,,1124.3654801790835,exchangeable_varying_sigma,0.18,fixed,0.18,0.18,fixed,0.18,1.0,constant,0.6,-0.22306899162222776,0.05842989878867245,0.0766866261217005,0.008671254856248506,0.009584519410013374,0.055570317181252486,0.07372644955440913,0.008985197754122654,0.012177222142204746,0.22135755509778549,0.23447799191699642,0.22306899162222776,
1000,base6,1,148,1,,1150.0173300319584,exchangeable_varying_sigma,0.18,fixed,0.18,0.18,fixed,0.18,1.0,constant,0.9,-0.31865688157957794,0.0581839265990831,0.07642401657031629,0.010480721445784824,0.012038582289062549,0.04979329325815932,0.066761293120142,0.015993004367348518,0.017550341507075986,0.22528095666581358,0.239738013694286,0.31865688157957794,
2000,base5,1,148,1,,4425.178367968067,exchangeable_varying_sigma,0.18,fixed,0.18,0.18,fixed,0.18,1.0,constant,0.0,0.030738900861404066,0.06661952561531048,0.09206989939929873,0.01659194423157717,0.017335530478642208,0.06988583900135589,0.09835589944133338,0.012535127153362274,0.013195289602459345,0.3910116420502925,0.5443160043266461,0.030738900861404066,
2000,base5,1,148,1,,4377.531463292893,exchangeable_varying_sigma,0.18,fixed,0.18,0.18,fixed,0.18,1.0,constant,0.3,-0.12723847244920716,0.06495808716487535,0.08985980773601392,0.024323977824158016,0.026152658558872686,0.06714437410041875,0.09502104749198768,0.020477049817619344,0.02216228052971096,0.3583702582023476,0.5059628815487901,0.12723847244920716,
2000,base5,1,148,1,,4276.946457842016,exchangeable_varying_sigma,0.18,fixed,0.18,0.18,fixed,0.18,1.0,constant,0.6,-0.26168534784652747,0.06532738276915655,0.09011823227892607,0.025902214633970203,0.027419307124286346,0.06549690571304732,0.09355198718328135,0.02065185851207238,0.02239931737644098,0.35652252599907375,0.5041602588388693,0.26168534784652747,
2000,base5,1,148,1,,4705.523874872015,exchangeable_varying_sigma,0.18,fixed,0.18,0.18,fixed,0.18,1.0,constant,0.9,-0.3980164358594279,0.06583899047446681,0.09045558411963565,0.027284127676891826,0.02840251428130428,0.06263199838893568,0.09124005206649463,0.02056367022706472,0.022340025360188743,0.35732480689797763,0.503675242496081,0.3980164358594279,
2000,base6,1,148,1,,4323.978486974025,exchangeable_varying_sigma,0.18,fixed,0.18,0.18,fixed,0.18,1.0,constant,0.0,0.029256463405839924,0.046419840249674854,0.0594780023814409,0.010611968489168483,0.011282085226637331,0.0469505216303048,0.06012796742356494,0.01020580514986072,0.010736111142859994,0.051990795732149694,0.06337851826995612,0.029256463405839924,
2000,base6,1,148,1,,4455.610135216964,exchangeable_varying_sigma,0.18,fixed,0.18,0.18,fixed,0.18,1.0,constant,0.3,-0.07052600614546825,0.04543853757988066,0.05863425618044618,0.014461634956095634,0.018810782872161813,0.04486962653919974,0.05805591504635005,0.014029313231196619,0.01739397674328216,0.06989330966539535,0.07916482611573915,0.07052600614546825,
2000,base6,1,148,1,,4298.194115936989,exchangeable_varying_sigma,0.18,fixed,0.18,0.18,fixed,0.18,1.0,constant,0.6,-0.1466403709613438,0.045835335749689066,0.05901002407763291,0.01564045781294915,0.020572527901141176,0.042691939069885367,0.0551636911900107,0.013552926584744926,0.017840197834622724,0.07514589832624696,0.08533205786603297,0.1466403709613438,
2000,base6,1,148,1,,4717.575566529995,exchangeable_varying_sigma,0.18,fixed,0.18,0.18,fixed,0.18,1.0,constant,0.9,-0.22223921944805325,0.04624283537646422,0.059403046999995594,0.017022370855871938,0.02221807741138092,0.0387941407869227,0.05014244187321897,0.012678550607823968,0.017938632581651674,0.080299737884017,0.09169009706299155,0.22223921944805325,
1000,base5,2,149,1,,1172.4182094560238,exchangeable_varying_sigma,0.18,fixed,0.18,0.18,fixed,0.18,1.0,constant,0.0,-0.013517710559581389,0.07766728558657282,0.10347588764730407,0.049986484405109416,0.05254810962084803,0.08094074873751018,0.10885829922780775,0.05172514351808613,0.05672412365029743,0.306133573201699,0.4097174637537777,0.013517710559581389,
1000,base5,2,149,1,,921.2093053250574,exchangeable_varying_sigma,0.18,fixed,0.18,0.18,fixed,0.18,1.0,constant,0.3,-0.13172674341335475,0.07763936309298668,0.1046399086161705,0.038030284215055624,0.04409177198341991,0.08095449201128593,0.11049905573062449,0.04651271943026848,0.051043021176503826,0.30607353935473974,0.40724083582499604,0.13172674341335475,
1000,base5,2,149,1,,1173.451454606955,exchangeable_varying_sigma,0.18,fixed,0.18,0.18,fixed,0.18,1.0,constant,0.6,-0.28480892162404386,0.07696546765137965,0.1035391110069822,0.04298552885992922,0.049765890409144635,0.07839434913655534,0.10759009983445164,0.05102060135715718,0.05671418705442272,0.30257651415617853,0.39967165734196475,0.28480892162404386,
1000,base5,2,149,1,,1206.5624140939908,exchangeable_varying_sigma,0.18,fixed,0.18,0.18,fixed,0.18,1.0,constant,0.9,-0.43685074597687434,0.07596575637746225,0.10229595765032976,0.04721433599176718,0.05510512981191059,0.0734677272225558,0.10255129870572616,0.053975642269455115,0.06142646346473539,0.30101442452556587,0.3926357477958385,0.43685074597687434,
1000,base6,2,149,1,,1109.9754632449476,exchangeable_varying_sigma,0.18,fixed,0.18,0.18,fixed,0.18,1.0,constant,0.0,-0.007851847968354347,0.06363991755686767,0.08447239844564501,0.03426598384453655,0.03983623891969402,0.06436976076324655,0.08533035377773847,0.035688068078658736,0.04199600218095817,0.21060231739657373,0.23108537727517042,0.007851847968354347,
1000,base6,2,149,1,,1083.1536089970032,exchangeable_varying_sigma,0.18,fixed,0.18,0.18,fixed,0.18,1.0,constant,0.3,-0.09095864367235326,0.0625988877196707,0.08221873729324017,0.053750784775627516,0.05593933976580081,0.0631169855664912,0.08350451718355685,0.05406213811179375,0.05598217956546564,0.19535547509857668,0.21861442009392676,0.09095864367235326,
1000,base6,2,149,1,,1199.3899541699793,exchangeable_varying_sigma,0.18,fixed,0.18,0.18,fixed,0.18,1.0,constant,0.6,-0.18971991043343345,0.06183146028135895,0.08088866646528084,0.058706029420502126,0.061432895588390546,0.0595443488885254,0.0789491729114944,0.05826807152636655,0.06065115397366623,0.1957445374059734,0.21640391253654717,0.18971991043343345,
1000,base6,2,149,1,,1170.2079677809961,exchangeable_varying_sigma,0.18,fixed,0.18,0.18,fixed,0.18,1.0,constant,0.9,-0.2854593016810504,0.06063077943871473,0.07941673231875422,0.06293483655233788,0.06645139737671747,0.0522308751485762,0.06966190422769268,0.06043282122032349,0.06357356807401128,0.19554619879670512,0.21475459881780437,0.2854593016810504,
2000,base5,2,149,1,,4287.71095365996,exchangeable_varying_sigma,0.18,fixed,0.18,0.18,fixed,0.18,1.0,constant,0.0,0.00885495866144274,0.06373781833848947,0.08753454326786489,0.00993187310108598,0.011860422904379546,0.06657731917453365,0.09294960320018412,0.013033756181809922,0.01538082369562956,0.36498432762339356,0.505813881572648,0.00885495866144274,
2000,base5,2,149,1,,4299.623147268896,exchangeable_varying_sigma,0.18,fixed,0.18,0.18,fixed,0.18,1.0,constant,0.3,-0.12926504943986317,0.06423631672448576,0.08902143041974413,0.016354793548655003,0.021413911294360016,0.06656749537500685,0.09401705294340541,0.013466319099069618,0.017624183293352448,0.3715783001756681,0.5182552977032554,0.12926504943986317,
2000,base5,2,149,1,,4260.459867186961,exchangeable_varying_sigma,0.18,fixed,0.18,0.18,fixed,0.18,1.0,constant,0.6,-0.25763746318530945,0.06397316548074108,0.08881448776705736,0.01655983990321265,0.021493767616349278,0.06447126573662583,0.09206295450745776,0.013976908668926341,0.016959297446283345,0.3724652723730961,0.5194629974762767,0.25763746318530945,
2000,base5,2,149,1,,4578.153320656973,exchangeable_varying_sigma,0.18,fixed,0.18,0.18,fixed,0.18,1.0,constant,0.9,-0.3854757447860784,0.0636451934370372,0.08857290706440608,0.016529487944373103,0.021237628838621996,0.06058906896756417,0.08884652956273789,0.014219871477621382,0.016048623262804516,0.37450381465224497,0.520845724282085,0.3854757447860784,
2000,base6,2,149,1,,4336.796383689973,exchangeable_varying_sigma,0.18,fixed,0.18,0.18,fixed,0.18,1.0,constant,0.0,-0.00896073908831169,0.04456714162142026,0.05625488525945711,0.0033081037306952055,0.004070291608239529,0.045023742224752174,0.0568180233226706,0.004247549250226718,0.0050555633366909805,0.05907334306592343,0.07053806106321008,0.00896073908831169,
2000,base6,2,149,1,,4364.026024111081,exchangeable_varying_sigma,0.18,fixed,0.18,0.18,fixed,0.18,1.0,constant,0.3,-0.0706551698988983,0.04617115197163922,0.05865447163086393,0.013179180055231762,0.016333654166164245,0.04584998729907564,0.05844131568364618,0.013866512288875046,0.01615942967586383,0.06425635170420003,0.07491774924436215,0.0706551698988983,
2000,base6,2,149,1,,4389.6758690259885,exchangeable_varying_sigma,0.18,fixed,0.18,0.18,fixed,0.18,1.0,constant,0.6,-0.13986908719815988,0.04606656064840661,0.05844640190432916,0.013860144986837575,0.016655576479098752,0.04337898523758216,0.0554063589569088,0.015211507954524264,0.01661299004753799,0.06385272833163204,0.0743720309154314,0.13986908719815988,
2000,base6,2,149,1,,5008.634989712969,exchangeable_varying_sigma,0.18,fixed,0.18,0.18,fixed,0.18,1.0,constant,0.9,-0.20945791483564946,0.04577810630284469,0.05820201958621946,0.014361903627079328,0.016726172177667597,0.03839310889611018,0.049314665777490725,0.016666794625371656,0.017150934129714666,0.06272321052705777,0.07408196730112018,0.20945791483564946,
1000,base5,0,150,1,,1198.2815837599337,exchangeable_varying_sigma,0.18,fixed,0.18,0.18,fixed,0.18,1.0,constant,0.0,-0.014552724507391063,0.08086898942366919,0.10902103243194038,0.029530840478970255,0.03816786526635853,0.08484439424701957,0.11536051567330328,0.0268305016977346,0.0331354837325838,0.3107934290378372,0.40474618775201765,0.014552724507391063,
1000,base5,0,150,1,,1014.1891269157641,exchangeable_varying_sigma,0.18,fixed,0.18,0.18,fixed,0.18,1.0,constant,0.3,-0.15079616012106933,0.08303389726667877,0.11219792162497252,0.030307911763231027,0.0405572968304409,0.08537309515341807,0.11668365043781004,0.026233306317277855,0.03147916454434495,0.289844372329652,0.3696991726285372,0.15079616012106933,
1000,base5,0,150,1,,1273.0008689877577,exchangeable_varying_sigma,0.18,fixed,0.18,0.18,fixed,0.18,1.0,constant,0.6,-0.31723803843965426,0.08304505290121315,0.11203453024209775,0.03508694321282674,0.0466012435000364,0.08296060094604246,0.11389875628756238,0.0316928888952632,0.0378827248330789,0.28509352659214576,0.36001618056040463,0.31723803843965426,
1000,base5,0,150,1,,1176.6339303543791,exchangeable_varying_sigma,0.18,fixed,0.18,0.18,fixed,0.18,1.0,constant,0.9,-0.48736882038555607,0.08278344054746742,0.1114658466221645,0.03995718093548861,0.05315628406094312,0.07835845129058298,0.10883153752677258,0.037729279236975805,0.04575613877385779,0.2808644031404243,0.34927236166834474,0.48736882038555607,
1000,base6,0,150,1,,1044.8734280448407,exchangeable_varying_sigma,0.18,fixed,0.18,0.18,fixed,0.18,1.0,constant,0.0,0.0016729281705146126,0.06069706947732492,0.08026717019216902,0.035159856702347295,0.04369949014906887,0.06152786535312885,0.08130494575715162,0.03397980555018157,0.04264463103619297,0.24212201202682085,0.25452495805340386,0.0016729281705146126,
1000,base6,0,150,1,,1235.8665951867588,exchangeable_varying_sigma,0.18,fixed,0.18,0.18,fixed,0.18,1.0,constant,0.3,-0.08666062220788409,0.06299968351320075,0.08361765812275529,0.034136540120272285,0.03642425996059018,0.06257722115926118,0.08339827218346392,0.03341997300582,0.034814760336257064,0.2548874506435469,0.2630180633785307,0.08666062220788409,
1000,base6,0,150,1,,1290.675147939939,exchangeable_varying_sigma,0.18,fixed,0.18,0.18,fixed,0.18,1.0,constant,0.6,-0.19447517671050357,0.06336398309863006,0.0841943826258985,0.03891557156986916,0.041738341947913385,0.05967874895027778,0.07992208427170983,0.03944513742982231,0.04094547404216975,0.2531911383067122,0.26180147249761915,0.19447517671050357,
1000,base6,0,150,1,,1165.4258775543422,exchangeable_varying_sigma,0.18,fixed,0.18,0.18,fixed,0.18,1.0,constant,0.9,-0.3058036886189879,0.06349988260972786,0.08472524454280123,0.043785809292531896,0.047456246477145504,0.05348520670610143,0.07239313775871928,0.04654976299352556,0.048818902382899314,0.2499062640209541,0.2606442115643109,0.3058036886189879,
2000,base5,0,150,1,,5199.3465493628755,exchangeable_varying_sigma,0.18,fixed,0.18,0.18,fixed,0.18,1.0,constant,0.0,-0.03571883808692416,0.0658900777708144,0.08972097119338442,0.020172987462479336,0.026704535384521194,0.06921176036544419,0.09540408624855608,0.021360417233156487,0.027668123206910433,0.4210159466365072,0.5589197689886627,0.03571883808692416,
2000,base5,0,150,1,,4833.247096059378,exchangeable_varying_sigma,0.18,fixed,0.18,0.18,fixed,0.18,1.0,constant,0.3,-0.17775938736223984,0.06669745278793106,0.08910786124797954,0.006872014347743996,0.007972664393733238,0.06877511886054771,0.09370316162174527,0.013462647303449857,0.015346359308515925,0.40909154529184455,0.5602778797862557,0.17775938736223984,
2000,base5,0,150,1,,5016.301005830057,exchangeable_varying_sigma,0.18,fixed,0.18,0.18,fixed,0.18,1.0,constant,0.6,-0.3042306842661744,0.06696622527706513,0.0893243510622635,0.009015666438533784,0.009961920279203191,0.06691167358962391,0.09203737657554481,0.015739962083677284,0.017815765543706612,0.3978091575786028,0.5502173720195424,0.3042306842661744,
2000,base5,0,150,1,,5152.5909222722985,exchangeable_varying_sigma,0.18,fixed,0.18,0.18,fixed,0.18,1.0,constant,0.9,-0.42519907621109543,0.06727653986790082,0.08968040293714145,0.011430097048787613,0.012294300647470665,0.06353673342522527,0.08928951032239972,0.018036059317293754,0.02035236141900092,0.38456901518135,0.537408266601789,0.42519907621109543,
2000,base6,0,150,1,,4632.948769501876,exchangeable_varying_sigma,0.18,fixed,0.18,0.18,fixed,0.18,1.0,constant,0.0,-0.012418982898524505,0.04666043151436074,0.059943016213958825,0.015117274758696259,0.021239303449773615,0.04708262334219982,0.06045297115468877,0.015919045759924838,0.02175557711880628,0.053647706856641275,0.06952747182570469,0.012418982898524505,
2000,base6,0,150,1,,4530.121612560935,exchangeable_varying_sigma,0.18,fixed,0.18,0.18,fixed,0.18,1.0,constant,0.3,-0.07646119214385552,0.045228905886848095,0.057895337839553966,0.009314948890657093,0.012284733906637662,0.045071476186632965,0.05776024112615367,0.01082248264315043,0.01422840995271658,0.06758177076895487,0.08004939999339976,0.07646119214385552,
2000,base6,0,150,1,,4553.967450422235,exchangeable_varying_sigma,0.18,fixed,0.18,0.18,fixed,0.18,1.0,constant,0.6,-0.14556390541027991,0.0452126109140726,0.057955284246162767,0.011441853453282788,0.014322950631299349,0.04302357221246456,0.0551848605843694,0.013043911192864091,0.016258729901407597,0.0719186996963132,0.0822217483341636,0.14556390541027991,
2000,base6,0,150,1,,4761.360937132034,exchangeable_varying_sigma,0.18,fixed,0.18,0.18,fixed,0.18,1.0,constant,0.9,-0.21215511643832796,0.04520110477733453,0.05812365618890391,0.013856284063540128,0.016673677841318613,0.03858411695182913,0.049669800384156526,0.015400069203449288,0.01833417805579007,0.0762898413007533,0.08543548574460431,0.21215511643832796,
1000,base5,1,151,1,,974.6417897809297,exchangeable_varying_sigma,0.18,fixed,0.18,0.18,fixed,0.18,1.0,constant,0.0,0.02647661504527932,0.07569257825326654,0.10299339057991225,0.014189838350356948,0.017847769971765324,0.07828395962342156,0.10776693001712892,0.014862413617123538,0.018901454900455673,0.2631689132696815,0.3576740655515929,0.02647661504527932,
1000,base5,1,151,1,,1144.6469396338798,exchangeable_varying_sigma,0.18,fixed,0.18,0.18,fixed,0.18,1.0,constant,0.3,-0.1772388630375571,0.07466555296975293,0.10250453871674375,0.03438233168182912,0.040004042528151755,0.07647987882993958,0.10614318054417238,0.03139547420643285,0.03828516893588924,0.23939354639746502,0.30808108446704124,0.1772388630375571,
1000,base5,1,151,1,,1196.1387782441452,exchangeable_varying_sigma,0.18,fixed,0.18,0.18,fixed,0.18,1.0,constant,0.6,-0.3187194139319792,0.07508248616807388,0.10289233761081734,0.03675347786738116,0.043688659375521105,0.0746454094516842,0.10426888576939279,0.035669420988385186,0.04170730229221636,0.24335096995547162,0.31044613001387467,0.3187194139319792,
1000,base5,1,151,1,,1108.6270738509484,exchangeable_varying_sigma,0.18,fixed,0.18,0.18,fixed,0.18,1.0,constant,0.9,-0.455394446598352,0.07569003194546206,0.10346527607977649,0.038759057484508835,0.04757172359377199,0.07081701558511887,0.10068751799170862,0.04019745356794335,0.04541761315865707,0.24993091981689242,0.31628472413462605,0.455394446598352,
1000,base6,1,151,1,,945.2698988821357,exchangeable_varying_sigma,0.18,fixed,0.18,0.18,fixed,0.18,1.0,constant,0.0,0.021576753081878765,0.06235327356257599,0.08065405525853447,0.0069128051399283685,0.008597743198155415,0.06287854187680822,0.0812560607170069,0.008609093613063154,0.010199608879446905,0.16378596794514994,0.17926584846899973,0.021576753081878765,
1000,base6,1,151,1,,956.3732017301954,exchangeable_varying_sigma,0.18,fixed,0.18,0.18,fixed,0.18,1.0,constant,0.3,-0.14252299396324214,0.059631862146861524,0.07693928997353211,0.03775661262043316,0.04391615121656681,0.059439836303219466,0.07684188067838761,0.038702942385768296,0.04337422719718648,0.18745069987637336,0.19581096920662797,0.14252299396324214,
1000,base6,1,151,1,,1179.875369164627,exchangeable_varying_sigma,0.18,fixed,0.18,0.18,fixed,0.18,1.0,constant,0.6,-0.2320702787787896,0.05959734788710441,0.07678791723224825,0.041311004373549814,0.04855350049008205,0.05640174473057674,0.07276531337478764,0.042409244482007516,0.046759328112691324,0.20194743538000753,0.20999974773883728,0.2320702787787896,
1000,base6,1,151,1,,1285.5086699794047,exchangeable_varying_sigma,0.18,fixed,0.18,0.18,fixed,0.18,1.0,constant,0.9,-0.3124437702675197,0.05964151819066033,0.0766851207131071,0.044788295882074114,0.053445147020856926,0.05015718637493708,0.06442415402353155,0.04626223937667841,0.05043033097166594,0.2174842933546742,0.22566033262355925,0.3124437702675197,
2000,base5,1,151,1,,4507.4605039721355,exchangeable_varying_sigma,0.18,fixed,0.18,0.18,fixed,0.18,1.0,constant,0.0,0.018975032381556425,0.06163679199535441,0.08493005851925939,0.016689135324953377,0.018228745878098793,0.06424364034817404,0.09086195390559988,0.018281864754768132,0.0212190134582717,0.36771115403818355,0.5363978288702831,0.018975032381556425,
2000,base5,1,151,1,,3998.050545696169,exchangeable_varying_sigma,0.18,fixed,0.18,0.18,fixed,0.18,1.0,constant,0.3,-0.11525698969238979,0.06156284471965614,0.08431209014076076,0.027264218789789157,0.02972541299950473,0.06388965558792085,0.09007801338227737,0.028067110078578095,0.03264347379328365,0.3835825911267796,0.5516430779165531,0.11525698969238979,
2000,base5,1,151,1,,4822.334100487176,exchangeable_varying_sigma,0.18,fixed,0.18,0.18,fixed,0.18,1.0,constant,0.6,-0.24684262572820725,0.061459853072054794,0.08430130812061142,0.02907922473113264,0.031366272998879126,0.06224004238566565,0.08888294247141444,0.030615866909916384,0.035455855724896554,0.3850706821544743,0.5518933050641215,0.24684262572820725,
2000,base5,1,151,1,,4570.004511134233,exchangeable_varying_sigma,0.18,fixed,0.18,0.18,fixed,0.18,1.0,constant,0.9,-0.37745219428941146,0.06128866906531014,0.08431574442174944,0.030410087686593618,0.03244856495074269,0.058878349478440374,0.086531494067393,0.03235503312385618,0.03723141285740679,0.38544970683658125,0.5500886340371298,0.37745219428941146,
2000,base6,1,151,1,,4058.5781773170456,exchangeable_varying_sigma,0.18,fixed,0.18,0.18,fixed,0.18,1.0,constant,0.0,0.014974610682895215,0.04435391496110993,0.05624863166360592,0.01513530515718732,0.017255232373740506,0.04498961227195855,0.057014556548768115,0.016441514094172757,0.018674917374040523,0.07307043539252372,0.0849835729838378,0.014974610682895215,
2000,base6,1,151,1,,4977.496074446011,exchangeable_varying_sigma,0.18,fixed,0.18,0.18,fixed,0.18,1.0,constant,0.3,-0.079260186693072,0.04551811786101903,0.05771272090854082,0.028818048957555187,0.030673966230315593,0.04539140730832664,0.0576053053561831,0.029945711639214584,0.03174997124172709,0.07272355409418169,0.08511274612341456,0.079260186693072,
2000,base6,1,151,1,,3772.6820942717604,exchangeable_varying_sigma,0.18,fixed,0.18,0.18,fixed,0.18,1.0,constant,0.6,-0.1532117500172998,0.04582438219755559,0.058039008397374074,0.030633054898900197,0.03238333141346732,0.04338741768076527,0.05515989146867559,0.03215751464324537,0.03393969580872719,0.07367656265912398,0.08671623346025938,0.1532117500172998,
2000,base6,1,151,1,,4415.481264703907,exchangeable_varying_sigma,0.18,fixed,0.18,0.18,fixed,0.18,1.0,constant,0.9,-0.22673022123186426,0.04621999717938713,0.05846415941459166,0.031963917854361756,0.03356648216196868,0.03926046972658857,0.050158018622751224,0.03352708740657559,0.0351294689232228,0.07366496798564756,0.0873766266185324,0.22673022123186426,
1000,base5,2,152,1,,1055.1870056921616,exchangeable_varying_sigma,0.18,fixed,0.18,0.18,fixed,0.18,1.0,constant,0.0,0.023873343023886755,0.08452908790859345,0.11632398248886955,0.028528130107226407,0.0373580506940577,0.08800450540881599,0.12192319575814296,0.03271111653821504,0.04316111279241239,0.3114582860412131,0.4215182690002522,0.023873343023886755,
1000,base5,2,152,1,,1240.8250553468242,exchangeable_varying_sigma,0.18,fixed,0.18,0.18,fixed,0.18,1.0,constant,0.3,-0.19394990010572644,0.08398531930571752,0.11670924944234647,0.04007159089527573,0.051652513585546275,0.08568689613746057,0.12034932537309682,0.04746475396664018,0.05735560046382127,0.30091691954334854,0.40869720212990057,0.19394990010572644,
1000,base5,2,152,1,,1034.7266607563943,exchangeable_varying_sigma,0.18,fixed,0.18,0.18,fixed,0.18,1.0,constant,0.6,-0.34769638577594175,0.0852446829206891,0.11862881852729075,0.04466206722163363,0.05526611958722338,0.08453207071571056,0.11958583282217802,0.051795178499027594,0.06212191709741514,0.29731909622747243,0.4065239513134645,0.34769638577594175,
1000,base5,2,152,1,,1210.51725339517,exchangeable_varying_sigma,0.18,fixed,0.18,0.18,fixed,0.18,1.0,constant,0.9,-0.4938116589813133,0.08679262472643602,0.12090323935070986,0.049157022367068814,0.0586217517764428,0.08201582723371835,0.11734007963804644,0.05687312079518822,0.06601485940756004,0.29287488361025515,0.4013185841043859,0.4938116589813133,
1000,base6,2,152,1,,1282.2833355134353,exchangeable_varying_sigma,0.18,fixed,0.18,0.18,fixed,0.18,1.0,constant,0.0,0.03733905932233778,0.06648149560531844,0.09140552912777723,0.020945460225383378,0.032064403054611036,0.06716127156087645,0.09231932979216272,0.023394555227287644,0.03446272178449445,0.20653373288332,0.2205024165078375,0.03733905932233778,
1000,base6,2,152,1,,1093.8837750661187,exchangeable_varying_sigma,0.18,fixed,0.18,0.18,fixed,0.18,1.0,constant,0.3,-0.08328042528160606,0.06427788258939521,0.09131255453637248,0.035440249420064185,0.041395522428496534,0.0634538069937364,0.0900987637664026,0.034965997378401587,0.04264948563583483,0.158380585604301,0.1730691098917914,0.08328042528160606,
1000,base6,2,152,1,,1248.0431510671042,exchangeable_varying_sigma,0.18,fixed,0.18,0.18,fixed,0.18,1.0,constant,0.6,-0.18731856521407753,0.06503944431358592,0.09348697790833557,0.04003072574642133,0.045505696349398085,0.0607254829892815,0.08725152239342304,0.03915084085244694,0.046652128225470664,0.1589485214575812,0.17578929627215503,0.18731856521407753,
1000,base6,2,152,1,,1332.5492807803676,exchangeable_varying_sigma,0.18,fixed,0.18,0.18,fixed,0.18,1.0,constant,0.9,-0.2874968630594683,0.06589202916595144,0.09593995581684431,0.04452568089185854,0.04943465199974726,0.05479358620604602,0.08030711341949562,0.04267568939322461,0.04956370050650295,0.16444390717198465,0.18283529429117323,0.2874968630594683,
2000,base5,2,152,1,,4024.259286074899,exchangeable_varying_sigma,0.18,fixed,0.18,0.18,fixed,0.18,1.0,constant,0.0,0.018917353058190395,0.06513896764928641,0.08960181625413927,0.016713183806522203,0.01702216707115048,0.0679634827181876,0.09473077363982382,0.012710530586567265,0.014441755274998278,0.36878723303384847,0.507227016069774,0.018917353058190395,
2000,base5,2,152,1,,4789.878686483018,exchangeable_varying_sigma,0.18,fixed,0.18,0.18,fixed,0.18,1.0,constant,0.3,-0.10405455315635254,0.06528656025346359,0.08983775780750339,0.020727155117183954,0.026283107283402714,0.06816526371397855,0.09525762637547351,0.02201916800539963,0.02632757774809166,0.4012368266979379,0.5598678219403476,0.10405455315635254,
2000,base5,2,152,1,,5222.633114641998,exchangeable_varying_sigma,0.18,fixed,0.18,0.18,fixed,0.18,1.0,constant,0.6,-0.24306084946182832,0.06517677802407336,0.08959024969715805,0.023243030745624144,0.02878619843186226,0.06652552294184347,0.09370230294078073,0.0239564082994613,0.028112055251455544,0.4062107613465561,0.566185333379335,0.24306084946182832,
2000,base5,2,152,1,,5174.242130045779,exchangeable_varying_sigma,0.18,fixed,0.18,0.18,fixed,0.18,1.0,constant,0.9,-0.385649610767852,0.06501890213795654,0.08923812511837381,0.02564983118472758,0.031064851232152163,0.06346465144124325,0.09096321313617116,0.025159153518586913,0.0291211905829572,0.41250458816956853,0.572923706093515,0.385649610767852,
2000,base6,2,152,1,,4225.848475659732,exchangeable_varying_sigma,0.18,fixed,0.18,0.18,fixed,0.18,1.0,constant,0.0,0.019072461759809974,0.04509835585945881,0.0578679855502799,0.010286348168385515,0.013326108154560175,0.04562747387180235,0.05856494520162854,0.009651040591186072,0.012990865686938724,0.07938934457366051,0.08666398088083609,0.019072461759809974,
2000,base6,2,152,1,,4468.999348393176,exchangeable_varying_sigma,0.18,fixed,0.18,0.18,fixed,0.18,1.0,constant,0.3,-0.07622639844571072,0.04576727537940495,0.05846097235825102,0.027862930373535474,0.031886846199584054,0.04605155672400178,0.05876370345363541,0.02802864111858372,0.032582671122493086,0.08600631626070934,0.09952651947359469,0.07622639844571072,
2000,base6,2,152,1,,4915.506947744638,exchangeable_varying_sigma,0.18,fixed,0.18,0.18,fixed,0.18,1.0,constant,0.6,-0.14777629894115585,0.04558412996307617,0.05814840159596114,0.030403978840536652,0.034304840949026444,0.04377598564272264,0.05589543678723181,0.029945639582924025,0.03450316873882693,0.08942443155821539,0.10412453196102284,0.14777629894115585,
2000,base6,2,152,1,,4902.44115824718,exchangeable_varying_sigma,0.18,fixed,0.18,0.18,fixed,0.18,1.0,constant,0.9,-0.21838693988822067,0.04530653548251711,0.05769442485861302,0.03281077927964286,0.036460876045878166,0.03907451539166307,0.05016459899144011,0.0309422013914447,0.035151354317209414,0.09199621204698599,0.10809085547869376,0.21838693988822067,
1000,base5,0,123,1,,1715.840296633076,exchangeable_varying_sigma,0.18,fixed,0.18,0.18,fixed,0.18,1.0,mixed,0.0,0.037475369007214064,0.08413521236298886,0.1149397786934025,0.025612044796731293,0.03243290144965854,0.08720954949011073,0.11960713526429383,0.029254501422263587,0.03294645120049431,0.3002663679778512,0.3874771815969419,0.037475369007214064,
1000,base5,0,123,1,,1184.2919002911076,exchangeable_varying_sigma,0.18,fixed,0.18,0.18,fixed,0.18,1.0,mixed,0.3,-0.1452306787976677,0.07908468445500326,0.10654332397747449,0.036896700061322646,0.0381799576773111,0.08217303913407699,0.1114126075050252,0.04295925607050907,0.04416786969468569,0.33241447979590244,0.4307469020037423,0.1452306787976677,
1000,base5,0,123,1,,1650.852415255038,exchangeable_varying_sigma,0.18,fixed,0.18,0.18,fixed,0.18,1.0,mixed,0.6,-0.30516325369868463,0.07893639906342441,0.1062092518562263,0.03696233123420445,0.03832722669038597,0.08022709002768919,0.10962021736542386,0.0448718627899182,0.04638846565979144,0.33814744571457167,0.43556436217919087,0.30516325369868463,
1000,base5,0,123,1,,1062.3733456319897,exchangeable_varying_sigma,0.18,fixed,0.18,0.18,fixed,0.18,1.0,mixed,0.9,-0.46630781561389184,0.07916449881663915,0.10623977574342229,0.03623824405605339,0.03784105522260916,0.07647719842594548,0.10643911994667188,0.04509894081510443,0.047305953715179025,0.3445052441762849,0.44121948761128066,0.46630781561389184,
1000,base6,0,123,1,,1210.0488197230734,exchangeable_varying_sigma,0.18,fixed,0.18,0.18,fixed,0.18,1.0,mixed,0.0,-0.028784172029857013,0.06385708879753987,0.08873554986188369,0.018816040145299057,0.022598330570548383,0.06437723574229107,0.08949780721091168,0.02234317237367016,0.026617784200323624,0.1901420105404723,0.22111356673387716,0.028784172029857013,
1000,base6,0,123,1,,1632.6227732470725,exchangeable_varying_sigma,0.18,fixed,0.18,0.18,fixed,0.18,1.0,mixed,0.3,-0.16266380869360939,0.061090721678991995,0.08462514103095249,0.014925020560612873,0.020414318066065376,0.06152888526817749,0.0847932409308658,0.017995036694276573,0.022743204782216003,0.2366928628031098,0.273688536581092,0.16266380869360939,
1000,base6,0,123,1,,1702.2143155121012,exchangeable_varying_sigma,0.18,fixed,0.18,0.18,fixed,0.18,1.0,mixed,0.6,-0.2611812120608911,0.06112166721798595,0.08462357654026964,0.01457491425910254,0.021055378679655172,0.05854894194861737,0.0807523470918404,0.020780683951162032,0.024388339394445704,0.2498660757884457,0.28714158875062623,0.2611812120608911,
1000,base6,0,123,1,,1282.473887893022,exchangeable_varying_sigma,0.18,fixed,0.18,0.18,fixed,0.18,1.0,mixed,0.9,-0.35119665538267597,0.06144461089760112,0.08510398514246345,0.014501929748776315,0.021164380685370632,0.052586091757159475,0.07303012359707325,0.022518110156028143,0.02528437545520646,0.2624305150062127,0.3001324938585062,0.35119665538267597,
2000,base5,0,123,1,,6230.1768414299,exchangeable_varying_sigma,0.18,fixed,0.18,0.18,fixed,0.18,1.0,mixed,0.0,-0.0481420921868986,0.06440784124599676,0.08845293210801064,0.012677209305896303,0.016775457181125584,0.06764124842922636,0.0944514773044496,0.013907948250443669,0.01760486795256013,0.3904196383235382,0.5372612775262927,0.0481420921868986,
2000,base5,0,123,1,,6605.224370968062,exchangeable_varying_sigma,0.18,fixed,0.18,0.18,fixed,0.18,1.0,mixed,0.3,-0.19888034532837345,0.06539539893126947,0.0882662742569113,0.013049267199782,0.01549359465339612,0.06815389414950204,0.09370242399176489,0.012441848455821997,0.013868034215890763,0.3779490059290783,0.5308522708083973,0.19888034532837345,
2000,base5,0,123,1,,5157.457007256104,exchangeable_varying_sigma,0.18,fixed,0.18,0.18,fixed,0.18,1.0,mixed,0.6,-0.3321726077776182,0.06563533337023829,0.08834891473236328,0.01381679279367412,0.01671804868171498,0.06656538520454656,0.0922084633630864,0.014523948740628984,0.016129539530352604,0.3760782447204142,0.5246749930523272,0.3321726077776182,
2000,base5,0,123,1,,3992.6248613039497,exchangeable_varying_sigma,0.18,fixed,0.18,0.18,fixed,0.18,1.0,mixed,0.9,-0.46054306436290565,0.06595896283681081,0.08840639728189956,0.014674495948557048,0.018001495818172595,0.0636404574867791,0.0895606429866073,0.016601510820795196,0.01840037459008717,0.37375286937100977,0.517144582697179,0.46054306436290565,
2000,base6,0,123,1,,6705.317838789895,exchangeable_varying_sigma,0.18,fixed,0.18,0.18,fixed,0.18,1.0,mixed,0.0,-0.027087828163066433,0.04626541909963038,0.059286943243795055,0.006909634449563912,0.007945918496494064,0.046834224372235694,0.06000386886789002,0.005042002782109686,0.005437858105603357,0.08651408027061303,0.11069957896168513,0.027087828163066433,
2000,base6,0,123,1,,5239.463674986968,exchangeable_varying_sigma,0.18,fixed,0.18,0.18,fixed,0.18,1.0,mixed,0.3,-0.08537512348449228,0.04540860642534406,0.05913592339195642,0.011885081340554382,0.012147495464975814,0.045402498632363474,0.058953546996295535,0.011780651123462188,0.012497632806674566,0.10648880848363444,0.12890037623157885,0.08537512348449228,
2000,base6,0,123,1,,4844.712664210005,exchangeable_varying_sigma,0.18,fixed,0.18,0.18,fixed,0.18,1.0,mixed,0.6,-0.1601937066444421,0.04535458037893067,0.05907581080228141,0.013356917412762792,0.013692217032285448,0.04322691432065127,0.056024701447671084,0.013242486899965489,0.014358657791164187,0.10671092311786469,0.13016733694460206,0.1601937066444421,
2000,base6,0,123,1,,3814.9960743521806,exchangeable_varying_sigma,0.18,fixed,0.18,0.18,fixed,0.18,1.0,mixed,0.9,-0.2360815656176879,0.045357007745030604,0.058874989060179087,0.014715026945960469,0.015194196214645475,0.038799522543604824,0.05032633938758504,0.01479616824121105,0.01647314044620886,0.10545087709388838,0.12975275813028828,0.2360815656176879,
1000,base5,1,124,1,,1658.1154846240534,exchangeable_varying_sigma,0.18,fixed,0.18,0.18,fixed,0.18,1.0,mixed,0.0,-0.020706613888135373,0.08033293815774191,0.11156530785349951,0.026798063132944125,0.02966698047637576,0.08395031390746704,0.11752276615497301,0.02851146850916053,0.03179440210833418,0.33747823183385806,0.4312070184112172,0.020706613888135373,
1000,base5,1,124,1,,1270.6243276690366,exchangeable_varying_sigma,0.18,fixed,0.18,0.18,fixed,0.18,1.0,mixed,0.3,-0.2096544605575441,0.08273523169799046,0.11212904916073702,0.027869277642105394,0.03186088456513448,0.08560304214229536,0.11716767611024469,0.030394769398409544,0.0370527131364128,0.345791743677971,0.42786241669127084,0.2096544605575441,
1000,base5,1,124,1,,1078.6226599669317,exchangeable_varying_sigma,0.18,fixed,0.18,0.18,fixed,0.18,1.0,mixed,0.6,-0.373884176642174,0.08316943850608097,0.11256692795011737,0.03011716321048072,0.035121485691845186,0.08410769656001585,0.11563659303835262,0.0331304745837222,0.04062709597420994,0.34863422051760173,0.42714988218499494,0.373884176642174,
1000,base5,1,124,1,,1455.3560247790301,exchangeable_varying_sigma,0.18,fixed,0.18,0.18,fixed,0.18,1.0,mixed,0.9,-0.5356297557845755,0.08337467129533187,0.11302349196150942,0.031878726372302546,0.03830950346982477,0.08084002529518144,0.11269352298562463,0.034823476451234014,0.043084680872420976,0.3506784635344998,0.42614128847055804,0.5356297557845755,
1000,base6,1,124,1,,1531.8416850060457,exchangeable_varying_sigma,0.18,fixed,0.18,0.18,fixed,0.18,1.0,mixed,0.0,0.012175906018146039,0.05919834045077808,0.08101886545005989,0.015219614072732146,0.02274902398383301,0.0600768085376826,0.08216204506713284,0.016131328386944227,0.023626498058986208,0.2996881797007172,0.33948169050043175,0.012175906018146039,
1000,base6,1,124,1,,1461.0889732389478,exchangeable_varying_sigma,0.18,fixed,0.18,0.18,fixed,0.18,1.0,mixed,0.3,-0.11151173687211274,0.05808958733628121,0.07990388298289677,0.02723749557139038,0.03615421553297041,0.05814091480251548,0.07960981674069285,0.02595588412765601,0.035577011577094864,0.29984267789365193,0.3367470682107353,0.11151173687211274,
1000,base6,1,124,1,,1091.9748869669857,exchangeable_varying_sigma,0.18,fixed,0.18,0.18,fixed,0.18,1.0,mixed,0.6,-0.2194035089129821,0.05813471422280671,0.08042848137249882,0.029485381139767536,0.0396163095529411,0.05558464036364681,0.07629507441058636,0.027377618056689146,0.03760954512777339,0.29856923244684697,0.33579593288203985,0.2194035089129821,
1000,base6,1,124,1,,1113.1976977150189,exchangeable_varying_sigma,0.18,fixed,0.18,0.18,fixed,0.18,1.0,mixed,0.9,-0.3265633839999377,0.058047302213245784,0.08103813616308765,0.031246944301588114,0.04297788653394661,0.050395093419621444,0.06958297179777553,0.02720483481768282,0.038336915447693784,0.29729807525537616,0.3352610137468155,0.3265633839999377,
2000,base5,1,124,1,,4277.608493711101,exchangeable_varying_sigma,0.18,fixed,0.18,0.18,fixed,0.18,1.0,mixed,0.0,-0.0441881715920528,0.06646844289495439,0.09078662421108138,0.00947338566858355,0.01139530700134616,0.069633909833527,0.09647243814231479,0.008750286880592623,0.00915800362763432,0.3899360606096224,0.5494690735875152,0.0441881715920528,
2000,base5,1,124,1,,5642.876802277053,exchangeable_varying_sigma,0.18,fixed,0.18,0.18,fixed,0.18,1.0,mixed,0.3,-0.16101690166595858,0.06683865665748707,0.09196141877693156,0.019434706859476805,0.027560961955160855,0.06930921819232894,0.0964946634833424,0.017681079333921546,0.024674040467287068,0.38587583645689555,0.5194841971758888,0.16101690166595858,
2000,base5,1,124,1,,6154.768722285982,exchangeable_varying_sigma,0.18,fixed,0.18,0.18,fixed,0.18,1.0,mixed,0.6,-0.2948843599674922,0.0664864900425308,0.0917827733398812,0.019929571132536072,0.02874813598677369,0.0674857539850275,0.09466606556647658,0.01801904472155086,0.0253856945030582,0.3847409978968647,0.515228426796389,0.2948843599674922,
2000,base5,1,124,1,,5972.993801682955,exchangeable_varying_sigma,0.18,fixed,0.18,0.18,fixed,0.18,1.0,mixed,0.9,-0.430506909901866,0.06596522627329512,0.09143750180912393,0.02101650308698641,0.02991994211638066,0.06399603192524603,0.09164434511735375,0.018049397964166297,0.025781394427503535,0.383232992986696,0.5109213430004345,0.430506909901866,
2000,base6,1,124,1,,5547.900095759891,exchangeable_varying_sigma,0.18,fixed,0.18,0.18,fixed,0.18,1.0,mixed,0.0,-0.015115236703168099,0.046479450250617026,0.05924239876341279,0.008532568646102745,0.008779326365368904,0.04715611608750469,0.0600022306248473,0.0051284443760488685,0.005718187434295494,0.07359586697733032,0.08968257652947834,0.015115236703168099,
2000,base6,1,124,1,,3884.3567350981757,exchangeable_varying_sigma,0.18,fixed,0.18,0.18,fixed,0.18,1.0,mixed,0.3,-0.0765743666057796,0.04581093353205004,0.05956562694023779,0.020204855354813728,0.022363736679228582,0.04565603773956289,0.05921513714760663,0.01873713973011565,0.02057983945745435,0.07032529595365052,0.0878641391351079,0.0765743666057796,
2000,base6,1,124,1,,4790.912225651089,exchangeable_varying_sigma,0.18,fixed,0.18,0.18,fixed,0.18,1.0,mixed,0.6,-0.15222209011702148,0.045549941927947986,0.05915892055770897,0.022253631091662812,0.02407292830555674,0.043343975100349645,0.055842467473065226,0.02099522520190278,0.02250182109991799,0.06923079314320006,0.08578508237501367,0.15222209011702148,
2000,base6,1,124,1,,3103.398213385837,exchangeable_varying_sigma,0.18,fixed,0.18,0.18,fixed,0.18,1.0,mixed,0.9,-0.22981960708876992,0.04505593114958688,0.05842731769880085,0.0244344259962902,0.025841049377926535,0.03880374124770057,0.049852769324923725,0.023935031944444407,0.02498384558153107,0.06904076008450699,0.08552982979307208,0.22981960708876992,
1000,base5,2,125,1,,1542.865645886981,exchangeable_varying_sigma,0.18,fixed,0.18,0.18,fixed,0.18,1.0,mixed,0.0,0.01549176262983715,0.0795678271874755,0.10682791892916699,0.03053568856139352,0.03503922176533177,0.08229264603740749,0.11142384280924388,0.025357430275256207,0.03380315031241051,0.30468518991003746,0.40949457783109827,0.01549176262983715,
1000,base5,2,125,1,,1364.2157999050105,exchangeable_varying_sigma,0.18,fixed,0.18,0.18,fixed,0.18,1.0,mixed,0.3,-0.08761957231488368,0.08045766105049589,0.10890942958273561,0.03511915490124329,0.03772079563133447,0.08269309761326442,0.11258494485559088,0.02551206104220108,0.027133795073924084,0.301863892999933,0.3998029350759698,0.08761957231488368,
1000,base5,2,125,1,,1052.8727193250088,exchangeable_varying_sigma,0.18,fixed,0.18,0.18,fixed,0.18,1.0,mixed,0.6,-0.24063374375897872,0.08039890062953801,0.10861471249901311,0.034592809790269796,0.03861940892743757,0.07991172012146386,0.109296974474494,0.02341818202925905,0.026923332893123937,0.29854669730135525,0.39741946902639075,0.24063374375897872,
1000,base5,2,125,1,,1608.555306417984,exchangeable_varying_sigma,0.18,fixed,0.18,0.18,fixed,0.18,1.0,mixed,0.9,-0.3961051655639374,0.08011987312644499,0.10783461952532851,0.03331122950591128,0.040150696977761316,0.07457717059032766,0.103453175816006,0.020220623605731264,0.02882273993140402,0.2932570431133747,0.39316061890314563,0.3961051655639374,
1000,base6,2,125,1,,1102.317841431941,exchangeable_varying_sigma,0.18,fixed,0.18,0.18,fixed,0.18,1.0,mixed,0.0,-0.013493150972610723,0.0628426195843645,0.08218568889759888,0.014871395155132527,0.017199543969894895,0.06336166928630563,0.08285614239169457,0.021645776656196797,0.02316956981984628,0.2115881924084034,0.25259441889826595,0.013493150972610723,
1000,base6,2,125,1,,1094.1507560530445,exchangeable_varying_sigma,0.18,fixed,0.18,0.18,fixed,0.18,1.0,mixed,0.3,-0.05886806076046386,0.0628073183628691,0.08430637344811716,0.019428024372663805,0.022054423856476265,0.06238688913911311,0.0837100465693154,0.02065521581435606,0.023099421901812044,0.22364264271666337,0.258457024173755,0.05886806076046386,
1000,base6,2,125,1,,1658.27855777496,exchangeable_varying_sigma,0.18,fixed,0.18,0.18,fixed,0.18,1.0,mixed,0.6,-0.1620323166780676,0.06263763405109328,0.08407239537301867,0.018901679261691506,0.023248426371755018,0.05897054548234825,0.07919550214126081,0.019356561893198676,0.022481849078590126,0.21784718733247083,0.2524753407495809,0.1620323166780676,
1000,base6,2,125,1,,1831.1145122608868,exchangeable_varying_sigma,0.18,fixed,0.18,0.18,fixed,0.18,1.0,mixed,0.9,-0.27071176278982856,0.06201931440086252,0.08326374736263219,0.018586039981768887,0.02525110169342448,0.05152222973511166,0.0701802080212087,0.016855379319098057,0.02283876675056879,0.20991937898651364,0.24420521979543597,0.27071176278982856,
2000,base5,2,125,1,,6381.3794620400295,exchangeable_varying_sigma,0.18,fixed,0.18,0.18,fixed,0.18,1.0,mixed,0.0,0.013473505035769124,0.06639824202412345,0.09046844192617083,0.00946536135793248,0.010545808740660053,0.06924525420822172,0.09568122281774936,0.013573953679805698,0.016199019060088495,0.36982354147923074,0.505633298909289,0.013473505035769124,
2000,base5,2,125,1,,4205.763881627005,exchangeable_varying_sigma,0.18,fixed,0.18,0.18,fixed,0.18,1.0,mixed,0.3,-0.12281958758349112,0.06533552773673586,0.08882157690920324,0.020775509442051004,0.0257711363825566,0.06787800821614054,0.09437741734946355,0.019572277641866254,0.025250040860103806,0.3946660323086458,0.5319591174718512,0.12281958758349112,
2000,base5,2,125,1,,4109.603601931129,exchangeable_varying_sigma,0.18,fixed,0.18,0.18,fixed,0.18,1.0,mixed,0.6,-0.2564012657659675,0.06529506588139576,0.08874335110230064,0.023736463383360884,0.02947082042884193,0.06622941111482222,0.09330579508944092,0.021584831190670672,0.028060089703067323,0.3958333636512166,0.5335839402584199,0.2564012657659675,
2000,base5,2,125,1,,5536.53736965009,exchangeable_varying_sigma,0.18,fixed,0.18,0.18,fixed,0.18,1.0,mixed,0.9,-0.3894732696789788,0.06526665885461874,0.08872124603267688,0.027456935651597014,0.03381123368418848,0.06297225880543268,0.09113848890384074,0.024203337300903988,0.03211580839740552,0.39685431563957674,0.5351769621328618,0.3894732696789788,
2000,base6,2,125,1,,4873.262993415119,exchangeable_varying_sigma,0.18,fixed,0.18,0.18,fixed,0.18,1.0,mixed,0.0,0.004115290162062943,0.04673457915935358,0.05984841580889899,0.012385445972661543,0.019249513570020922,0.0474306015076705,0.06076330462793896,0.011706687645040195,0.019090762573681763,0.08407494989267794,0.10604358100138418,0.004115290162062943,
2000,base6,2,125,1,,5437.378329523839,exchangeable_varying_sigma,0.18,fixed,0.18,0.18,fixed,0.18,1.0,mixed,0.3,-0.07891148692154415,0.04471637290063789,0.0578241276000226,0.014973937880865373,0.017489512151812336,0.04479467659955183,0.05810916882428567,0.014808061306478437,0.01747719579141288,0.08898747423515577,0.11225393777107152,0.07891148692154415,
2000,base6,2,125,1,,4222.779448278947,exchangeable_varying_sigma,0.18,fixed,0.18,0.18,fixed,0.18,1.0,mixed,0.6,-0.15607212726368785,0.044782083974543314,0.057709134641304345,0.018009201254867685,0.02089769793942645,0.042812245456180356,0.05533372383659725,0.016522463670488013,0.019276595768184492,0.08902697089227238,0.11262530444093037,0.15607212726368785,
2000,base6,2,125,1,,3256.4849267839454,exchangeable_varying_sigma,0.18,fixed,0.18,0.18,fixed,0.18,1.0,mixed,0.9,-0.23292367028738303,0.04498820762701964,0.05768655931411839,0.021729673523105175,0.025038384730998425,0.03865401224940393,0.04959270923876253,0.019477748395602845,0.022155770829880222,0.08811265748279512,0.11192253530025578,0.23292367028738303,
1000,base5,3,126,1,,1305.5738778089872,exchangeable_varying_sigma,0.18,fixed,0.18,0.18,fixed,0.18,1.0,mixed,0.0,0.05349440121505943,0.07986920553265325,0.10779076757569737,0.018385515049557044,0.02073393660584841,0.08298778221606758,0.11226041802893688,0.015821214931452332,0.017753985192507874,0.2931631983182581,0.37147873696073,0.05349440121505943,
1000,base5,3,126,1,,1696.1209348239936,exchangeable_varying_sigma,0.18,fixed,0.18,0.18,fixed,0.18,1.0,mixed,0.3,-0.15612482066930752,0.07823045608134782,0.10722037421625616,0.018964027508147907,0.027165368086528714,0.08053153076137747,0.11093928265375703,0.022972525672897287,0.03001691785387645,0.27764420060747813,0.35210291244023006,0.15612482066930752,
1000,base5,3,126,1,,1635.8897115220316,exchangeable_varying_sigma,0.18,fixed,0.18,0.18,fixed,0.18,1.0,mixed,0.6,-0.3174418479782,0.07797332351914667,0.10700735759585195,0.019860192233644408,0.029191064043138835,0.07808341343884397,0.10814891760185916,0.02314500625673352,0.03116300832332521,0.27490943524909117,0.35084353378580524,0.3174418479782,
1000,base5,3,126,1,,1749.940904477029,exchangeable_varying_sigma,0.18,fixed,0.18,0.18,fixed,0.18,1.0,mixed,0.9,-0.47945097461694075,0.07769376406024125,0.10663469573801868,0.01981436804884762,0.03096162318087228,0.07388626452319154,0.10343691291202442,0.021714628531474878,0.030950097621652472,0.27526097664267435,0.35275290617668165,0.47945097461694075,
1000,base6,3,126,1,,1269.6886895820498,exchangeable_varying_sigma,0.18,fixed,0.18,0.18,fixed,0.18,1.0,mixed,0.0,0.08047142415415938,0.06060959205277787,0.08551219369384822,0.019637405333445018,0.023054202567469883,0.06132935156517249,0.08631626882178677,0.019954829519777284,0.02282967366335118,0.2518685799019204,0.27910141852606807,0.08047142415415938,
1000,base6,3,126,1,,1684.8595347090159,exchangeable_varying_sigma,0.18,fixed,0.18,0.18,fixed,0.18,1.0,mixed,0.3,-0.07766092794258458,0.06422188853660614,0.08900239607744187,0.03272490203430459,0.033915202751818904,0.06437210007050857,0.08834270661849618,0.03147450688114206,0.033501161120949086,0.24058546320413832,0.2635598376747483,0.07766092794258458,
1000,base6,3,126,1,,1042.3893694919534,exchangeable_varying_sigma,0.18,fixed,0.18,0.18,fixed,0.18,1.0,mixed,0.6,-0.19187848597523177,0.06387519834856517,0.08888644093789007,0.033621066759802115,0.03551758318185483,0.06121190838541946,0.08414873969640585,0.031667673263686164,0.034243655589389924,0.24170503375078647,0.26255638449189306,0.19187848597523177,
1000,base6,3,126,1,,1822.85532689502,exchangeable_varying_sigma,0.18,fixed,0.18,0.18,fixed,0.18,1.0,mixed,0.9,-0.3082564140840427,0.06339148683245252,0.08849961339081626,0.03357524257500352,0.036562220671072336,0.054687458934776105,0.07581669098965613,0.030451339490674023,0.03377524166654817,0.24408996786950896,0.26383568871662405,0.3082564140840427,
2000,base5,3,126,1,,6386.520810913062,exchangeable_varying_sigma,0.18,fixed,0.18,0.18,fixed,0.18,1.0,mixed,0.0,-0.0046195294961215,0.06571912297276045,0.08938093992836242,0.005857172747542411,0.00650956185682572,0.06851844231368809,0.09440991251495369,0.007609323201607177,0.008950464015083936,0.39434349997847845,0.5209256302313762,0.0046195294961215,
2000,base5,3,126,1,,4463.741007691948,exchangeable_varying_sigma,0.18,fixed,0.18,0.18,fixed,0.18,1.0,mixed,0.3,-0.09149770921775557,0.06599835736984022,0.08951732462549192,0.02540107639079106,0.030420230048866695,0.06853432753071743,0.09420194115734656,0.017869332677401206,0.024905927085752795,0.40632534609682897,0.5360432178339123,0.09149770921775557,
2000,base5,3,126,1,,7103.206655697897,exchangeable_varying_sigma,0.18,fixed,0.18,0.18,fixed,0.18,1.0,mixed,0.6,-0.22682248510395253,0.06568820193940335,0.08930263059726758,0.026946137253975128,0.03210658645054134,0.06655166851807584,0.09240366061085552,0.019063540865264655,0.025449663660281924,0.4157991038769126,0.5451810414233507,0.22682248510395253,
2000,base5,3,126,1,,6383.772242378909,exchangeable_varying_sigma,0.18,fixed,0.18,0.18,fixed,0.18,1.0,mixed,0.9,-0.3661404846770441,0.06508501124005496,0.08887187570568579,0.028225164938266434,0.033401516121561704,0.06255870567981586,0.08918721376099632,0.019880570508157835,0.02532681139227891,0.4283156571112299,0.5583623890585109,0.3661404846770441,
2000,base6,3,126,1,,4005.1347144059837,exchangeable_varying_sigma,0.18,fixed,0.18,0.18,fixed,0.18,1.0,mixed,0.0,-0.0190179729016159,0.047710858746772826,0.06039845477894254,0.005452617798113374,0.006447437337664561,0.048354733756615136,0.06126134802983254,0.006510573765031502,0.007132661927727805,0.0775754350333172,0.10746917258535155,0.0190179729016159,
2000,base6,3,126,1,,4369.790122441016,exchangeable_varying_sigma,0.18,fixed,0.18,0.18,fixed,0.18,1.0,mixed,0.3,-0.054329291296786736,0.04829305449723693,0.062232207012148724,0.02101236923493871,0.0263565305743428,0.04768684642999352,0.06131221107626926,0.01944892447168936,0.023766642675611512,0.07641757222878828,0.09728116791372707,0.054329291296786736,
2000,base6,3,126,1,,3740.1214090799913,exchangeable_varying_sigma,0.18,fixed,0.18,0.18,fixed,0.18,1.0,mixed,0.6,-0.1341305785106654,0.0482580635252723,0.06234253260550308,0.022416176664033394,0.028058001280457264,0.044967880535586036,0.057775367809899454,0.02047763885767903,0.024954565624487567,0.07829517189262307,0.09636092050312015,0.1341305785106654,
2000,base6,3,126,1,,3008.1439024661668,exchangeable_varying_sigma,0.18,fixed,0.18,0.18,fixed,0.18,1.0,mixed,0.9,-0.2175485213371059,0.04809365704909138,0.06231564392337521,0.023598702331833338,0.029382290905100732,0.039825500751578764,0.05126953894424262,0.021532446078804585,0.02564026175103043,0.08130101915805178,0.09718655220239,0.2175485213371059,
1000,base5,0,127,1,,1569.431305252947,exchangeable_varying_sigma,0.18,fixed,0.18,0.18,fixed,0.18,1.0,mixed,0.0,-0.02643164116460134,0.08243870298742272,0.11186284041953179,0.0190168452518302,0.023269414986406483,0.08553869806238559,0.11709499409796327,0.015107667052760343,0.01641981595313614,0.34659522644053925,0.44294248681457465,0.02643164116460134,
1000,base5,0,127,1,,1608.4764055400155,exchangeable_varying_sigma,0.18,fixed,0.18,0.18,fixed,0.18,1.0,mixed,0.3,-0.11995470226411939,0.08115641282244235,0.11213121283008046,0.03679119501447432,0.04099504576150945,0.08337235473667146,0.1163454732612399,0.036210805970240026,0.03912909522362518,0.3504965355904137,0.45027174121876357,0.11995470226411939,
1000,base5,0,127,1,,1677.0844484211411,exchangeable_varying_sigma,0.18,fixed,0.18,0.18,fixed,0.18,1.0,mixed,0.6,-0.27990888192141233,0.0810055967694523,0.11209670014291745,0.03869414560797049,0.04436031533683984,0.08094349186896975,0.11389493998067592,0.03801168202951556,0.04149981566207086,0.35595427693632314,0.45365124834039194,0.27990888192141233,
1000,base5,0,127,1,,1612.7953774989583,exchangeable_varying_sigma,0.18,fixed,0.18,0.18,fixed,0.18,1.0,mixed,0.9,-0.44253989147589057,0.08094200372503332,0.11186804592758164,0.039704852229272,0.04738050492020424,0.07664789556325909,0.10946803625166746,0.03875617149555163,0.04328937840575562,0.3618991000450159,0.45725212800344156,0.44253989147589057,
1000,base6,0,127,1,,1583.1907767450903,exchangeable_varying_sigma,0.18,fixed,0.18,0.18,fixed,0.18,1.0,mixed,0.0,-0.055549156182192284,0.06342978918389998,0.08477458714150521,0.021241671359369857,0.021882244781782908,0.06411432291454847,0.08580820636801517,0.020932584963375717,0.022043214098460696,0.1743153722961501,0.23081863253860663,0.055549156182192284,
1000,base6,0,127,1,,1609.3661583841313,exchangeable_varying_sigma,0.18,fixed,0.18,0.18,fixed,0.18,1.0,mixed,0.3,-0.07586719456190968,0.06315349651075862,0.08604462799658154,0.033884449320611104,0.042120885646843194,0.06260301470391999,0.0853318990097328,0.03204257660573995,0.04064541029032777,0.16597008751030934,0.2245643409574368,0.07586719456190968,
1000,base6,0,127,1,,1708.011635510018,exchangeable_varying_sigma,0.18,fixed,0.18,0.18,fixed,0.18,1.0,mixed,0.6,-0.1858273101228104,0.06274192740727892,0.08602342047691316,0.037260591070623836,0.04632190865756912,0.05912770039294422,0.08112465678517176,0.03399025426605459,0.04379113669663282,0.16172628527812588,0.2217114962751692,0.1858273101228104,
1000,base6,0,127,1,,1726.7286854810081,exchangeable_varying_sigma,0.18,fixed,0.18,0.18,fixed,0.18,1.0,mixed,0.9,-0.2961828844267237,0.06218984217872543,0.08577718935869907,0.040409388956304665,0.05037839803212381,0.05219000671324805,0.0728376149512985,0.03616562547376756,0.0469505655672987,0.15834675479483967,0.2210797971009769,0.2961828844267237,
2000,base5,0,127,1,,6458.248860546155,exchangeable_varying_sigma,0.18,fixed,0.18,0.18,fixed,0.18,1.0,mixed,0.0,0.014044559678732485,0.06781719972752351,0.09376473686506712,0.01472852411408937,0.015071001815343871,0.07098630838149998,0.09985154244690117,0.012849787556122039,0.0148034103097231,0.4267911934774608,0.589738684131585,0.014044559678732485,
2000,base5,0,127,1,,6365.289570032852,exchangeable_varying_sigma,0.18,fixed,0.18,0.18,fixed,0.18,1.0,mixed,0.3,-0.1008271067143893,0.0664580020911408,0.0913184099927988,0.009226277029094093,0.013606835506134438,0.0689149938831277,0.09676981472387854,0.00891425089304887,0.012378546745380012,0.41843651239774166,0.5622762517510873,0.1008271067143893,
2000,base5,0,127,1,,6371.8025231601205,exchangeable_varying_sigma,0.18,fixed,0.18,0.18,fixed,0.18,1.0,mixed,0.6,-0.24117480738918173,0.06639529199709815,0.091157770164781,0.010221394923062455,0.014642903836657973,0.06708291932866353,0.09524981249052489,0.009130299322173421,0.013404719371634139,0.42200737675184985,0.562431669821969,0.24117480738918173,
2000,base5,0,127,1,,6321.3793025249615,exchangeable_varying_sigma,0.18,fixed,0.18,0.18,fixed,0.18,1.0,mixed,0.9,-0.38294369210608914,0.0662310824158249,0.09103659181978996,0.011851664034874185,0.015950533868298675,0.0636125544452006,0.09256927575408326,0.009636880388904645,0.01474835840255919,0.4245144061914328,0.562135455675007,0.38294369210608914,
2000,base6,0,127,1,,6419.245555878151,exchangeable_varying_sigma,0.18,fixed,0.18,0.18,fixed,0.18,1.0,mixed,0.0,0.021225282040957638,0.04797853213318038,0.06238409170602285,0.01156412471336643,0.013270679569428517,0.04862956238298399,0.06328745671336873,0.011409577474301602,0.013800618257258779,0.08809886079330344,0.11193050649542868,0.021225282040957638,
2000,base6,0,127,1,,6387.505553907016,exchangeable_varying_sigma,0.18,fixed,0.18,0.18,fixed,0.18,1.0,mixed,0.3,-0.04208619545613823,0.044929848603393864,0.05854218646139622,0.006704341830578192,0.008714689222459606,0.04538188703490107,0.05909203086459071,0.006641333244862366,0.007471882218661989,0.08424800413614082,0.10834011733469849,0.04208619545613823,
2000,base6,0,127,1,,4989.059013769962,exchangeable_varying_sigma,0.18,fixed,0.18,0.18,fixed,0.18,1.0,mixed,0.6,-0.12198677181039591,0.04472408210112409,0.058262123213005126,0.008136349081165312,0.010096958467403013,0.04354082520342865,0.05649495029538546,0.006771940685627836,0.00770875801301175,0.08356791859142822,0.10942414741705656,0.12198677181039591,
2000,base6,0,127,1,,4402.728466673056,exchangeable_varying_sigma,0.18,fixed,0.18,0.18,fixed,0.18,1.0,mixed,0.9,-0.20298724024411918,0.04452877660010552,0.058020735728855626,0.009861206355914295,0.011761615095790837,0.03928247806055215,0.05086554244003594,0.006865170556797917,0.007954991783633437,0.08548702463416596,0.111863778929878,0.20298724024411918,
1000,base5,1,128,1,,1608.3223234440666,exchangeable_varying_sigma,0.18,fixed,0.18,0.18,fixed,0.18,1.0,mixed,0.0,0.0433576955787295,0.07872230554726072,0.10700801664538524,0.028898008407953257,0.035403398860997574,0.08176597883815755,0.11154617392096988,0.030418924718822488,0.036656267064946374,0.3518990348832068,0.4621923602700028,0.0433576955787295,
1000,base5,1,128,1,,1581.694841302,exchangeable_varying_sigma,0.18,fixed,0.18,0.18,fixed,0.18,1.0,mixed,0.3,-0.14485750335614742,0.07684096208998763,0.10537681400239356,0.03043256322810592,0.03467039500297107,0.07958929098015904,0.10987193857166708,0.037160971741262996,0.04212396319355352,0.33756479873220757,0.4315678465795383,0.14485750335614742,
1000,base5,1,128,1,,1657.0575234021526,exchangeable_varying_sigma,0.18,fixed,0.18,0.18,fixed,0.18,1.0,mixed,0.6,-0.3007063670773486,0.07677177065565123,0.1051542336905724,0.03287615596533469,0.0371095356526461,0.07792256874689135,0.10781215895837178,0.03989609142127869,0.04607232788930446,0.33400636756294305,0.4284002629512554,0.3007063670773486,
1000,base5,1,128,1,,1671.0813590900507,exchangeable_varying_sigma,0.18,fixed,0.18,0.18,fixed,0.18,1.0,mixed,0.9,-0.45660835498409086,0.07707087568994656,0.10515487819932123,0.03458521040110561,0.0388071629587981,0.07449653001510428,0.1040215818339344,0.043250540482997826,0.04912186485572559,0.33240063852906054,0.42760851302173464,0.45660835498409086,
1000,base6,1,128,1,,1598.5786438370124,exchangeable_varying_sigma,0.18,fixed,0.18,0.18,fixed,0.18,1.0,mixed,0.0,0.029892246071532267,0.061545278955530164,0.08457761881550052,0.02501032325561825,0.03422663180341356,0.06252450701623928,0.08589015916418727,0.02782898475751018,0.03381610259082542,0.17322061693812613,0.21525381352227527,0.029892246071532267,
1000,base6,1,128,1,,1583.2639707459603,exchangeable_varying_sigma,0.18,fixed,0.18,0.18,fixed,0.18,1.0,mixed,0.3,-0.1192940611837876,0.06310021768465829,0.08780103064989508,0.034887260039089,0.03589975914277149,0.06301305535408394,0.08822828465615158,0.03327306442931306,0.03427003436380401,0.19885499341305699,0.2370123829656858,0.1192940611837876,
1000,base6,1,128,1,,1694.5302066709846,exchangeable_varying_sigma,0.18,fixed,0.18,0.18,fixed,0.18,1.0,mixed,0.6,-0.22185711237152472,0.06324502279769567,0.08737716891438183,0.03733085277631985,0.03837037434604955,0.06015762962135916,0.0841918788073535,0.035028020914458266,0.03576404199653388,0.20490158016925522,0.24093265028433594,0.22185711237152472,
1000,base6,1,128,1,,1667.094612522982,exchangeable_varying_sigma,0.18,fixed,0.18,0.18,fixed,0.18,1.0,mixed,0.9,-0.3226670431369264,0.06341944023441007,0.08693723425006378,0.039039907212088956,0.0400816007582841,0.05416017818147164,0.07577328310192762,0.035048969755853476,0.03557598777699703,0.2103566146225405,0.2455824954857691,0.3226670431369264,
2000,base5,1,128,1,,6403.0466517789755,exchangeable_varying_sigma,0.18,fixed,0.18,0.18,fixed,0.18,1.0,mixed,0.0,0.011258193629340664,0.06502859496327866,0.08827271132132242,0.02071475617158841,0.02324590903541693,0.0684531704952418,0.09412541319915148,0.01727849459441516,0.01948862432496233,0.4548351629749934,0.629155804443224,0.011258193629340664,
2000,base5,1,128,1,,6487.8495963879395,exchangeable_varying_sigma,0.18,fixed,0.18,0.18,fixed,0.18,1.0,mixed,0.3,-0.14774133188497904,0.06497913139079901,0.08864198528922447,0.014354777557854553,0.019412193176090303,0.06732739403517665,0.09354187766980722,0.01629920394684535,0.01976894957235395,0.43686150783882016,0.5898376607625159,0.14774133188497904,
2000,base5,1,128,1,,6553.079316565068,exchangeable_varying_sigma,0.18,fixed,0.18,0.18,fixed,0.18,1.0,mixed,0.6,-0.2810513828492925,0.06496861796879205,0.08849459079867986,0.016712033202373106,0.021783206415509734,0.06570869732859104,0.09204236286802259,0.018248319814334363,0.02197152047686551,0.43429032942328116,0.5828681332741866,0.2810513828492925,
2000,base5,1,128,1,,6393.226053841878,exchangeable_varying_sigma,0.18,fixed,0.18,0.18,fixed,0.18,1.0,mixed,0.9,-0.41319676282776413,0.06484381591805066,0.0882619248140298,0.01891188246354153,0.024116796223775692,0.06252800713619472,0.08927834034846391,0.0197863016009288,0.024041407577981545,0.4321422992423632,0.5765427257313227,0.41319676282776413,
2000,base6,1,128,1,,6455.793543142034,exchangeable_varying_sigma,0.18,fixed,0.18,0.18,fixed,0.18,1.0,mixed,0.0,-0.002975464516253376,0.04682369372297886,0.060270902548964035,0.01563367304051924,0.01649388503314469,0.047498013994027394,0.06102885545281699,0.015409622831378783,0.016210281525874445,0.09394359203781763,0.11134247968211687,0.002975464516253376,
2000,base6,1,128,1,,6536.20718948287,exchangeable_varying_sigma,0.18,fixed,0.18,0.18,fixed,0.18,1.0,mixed,0.3,-0.08736501578833711,0.04575369663423242,0.0592534930906407,0.01943586068891902,0.021616076054785136,0.04626337406326262,0.05997485194303541,0.019655733021703287,0.02133631592663438,0.09517201208571782,0.111708371855974,0.08736501578833711,
2000,base6,1,128,1,,4880.1468114499,exchangeable_varying_sigma,0.18,fixed,0.18,0.18,fixed,0.18,1.0,mixed,0.6,-0.15676048734932574,0.04548405079963662,0.058937964721415464,0.02179311633343868,0.024274423486242952,0.044361894941192165,0.05749788565533911,0.021769913588888287,0.02364760879716511,0.09582541546854251,0.11175869295645911,0.15676048734932574,
2000,base6,1,128,1,,4321.393617751077,exchangeable_varying_sigma,0.18,fixed,0.18,0.18,fixed,0.18,1.0,mixed,0.9,-0.22248206664964365,0.04497112999580135,0.05848460794346914,0.023992965594608798,0.026830547561364253,0.04002253000611221,0.05195272791750329,0.02312023360086385,0.025498435117085917,0.09675681570666,0.11297321513270953,0.22248206664964365,
1000,base5,2,129,1,,1627.0850578160025,exchangeable_varying_sigma,0.18,fixed,0.18,0.18,fixed,0.18,1.0,mixed,0.0,0.014489707722717248,0.07988019255442609,0.10624162610641548,0.03192989621234507,0.0361648642982837,0.08290418693196003,0.11121992897712062,0.027427461834988814,0.03388403065632645,0.34381700852141756,0.41833323216528717,0.014489707722717248,
1000,base5,2,129,1,,1674.8644694278482,exchangeable_varying_sigma,0.18,fixed,0.18,0.18,fixed,0.18,1.0,mixed,0.3,-0.2060894273801396,0.08203274869165336,0.10926849273946386,0.02742534739717095,0.03011119957836439,0.08549249761206043,0.11423355653556401,0.026177453563241235,0.030540039167168624,0.3323354709813322,0.41280553203542303,0.2060894273801396,
1000,base5,2,129,1,,1637.561671587173,exchangeable_varying_sigma,0.18,fixed,0.18,0.18,fixed,0.18,1.0,mixed,0.6,-0.3572188273971291,0.08077960721654114,0.10773508554472568,0.0292963383966343,0.03154959983387619,0.08305879581537272,0.11167791785924679,0.027550211601926708,0.03073083673299013,0.32252987895793317,0.40117296012542364,0.3572188273971291,
1000,base5,2,129,1,,1570.7839964372106,exchangeable_varying_sigma,0.18,fixed,0.18,0.18,fixed,0.18,1.0,mixed,0.9,-0.5051658637129994,0.07913526519825968,0.1057695890984458,0.030453203891274885,0.032731416597703046,0.07817432853875488,0.10670236721929706,0.02737129980049241,0.02941243938047107,0.31024131707942937,0.3858263815101794,0.5051658637129994,
1000,base6,2,129,1,,1611.6103273108602,exchangeable_varying_sigma,0.18,fixed,0.18,0.18,fixed,0.18,1.0,mixed,0.0,0.00029477458628950526,0.05828976037715936,0.07682131099205099,0.0267929109163203,0.03204389882664906,0.0589466373300096,0.07782686542110878,0.02594285601756488,0.03212084283371321,0.23217279745285174,0.2766724793682843,0.00029477458628950526,
1000,base6,2,129,1,,1535.4077192619443,exchangeable_varying_sigma,0.18,fixed,0.18,0.18,fixed,0.18,1.0,mixed,0.3,-0.1520855750474718,0.06105354541747498,0.08246320681001014,0.028895997020012443,0.03026244538611157,0.06155376349411498,0.08290220236910452,0.028067792690975688,0.029760509323986228,0.28444296740582437,0.331938623326427,0.1520855750474718,
1000,base6,2,129,1,,1661.7141330109444,exchangeable_varying_sigma,0.18,fixed,0.18,0.18,fixed,0.18,1.0,mixed,0.6,-0.24128299140333176,0.0600454232247392,0.08114019217002397,0.030766988019475153,0.03223324803931133,0.05859687364589208,0.0789136924253846,0.02951866111655599,0.031219838874652402,0.2967942136272569,0.3410840743538988,0.24128299140333176,
1000,base6,2,129,1,,1765.563050530851,exchangeable_varying_sigma,0.18,fixed,0.18,0.18,fixed,0.18,1.0,mixed,0.9,-0.3238963395146848,0.05872607234304014,0.079538438133939,0.03192385351411549,0.03404231476931169,0.05225140048148507,0.07043923254232974,0.02900365333331484,0.03144479938206503,0.30627987498113707,0.34752496185904136,0.3238963395146848,
2000,base5,2,129,1,,6278.549737948924,exchangeable_varying_sigma,0.18,fixed,0.18,0.18,fixed,0.18,1.0,mixed,0.0,0.011071610387557418,0.06548604763029629,0.08914138823109724,0.02227968971863141,0.030701600466091022,0.06835602423852925,0.09423777260243235,0.017065536710189497,0.02745276745894852,0.3630985198067598,0.4965872748760373,0.011071610387557418,
2000,base5,2,129,1,,6417.146973741939,exchangeable_varying_sigma,0.18,fixed,0.18,0.18,fixed,0.18,1.0,mixed,0.3,-0.10842007539405094,0.06645167860076372,0.09070486095473444,0.02788851658970473,0.02915537270765141,0.06883529580376938,0.09547959070777215,0.030331933675372735,0.032000112373122266,0.39708652142728273,0.5464219144497635,0.10842007539405094,
2000,base5,2,129,1,,6440.804844911909,exchangeable_varying_sigma,0.18,fixed,0.18,0.18,fixed,0.18,1.0,mixed,0.6,-0.2450774825744862,0.06648926410378371,0.09070779388075925,0.030587346570321278,0.0319400402470123,0.06700212454956944,0.09375456482763715,0.033404555499872424,0.03529411004086483,0.4000925551699263,0.5469405620742552,0.2450774825744862,
2000,base5,2,129,1,,6298.851120725973,exchangeable_varying_sigma,0.18,fixed,0.18,0.18,fixed,0.18,1.0,mixed,0.9,-0.3861520925757216,0.06636759162181338,0.09054296309510361,0.032851701257646415,0.03428435417586331,0.06345903093329897,0.09073307200118849,0.03581180258158212,0.037656305344730696,0.40483003115295096,0.5488705023519989,0.3861520925757216,
2000,base6,2,129,1,,6356.874371079961,exchangeable_varying_sigma,0.18,fixed,0.18,0.18,fixed,0.18,1.0,mixed,0.0,0.0300263478144858,0.04621907641439034,0.05913443329568541,0.014004146401464801,0.018019956127399563,0.04657547886648876,0.059686911536781996,0.013835009217752645,0.019274522217707913,0.05069307576163799,0.06275687996091608,0.0300263478144858,
2000,base6,2,129,1,,6231.862950334093,exchangeable_varying_sigma,0.18,fixed,0.18,0.18,fixed,0.18,1.0,mixed,0.3,-0.06865247685836606,0.04686033276215202,0.06059275636581236,0.0283763376098132,0.033475676214790695,0.04666344190605595,0.06038028416262107,0.029969021191428913,0.035097698119058905,0.06489580103801725,0.08050609119010514,0.06865247685836606,
2000,base6,2,129,1,,4762.795382668963,exchangeable_varying_sigma,0.18,fixed,0.18,0.18,fixed,0.18,1.0,mixed,0.6,-0.14304472021768344,0.04677217619483025,0.0605485984697713,0.031075167590427,0.03636488946099819,0.04430352273273986,0.05747877496739688,0.0329032278853712,0.03863772357234283,0.05886658675810591,0.07476508736526694,0.14304472021768344,
2000,base6,2,129,1,,4028.1983104110695,exchangeable_varying_sigma,0.18,fixed,0.18,0.18,fixed,0.18,1.0,mixed,0.9,-0.21753637376375135,0.04651200499795398,0.06024756469193311,0.03333952227775169,0.03868990725108344,0.039529250119666966,0.05146493071924909,0.03505460357866508,0.041066741684504006,0.05202047609794316,0.06822292268350386,0.21753637376375135,
1000,base5,3,130,1,,1576.2504673888907,exchangeable_varying_sigma,0.18,fixed,0.18,0.18,fixed,0.18,1.0,mixed,0.0,-0.04752952778870279,0.07871423444203217,0.10458663591180886,0.02862746153076151,0.03309072194355893,0.08215878726178871,0.11007454133675733,0.02809563509538271,0.03265776692662331,0.3480183756084599,0.44815933942331887,0.04752952778870279,
1000,base5,3,130,1,,1595.422737334855,exchangeable_varying_sigma,0.18,fixed,0.18,0.18,fixed,0.18,1.0,mixed,0.3,-0.18421618331599754,0.08289209611561031,0.11156486293352434,0.020417970662857027,0.022176454309164696,0.08539853797328248,0.11590543907800684,0.0212205892418567,0.02240503752280125,0.34927778685177324,0.44039339260428007,0.18421618331599754,
1000,base5,3,130,1,,1673.8551680301316,exchangeable_varying_sigma,0.18,fixed,0.18,0.18,fixed,0.18,1.0,mixed,0.6,-0.3436110774570086,0.08329384539764374,0.11211916819046025,0.023966634829511085,0.02542957699820717,0.08335951108702751,0.113162163012116,0.02552498353645752,0.02654799581656909,0.3448945387021445,0.4386119535328654,0.3436110774570086,
1000,base5,3,130,1,,1627.130551860202,exchangeable_varying_sigma,0.18,fixed,0.18,0.18,fixed,0.18,1.0,mixed,0.9,-0.5041502671346787,0.08341116458557855,0.1121584907305897,0.02700547019274857,0.028215797264636553,0.07920923610900629,0.10821219774726852,0.02940500160865213,0.030281448564784364,0.33978878210446345,0.4365894934253524,0.5041502671346787,
1000,base6,3,130,1,,1595.0818665858824,exchangeable_varying_sigma,0.18,fixed,0.18,0.18,fixed,0.18,1.0,mixed,0.0,0.01139978556866509,0.06259643846432855,0.08484256245958761,0.019574510972385217,0.02540173842645318,0.06346971143223626,0.08581955117843183,0.018969577042735053,0.023395562804966095,0.2527043917415786,0.29677781448062607,0.01139978556866509,
1000,base6,3,130,1,,1613.7921148960013,exchangeable_varying_sigma,0.18,fixed,0.18,0.18,fixed,0.18,1.0,mixed,0.3,-0.11297950041616808,0.06559800457598093,0.09050836245986878,0.04093676758002661,0.04592685779276933,0.06493089055870077,0.08961449201309044,0.03861996633603958,0.04328801771012535,0.2617420169057808,0.29832690979729237,0.11297950041616808,
1000,base6,3,130,1,,1639.0381506851409,exchangeable_varying_sigma,0.18,fixed,0.18,0.18,fixed,0.18,1.0,mixed,0.6,-0.22865454511267763,0.06577293618327852,0.09101978405560507,0.044485431746682264,0.04952488587356284,0.06161921528928477,0.08513250996245349,0.04284658083677684,0.047239686983322274,0.2495897226496486,0.2875830951359257,0.22865454511267763,
1000,base6,3,130,1,,1699.6110353269614,exchangeable_varying_sigma,0.18,fixed,0.18,0.18,fixed,0.18,1.0,mixed,0.9,-0.3493344826981075,0.06537645231605242,0.09080127215503123,0.047524267109918486,0.05264555895599388,0.055383230871436706,0.07649299606978896,0.04625575980025726,0.05013579261600312,0.23437524669512663,0.2747456272046984,0.3493344826981075,
2000,base5,3,130,1,,6311.931171844946,exchangeable_varying_sigma,0.18,fixed,0.18,0.18,fixed,0.18,1.0,mixed,0.0,-0.0010325193036057544,0.06516194348689128,0.08778564679884401,0.013666522580931983,0.01513774164911397,0.06838524084806745,0.09345126487583338,0.01225545943222578,0.016123374339475922,0.41556930215157145,0.5492122093143104,0.0010325193036057544,
2000,base5,3,130,1,,6371.50219212193,exchangeable_varying_sigma,0.18,fixed,0.18,0.18,fixed,0.18,1.0,mixed,0.3,-0.15486225101355222,0.06369645615647447,0.08570687690406423,0.010448978248799395,0.01432299920107081,0.06622106813695458,0.09062575889779463,0.011097139798223216,0.0145741613928093,0.39475540600536396,0.5130315641592088,0.15486225101355222,
2000,base5,3,130,1,,6421.526559625054,exchangeable_varying_sigma,0.18,fixed,0.18,0.18,fixed,0.18,1.0,mixed,0.6,-0.2878226787934509,0.06385272299219034,0.08588906583868358,0.010447631676021502,0.01456210993796369,0.06482697844119935,0.08967630313722352,0.011421292948926687,0.014523510338831971,0.39783973876989476,0.5147543532161498,0.2878226787934509,
2000,base5,3,130,1,,6512.699443604099,exchangeable_varying_sigma,0.18,fixed,0.18,0.18,fixed,0.18,1.0,mixed,0.9,-0.4184407026934964,0.06408155960410283,0.08614336131237237,0.010373607737872659,0.014800727831260036,0.062109967215181736,0.0877678934379622,0.011914271246449809,0.014651335076007495,0.4015121839894175,0.5169403052020685,0.4184407026934964,
2000,base6,3,130,1,,6303.990047035972,exchangeable_varying_sigma,0.18,fixed,0.18,0.18,fixed,0.18,1.0,mixed,0.0,0.004338911901051011,0.046066615568414765,0.06040099905343861,0.005766634448625407,0.008924820228880756,0.04679720697693044,0.06132841309253568,0.006165349225617733,0.009574584325206496,0.10170962418300274,0.14191174768359738,0.004338911901051011,
2000,base6,3,130,1,,6174.796915708808,exchangeable_varying_sigma,0.18,fixed,0.18,0.18,fixed,0.18,1.0,mixed,0.3,-0.10187573292979152,0.04521631099768355,0.058106346954371196,0.004230857482813322,0.004729941114994165,0.04530891420616012,0.05811278415606538,0.0034701343267128093,0.003516205078173567,0.09500802150992291,0.12614513792621387,0.10187573292979152,
2000,base6,3,130,1,,4707.668618236901,exchangeable_varying_sigma,0.18,fixed,0.18,0.18,fixed,0.18,1.0,mixed,0.6,-0.17633814754903915,0.04547392974221176,0.05862604232630394,0.004526922652239723,0.0052128797557769975,0.04354373769535734,0.055833548279513305,0.0034014075462944215,0.0036544399035649175,0.10171169681000267,0.1362532169703861,0.17633814754903915,
2000,base6,3,130,1,,3562.2162600860465,exchangeable_varying_sigma,0.18,fixed,0.18,0.18,fixed,0.18,1.0,mixed,0.9,-0.24593287783895734,0.04583906479865299,0.05933546661099282,0.004798817563502922,0.005733956816585119,0.039950003581787845,0.051213258480514494,0.0037814070373431152,0.0046077016792567494,0.10839157750959195,0.14715094597952622,0.24593287783895734,
1000,base5,0,131,1,,1825.2714633441065,exchangeable_varying_sigma,0.18,fixed,0.18,0.18,fixed,0.18,1.0,mixed,0.0,0.01832556818914897,0.0799901554020823,0.1079190836867368,0.0200034572059678,0.02544610782606147,0.08323503770571744,0.11278521977874338,0.020984468882909918,0.026784139381228277,0.31098272948752365,0.4081653752450094,0.01832556818914897,
1000,base5,0,131,1,,1124.0354253288824,exchangeable_varying_sigma,0.18,fixed,0.18,0.18,fixed,0.18,1.0,mixed,0.3,-0.1042156140095434,0.08184168331209765,0.10771551057508194,0.034283448779154554,0.036951739574674604,0.08421125938004284,0.11156952288230919,0.04028632682294396,0.041634964595268394,0.28573407792366096,0.36328266116418084,0.1042156140095434,
1000,base5,0,131,1,,1343.7705536768772,exchangeable_varying_sigma,0.18,fixed,0.18,0.18,fixed,0.18,1.0,mixed,0.6,-0.26396326199589687,0.08251707611390138,0.10881022032808378,0.03548942030417791,0.03757014713238749,0.082290192466559,0.10972993014244131,0.03998314088481235,0.0408421588511728,0.2792697580450425,0.35242544583508306,0.26396326199589687,
1000,base5,0,131,1,,1623.1630074630957,exchangeable_varying_sigma,0.18,fixed,0.18,0.18,fixed,0.18,1.0,mixed,0.9,-0.42539671590229305,0.08325711867128952,0.11015376339183724,0.035568174809471984,0.03707839842933157,0.07860538534315638,0.10599333009550312,0.03665879480333535,0.03719056760788256,0.2730537532438987,0.341868373759537,0.42539671590229305,
1000,base6,0,131,1,,1719.347069133073,exchangeable_varying_sigma,0.18,fixed,0.18,0.18,fixed,0.18,1.0,mixed,0.0,-0.005707875124957146,0.06361869092613061,0.08922396936148383,0.016030706276810205,0.020872835979382866,0.06443915926402544,0.09009827945387468,0.017746897043028315,0.023109875915322264,0.25032793440202533,0.28998085548459573,0.005707875124957146,
1000,base6,0,131,1,,1544.5692203668877,exchangeable_varying_sigma,0.18,fixed,0.18,0.18,fixed,0.18,1.0,mixed,0.3,-0.04139341851022188,0.06499787710509317,0.09067524249050228,0.02144973302323848,0.02233785473158472,0.06429782477489458,0.08948567556412021,0.02811914830189942,0.028407486736337185,0.2549359650553161,0.28258932716923046,0.04139341851022188,
1000,base6,0,131,1,,1812.267056487035,exchangeable_varying_sigma,0.18,fixed,0.18,0.18,fixed,0.18,1.0,mixed,0.6,-0.15320211428358554,0.06535414932147128,0.091862183774654,0.022655704548264696,0.023521540023853586,0.06108753452803003,0.08578059751687739,0.027908551727856196,0.028011368226458083,0.25117992406840856,0.2778678102972602,0.15320211428358554,
1000,base6,0,131,1,,1606.878261813894,exchangeable_varying_sigma,0.18,fixed,0.18,0.18,fixed,0.18,1.0,mixed,0.9,-0.27074141016162945,0.06546410192574907,0.09316124761414284,0.022734459053556574,0.02366060808357449,0.054378001730621524,0.07770117402679937,0.024157032022488742,0.024319204342646603,0.24721560952331487,0.2741139920325564,0.27074141016162945,
2000,base5,0,131,1,,3976.3767412460875,exchangeable_varying_sigma,0.18,fixed,0.18,0.18,fixed,0.18,1.0,mixed,0.0,0.02094290097736184,0.06571616299696137,0.08796138468709878,0.01631318915840893,0.017335215712661736,0.06898381582135539,0.09331465735239067,0.015061505837808076,0.016566250776476176,0.4037064982139767,0.5505904823963129,0.02094290097736184,
2000,base5,0,131,1,,4457.323844620958,exchangeable_varying_sigma,0.18,fixed,0.18,0.18,fixed,0.18,1.0,mixed,0.3,-0.12147800218415289,0.06702792147045489,0.09073925365564854,0.019506284638101307,0.023302369856029913,0.06953723949107421,0.09549887526720104,0.01845324442174484,0.02069144519744676,0.41196220842847625,0.5471775236443026,0.12147800218415289,
2000,base5,0,131,1,,4815.753527763067,exchangeable_varying_sigma,0.18,fixed,0.18,0.18,fixed,0.18,1.0,mixed,0.6,-0.26480552577089594,0.06741958166986788,0.09091290804425098,0.020504210722843225,0.024576930742288824,0.06799482509914456,0.0938771165003139,0.01944102780996082,0.021814911828696198,0.4129286486149879,0.5504081530196199,0.26480552577089594,
2000,base5,0,131,1,,4775.236377791967,exchangeable_varying_sigma,0.18,fixed,0.18,0.18,fixed,0.18,1.0,mixed,0.9,-0.4077410774868918,0.06782853157221662,0.09106097691173048,0.021336100289187115,0.025938153850362605,0.06505584024891158,0.09083350067861429,0.020232876301716246,0.023199357146190876,0.4123553240464021,0.5526570692243499,0.4077410774868918,
2000,base6,0,131,1,,3841.711448536953,exchangeable_varying_sigma,0.18,fixed,0.18,0.18,fixed,0.18,1.0,mixed,0.0,0.005565064484546035,0.04770798355666524,0.06056561738885951,0.010255886439155704,0.01122970431460075,0.04849963091304592,0.061517596907866554,0.009799846684678315,0.010498277584127467,0.09304275964752011,0.12413271679492954,0.005565064484546035,
2000,base6,0,131,1,,5272.348973440938,exchangeable_varying_sigma,0.18,fixed,0.18,0.18,fixed,0.18,1.0,mixed,0.3,-0.05131135937990089,0.04946119542993293,0.0641753757690675,0.01551348940087463,0.016140511161306183,0.049541863789813914,0.06427314644439858,0.016528335770651853,0.01748954552489529,0.08440603154923866,0.12389455144960579,0.05131135937990089,
2000,base6,0,131,1,,4041.388461638009,exchangeable_varying_sigma,0.18,fixed,0.18,0.18,fixed,0.18,1.0,mixed,0.6,-0.1397849491043745,0.04933630257389344,0.06412882567760408,0.016511415485614994,0.017535078895701873,0.04712155712534124,0.06110487693122661,0.01685438978642062,0.018331780942700177,0.08602397854391258,0.12399765912893376,0.1397849491043745,
2000,base6,0,131,1,,3918.3315736919176,exchangeable_varying_sigma,0.18,fixed,0.18,0.18,fixed,0.18,1.0,mixed,0.9,-0.23193939676371855,0.04904565684613197,0.06389517701275892,0.0173433050519618,0.01903099494430753,0.041936836220039804,0.05426917298610381,0.017123612891031342,0.019584315867339695,0.08812369331345565,0.12376203542396036,0.23193939676371855,
1000,base5,1,132,1,,1553.1540942220017,exchangeable_varying_sigma,0.18,fixed,0.18,0.18,fixed,0.18,1.0,mixed,0.0,-0.06253002597738996,0.0804427217280896,0.11051422806333257,0.01841127921461641,0.02058885259373348,0.08388421091040786,0.11590509387626903,0.017208855767494258,0.019689804340633946,0.32764008472769834,0.4179733083379064,0.06253002597738996,
1000,base5,1,132,1,,1477.833780718036,exchangeable_varying_sigma,0.18,fixed,0.18,0.18,fixed,0.18,1.0,mixed,0.3,-0.1587846966858688,0.0772857269520761,0.10648195061357618,0.024827891082522785,0.029423380404833242,0.07966358793625591,0.11058080850460386,0.026316399787747066,0.03317467409121576,0.3614473448430379,0.47812260231508846,0.1587846966858688,
1000,base5,1,132,1,,1573.9300450349692,exchangeable_varying_sigma,0.18,fixed,0.18,0.18,fixed,0.18,1.0,mixed,0.6,-0.3202851984133937,0.078126548061221,0.10771612696650724,0.025532498546252294,0.029957651339964933,0.07826293963032659,0.10900392066678184,0.02868650414828547,0.03590057905889261,0.3627041415898678,0.47820481895817846,0.3202851984133937,
1000,base5,1,132,1,,1631.0546071229037,exchangeable_varying_sigma,0.18,fixed,0.18,0.18,fixed,0.18,1.0,mixed,0.9,-0.48140688749386545,0.07914364070166695,0.10922234680246781,0.02507250473166041,0.02924799545040483,0.07508102286620585,0.1057475823387397,0.029277271612536737,0.03685200505512387,0.3645288421897252,0.47818594573124723,0.48140688749386545,
1000,base6,1,132,1,,1172.865704942029,exchangeable_varying_sigma,0.18,fixed,0.18,0.18,fixed,0.18,1.0,mixed,0.0,-0.027078211656927934,0.06472095867007174,0.08853487315917791,0.013470586680896887,0.014940231951701292,0.06557397265041959,0.08950130768357065,0.015137895659118758,0.016822619196755848,0.22976746395468925,0.2682244477179773,0.027078211656927934,
1000,base6,1,132,1,,1782.13100586785,exchangeable_varying_sigma,0.18,fixed,0.18,0.18,fixed,0.18,1.0,mixed,0.3,-0.09728602046686297,0.060583786249326546,0.0843929113143291,0.03316625702525844,0.03843678789537078,0.06030624155155514,0.08336220792110755,0.034296326087305457,0.04176860444119753,0.1941893165675964,0.24004533243885365,0.09728602046686297,
1000,base6,1,132,1,,1402.253551212838,exchangeable_varying_sigma,0.18,fixed,0.18,0.18,fixed,0.18,1.0,mixed,0.6,-0.20980359294302736,0.061676609502663425,0.08593023083005015,0.03387086448898692,0.039234817175114074,0.057803966990824775,0.07958959546047674,0.036647284741608874,0.04372795467015477,0.1886652274652145,0.23520309317482666,0.20980359294302736,
1000,base6,1,132,1,,1894.7935190859716,exchangeable_varying_sigma,0.18,fixed,0.18,0.18,fixed,0.18,1.0,mixed,0.9,-0.32173346505097455,0.06312447619448909,0.08769315662736353,0.03341087067439438,0.03876343152054404,0.05250192672700327,0.07185566170994898,0.03720483687772054,0.043626949524733574,0.18481181942363353,0.23245526280897127,0.32173346505097455,
2000,base5,1,132,1,,4630.646414384944,exchangeable_varying_sigma,0.18,fixed,0.18,0.18,fixed,0.18,1.0,mixed,0.0,0.0008777895865110921,0.06356061959665561,0.08890224668495417,0.020048582406764187,0.024608394808860744,0.06676729591514342,0.09524698769222696,0.021758770725469778,0.023897574352432602,0.4243181095862268,0.5970005617195078,0.0008777895865110921,
2000,base5,1,132,1,,4758.123343848856,exchangeable_varying_sigma,0.18,fixed,0.18,0.18,fixed,0.18,1.0,mixed,0.3,-0.1129808253299032,0.06445988039629119,0.090365155192422,0.012822581913554273,0.015596695120040756,0.06665414691812843,0.09543634166095523,0.013769255334910413,0.01476929923163017,0.4148558178608832,0.5783170179658418,0.1129808253299032,
2000,base5,1,132,1,,5295.393170431955,exchangeable_varying_sigma,0.18,fixed,0.18,0.18,fixed,0.18,1.0,mixed,0.6,-0.24701277660888443,0.06457636876569284,0.09049877870726639,0.01400362643854769,0.01721008304314551,0.06495128305893809,0.0937963971878601,0.014255169826216538,0.014930088805401576,0.4178745807995571,0.5800537181753035,0.24701277660888443,
2000,base5,1,132,1,,5155.240529404022,exchangeable_varying_sigma,0.18,fixed,0.18,0.18,fixed,0.18,1.0,mixed,0.9,-0.38301263691371756,0.06473255335858799,0.09049912005211949,0.015100458589971014,0.019228841114418607,0.06169527728822794,0.09075609565920059,0.014888482205172804,0.01532941355801563,0.42167142971627847,0.5835207238149304,0.38301263691371756,
2000,base6,1,132,1,,3867.0585185599048,exchangeable_varying_sigma,0.18,fixed,0.18,0.18,fixed,0.18,1.0,mixed,0.0,0.012763003849226604,0.0467916444816624,0.05994057980019443,0.02151641832093179,0.02329276474226386,0.04733843144038008,0.06064729404179217,0.01945706034812053,0.020571366352946558,0.07817845101997097,0.09463110695951982,0.012763003849226604,
2000,base6,1,132,1,,5215.554969555,exchangeable_varying_sigma,0.18,fixed,0.18,0.18,fixed,0.18,1.0,mixed,0.3,-0.032734117024436404,0.046282647894317124,0.06101754324065455,0.009344125323945268,0.012154054309670507,0.046461659699524455,0.06092242793301031,0.009425814294519302,0.01229087943704862,0.07962097630968287,0.09796455590113246,0.032734117024436404,
2000,base6,1,132,1,,4711.785644117976,exchangeable_varying_sigma,0.18,fixed,0.18,0.18,fixed,0.18,1.0,mixed,0.6,-0.10964650658925296,0.04620976527547686,0.06115012435310173,0.010865533374801298,0.014395220220943628,0.044225826044883204,0.057932347718391765,0.009382536589297302,0.012637237177879429,0.07958033793374357,0.09854067692366263,0.10964650658925296,
2000,base6,1,132,1,,3075.13856335287,exchangeable_varying_sigma,0.18,fixed,0.18,0.18,fixed,0.18,1.0,mixed,0.9,-0.1924192547593031,0.04609839835451918,0.06103138731163804,0.012357111724892941,0.01695970992809426,0.03934159694669649,0.05147403303259558,0.009574429666555417,0.013364805033044606,0.07996550332137166,0.10006263274893856,0.1924192547593031,
1000,base5,2,133,1,,1753.2678464499768,exchangeable_varying_sigma,0.18,fixed,0.18,0.18,fixed,0.18,1.0,mixed,0.0,0.026549440015819367,0.08147384667149418,0.11063377427567678,0.011259763320597582,0.01232977109180436,0.08520224286889078,0.11625040306810465,0.011549434998870567,0.014930692092209347,0.2927250761815469,0.37919380356127574,0.026549440015819367,
1000,base5,2,133,1,,1176.0616342711728,exchangeable_varying_sigma,0.18,fixed,0.18,0.18,fixed,0.18,1.0,mixed,0.3,-0.0827959681865533,0.07851795965369554,0.10747161414827526,0.022070210173148974,0.029227303704380234,0.0815197488508295,0.11242740737156807,0.02912353267311156,0.03616291638332302,0.29990691880263526,0.3918933913085306,0.0827959681865533,
1000,base5,2,133,1,,1764.9824609679636,exchangeable_varying_sigma,0.18,fixed,0.18,0.18,fixed,0.18,1.0,mixed,0.6,-0.23329309234816498,0.07800681870795466,0.10688094419035808,0.022983450637796,0.03131368665992067,0.07877654984120497,0.10927337435610193,0.03143289981195069,0.03879331208514566,0.2977817653071543,0.3880404711573222,0.23329309234816498,
1000,base5,2,133,1,,1687.9312219389249,exchangeable_varying_sigma,0.18,fixed,0.18,0.18,fixed,0.18,1.0,mixed,0.9,-0.3822889327786978,0.07740680013239987,0.10627265198473536,0.025568479883680967,0.03345868440509647,0.0739472789797516,0.10366184586381544,0.03206392283333796,0.04023223691065213,0.29464775838433716,0.381458859278163,0.3822889327786978,
1000,base6,2,133,1,,1539.9648929610848,exchangeable_varying_sigma,0.18,fixed,0.18,0.18,fixed,0.18,1.0,mixed,0.0,0.04743803477754821,0.06471149523297952,0.08910135562829498,0.018858058674638217,0.020844349977618266,0.0658175011857539,0.09037151981270772,0.01939671835064241,0.0198602183631992,0.24079923400590839,0.28001153004751533,0.04743803477754821,
1000,base6,2,133,1,,1743.8819047168363,exchangeable_varying_sigma,0.18,fixed,0.18,0.18,fixed,0.18,1.0,mixed,0.3,-0.044167627172950696,0.05998422799532924,0.08071209339675106,0.019817755198126535,0.02245376176590592,0.0597835110524002,0.08125100730910868,0.01948439481791124,0.024625808898209887,0.2238921694104091,0.26279369156465365,0.044167627172950696,
1000,base6,2,133,1,,1604.885385556845,exchangeable_varying_sigma,0.18,fixed,0.18,0.18,fixed,0.18,1.0,mixed,0.6,-0.15713202889777794,0.05939694887887179,0.07977588871792973,0.01943982458785312,0.02401927958848771,0.05585764266772786,0.07618533244036713,0.02098553408523693,0.026420290489450434,0.21248013996791607,0.25097982456565443,0.15713202889777794,
1000,base6,2,133,1,,1417.5518804090098,exchangeable_varying_sigma,0.18,fixed,0.18,0.18,fixed,0.18,1.0,mixed,0.9,-0.27852586369141397,0.05878919828244519,0.07898833919683103,0.018950877591473403,0.025704242402269206,0.048387029389724376,0.06639237011537254,0.023021550467388213,0.028032782902871412,0.20016432131832443,0.23793411151309599,0.27852586369141397,
2000,base5,2,133,1,,4949.911134504015,exchangeable_varying_sigma,0.18,fixed,0.18,0.18,fixed,0.18,1.0,mixed,0.0,-0.019188351384400906,0.06406370753322091,0.08752097034262647,0.013267810753815237,0.01449651532965253,0.06725330562799829,0.09338358262338128,0.0131153622049872,0.016111952730332196,0.3794184464041643,0.506723892813172,0.019188351384400906,
2000,base5,2,133,1,,4875.104088701075,exchangeable_varying_sigma,0.18,fixed,0.18,0.18,fixed,0.18,1.0,mixed,0.3,-0.1782148461747618,0.06364062343075391,0.08705708978464845,0.008505192353586433,0.010116347641274254,0.06636595993150252,0.09239379984489912,0.008239726626443927,0.01043605069313857,0.38319033745097797,0.49680759375621153,0.1782148461747618,
2000,base5,2,133,1,,4666.064585220069,exchangeable_varying_sigma,0.18,fixed,0.18,0.18,fixed,0.18,1.0,mixed,0.6,-0.30587248115669563,0.06372479085358285,0.08718711365856155,0.008450079341982553,0.01058223715676505,0.06472156371009337,0.09082808743598446,0.00913452897146616,0.011080861991759039,0.38515829284814584,0.4903782268506178,0.30587248115669563,
2000,base5,2,133,1,,5353.005761174019,exchangeable_varying_sigma,0.18,fixed,0.18,0.18,fixed,0.18,1.0,mixed,0.9,-0.42976974848408217,0.06379374150963205,0.08733029598754818,0.008185219298865842,0.011086596397530265,0.061392185425924964,0.08804300761428589,0.009920432659531075,0.011660316358261862,0.38735464116349444,0.4843949215646629,0.42976974848408217,
2000,base6,2,133,1,,3963.5727315240074,exchangeable_varying_sigma,0.18,fixed,0.18,0.18,fixed,0.18,1.0,mixed,0.0,-0.0015062444980575363,0.044499586358615735,0.058334547107815285,0.009972614338699268,0.013966976437455854,0.045121114546446225,0.059100264803868256,0.011363029824697293,0.016340989414705364,0.08111043484366535,0.11021005486617166,0.0015062444980575363,
2000,base6,2,133,1,,5322.106231326936,exchangeable_varying_sigma,0.18,fixed,0.18,0.18,fixed,0.18,1.0,mixed,0.3,-0.09482953222820398,0.04639178713461695,0.0601146652242871,0.009469793191291404,0.010628589360109627,0.0462965114683026,0.059652604853085135,0.006491561373110161,0.0073488758835758405,0.07960518809300986,0.10860094295928402,0.09482953222820398,
2000,base6,2,133,1,,3748.386012353003,exchangeable_varying_sigma,0.18,fixed,0.18,0.18,fixed,0.18,1.0,mixed,0.6,-0.16628613007782678,0.04668091370312569,0.06048692292532202,0.009998807853752179,0.01126095651322996,0.044189652721701986,0.05666729754956588,0.006092864483105087,0.007015648679818066,0.08230859409838197,0.11529141288080844,0.16628613007782678,
2000,base6,2,133,1,,3203.9191584729124,exchangeable_varying_sigma,0.18,fixed,0.18,0.18,fixed,0.18,1.0,mixed,0.9,-0.23661097669860653,0.04700959054032288,0.060868641150127245,0.010456875217638467,0.011991772407047047,0.03977569312547569,0.05082179397476751,0.006240289418165373,0.007080634026387372,0.0872954773169926,0.12320482854791122,0.23661097669860653,
1000,base5,3,134,1,,1096.4092338080518,exchangeable_varying_sigma,0.18,fixed,0.18,0.18,fixed,0.18,1.0,mixed,0.0,0.05765649884983535,0.07636589076710806,0.10304224058916882,0.01869780172385116,0.02122170196803209,0.07917046007479171,0.10792619160593618,0.017821027632368022,0.020613462997543203,0.3200235320009264,0.4084435382590509,0.05765649884983535,
1000,base5,3,134,1,,1584.459661185043,exchangeable_varying_sigma,0.18,fixed,0.18,0.18,fixed,0.18,1.0,mixed,0.3,-0.11580977950664736,0.07703256901510974,0.10411098397883208,0.024469897796382506,0.02948943211030962,0.0795164424322537,0.10829623700454175,0.024456331642314366,0.028538363017639547,0.32902625832413,0.4138864678748514,0.11580977950664736,
1000,base5,3,134,1,,1512.3164061389398,exchangeable_varying_sigma,0.18,fixed,0.18,0.18,fixed,0.18,1.0,mixed,0.6,-0.2717595013652613,0.07685532266584269,0.103602308544398,0.027479398261663734,0.03214194714079057,0.0772935676767643,0.10563688096067553,0.02746335523530416,0.03141169698642195,0.3269241253867408,0.41308517913599335,0.2717595013652613,
1000,base5,3,134,1,,1493.2751971599646,exchangeable_varying_sigma,0.18,fixed,0.18,0.18,fixed,0.18,1.0,mixed,0.9,-0.428444898518968,0.07659782634354192,0.10301486400502934,0.030199836209790276,0.03439458972839539,0.07293286494009839,0.10084287674259586,0.030452129803371086,0.03398052638623789,0.323450909897444,0.4094874047036218,0.428444898518968,
1000,base6,3,134,1,,1395.2600683600176,exchangeable_varying_sigma,0.18,fixed,0.18,0.18,fixed,0.18,1.0,mixed,0.0,0.03043883500323933,0.06144002464515264,0.0816961260122508,0.02266129953954124,0.025744635446484813,0.06236577083771291,0.08294619072591256,0.018303580855523624,0.019684323427823665,0.27094109722332094,0.2995550320309169,0.03043883500323933,
1000,base6,3,134,1,,1238.915572521044,exchangeable_varying_sigma,0.18,fixed,0.18,0.18,fixed,0.18,1.0,mixed,0.3,-0.0997609233026232,0.06061159138422664,0.08137613971579802,0.020506399980691176,0.027788433770790374,0.0605394618480824,0.08158252976159659,0.019911631978979494,0.0264849647352134,0.292433045537712,0.3293256758071842,0.0997609233026232,
1000,base6,3,134,1,,1599.7326602968387,exchangeable_varying_sigma,0.18,fixed,0.18,0.18,fixed,0.18,1.0,mixed,0.6,-0.20752913832671283,0.060381488738528014,0.08030358705847498,0.023515900445971072,0.030293014391577177,0.057474539868276976,0.0769843858712686,0.02100956326161124,0.02842286956783872,0.2927173893796118,0.3321134982174292,0.20752913832671283,
1000,base6,3,134,1,,1449.177580856951,exchangeable_varying_sigma,0.18,fixed,0.18,0.18,fixed,0.18,1.0,mixed,0.9,-0.31731483826409534,0.0599785650152862,0.0789951412387537,0.026236338394098863,0.03239295057335656,0.05107807062101652,0.06786378478847727,0.02181193861382899,0.029474012427119188,0.29136925244483625,0.3329987607515264,0.31731483826409534,
2000,base5,3,134,1,,4726.263999538962,exchangeable_varying_sigma,0.18,fixed,0.18,0.18,fixed,0.18,1.0,mixed,0.0,0.003850067706382343,0.06808450670778123,0.09357753379211542,0.022231352759855688,0.02399409488485196,0.0711959178651331,0.09939285306115093,0.022911613086090243,0.025513398139274945,0.3936124815182301,0.5446731339924811,0.003850067706382343,
2000,base5,3,134,1,,4763.401330219116,exchangeable_varying_sigma,0.18,fixed,0.18,0.18,fixed,0.18,1.0,mixed,0.3,-0.12760113883510754,0.06615049111175024,0.09218396835697595,0.025242558204488175,0.029701898177687026,0.06879569495968302,0.09763838758721569,0.024617557468033596,0.027682878455324036,0.4128027722747177,0.596663674684974,0.12760113883510754,
2000,base5,3,134,1,,4459.133097525919,exchangeable_varying_sigma,0.18,fixed,0.18,0.18,fixed,0.18,1.0,mixed,0.6,-0.26529823659350715,0.06625199472807955,0.09244650228846113,0.027269474890289108,0.03215155040324708,0.06713828420211874,0.09620294530827032,0.026763697188282837,0.030268842038282468,0.409956575109635,0.5996356022502485,0.26529823659350715,
2000,base5,3,134,1,,4366.196723002009,exchangeable_varying_sigma,0.18,fixed,0.18,0.18,fixed,0.18,1.0,mixed,0.9,-0.4052663115559101,0.06632739543575095,0.09279801313560776,0.02892802509034101,0.03449726014491764,0.06382920414847441,0.09362466612285983,0.027939393663426765,0.03221285432715857,0.40949247719879134,0.6035695377841449,0.4052663115559101,
2000,base6,3,134,1,,3913.086257646093,exchangeable_varying_sigma,0.18,fixed,0.18,0.18,fixed,0.18,1.0,mixed,0.0,0.02377767864883927,0.046157628927811535,0.059945689619640585,0.01916953317351243,0.022370626407838455,0.046930149192726416,0.06089294511251244,0.018881071965082874,0.022483541457634,0.08245622615762144,0.10219658497415984,0.02377767864883927,
2000,base6,3,134,1,,4605.309387407964,exchangeable_varying_sigma,0.18,fixed,0.18,0.18,fixed,0.18,1.0,mixed,0.3,-0.10634058647235689,0.047761809640797875,0.06223918258791057,0.022527980487963867,0.025421587885665866,0.047430600803077295,0.06166844900306859,0.023472594755561488,0.02584568603431795,0.0889361379535285,0.10864315394338084,0.10634058647235689,
2000,base6,3,134,1,,3411.13411808596,exchangeable_varying_sigma,0.18,fixed,0.18,0.18,fixed,0.18,1.0,mixed,0.6,-0.18262443087285418,0.048153259873058026,0.06291777144707927,0.024588102432612696,0.027809023380570383,0.045154887617027344,0.0586472225071247,0.025631874681888878,0.02822720233746619,0.09432962107675866,0.11322316548224781,0.18262443087285418,
2000,base6,3,134,1,,2807.166947379941,exchangeable_varying_sigma,0.18,fixed,0.18,0.18,fixed,0.18,1.0,mixed,0.9,-0.25664038689117386,0.048681779837530775,0.06372453369035842,0.026364720830773763,0.029893033957422925,0.04077588271030622,0.05295208032043577,0.026375259960016467,0.02938158812743682,0.10031178108666773,0.11911078175026454,0.25664038689117386,
1000,base5,0,135,1,,1558.6659208309138,exchangeable_varying_sigma,0.18,fixed,0.18,0.18,fixed,0.18,1.0,mixed,0.0,0.05511666167160773,0.07675221356150665,0.10295692776629514,0.029339942958177906,0.03608354471580195,0.080178864566109,0.10827442678740469,0.022827439491725554,0.029499241335953545,0.34980733041121503,0.44808291757800983,0.05511666167160773,
1000,base5,0,135,1,,1579.0120974789606,exchangeable_varying_sigma,0.18,fixed,0.18,0.18,fixed,0.18,1.0,mixed,0.3,-0.10995977191917727,0.07999997480488351,0.10630470439153712,0.032635131939125636,0.034695516499367036,0.0827646802939712,0.1111600288723449,0.031468853654635046,0.035015958240904865,0.3643697375156453,0.47208074178712217,0.10995977191917727,
1000,base5,0,135,1,,644.276178731001,exchangeable_varying_sigma,0.18,fixed,0.18,0.18,fixed,0.18,1.0,mixed,0.6,-0.26840206430820646,0.0803353813734067,0.10673123301688157,0.03597485797358313,0.037480659243315034,0.08079926053108268,0.10927184725875441,0.03499466912649375,0.03818603961421263,0.3641760006442444,0.4719344174426436,0.26840206430820646,
1000,base5,0,135,1,,1390.176512006903,exchangeable_varying_sigma,0.18,fixed,0.18,0.18,fixed,0.18,1.0,mixed,0.9,-0.4297927033536324,0.08063843253189926,0.10710205663025464,0.03979838276162609,0.040863500743915024,0.0768518201476821,0.10536568392540839,0.03937738860721869,0.041890722605014974,0.36231039513396734,0.4697728480505819,0.4297927033536324,
1000,base6,0,135,1,,603.6405562270666,exchangeable_varying_sigma,0.18,fixed,0.18,0.18,fixed,0.18,1.0,mixed,0.0,0.008916521039563923,0.0608413657309176,0.08181263781218025,0.021635008848376908,0.029304656765615417,0.061995066912969396,0.08312949660685251,0.021228598354344708,0.027968653562611308,0.1983037572106189,0.2492207091670116,0.008916521039563923,
1000,base6,0,135,1,,1397.7078492329456,exchangeable_varying_sigma,0.18,fixed,0.18,0.18,fixed,0.18,1.0,mixed,0.3,-0.09682170174470853,0.06328963501762039,0.08336860593015054,0.018656842213545424,0.020250536715702202,0.06295242186913498,0.08285395762207858,0.01730761582514695,0.01937791764716876,0.20588858233811896,0.25614536994873277,0.09682170174470853,
1000,base6,0,135,1,,1377.587839307962,exchangeable_varying_sigma,0.18,fixed,0.18,0.18,fixed,0.18,1.0,mixed,0.6,-0.20408691040115584,0.06387163220485835,0.08399405596990812,0.020574456901578705,0.023361104306484526,0.06000187390392391,0.07908366699486914,0.018677580235334515,0.021659859238346055,0.20439387784115093,0.25382084401054833,0.20408691040115584,
1000,base6,0,135,1,,660.5846893329872,exchangeable_varying_sigma,0.18,fixed,0.18,0.18,fixed,0.18,1.0,mixed,0.9,-0.31353045854830486,0.06459456802270422,0.0846322620382705,0.022458889263117857,0.026843080476533863,0.05364861356658333,0.07119268681418617,0.020642648844685058,0.025060482682128946,0.20268810282021235,0.25019521107581155,0.31353045854830486,
2000,base5,0,135,1,,5882.598913003923,exchangeable_varying_sigma,0.18,fixed,0.18,0.18,fixed,0.18,1.0,mixed,0.0,-0.0016288800932827696,0.06374001601228256,0.08805062930410895,0.02142989620932484,0.022327434671621803,0.06682229770825589,0.09359053555491001,0.01888389707216656,0.019024174162887073,0.4154610273435134,0.5657533631023131,0.0016288800932827696,
2000,base5,0,135,1,,6065.020667926059,exchangeable_varying_sigma,0.18,fixed,0.18,0.18,fixed,0.18,1.0,mixed,0.3,-0.139642480393464,0.06634371146929453,0.08908131514486022,0.013013298228950476,0.013620838711267276,0.06856728271828472,0.09392845761172137,0.012006779209567303,0.012908773300772124,0.4067087746038047,0.5593041277015363,0.139642480393464,
2000,base5,0,135,1,,6094.400988496025,exchangeable_varying_sigma,0.18,fixed,0.18,0.18,fixed,0.18,1.0,mixed,0.6,-0.2750067762532559,0.06646000027454885,0.08908183366476356,0.015465180355886843,0.016019265775669752,0.06655315556686067,0.09212070733975826,0.01334396177555397,0.014523046109437927,0.41009245112464315,0.5609458522836486,0.2750067762532559,
2000,base5,0,135,1,,6095.920865996974,exchangeable_varying_sigma,0.18,fixed,0.18,0.18,fixed,0.18,1.0,mixed,0.9,-0.40892925812629205,0.06652694422440587,0.08909706891333162,0.018095316842239306,0.018710174922405676,0.06293137170715482,0.0891032717498828,0.014667480724597004,0.01616230703406382,0.41266018882731687,0.5604442777591412,0.40892925812629205,
2000,base6,0,135,1,,5255.575895456015,exchangeable_varying_sigma,0.18,fixed,0.18,0.18,fixed,0.18,1.0,mixed,0.0,-0.0014256659654465064,0.0447356096572768,0.06054727920301879,0.01829176729255061,0.021184399822759804,0.04529395539183417,0.061318425611678794,0.017239284999832072,0.020006426866481408,0.08009354523519874,0.10084559284374524,0.0014256659654465064,
2000,base6,0,135,1,,3021.6301678329473,exchangeable_varying_sigma,0.18,fixed,0.18,0.18,fixed,0.18,1.0,mixed,0.3,-0.07420109441398248,0.046184315348424765,0.059936507990187404,0.01352251522744563,0.014654051854903885,0.04579022993508371,0.059415980081621564,0.011158096133852491,0.012330962949580363,0.07543981002831697,0.0906876604258703,0.07420109441398248,
2000,base6,0,135,1,,4755.980314068962,exchangeable_varying_sigma,0.18,fixed,0.18,0.18,fixed,0.18,1.0,mixed,0.6,-0.15229534648506426,0.04637681995528394,0.06013853654003889,0.0159743973543775,0.017439083924375456,0.04370235925242002,0.05652909995894383,0.012184502579126899,0.014055737497553317,0.0756289372471755,0.09133432480368708,0.15229534648506426,
2000,base6,0,135,1,,4359.394268485019,exchangeable_varying_sigma,0.18,fixed,0.18,0.18,fixed,0.18,1.0,mixed,0.9,-0.23141264556668129,0.04675452412015735,0.06046004923841234,0.018604533840732934,0.020472279149214432,0.039435699901358756,0.05098897392194479,0.01431156457684686,0.01641921465748401,0.0761493410605825,0.09261739235793481,0.23141264556668129,
1000,base5,1,136,1,,1596.018859097967,exchangeable_varying_sigma,0.18,fixed,0.18,0.18,fixed,0.18,1.0,mixed,0.0,0.01838859149216691,0.08037774988311452,0.10949371395280813,0.033646633083996055,0.03961504519322864,0.08457186103500557,0.11605312591947702,0.030752895685042983,0.032906161479225704,0.3629953906983927,0.480168601225617,0.01838859149216691,
1000,base5,1,136,1,,1592.5193663779646,exchangeable_varying_sigma,0.18,fixed,0.18,0.18,fixed,0.18,1.0,mixed,0.3,-0.19317795232682525,0.07678749994644497,0.10529508410241935,0.007613719206229941,0.009932393025293322,0.08001746538806427,0.11050978809830067,0.010072002704526045,0.011506413165407837,0.32520939007186167,0.4129975043113145,0.19317795232682525,
1000,base5,1,136,1,,812.1317655669991,exchangeable_varying_sigma,0.18,fixed,0.18,0.18,fixed,0.18,1.0,mixed,0.6,-0.34643832836259925,0.0771911325040921,0.10572531925837521,0.010261104769861126,0.01298293406409627,0.07836751310988102,0.10870682307488821,0.011012945219088258,0.012070012890486103,0.3142658266884639,0.40078563618123875,0.34643832836259925,
1000,base5,1,136,1,,1419.4586978340521,exchangeable_varying_sigma,0.18,fixed,0.18,0.18,fixed,0.18,1.0,mixed,0.9,-0.4936603631894407,0.07810093781257717,0.10654702514889229,0.01387543683287723,0.01751842414502,0.0753223204801659,0.10553219246000951,0.010547167436535582,0.012326297236129055,0.30209854954808996,0.3873853479234879,0.4936603631894407,
1000,base6,1,136,1,,628.239422196988,exchangeable_varying_sigma,0.18,fixed,0.18,0.18,fixed,0.18,1.0,mixed,0.0,0.004293536379801419,0.06144153975579212,0.08334420820629838,0.023828118348935737,0.02916955111502777,0.06268881355918632,0.08483122391286303,0.022742438849006757,0.02697412413821346,0.2339834105629128,0.2764883927958023,0.004293536379801419,
1000,base6,1,136,1,,1397.354585106019,exchangeable_varying_sigma,0.18,fixed,0.18,0.18,fixed,0.18,1.0,mixed,0.3,-0.11157790121387448,0.05992391231026801,0.08204070695258826,0.012407053170572307,0.01361442275384658,0.05981987852072603,0.0821554132812101,0.009396575473957003,0.01060222458938371,0.20739781364801887,0.2570510622920758,0.11157790121387448,
1000,base6,1,136,1,,1458.0395351940533,exchangeable_varying_sigma,0.18,fixed,0.18,0.18,fixed,0.18,1.0,mixed,0.6,-0.21252786040171923,0.06029377635888049,0.08245006510552608,0.014042638454270229,0.015798470327159957,0.05727906341475417,0.07890226898234047,0.009973339989402863,0.011272751383308353,0.21148523283660028,0.25690614746027157,0.21252786040171923,
1000,base6,1,136,1,,1473.3668255989905,exchangeable_varying_sigma,0.18,fixed,0.18,0.18,fixed,0.18,1.0,mixed,0.9,-0.307895652125733,0.06097148294649075,0.08316477587705372,0.01577446164630092,0.019216336246618407,0.05208620150290179,0.07247001953763609,0.01001510905848721,0.01223060909948749,0.21936991599511,0.26054539934774507,0.307895652125733,
2000,base5,1,136,1,,5518.596348359017,exchangeable_varying_sigma,0.18,fixed,0.18,0.18,fixed,0.18,1.0,mixed,0.0,0.022169548247550887,0.0642540374872806,0.08871343722352587,0.023212537619221096,0.027402409757632102,0.06702193446761565,0.09410246478255468,0.022400487157579085,0.026694774852088165,0.39748857750979455,0.5317422667110169,0.022169548247550887,
2000,base5,1,136,1,,5986.91661056201,exchangeable_varying_sigma,0.18,fixed,0.18,0.18,fixed,0.18,1.0,mixed,0.3,-0.11070181501443901,0.06742147249653371,0.09115233338371335,0.011292496877976566,0.013888163746139494,0.06962281713908977,0.0960584245568847,0.008228574260004562,0.012183102744812869,0.37015720518672585,0.5058242628531627,0.11070181501443901,
2000,base5,1,136,1,,6122.609603830031,exchangeable_varying_sigma,0.18,fixed,0.18,0.18,fixed,0.18,1.0,mixed,0.6,-0.24150262181888776,0.06720045009078136,0.09074270847482256,0.013280801100815448,0.016332924598238284,0.06780353732865553,0.09436302474840087,0.010144039172438335,0.014332466890197631,0.37121705775902036,0.503035622572006,0.24150262181888776,
2000,base5,1,136,1,,6165.311397447018,exchangeable_varying_sigma,0.18,fixed,0.18,0.18,fixed,0.18,1.0,mixed,0.9,-0.3752825586469378,0.06665647422777678,0.09002526702976343,0.015495449933956518,0.018901059157293263,0.06394004274591025,0.09097526981104476,0.012816123770261895,0.016859042189803143,0.37269599349158866,0.5008879216371734,0.3752825586469378,
2000,base6,1,136,1,,5193.043823673041,exchangeable_varying_sigma,0.18,fixed,0.18,0.18,fixed,0.18,1.0,mixed,0.0,-0.0053372013338273865,0.0454465998295759,0.06069015088835218,0.01982103907148336,0.02479789800464768,0.04583721374682852,0.06125768832883616,0.019715900745131118,0.024259159649709882,0.06241198135513653,0.07578812005945232,0.0053372013338273865,
2000,base6,1,136,1,,4602.70537437906,exchangeable_varying_sigma,0.18,fixed,0.18,0.18,fixed,0.18,1.0,mixed,0.3,-0.051573308964781156,0.04866990071369043,0.06345331200531888,0.01248515605987452,0.017801915505471763,0.04895762880148974,0.06364696014692464,0.011612583214961308,0.01717701120511871,0.08735089648421414,0.10604181531331214,0.051573308964781156,
2000,base6,1,136,1,,4517.274046281003,exchangeable_varying_sigma,0.18,fixed,0.18,0.18,fixed,0.18,1.0,mixed,0.6,-0.12884598574625805,0.048056726071466264,0.06269136804390729,0.014473460282714595,0.020240759945030155,0.046399363438714585,0.0600383134580994,0.013804435709473512,0.01948617499793654,0.08542805270284332,0.10319643946727346,0.12884598574625805,
2000,base6,1,136,1,,4195.8901209690375,exchangeable_varying_sigma,0.18,fixed,0.18,0.18,fixed,0.18,1.0,mixed,0.9,-0.21236353565509292,0.04714715068346846,0.06139086863968799,0.016688109115852223,0.022748947043013796,0.040784151045328204,0.052657502234940264,0.016753179868949974,0.021993147863577138,0.08291321493797298,0.09955919807692377,0.21236353565509292,
1000,base5,2,137,1,,1576.8177283060504,exchangeable_varying_sigma,0.18,fixed,0.18,0.18,fixed,0.18,1.0,mixed,0.0,0.03140623630745228,0.07892930167020115,0.10744032813910617,0.016992120263803645,0.02061449288757099,0.08208974099573241,0.11228602736726835,0.02379909111235956,0.025385990098347508,0.3174592708801515,0.4132544882419768,0.03140623630745228,
1000,base5,2,137,1,,1301.711403770023,exchangeable_varying_sigma,0.18,fixed,0.18,0.18,fixed,0.18,1.0,mixed,0.3,-0.14880095326550097,0.08055842490108554,0.11000125037234106,0.02642801766366254,0.03639160141341091,0.08307878965640286,0.11442071646223495,0.03028589310627873,0.03750653386606565,0.3316551544645307,0.4373538495838358,0.14880095326550097,
1000,base5,2,137,1,,1417.6875843460439,exchangeable_varying_sigma,0.18,fixed,0.18,0.18,fixed,0.18,1.0,mixed,0.6,-0.2998383040316854,0.08036290808776736,0.10942618692435234,0.030333432974668798,0.04042425874253508,0.08051984414026331,0.11126442426289664,0.033940241321817444,0.04008574372070717,0.33492782267404825,0.44177189078014156,0.2998383040316854,
1000,base5,2,137,1,,1433.2658135460224,exchangeable_varying_sigma,0.18,fixed,0.18,0.18,fixed,0.18,1.0,mixed,0.9,-0.4512040760480609,0.07999941648834055,0.1086602683670346,0.035193639011390554,0.04523961805346452,0.07612149129069029,0.10622923534657079,0.03847182089786662,0.04394997007582045,0.34108801081753215,0.45066293212163117,0.4512040760480609,
1000,base6,2,137,1,,643.2855885889148,exchangeable_varying_sigma,0.18,fixed,0.18,0.18,fixed,0.18,1.0,mixed,0.0,0.03879647848704207,0.06245228849905985,0.08726727899075407,0.028790943624424997,0.029220956452897053,0.06355536909219091,0.0887957681748827,0.030303854661640817,0.030516497794976147,0.20067720450159474,0.26785571784446705,0.03879647848704207,
1000,base6,2,137,1,,1399.4526125729317,exchangeable_varying_sigma,0.18,fixed,0.18,0.18,fixed,0.18,1.0,mixed,0.3,-0.0721449382084654,0.05963510331479644,0.083501187610035,0.02209176856830114,0.02457744929989132,0.059696501931291814,0.08266045193174995,0.024089703967842546,0.025928770670725954,0.15656970272298187,0.2157109879847334,0.0721449382084654,
1000,base6,2,137,1,,1417.068406747072,exchangeable_varying_sigma,0.18,fixed,0.18,0.18,fixed,0.18,1.0,mixed,0.6,-0.17980397349412686,0.059159242301331606,0.08308818578486445,0.023793529268998997,0.02742675233346545,0.05619829830020164,0.07772528960154065,0.02555390390864265,0.02714301902008945,0.1475898680160999,0.20651042598052946,0.17980397349412686,
1000,base6,2,137,1,,652.6949114570161,exchangeable_varying_sigma,0.18,fixed,0.18,0.18,fixed,0.18,1.0,mixed,0.9,-0.289689346893759,0.058625758023247834,0.08281320406255013,0.02505039408364637,0.03107102390070211,0.04925036885391577,0.06916092691169344,0.026100070956771138,0.02866746930550183,0.13976289607700768,0.20049087953972788,0.289689346893759,
2000,base5,2,137,1,,5932.11710732209,exchangeable_varying_sigma,0.18,fixed,0.18,0.18,fixed,0.18,1.0,mixed,0.0,0.006997751693442525,0.06543687336457048,0.09063143825164018,0.010903015164874491,0.011543113739744745,0.06781207220921665,0.09572095304444282,0.011321343150199198,0.012768640091897203,0.3663445372189344,0.5174812024490464,0.006997751693442525,
2000,base5,2,137,1,,3878.3308002050035,exchangeable_varying_sigma,0.18,fixed,0.18,0.18,fixed,0.18,1.0,mixed,0.3,-0.0892603174901817,0.06358606882384708,0.08744127202587808,0.019198972409234683,0.024002193362488555,0.06564846017525112,0.09282922713852644,0.019392284830498055,0.024159066970864618,0.3803054651157246,0.5260059551735223,0.0892603174901817,
2000,base5,2,137,1,,6064.640826112009,exchangeable_varying_sigma,0.18,fixed,0.18,0.18,fixed,0.18,1.0,mixed,0.6,-0.2246100579735265,0.06365977469905765,0.08718740579884954,0.02040073839771253,0.025062296405677958,0.06389413500443081,0.09142934212215742,0.020476219472044338,0.025072330808164355,0.38321045487727556,0.5277485063312956,0.2246100579735265,
2000,base5,2,137,1,,6162.450603783014,exchangeable_varying_sigma,0.18,fixed,0.18,0.18,fixed,0.18,1.0,mixed,0.9,-0.364834518517009,0.06367415751885529,0.086828948027302,0.021421733205133853,0.025780775079582197,0.06040295835046848,0.08865500091469516,0.021351881737762424,0.025341245545915606,0.3859868106504848,0.5300757421441441,0.364834518517009,
2000,base6,2,137,1,,5234.057443153928,exchangeable_varying_sigma,0.18,fixed,0.18,0.18,fixed,0.18,1.0,mixed,0.0,-0.01847462938136292,0.04748427350109287,0.06091158168477826,0.006111600841481241,0.007159924463722621,0.04810404670381415,0.06180347078467621,0.007548241807678963,0.00851679734052152,0.0792141123264125,0.09689310657689781,0.01847462938136292,
2000,base6,2,137,1,,2461.539683900075,exchangeable_varying_sigma,0.18,fixed,0.18,0.18,fixed,0.18,1.0,mixed,0.3,-0.05118933192768474,0.04434645937654496,0.057417130318281454,0.019826482398354592,0.023826018774200732,0.044832669607586334,0.05813296441807281,0.01825829134617625,0.023491324956035353,0.07559807820687342,0.08635855874891299,0.05118933192768474,
2000,base6,2,137,1,,4526.02174857608,exchangeable_varying_sigma,0.18,fixed,0.18,0.18,fixed,0.18,1.0,mixed,0.6,-0.12701076618382834,0.044299934249163474,0.057313263871078185,0.021028248386832746,0.025029600949317034,0.043051514131024045,0.05568487144145442,0.01910841668211316,0.0244685738595254,0.07210958018873423,0.08225375861135367,0.12701076618382834,
2000,base6,2,137,1,,4127.5166336310795,exchangeable_varying_sigma,0.18,fixed,0.18,0.18,fixed,0.18,1.0,mixed,0.9,-0.2026556556060476,0.04417411428414475,0.05716450397525657,0.022049243194253637,0.025862561652102413,0.03880089928533519,0.05022542217165478,0.019731492305379905,0.02471481892458176,0.06769404790954756,0.07723803227992508,0.2026556556060476,
1000,base5,3,138,1,,627.4734175140038,exchangeable_varying_sigma,0.18,fixed,0.18,0.18,fixed,0.18,1.0,mixed,0.0,-0.06700985203920351,0.08345996579593841,0.11270609031843593,0.017393759606176368,0.023076986018900514,0.0866308494825096,0.11774134842870145,0.019347685352699096,0.02039604009733374,0.3410184741994517,0.43908539300806904,0.06700985203920351,
1000,base5,3,138,1,,612.863765822025,exchangeable_varying_sigma,0.18,fixed,0.18,0.18,fixed,0.18,1.0,mixed,0.3,-0.18109388591139447,0.07965923451640888,0.10686059706215745,0.021111032200833393,0.025169467716245106,0.08285225112482353,0.11277648244202274,0.020788548052740538,0.025308570150386785,0.3528937651682458,0.46179954472268125,0.18109388591139447,
1000,base5,3,138,1,,1410.564022051054,exchangeable_varying_sigma,0.18,fixed,0.18,0.18,fixed,0.18,1.0,mixed,0.6,-0.3340805747412475,0.07913226699438945,0.10577187954101627,0.02038394152349661,0.024116229924745426,0.08049868198340171,0.11022501068143431,0.022104558563334917,0.026303684760930788,0.3516299679146921,0.45915754600182107,0.3340805747412475,
1000,base5,3,138,1,,1425.2809656360187,exchangeable_varying_sigma,0.18,fixed,0.18,0.18,fixed,0.18,1.0,mixed,0.9,-0.4845331675485639,0.07870253442854308,0.10480751957985962,0.01969443942208693,0.02259047514363657,0.07605051357699129,0.10559974288236586,0.022136751831995163,0.025490385040581414,0.3495080500014958,0.4556595277769241,0.4845331675485639,
1000,base6,3,138,1,,1371.1071355149616,exchangeable_varying_sigma,0.18,fixed,0.18,0.18,fixed,0.18,1.0,mixed,0.0,-0.05145837674744855,0.06466007094478363,0.08944961963629676,0.010972153753725095,0.012992148732655667,0.06556446212874487,0.09032678510751334,0.011691658745486638,0.012115335685059238,0.199849169255746,0.2391061045336122,0.05145837674744855,
1000,base6,3,138,1,,1403.9127277799416,exchangeable_varying_sigma,0.18,fixed,0.18,0.18,fixed,0.18,1.0,mixed,0.3,-0.14248864710519585,0.06156115498049093,0.08418966364915417,0.01780204886134089,0.01877724588795749,0.0623833808680718,0.08573182394288284,0.020315786803591127,0.022040229017480033,0.2377359311380518,0.2832072659360638,0.14248864710519585,
1000,base6,3,138,1,,1442.9608438479481,exchangeable_varying_sigma,0.18,fixed,0.18,0.18,fixed,0.18,1.0,mixed,0.6,-0.23716254093787392,0.06092815620187519,0.0828000446728083,0.017859669104038342,0.018499918675273046,0.059443569930134575,0.08176176980435976,0.022015193754120962,0.023108883647308072,0.25029236368712693,0.296905696378621,0.23716254093787392,
1000,base6,3,138,1,,684.9893327150494,exchangeable_varying_sigma,0.18,fixed,0.18,0.18,fixed,0.18,1.0,mixed,0.9,-0.32765218348763525,0.060077526887298026,0.08143551156512094,0.017440216603685263,0.018213836376622862,0.052776687147233145,0.07303086790363393,0.022423827675315713,0.02293742404167371,0.25980965110855336,0.3085523599566731,0.32765218348763525,
2000,base5,3,138,1,,5859.866063069901,exchangeable_varying_sigma,0.18,fixed,0.18,0.18,fixed,0.18,1.0,mixed,0.0,-0.03316087398903301,0.06649397247433517,0.09076648917851067,0.00814965471471335,0.011133888871436709,0.06948708721834065,0.09631985127083792,0.007093179452984044,0.009125843478596326,0.4404684049309901,0.6134158957409512,0.03316087398903301,
2000,base5,3,138,1,,6352.624783368083,exchangeable_varying_sigma,0.18,fixed,0.18,0.18,fixed,0.18,1.0,mixed,0.3,-0.17562610196147033,0.06736234316621832,0.09170559738406837,0.016254031180972628,0.019425216198014777,0.06972041328587998,0.09679635064507001,0.015640551691175536,0.019907505135404166,0.42903020701202,0.5995693536879838,0.17562610196147033,
2000,base5,3,138,1,,6092.371356548974,exchangeable_varying_sigma,0.18,fixed,0.18,0.18,fixed,0.18,1.0,mixed,0.6,-0.31126447205222235,0.06747748667854976,0.09154289369063653,0.017482900733140266,0.020234240570137618,0.06785509083768328,0.09488567916290139,0.016307125659336882,0.020263336947360103,0.42356282296829445,0.5930567701814523,0.31126447205222235,
2000,base5,3,138,1,,6187.6442380270455,exchangeable_varying_sigma,0.18,fixed,0.18,0.18,fixed,0.18,1.0,mixed,0.9,-0.447283727935588,0.06729055521736743,0.09115305838078057,0.01873921067519932,0.02093025162092522,0.0642468037191992,0.09135779117572039,0.016769024797262333,0.020321689317180088,0.418726456259838,0.5855455508161378,0.447283727935588,
2000,base6,3,138,1,,5203.921686249087,exchangeable_varying_sigma,0.18,fixed,0.18,0.18,fixed,0.18,1.0,mixed,0.0,-0.00579717102874455,0.04716949548258752,0.059651212104286734,0.015214780106991566,0.016456089769891335,0.04770694010966401,0.06033499907433996,0.01363522803781722,0.01574013261559949,0.07395162546510847,0.09470253870777981,0.00579717102874455,
2000,base6,3,138,1,,4627.404003767995,exchangeable_varying_sigma,0.18,fixed,0.18,0.18,fixed,0.18,1.0,mixed,0.3,-0.05913428582525326,0.04853142321758622,0.06318084283070845,0.008897808159357673,0.010159783559036857,0.04833600651354526,0.06318298740941802,0.00781568006208229,0.008659336040765155,0.06921580210466531,0.08654633339798902,0.05913428582525326,
2000,base6,3,138,1,,4463.678165105055,exchangeable_varying_sigma,0.18,fixed,0.18,0.18,fixed,0.18,1.0,mixed,0.6,-0.13808638352536357,0.04860064739139735,0.06302004643941962,0.009615199191877227,0.01070705785477643,0.046049804635230056,0.059987315451446935,0.008076205996150249,0.008962136147712019,0.0678934483137107,0.08373219067350694,0.13808638352536357,
2000,base6,3,138,1,,4048.3484222580446,exchangeable_varying_sigma,0.18,fixed,0.18,0.18,fixed,0.18,1.0,mixed,0.9,-0.22236197587662698,0.048275004570162545,0.06251735658810209,0.010141979551950384,0.011206578909300872,0.040903938082880544,0.053285822571737536,0.009346356012280413,0.010251003259479436,0.06792301665852635,0.08291173550746296,0.22236197587662698,
1000,base5,0,139,1,,985.264732920914,exchangeable_varying_sigma,0.18,fixed,0.18,0.18,fixed,0.18,1.0,mixed,0.0,-0.023391160111369023,0.08070786394076845,0.10889535892077351,0.03146033939641306,0.03365664699878806,0.08397298051151358,0.11417832184531469,0.03149500743354196,0.03476344720976415,0.3253236011783785,0.41339747634070206,0.023391160111369023,
1000,base5,0,139,1,,1240.011464260053,exchangeable_varying_sigma,0.18,fixed,0.18,0.18,fixed,0.18,1.0,mixed,0.3,-0.12688483267656328,0.07982599328464235,0.10744143532819332,0.012610252428475785,0.017089404128274352,0.08254441398677625,0.11143819057506166,0.015406720028712684,0.016547600886741017,0.33070779573693293,0.4227227950745675,0.12688483267656328,
1000,base5,0,139,1,,1221.0721419369802,exchangeable_varying_sigma,0.18,fixed,0.18,0.18,fixed,0.18,1.0,mixed,0.6,-0.27657880655020134,0.0801648872366655,0.10797872461927871,0.01206399889491934,0.01745820144411464,0.08102445360965319,0.10977212998505514,0.016875701703625484,0.017650148002819305,0.33468012574222455,0.42729077275954236,0.27657880655020134,
1000,base5,0,139,1,,1009.508356578066,exchangeable_varying_sigma,0.18,fixed,0.18,0.18,fixed,0.18,1.0,mixed,0.9,-0.42982082010011513,0.08052370293118484,0.1086583824200622,0.012868104392506768,0.017307119071710786,0.07750833963844803,0.10628786399985048,0.017636871313772756,0.018153450378189762,0.33973682100836483,0.4325703780346088,0.42982082010011513,
1000,base6,0,139,1,,1255.772523191059,exchangeable_varying_sigma,0.18,fixed,0.18,0.18,fixed,0.18,1.0,mixed,0.0,-0.03136117995768173,0.06554450099154593,0.09193734972881912,0.02858266152088243,0.029621448630707682,0.06655231832838715,0.09329650958700514,0.029919938351838524,0.031023460122740522,0.2246121648225916,0.272417879235054,0.03136117995768173,
1000,base6,0,139,1,,1212.169586531003,exchangeable_varying_sigma,0.18,fixed,0.18,0.18,fixed,0.18,1.0,mixed,0.3,-0.0671027743421514,0.06192930083538738,0.08553193824429765,0.011758325811237286,0.014125821200560012,0.061774035984172644,0.08539599537742322,0.01568436184163885,0.01724933305142864,0.170854738075331,0.21490513703028816,0.0671027743421514,
1000,base6,0,139,1,,970.8944932490122,exchangeable_varying_sigma,0.18,fixed,0.18,0.18,fixed,0.18,1.0,mixed,0.6,-0.1701323264385431,0.061870093156731774,0.08507905122271305,0.013069516871989068,0.01503876659045525,0.058408546958095164,0.08045784616191354,0.0173124161872224,0.018747876548040138,0.16994895168452256,0.21329782542808118,0.1701323264385431,
1000,base6,0,139,1,,1011.840481183026,exchangeable_varying_sigma,0.18,fixed,0.18,0.18,fixed,0.18,1.0,mixed,0.9,-0.27761052191864266,0.061495438587473965,0.08437087338655676,0.014043657932696435,0.015458263025209959,0.05150086775479562,0.07083249123631483,0.018348546928433268,0.019839949643103087,0.1694397205560519,0.2118710157929981,0.27761052191864266,
2000,base5,0,139,1,,5484.740054834052,exchangeable_varying_sigma,0.18,fixed,0.18,0.18,fixed,0.18,1.0,mixed,0.0,0.03952503258091297,0.06556406977945999,0.08999761176697933,0.012617849768018913,0.015788332578000497,0.06868759666944557,0.09621470556687296,0.012167256908995908,0.014772445992764944,0.4324975009753284,0.5964893220000812,0.03952503258091297,
2000,base5,0,139,1,,5359.774536679033,exchangeable_varying_sigma,0.18,fixed,0.18,0.18,fixed,0.18,1.0,mixed,0.3,-0.14698364942193892,0.06732836957337851,0.09177797242504711,0.016437583750856133,0.018804765504319556,0.0696285671702646,0.09704927229004742,0.015623143455968297,0.016413526659465893,0.3905575518509445,0.5263264921837615,0.14698364942193892,
2000,base5,0,139,1,,3672.811262715957,exchangeable_varying_sigma,0.18,fixed,0.18,0.18,fixed,0.18,1.0,mixed,0.6,-0.28438699202757517,0.0676110452487904,0.09197306203009802,0.01692431538726688,0.01961468987690061,0.06825514512832889,0.09601575138232059,0.016318422653766013,0.01712364033406139,0.38522295811973756,0.5230159083352981,0.28438699202757517,
2000,base5,0,139,1,,4513.454685836914,exchangeable_varying_sigma,0.18,fixed,0.18,0.18,fixed,0.18,1.0,mixed,0.9,-0.4222187281765215,0.06790088944712065,0.09213808290171771,0.017290696286088925,0.020306335140722272,0.06536141304179295,0.09370470844846089,0.01684381455886741,0.01757227765266079,0.37971139702912116,0.5203917681927147,0.4222187281765215,
2000,base6,0,139,1,,3208.4596956429305,exchangeable_varying_sigma,0.18,fixed,0.18,0.18,fixed,0.18,1.0,mixed,0.0,-0.01879257144311136,0.04709558630073326,0.060797210159541495,0.012860313443869273,0.014685761124584251,0.0477074109946947,0.061631410311114965,0.011640247379875332,0.012761009112141982,0.08251026119007039,0.09814246044596797,0.01879257144311136,
2000,base6,0,139,1,,6032.281763024977,exchangeable_varying_sigma,0.18,fixed,0.18,0.18,fixed,0.18,1.0,mixed,0.3,-0.06883712689587249,0.04605475417648691,0.059334910161347766,0.01118094566871268,0.015142091406697299,0.04635588524860605,0.05976569493471299,0.011832872801439145,0.0157690795664243,0.08552407505197027,0.102627288519108,0.06883712689587249,
2000,base6,0,139,1,,3091.6022624729667,exchangeable_varying_sigma,0.18,fixed,0.18,0.18,fixed,0.18,1.0,mixed,0.6,-0.14556173111126902,0.0460935569517124,0.05950521480279934,0.011501976201753847,0.016219176169054342,0.044594787392335196,0.057625279060703645,0.012953363350359737,0.01727598661049925,0.09386716177636086,0.11204593516943802,0.14556173111126902,
2000,base6,0,139,1,,4055.1171656521037,exchangeable_varying_sigma,0.18,fixed,0.18,0.18,fixed,0.18,1.0,mixed,0.9,-0.22186265949069583,0.04622230534927824,0.05971012385301558,0.011563933499686083,0.017181164786381296,0.0405349395348234,0.052484950567791074,0.01380460596660188,0.018618661667364617,0.10308296072781832,0.12285189552001745,0.22186265949069583,
1000,base5,1,140,1,,1125.3327850321075,exchangeable_varying_sigma,0.18,fixed,0.18,0.18,fixed,0.18,1.0,mixed,0.0,0.012787834996792655,0.07919373119426718,0.10660766162349883,0.00864467569166899,0.011879634902946842,0.08244540268977997,0.11175998085949229,0.01079299241665066,0.012972581520048494,0.3270964868233655,0.42346255205714717,0.012787834996792655,
1000,base5,1,140,1,,1215.6838677390479,exchangeable_varying_sigma,0.18,fixed,0.18,0.18,fixed,0.18,1.0,mixed,0.3,-0.1889666404537384,0.07647864375571145,0.10388809915228885,0.02126303100410329,0.028151127542036823,0.07883908045016744,0.10798943058569449,0.022471018775029522,0.03037159257264516,0.3183803493420875,0.4203104502073686,0.1889666404537384,
1000,base5,1,140,1,,981.671525210957,exchangeable_varying_sigma,0.18,fixed,0.18,0.18,fixed,0.18,1.0,mixed,0.6,-0.33740840057919197,0.07656716487615722,0.10397101075084773,0.022242429520465623,0.029111796714054217,0.07682806724037193,0.1055829835319216,0.023469470103181178,0.03056500302056721,0.32009562363989214,0.4226583805889076,0.33740840057919197,
1000,base5,1,140,1,,979.5602895959746,exchangeable_varying_sigma,0.18,fixed,0.18,0.18,fixed,0.18,1.0,mixed,0.9,-0.4818488451870624,0.07714931847652015,0.10441984263956157,0.022448486006741764,0.029093864398853576,0.07337176352598758,0.101468665974939,0.02356996161977526,0.02904056709287776,0.3226300345087035,0.4256679397355598,0.4818488451870624,
1000,base6,1,140,1,,1043.3323332300643,exchangeable_varying_sigma,0.18,fixed,0.18,0.18,fixed,0.18,1.0,mixed,0.0,0.03175324938571435,0.06545176138568297,0.08819980335899513,0.00311007310203254,0.004202814329722111,0.06633381635537035,0.08909368787172056,0.005808617033755209,0.007662384264607712,0.23040572832137823,0.2712269200743918,0.03175324938571435,
1000,base6,1,140,1,,1275.3315198370256,exchangeable_varying_sigma,0.18,fixed,0.18,0.18,fixed,0.18,1.0,mixed,0.3,-0.11784724439749955,0.06021357129475968,0.08177520027707903,0.02499829377060593,0.029911632838300867,0.06024967448512968,0.08180374353197324,0.025779312487982486,0.031317310907967355,0.20236238864316267,0.24604928097951922,0.11784724439749955,
1000,base6,1,140,1,,989.522169518983,exchangeable_varying_sigma,0.18,fixed,0.18,0.18,fixed,0.18,1.0,mixed,0.6,-0.21745452311636326,0.0597259618837592,0.08101174179684002,0.025382744863731113,0.030681065654814585,0.056882710809296085,0.07702463107274016,0.02631765526379022,0.03215042722648241,0.2124694123921269,0.25649978484548397,0.21745452311636326,
1000,base6,1,140,1,,1590.0704151300015,exchangeable_varying_sigma,0.18,fixed,0.18,0.18,fixed,0.18,1.0,mixed,0.9,-0.3119109815345772,0.05929863023835523,0.08039137377694833,0.024823570558589497,0.03036357190364485,0.05026071212351251,0.06783637406225843,0.025816798852496325,0.03168994960580073,0.22503696058666287,0.2690820287953568,0.3119109815345772,
2000,base5,1,140,1,,4931.178127109073,exchangeable_varying_sigma,0.18,fixed,0.18,0.18,fixed,0.18,1.0,mixed,0.0,-0.0059878512334160024,0.06599063614354315,0.08907089420948379,0.01620681813267033,0.01854073419320225,0.06915978975172568,0.09510119531440143,0.015576655181789134,0.015698586811026538,0.41963782747419426,0.5929856719464646,0.0059878512334160024,
2000,base5,1,140,1,,6033.843134491006,exchangeable_varying_sigma,0.18,fixed,0.18,0.18,fixed,0.18,1.0,mixed,0.3,-0.12858361078442934,0.0648060125548513,0.08858207952364411,0.006767998561505076,0.008356273933683307,0.06768366593005917,0.09405539928217203,0.0073266595265426004,0.007681862996372348,0.41767054705045026,0.5641609308801233,0.12858361078442934,
2000,base5,1,140,1,,3799.269465529942,exchangeable_varying_sigma,0.18,fixed,0.18,0.18,fixed,0.18,1.0,mixed,0.6,-0.26232040270595236,0.06478874879209287,0.08848679557146932,0.007353671518808849,0.008822160009354402,0.06614574519054271,0.0925338806142207,0.0085720447406967,0.008934648333416664,0.42145650429836606,0.5643774224522004,0.26232040270595236,
2000,base5,1,140,1,,4893.759038056014,exchangeable_varying_sigma,0.18,fixed,0.18,0.18,fixed,0.18,1.0,mixed,0.9,-0.39690998412578826,0.06474745253619037,0.08840283062745852,0.008024661985365791,0.009258076551635843,0.0629411085300006,0.0898027140990975,0.009862073044982073,0.01031238318593141,0.42517995603663217,0.5648128759561001,0.39690998412578826,
2000,base6,1,140,1,,3253.3276518529747,exchangeable_varying_sigma,0.18,fixed,0.18,0.18,fixed,0.18,1.0,mixed,0.0,-0.0044660280324130275,0.04576225266306634,0.05849084431745938,0.012927012721761194,0.015428297267766157,0.04634924902512048,0.059276429897872664,0.012917202711246328,0.013909421607988541,0.08124072796029783,0.10221935266485584,0.0044660280324130275,
2000,base6,1,140,1,,3178.1569352460792,exchangeable_varying_sigma,0.18,fixed,0.18,0.18,fixed,0.18,1.0,mixed,0.3,-0.07115883393549674,0.04619767892135864,0.05954141495935528,0.008497150642651316,0.010672384646833247,0.04611947431504444,0.059594607287782916,0.009270438137189183,0.011712912877504228,0.08885125497182479,0.11817128321815447,0.07115883393549674,
2000,base6,1,140,1,,3058.4507442690665,exchangeable_varying_sigma,0.18,fixed,0.18,0.18,fixed,0.18,1.0,mixed,0.6,-0.14971681164098827,0.046283936300330605,0.05948124153816789,0.009235846760461353,0.011310740120123099,0.04404358289144788,0.05668016120951186,0.009797015841380319,0.012404474814888149,0.0872892971445211,0.11768293368242458,0.14971681164098827,
2000,base6,1,140,1,,3353.0460780159337,exchangeable_varying_sigma,0.18,fixed,0.18,0.18,fixed,0.18,1.0,mixed,0.9,-0.2310328800407102,0.04629223469317295,0.05942385552943516,0.009834581981097532,0.011828561055310674,0.03968598599951576,0.050830875372703394,0.010648682422480349,0.012632116195890606,0.08515196447761653,0.1158947166246542,0.2310328800407102,
1000,base5,2,141,1,,1047.4000176019035,exchangeable_varying_sigma,0.18,fixed,0.18,0.18,fixed,0.18,1.0,mixed,0.0,-0.06275066980243328,0.0832246383175092,0.11323249863719956,0.01451993545540424,0.01696955209110264,0.08670176205573664,0.11823565624384372,0.011559870952163556,0.013852534183854948,0.34635029083086494,0.4396494636838926,0.06275066980243328,
1000,base5,2,141,1,,1295.5116236300673,exchangeable_varying_sigma,0.18,fixed,0.18,0.18,fixed,0.18,1.0,mixed,0.3,-0.12670314448724823,0.08452355364022882,0.11636701428917952,0.024549167199244742,0.027304426633012323,0.08668224065497286,0.12033819384528058,0.018075279990495657,0.020616936910112856,0.3318946598374405,0.43164729862038237,0.12670314448724823,
1000,base5,2,141,1,,1252.7021590590011,exchangeable_varying_sigma,0.18,fixed,0.18,0.18,fixed,0.18,1.0,mixed,0.6,-0.29955866456530195,0.08515704446573186,0.11700607065145764,0.027256599549823568,0.029349416799608084,0.0850001706043823,0.11844712451424395,0.018086886412359476,0.020697460429171356,0.3331843964327961,0.43518601044752436,0.29955866456530195,
1000,base5,2,141,1,,1209.7397444359958,exchangeable_varying_sigma,0.18,fixed,0.18,0.18,fixed,0.18,1.0,mixed,0.9,-0.47444967699682317,0.08581803012077767,0.11728995152031058,0.03002919549437366,0.03167219935613531,0.08154979980274953,0.11414279958133396,0.018229940520098104,0.021186637077276877,0.33641443137609744,0.4409934448900499,0.47444967699682317,
1000,base6,2,141,1,,1025.8025407139212,exchangeable_varying_sigma,0.18,fixed,0.18,0.18,fixed,0.18,1.0,mixed,0.0,-0.05261362380835584,0.06503067322210969,0.09159345497973996,0.007702274349760424,0.009520844198616724,0.0655347019471275,0.0922072664716288,0.009082931356568041,0.011905044943030936,0.20945939606047,0.25271776648005834,0.05261362380835584,
1000,base6,2,141,1,,1377.5784631420393,exchangeable_varying_sigma,0.18,fixed,0.18,0.18,fixed,0.18,1.0,mixed,0.3,-0.05270729389055878,0.0646869779408513,0.09642947298532545,0.02627754322575293,0.028183396881388198,0.06451260558390799,0.09649955771092092,0.02153611267704414,0.024056612813866,0.18957719642744253,0.2242369678295116,0.05270729389055878,
1000,base6,2,141,1,,1326.687272510957,exchangeable_varying_sigma,0.18,fixed,0.18,0.18,fixed,0.18,1.0,mixed,0.6,-0.17364528384562483,0.0651042169293293,0.09693895074869044,0.028984975576331645,0.030574315667297923,0.06202684913410187,0.09341462779002432,0.0224954037765904,0.024713203190412678,0.17706363052575244,0.2122058432178065,0.17364528384562483,
1000,base6,2,141,1,,1050.8339286850533,exchangeable_varying_sigma,0.18,fixed,0.18,0.18,fixed,0.18,1.0,mixed,0.9,-0.29995547260566857,0.06571157825744439,0.09684100572536758,0.031757571520882294,0.03329115550516574,0.05664522206255534,0.08539569616536391,0.02311982873670937,0.02551783042154504,0.1661248757045356,0.20346501133419026,0.29995547260566857,
2000,base5,2,141,1,,4506.125500411028,exchangeable_varying_sigma,0.18,fixed,0.18,0.18,fixed,0.18,1.0,mixed,0.0,0.03827640729955762,0.06519154757801866,0.08846009455582456,0.015340715527102325,0.01700630346494084,0.06900103615644926,0.09484217936108345,0.018032784014691508,0.0213215493028453,0.4623794128997494,0.6349480094773927,0.03827640729955762,
2000,base5,2,141,1,,5427.956924163969,exchangeable_varying_sigma,0.18,fixed,0.18,0.18,fixed,0.18,1.0,mixed,0.3,-0.12424854833337201,0.06454728710945247,0.08769922532149184,0.011787781310240691,0.013155580108756327,0.06740527365087963,0.09347192227019396,0.012018744892800526,0.013513422591892652,0.42771811891823586,0.6015577488983,0.12424854833337201,
2000,base5,2,141,1,,3759.532863885048,exchangeable_varying_sigma,0.18,fixed,0.18,0.18,fixed,0.18,1.0,mixed,0.6,-0.2638841767036028,0.06475375296541591,0.08795359538589645,0.012355396363361804,0.013879536380712477,0.06596002937847308,0.09261016507645341,0.01293060720955122,0.01453534630999818,0.4185753953033642,0.5911197044471357,0.2638841767036028,
2000,base5,2,141,1,,5387.901661192998,exchangeable_varying_sigma,0.18,fixed,0.18,0.18,fixed,0.18,1.0,mixed,0.9,-0.39931268323325064,0.06515820414324751,0.08838794356589766,0.012718938430889698,0.014392618442817882,0.06316141649234679,0.09092441115281158,0.013086076225510779,0.014805586535748443,0.4095589359899134,0.5791514803078421,0.39931268323325064,
2000,base6,2,141,1,,6218.99261783401,exchangeable_varying_sigma,0.18,fixed,0.18,0.18,fixed,0.18,1.0,mixed,0.0,0.018751459004464795,0.04576897226926362,0.05924692606369378,0.012220359591659596,0.01539147401022664,0.04655040013529848,0.06021104876212682,0.013390150142350357,0.01564394981583536,0.09986117430543419,0.11863575701903177,0.018751459004464795,
2000,base6,2,141,1,,3000.600757565,exchangeable_varying_sigma,0.18,fixed,0.18,0.18,fixed,0.18,1.0,mixed,0.3,-0.06591054436855115,0.04591087710205538,0.05877571430316571,0.012968566333604492,0.013780008070033212,0.04613336498934972,0.059054831716240486,0.01227160217872339,0.012594973786677165,0.09217918553326135,0.10333288992867581,0.06591054436855115,
2000,base6,2,141,1,,4271.033652132959,exchangeable_varying_sigma,0.18,fixed,0.18,0.18,fixed,0.18,1.0,mixed,0.6,-0.14954007760909482,0.04593510335729035,0.058941910518081814,0.013463539505303351,0.014442085412876629,0.04414070858784106,0.05661388703250637,0.013201477411553864,0.013612896074585544,0.08966750216453409,0.09994234846382649,0.14954007760909482,
2000,base6,2,141,1,,3279.8862460870296,exchangeable_varying_sigma,0.18,fixed,0.18,0.18,fixed,0.18,1.0,mixed,0.9,-0.23401204176836943,0.045951031094847765,0.059239927070486385,0.013665428703409893,0.014809913284583061,0.03986023953891702,0.051372443322546084,0.01359476533057305,0.014283010615136376,0.08721988096562205,0.09709678835329932,0.23401204176836943,
1000,base5,3,142,1,,1231.598997986992,exchangeable_varying_sigma,0.18,fixed,0.18,0.18,fixed,0.18,1.0,mixed,0.0,-0.016389294020468143,0.07975679888243718,0.10864231705412859,0.04984044950791913,0.061197220839529734,0.08217160826620212,0.11230345601852217,0.04741568754729206,0.05986189732250533,0.27677431736437447,0.34903783036659747,0.016389294020468143,
1000,base5,3,142,1,,1325.3134015090764,exchangeable_varying_sigma,0.18,fixed,0.18,0.18,fixed,0.18,1.0,mixed,0.3,-0.1395563078421459,0.07620002448798081,0.10333486631693503,0.016718462583457605,0.019961486510109244,0.07847619051583407,0.1073551332023363,0.014317079032689334,0.02058856825278834,0.2880647353481372,0.3698223459480638,0.1395563078421459,
1000,base5,3,142,1,,952.3003542440711,exchangeable_varying_sigma,0.18,fixed,0.18,0.18,fixed,0.18,1.0,mixed,0.6,-0.2885585506242746,0.07544800252790786,0.10218617716631104,0.020292036121892718,0.023037966078829075,0.07613642261710923,0.10506666757989264,0.016938182296371673,0.02417722123070132,0.29047991610577656,0.3728666551749156,0.2885585506242746,
1000,base5,3,142,1,,1024.482464391971,exchangeable_varying_sigma,0.18,fixed,0.18,0.18,fixed,0.18,1.0,mixed,0.9,-0.437793633757009,0.07465576939492809,0.10106041585850967,0.02459060519338538,0.02758726478800284,0.07169329868435453,0.10052485723217099,0.024870206764093183,0.030087209181081247,0.29393885450080587,0.37630949539085984,0.437793633757009,
1000,base6,3,142,1,,1000.381540219998,exchangeable_varying_sigma,0.18,fixed,0.18,0.18,fixed,0.18,1.0,mixed,0.0,-0.0321914893558622,0.06393003338760672,0.08697340355953942,0.03820743465371566,0.05070393708396315,0.06477589055391816,0.08795758844955853,0.03789105662342877,0.05222859511074388,0.22446521501388528,0.27868557768609376,0.0321914893558622,
1000,base6,3,142,1,,1339.522583752987,exchangeable_varying_sigma,0.18,fixed,0.18,0.18,fixed,0.18,1.0,mixed,0.3,-0.09096042305051821,0.05787765277034825,0.07857519230316183,0.016135996885066534,0.0191647972559637,0.05814189294543403,0.07920322015924669,0.013688767127690848,0.01746062096074024,0.21767707460186247,0.2555485320593605,0.09096042305051821,
1000,base6,3,142,1,,1116.0894212509738,exchangeable_varying_sigma,0.18,fixed,0.18,0.18,fixed,0.18,1.0,mixed,0.6,-0.1918621819767446,0.057397818832276244,0.07761820324974406,0.02126865972064851,0.023855250922122897,0.05516256850858372,0.07557896197346477,0.014910401901302606,0.01980669167199631,0.21849183042832007,0.2535081621807377,0.1918621819767446,
1000,base6,3,142,1,,1042.1425955500454,exchangeable_varying_sigma,0.18,fixed,0.18,0.18,fixed,0.18,1.0,mixed,0.9,-0.2971787747305853,0.05703784212091981,0.07698002176985644,0.027372498603330908,0.02963242870020462,0.049489123561273766,0.0681620772278377,0.019767973371631498,0.023802352554097184,0.21570001281374385,0.24800933878467324,0.2971787747305853,
2000,base5,3,142,1,,5294.62128572003,exchangeable_varying_sigma,0.18,fixed,0.18,0.18,fixed,0.18,1.0,mixed,0.0,0.0330345112870863,0.06403388569001778,0.08813040079549224,0.028519950568859434,0.03383013537813201,0.06709141920138373,0.09343624712299509,0.024729188207915975,0.03021585338234575,0.4112366655568202,0.5449916541746567,0.0330345112870863,
2000,base5,3,142,1,,3616.616963887005,exchangeable_varying_sigma,0.18,fixed,0.18,0.18,fixed,0.18,1.0,mixed,0.3,-0.11233593221190932,0.06513872376820976,0.09006717864251396,0.019709063212802108,0.02685500620273348,0.06792216636832567,0.0951020021799782,0.019217871217794114,0.02665640003485228,0.4106836944273582,0.5538115962128008,0.11233593221190932,
2000,base5,3,142,1,,5717.3750149020925,exchangeable_varying_sigma,0.18,fixed,0.18,0.18,fixed,0.18,1.0,mixed,0.6,-0.25670083891177103,0.0650073346072335,0.09004650121980559,0.019718357803368086,0.026966127771409405,0.06622937777861312,0.0935305057488052,0.019784860640463836,0.027208738049506378,0.4106516095669838,0.5483523315782972,0.25670083891177103,
2000,base5,3,142,1,,5497.157499603927,exchangeable_varying_sigma,0.18,fixed,0.18,0.18,fixed,0.18,1.0,mixed,0.9,-0.4054516756061936,0.06484109400380425,0.08993129812676076,0.019337951754855087,0.02681574058025649,0.06287328893866716,0.09053601465209725,0.01955302257888672,0.026880697947505167,0.41128581100746364,0.5428509345587927,0.4054516756061936,
2000,base6,3,142,1,,3620.8714186380384,exchangeable_varying_sigma,0.18,fixed,0.18,0.18,fixed,0.18,1.0,mixed,0.0,0.021415965101794485,0.04596821650843756,0.06031518044469299,0.01399081673753666,0.017929821687721934,0.046596198581770575,0.06110138740535343,0.01156955128732437,0.016083455407069434,0.07502529543164925,0.08985922686098521,0.021415965101794485,
2000,base6,3,142,1,,5097.342906232108,exchangeable_varying_sigma,0.18,fixed,0.18,0.18,fixed,0.18,1.0,mixed,0.3,-0.06124639368483037,0.046860651388975126,0.060334824731287574,0.01993850268414399,0.02392933330507247,0.047377073816228715,0.060871143457295156,0.020787295224331898,0.02437546752740406,0.08332204549196376,0.09746710738383245,0.06124639368483037,
2000,base6,3,142,1,,4063.1649569430156,exchangeable_varying_sigma,0.18,fixed,0.18,0.18,fixed,0.18,1.0,mixed,0.6,-0.14263041779502894,0.0464841467828563,0.060086925296128045,0.022017513753368134,0.02571696670606749,0.04522163590186591,0.058130681981164625,0.022385109348746157,0.02574741668907876,0.08024640469012881,0.09462200841681923,0.14263041779502894,
2000,base6,3,142,1,,2265.4334693329874,exchangeable_varying_sigma,0.18,fixed,0.18,0.18,fixed,0.18,1.0,mixed,0.9,-0.22441432743280043,0.045979951268296265,0.05969635493162731,0.023947294109093853,0.027366329400092156,0.04028961958993022,0.05182261251390823,0.023822565234248777,0.026615282188218452,0.07688978290806811,0.09231629086801905,0.22441432743280043,
1000,base5,0,143,1,,1095.4523560679518,exchangeable_varying_sigma,0.18,fixed,0.18,0.18,fixed,0.18,1.0,mixed,0.0,0.036661237667965474,0.08019154109002029,0.10798193417125257,0.017623577360621562,0.02193489868849572,0.08269382954411442,0.11209514054311853,0.026481090584535183,0.03197152768614869,0.3197100791538445,0.4169187007336795,0.036661237667965474,
1000,base5,0,143,1,,1181.7315176558914,exchangeable_varying_sigma,0.18,fixed,0.18,0.18,fixed,0.18,1.0,mixed,0.3,-0.17184272194367847,0.0809296427587169,0.11052411542972773,0.03011910196714146,0.03551743212930518,0.08305042334109185,0.11406379186790681,0.026329305160314148,0.033532358666747974,0.3360898191838973,0.4303314879301704,0.17184272194367847,
1000,base5,0,143,1,,1103.6569639520021,exchangeable_varying_sigma,0.18,fixed,0.18,0.18,fixed,0.18,1.0,mixed,0.6,-0.3338284746279331,0.08077667190712579,0.11037370360922086,0.03537421338693311,0.04121056926227792,0.08080666458333542,0.11140100236034901,0.0312414420445368,0.03961047294440676,0.3338118410183094,0.4285875239021173,0.3338284746279331,
1000,base5,0,143,1,,1105.9396281900117,exchangeable_varying_sigma,0.18,fixed,0.18,0.18,fixed,0.18,1.0,mixed,0.9,-0.4956085280107001,0.08051953623679493,0.11004282624529853,0.041202360791610215,0.047539823056285624,0.0765431382079255,0.10649411874928541,0.03730370506323541,0.04693558583143143,0.33001232951593784,0.42469231881173874,0.4956085280107001,
1000,base6,0,143,1,,1070.8321471329546,exchangeable_varying_sigma,0.18,fixed,0.18,0.18,fixed,0.18,1.0,mixed,0.0,0.039601664480838114,0.060018085883892375,0.08197352200516726,0.00677083844265991,0.008992152565569499,0.06058226085583321,0.08263982921887589,0.009362398741200095,0.011020880105766285,0.21021818528037756,0.24147898423413244,0.039601664480838114,
1000,base6,0,143,1,,1169.0457970820135,exchangeable_varying_sigma,0.18,fixed,0.18,0.18,fixed,0.18,1.0,mixed,0.3,-0.05425675543652253,0.06240297046090797,0.0849579422716834,0.029663251032450266,0.03808611376473269,0.062231893007541145,0.08468339843802244,0.02891235216033272,0.035870663871249174,0.21222156815341173,0.25283284918504123,0.05425675543652253,
1000,base6,0,143,1,,1088.0679292270215,exchangeable_varying_sigma,0.18,fixed,0.18,0.18,fixed,0.18,1.0,mixed,0.6,-0.16959559752183156,0.062318235513012334,0.08501465943593477,0.034918362452239865,0.04359998294962106,0.05897202499204245,0.080604403618847,0.03228958225553333,0.04039625183198438,0.20540136244833776,0.2473588709215918,0.16959559752183156,
1000,base6,0,143,1,,1077.9092297079042,exchangeable_varying_sigma,0.18,fixed,0.18,0.18,fixed,0.18,1.0,mixed,0.9,-0.2902071874513389,0.0623841664342937,0.08497152030639818,0.04074650985691755,0.04976821485572431,0.052311743236863606,0.07198088532893827,0.03775487189231305,0.0459441047992924,0.20168892425294735,0.24238524796310854,0.2902071874513389,
2000,base5,0,143,1,,4345.603853984969,exchangeable_varying_sigma,0.18,fixed,0.18,0.18,fixed,0.18,1.0,mixed,0.0,0.01922057575402011,0.06398157667041127,0.08923247812869331,0.006256779932503342,0.008507879403929027,0.066632595893041,0.09440707890689613,0.009796222209354527,0.010402948123998062,0.39193025478499516,0.5303209071221742,0.01922057575402011,
2000,base5,0,143,1,,4412.849665916059,exchangeable_varying_sigma,0.18,fixed,0.18,0.18,fixed,0.18,1.0,mixed,0.3,-0.10856954432959876,0.06522427450977268,0.08962646203761095,0.016714341956361956,0.01955493788592615,0.06757769462961542,0.09471906210435856,0.015466536167388828,0.016022634502295366,0.39703149034088747,0.5519673184704438,0.10856954432959876,
2000,base5,0,143,1,,4588.354438971961,exchangeable_varying_sigma,0.18,fixed,0.18,0.18,fixed,0.18,1.0,mixed,0.6,-0.24427718743579385,0.06530715463856947,0.08958306794532618,0.0167954988528545,0.02022839486916868,0.0658685840652457,0.09314430340507687,0.01605043866212813,0.0168769709888357,0.39597198696111785,0.5483294471542877,0.24427718743579385,
2000,base5,0,143,1,,4733.862816493958,exchangeable_varying_sigma,0.18,fixed,0.18,0.18,fixed,0.18,1.0,mixed,0.9,-0.3829566035612243,0.06525489058345176,0.0893796809806492,0.016359810619466647,0.020725366518311434,0.062454057514145386,0.09028836944614321,0.015553092412658232,0.017007860622515355,0.3959612973326702,0.5451927023498326,0.3829566035612243,
2000,base6,0,143,1,,4579.3398290320765,exchangeable_varying_sigma,0.18,fixed,0.18,0.18,fixed,0.18,1.0,mixed,0.0,0.017075996685915435,0.045007496847492674,0.05783806495639385,0.010162726449627707,0.012804412659497584,0.04564355066849614,0.05874959924692036,0.01159656077690896,0.013578619381761853,0.06200874262749019,0.08347417974873493,0.017075996685915435,
2000,base6,0,143,1,,5137.531776841963,exchangeable_varying_sigma,0.18,fixed,0.18,0.18,fixed,0.18,1.0,mixed,0.3,-0.058408044538190845,0.04691336461763225,0.06035169531464284,0.013243060949651081,0.015118867685639076,0.046424485122039026,0.05984527745211657,0.011726248258370764,0.014641844201427672,0.07317494446728032,0.08997041698562519,0.058408044538190845,
2000,base6,0,143,1,,4770.423044796917,exchangeable_varying_sigma,0.18,fixed,0.18,0.18,fixed,0.18,1.0,mixed,0.6,-0.13448059021325864,0.04696554909940153,0.06050169331772926,0.013324217846141323,0.01594227981865273,0.043901758929207765,0.0566288332422904,0.012304648945834579,0.01524703838098247,0.06794609391478497,0.08366018556345979,0.13448059021325864,
2000,base6,0,143,1,,3853.915612926008,exchangeable_varying_sigma,0.18,fixed,0.18,0.18,fixed,0.18,1.0,mixed,0.9,-0.2136159512367063,0.046750853244654625,0.060475790865708506,0.013352019467944176,0.01669479224166873,0.0390670140000571,0.05031779697598946,0.012590956961520267,0.015306583317763186,0.06178701502636355,0.07607203375770583,0.2136159512367063,
1000,base5,1,144,1,,1096.4213513690047,exchangeable_varying_sigma,0.18,fixed,0.18,0.18,fixed,0.18,1.0,mixed,0.0,0.047358536470705224,0.07700791193904537,0.10345325090980641,0.01868707046746941,0.028875011662797396,0.08037315857973806,0.10878995598678978,0.01976218491460152,0.02972655548565698,0.31393019152092777,0.38095077491989643,0.047358536470705224,
1000,base5,1,144,1,,1106.5824932421092,exchangeable_varying_sigma,0.18,fixed,0.18,0.18,fixed,0.18,1.0,mixed,0.3,-0.06257708473674356,0.07707901590180243,0.1022862412385387,0.02478494480845593,0.029297158010525237,0.07931684563861692,0.10585619075519419,0.02197192104915993,0.02808283016418289,0.3134732147580001,0.3847304945658604,0.06257708473674356,
1000,base5,1,144,1,,1105.069553076988,exchangeable_varying_sigma,0.18,fixed,0.18,0.18,fixed,0.18,1.0,mixed,0.6,-0.21874450181676064,0.07697395095997177,0.10212161402783439,0.02677062719286219,0.03040301220228693,0.07653074112578462,0.10256695692200177,0.023036713435656886,0.029444388851489017,0.30755463437219227,0.3764232482802294,0.21874450181676064,
1000,base5,1,144,1,,1112.206785716,exchangeable_varying_sigma,0.18,fixed,0.18,0.18,fixed,0.18,1.0,mixed,0.9,-0.3799012882872541,0.07664006453523012,0.10151650475054565,0.029012216739994087,0.03152665875524459,0.07143441459048469,0.0969575366579598,0.02500515825318747,0.03000158975510412,0.30084385557063137,0.36776945695584995,0.3799012882872541,
1000,base6,1,144,1,,1117.2014739599545,exchangeable_varying_sigma,0.18,fixed,0.18,0.18,fixed,0.18,1.0,mixed,0.0,0.011791827190847188,0.06070249004774224,0.08245120906637096,0.020177074254350807,0.025295460460436722,0.061622707499655836,0.08359887323181461,0.024863065038070786,0.029395550548919906,0.1954572564226842,0.23945155736927584,0.011791827190847188,
1000,base6,1,144,1,,1174.3435237979284,exchangeable_varying_sigma,0.18,fixed,0.18,0.18,fixed,0.18,1.0,mixed,0.3,-0.05318027496834013,0.06196051892987828,0.08472991519827627,0.021426541659437914,0.02523769315687042,0.061220007382032475,0.08331240133974885,0.017234992161778456,0.02199710525175645,0.18995853728697296,0.23992543202692582,0.05318027496834013,
1000,base6,1,144,1,,1262.205700626946,exchangeable_varying_sigma,0.18,fixed,0.18,0.18,fixed,0.18,1.0,mixed,0.6,-0.1630534858124268,0.06197606153594496,0.08471986734751749,0.02300620164630457,0.0264002399459693,0.05766475243724803,0.07842914912670111,0.020672680854716713,0.02391660577753114,0.1782142538426173,0.2258562426996539,0.1630534858124268,
1000,base6,1,144,1,,1210.1668205690803,exchangeable_varying_sigma,0.18,fixed,0.18,0.18,fixed,0.18,1.0,mixed,0.9,-0.27652474941347416,0.061761464357090505,0.08416130144434807,0.024508145716492485,0.027613482723921043,0.05085788663581814,0.06937328935912826,0.02373323643652546,0.02569280511858473,0.16642059343728544,0.21121743575949037,0.27652474941347416,
2000,base5,1,144,1,,4217.057719366974,exchangeable_varying_sigma,0.18,fixed,0.18,0.18,fixed,0.18,1.0,mixed,0.0,0.028908009199658524,0.06499572033055483,0.08728403222667698,0.02339956543793903,0.024870843076093167,0.0681504172245377,0.0929850467578562,0.02456893566873393,0.02578618761043298,0.3893602494684331,0.5263122908875839,0.028908009199658524,
2000,base5,1,144,1,,4340.55768224108,exchangeable_varying_sigma,0.18,fixed,0.18,0.18,fixed,0.18,1.0,mixed,0.3,-0.16712189384733406,0.06686516470449787,0.09041390446850851,0.00490824045013688,0.005993144184072282,0.06933636644402058,0.09537032224526494,0.007473212363703602,0.008697234761203008,0.3891844403418045,0.5055703436792292,0.16712189384733406,
2000,base5,1,144,1,,4444.370496894931,exchangeable_varying_sigma,0.18,fixed,0.18,0.18,fixed,0.18,1.0,mixed,0.6,-0.3002824441876383,0.06685226949837236,0.0905037451058246,0.006975492632628921,0.007589681203651922,0.06757955194707363,0.09379678095677055,0.009806502477680279,0.010644093573560174,0.39075570379758406,0.5061421833306714,0.3002824441876383,
2000,base5,1,144,1,,4143.289029345964,exchangeable_varying_sigma,0.18,fixed,0.18,0.18,fixed,0.18,1.0,mixed,0.9,-0.43299064177421015,0.06671376880786678,0.0904469769659723,0.009355373420883911,0.009800327317781517,0.06400833568962096,0.09085383580672504,0.012641066449890298,0.013342812502766177,0.392240674826411,0.5081356170577428,0.43299064177421015,
2000,base6,1,144,1,,4472.718636719976,exchangeable_varying_sigma,0.18,fixed,0.18,0.18,fixed,0.18,1.0,mixed,0.0,0.03696562387783854,0.044714344582818706,0.05676921160486019,0.01424878983024655,0.015681327465379816,0.04547006348922092,0.05775196942644328,0.013936958387879034,0.01514332192741333,0.06840546024454935,0.08160931137457567,0.03696562387783854,
2000,base6,1,144,1,,5053.506365068024,exchangeable_varying_sigma,0.18,fixed,0.18,0.18,fixed,0.18,1.0,mixed,0.3,-0.12083500994167487,0.04898227744189656,0.06331624168202946,0.009250903163900287,0.0107227631797123,0.04844797074193298,0.06269144726740916,0.007802927433215756,0.008403624545525097,0.06925127701620568,0.09713525607769127,0.12083500994167487,
2000,base6,1,144,1,,5179.315999813029,exchangeable_varying_sigma,0.18,fixed,0.18,0.18,fixed,0.18,1.0,mixed,0.6,-0.19884740896797776,0.04935281369518165,0.06373682413640626,0.011318155346394687,0.013006379627305473,0.04609965730610657,0.059600597547510584,0.009113340455504382,0.010153329471651968,0.07517453417678595,0.10319892164481687,0.19884740896797776,
2000,base6,1,144,1,,4493.577989464044,exchangeable_varying_sigma,0.18,fixed,0.18,0.18,fixed,0.18,1.0,mixed,0.9,-0.2758529220434296,0.04971248103334221,0.0640269816231728,0.013698036134648123,0.015529003330304762,0.04139748479082697,0.05331424238570515,0.010660620794999354,0.012477443185923786,0.08127302258865901,0.10864080786353016,0.2758529220434296,
1000,base5,2,145,1,,1082.0719202370383,exchangeable_varying_sigma,0.18,fixed,0.18,0.18,fixed,0.18,1.0,mixed,0.0,-0.03327391886555779,0.07985384515310509,0.10791269763489285,0.04952471156297443,0.04992420317706663,0.0823511315521788,0.11183972080951128,0.04186211188351051,0.04360024794326759,0.30669386661766157,0.38414054153053234,0.03327391886555779,
1000,base5,2,145,1,,1068.4232595330104,exchangeable_varying_sigma,0.18,fixed,0.18,0.18,fixed,0.18,1.0,mixed,0.3,-0.16744929243924697,0.07893014732347702,0.10589449654047285,0.034725159041387205,0.03830379306904767,0.08153432665783897,0.1104458860907538,0.03399483783501668,0.04119476427194694,0.3244952692405359,0.40087917262744366,0.16744929243924697,
1000,base5,2,145,1,,1206.2315017899964,exchangeable_varying_sigma,0.18,fixed,0.18,0.18,fixed,0.18,1.0,mixed,0.6,-0.32285036874326045,0.07854673429860787,0.105553534034874,0.038259520836749356,0.041601234307650385,0.07954846763720903,0.10840399312112033,0.03677146770627207,0.043559597994476645,0.3279579952816025,0.4048159857280936,0.32285036874326045,
1000,base5,2,145,1,,1133.8066106520128,exchangeable_varying_sigma,0.18,fixed,0.18,0.18,fixed,0.18,1.0,mixed,0.9,-0.47875005910694535,0.07796253717676721,0.10502267817344722,0.04125007265175333,0.04398644199642307,0.07523359093135151,0.10409935418363196,0.03795595118823267,0.04323480482845171,0.3287590962602417,0.40560288038994186,0.47875005910694535,
1000,base6,2,145,1,,1121.8567066340474,exchangeable_varying_sigma,0.18,fixed,0.18,0.18,fixed,0.18,1.0,mixed,0.0,0.024564379431675977,0.06147008761595735,0.08198322269962617,0.03515390256458312,0.03793634811624936,0.06201026219059406,0.08264941923029798,0.03196545169079293,0.034816266333689505,0.2166185724411175,0.24233792407910182,0.024564379431675977,
1000,base6,2,145,1,,1180.810326674953,exchangeable_varying_sigma,0.18,fixed,0.18,0.18,fixed,0.18,1.0,mixed,0.3,-0.10574795591364064,0.06295137644147773,0.08519330302601227,0.04343352166740602,0.04712498056219809,0.06308843691207319,0.08541205125353277,0.0438542868500604,0.04829067386583044,0.22997103223877782,0.27271354812516774,0.10574795591364064,
1000,base6,2,145,1,,1158.5295226660091,exchangeable_varying_sigma,0.18,fixed,0.18,0.18,fixed,0.18,1.0,mixed,0.6,-0.21561621634165318,0.06300452203833805,0.08522172748348343,0.045752776604492895,0.049985263410716685,0.060529035788890316,0.08231567542262644,0.046752324646969434,0.051913173174299686,0.2292777672355328,0.2766069609589554,0.21561621634165318,
1000,base6,2,145,1,,1241.804432804929,exchangeable_varying_sigma,0.18,fixed,0.18,0.18,fixed,0.18,1.0,mixed,0.9,-0.32430940068154757,0.06310232877967825,0.08510954031250081,0.04685441506781929,0.05178364146021677,0.05492453109572804,0.07505019544126293,0.0468527072888989,0.05276701658084695,0.22855691917901275,0.28026569282228,0.32430940068154757,
2000,base5,2,145,1,,4561.897958034999,exchangeable_varying_sigma,0.18,fixed,0.18,0.18,fixed,0.18,1.0,mixed,0.0,-0.025940201959507806,0.06308415191484716,0.08771585002496254,0.014442555036523586,0.015289947676009368,0.06629827262306531,0.09374939800951995,0.014824600287892953,0.017045386559653222,0.4326703210139135,0.627495105221372,0.025940201959507806,
2000,base5,2,145,1,,4355.417382558924,exchangeable_varying_sigma,0.18,fixed,0.18,0.18,fixed,0.18,1.0,mixed,0.3,-0.1443337533263358,0.06377251005821714,0.08917089235861865,0.01597990817154024,0.020119134026675853,0.0660557071351595,0.09422459721442832,0.012579140775130712,0.01642295530230364,0.43062810385575095,0.6094922176206437,0.1443337533263358,
2000,base5,2,145,1,,4501.443244247115,exchangeable_varying_sigma,0.18,fixed,0.18,0.18,fixed,0.18,1.0,mixed,0.6,-0.2827994040019114,0.06391862541460468,0.0893634809818552,0.017683327376492586,0.021805362902823283,0.06456108994134702,0.09273798812338034,0.013703655548232885,0.017053032242326054,0.43360872225921504,0.6063620071259309,0.2827994040019114,
2000,base5,2,145,1,,4479.739799467963,exchangeable_varying_sigma,0.18,fixed,0.18,0.18,fixed,0.18,1.0,mixed,0.9,-0.42281109889948043,0.0639887910882086,0.08953842771834733,0.019537013351392504,0.023592858469276567,0.06157708240579492,0.09005408238205379,0.01490868820413413,0.017582006507699238,0.43626475517639374,0.6017329501202817,0.42281109889948043,
2000,base6,2,145,1,,4917.391629224061,exchangeable_varying_sigma,0.18,fixed,0.18,0.18,fixed,0.18,1.0,mixed,0.0,-0.02030327630889618,0.045216811319416086,0.058493814453583,0.005683372987891677,0.007184431146100586,0.04577867028163609,0.05925000895933896,0.006019778713937052,0.008087119970089708,0.07608535991178829,0.09460851426173841,0.02030327630889618,
2000,base6,2,145,1,,4830.240828927024,exchangeable_varying_sigma,0.18,fixed,0.18,0.18,fixed,0.18,1.0,mixed,0.3,-0.04273163904829541,0.0474249627296066,0.06093529948752113,0.018075041447554757,0.0206307611331509,0.047541539595133325,0.06124496934766857,0.014499837486932857,0.016043543164043113,0.06947249278409606,0.0848059611805647,0.04273163904829541,
2000,base6,2,145,1,,4993.115331172012,exchangeable_varying_sigma,0.18,fixed,0.18,0.18,fixed,0.18,1.0,mixed,0.6,-0.12775760627786875,0.04750743828849925,0.060978172273833224,0.020030648934561218,0.022798059689849527,0.04549139220969871,0.058683358910070635,0.01531114789114553,0.01667179365359978,0.06755203658767919,0.08061577251551516,0.12775760627786875,
2000,base6,2,145,1,,3940.425545196049,exchangeable_varying_sigma,0.18,fixed,0.18,0.18,fixed,0.18,1.0,mixed,0.9,-0.2197951267267927,0.04749033663882423,0.06086087461560737,0.022072759779876855,0.02511445793115442,0.04084095921090654,0.052610416487437604,0.01632641402502205,0.01760825749826026,0.06701613921397633,0.0800815451709797,0.2197951267267927,
1000,base5,3,146,1,,1089.5690499120392,exchangeable_varying_sigma,0.18,fixed,0.18,0.18,fixed,0.18,1.0,mixed,0.0,0.09215321342831288,0.07652391333101247,0.10648480107240768,0.020237340126563363,0.024781584346853302,0.0788603789224704,0.11037826128974985,0.021126838485667876,0.025296117526829816,0.33174228996417743,0.41804484602413194,0.09215321342831288,
1000,base5,3,146,1,,1149.5559320430038,exchangeable_varying_sigma,0.18,fixed,0.18,0.18,fixed,0.18,1.0,mixed,0.3,-0.1505607589660987,0.0800405077932445,0.10989064426987236,0.022033762783068456,0.030955225921435115,0.08187039927199244,0.1130269794925736,0.017210875856411054,0.023027816002474603,0.2824150854290201,0.36243419139299415,0.1505607589660987,
1000,base5,3,146,1,,1240.8520083170151,exchangeable_varying_sigma,0.18,fixed,0.18,0.18,fixed,0.18,1.0,mixed,0.6,-0.31591988901203866,0.08082580165459721,0.11057344966174185,0.024160451675296193,0.033429546491828166,0.08000907338051112,0.11075595870927055,0.019105333525518242,0.024259393015912442,0.28715101495618434,0.36745517574030145,0.31591988901203866,
1000,base5,3,146,1,,1161.4547697181115,exchangeable_varying_sigma,0.18,fixed,0.18,0.18,fixed,0.18,1.0,mixed,0.9,-0.48699508143728615,0.08151758447438558,0.11113542034741969,0.026282144982876676,0.035818768037857066,0.07641042323637218,0.10631301563944262,0.02131337656084671,0.025912016459491143,0.2990068210256968,0.3799023609903962,0.48699508143728615,
1000,base6,3,146,1,,1080.592907801969,exchangeable_varying_sigma,0.18,fixed,0.18,0.18,fixed,0.18,1.0,mixed,0.0,0.09688327607800905,0.05934181049117218,0.08195092432021658,0.021469988670442752,0.023789704386050887,0.06022906424291321,0.08321232244842909,0.020779790009166688,0.021713955392646915,0.2382250424074529,0.3041337478438353,0.09688327607800905,
1000,base6,3,146,1,,1053.8798955560196,exchangeable_varying_sigma,0.18,fixed,0.18,0.18,fixed,0.18,1.0,mixed,0.3,-0.07970939641691396,0.06584821339305835,0.09102337836210656,0.01753613031152433,0.02106464729441642,0.06601795094675475,0.09118561187882084,0.010950577136058348,0.012234769656109843,0.2392817339409676,0.2798423590349377,0.07970939641691396,
1000,base6,3,146,1,,1155.22343820089,exchangeable_varying_sigma,0.18,fixed,0.18,0.18,fixed,0.18,1.0,mixed,0.6,-0.1957531411359303,0.06607565162227262,0.09207528815812809,0.019662819203752527,0.02372454904439236,0.06298585960035967,0.08742897612860859,0.011815083948261973,0.01367799009230843,0.23406178509606737,0.27453410117298854,0.1957531411359303,
1000,base6,3,146,1,,1121.5124301310861,exchangeable_varying_sigma,0.18,fixed,0.18,0.18,fixed,0.18,1.0,mixed,0.9,-0.31621155330930184,0.06608041146087504,0.0929119823756105,0.021784512511333814,0.026330582676198616,0.05655106321642358,0.07963972342574649,0.014411591183203759,0.01623839940033579,0.22946968789464461,0.27159741176827934,0.31621155330930184,
2000,base5,3,146,1,,4463.524413195904,exchangeable_varying_sigma,0.18,fixed,0.18,0.18,fixed,0.18,1.0,mixed,0.0,-0.01634056521646467,0.06549977960925248,0.08835655550374313,0.012639361399834043,0.01510580093155751,0.06851130196216057,0.09365910698485917,0.008918468695484072,0.01048028797621181,0.4431600216905997,0.5767150157372407,0.01634056521646467,
2000,base5,3,146,1,,4519.068937311997,exchangeable_varying_sigma,0.18,fixed,0.18,0.18,fixed,0.18,1.0,mixed,0.3,-0.12919135711916654,0.06551177479912046,0.08817009302812658,0.022442538538513634,0.026583705116384658,0.06864706035350782,0.09352986754152565,0.021062678078415636,0.02499424737354084,0.44016991099372377,0.5676203277798779,0.12919135711916654,
2000,base5,3,146,1,,4785.592251789058,exchangeable_varying_sigma,0.18,fixed,0.18,0.18,fixed,0.18,1.0,mixed,0.6,-0.2586985480836892,0.06532339359890182,0.08810537913870252,0.023846230999336734,0.02882659120726601,0.0671113896404782,0.09230399650001674,0.022578857970324967,0.026966054004995806,0.43764176175515274,0.5656627350316027,0.2586985480836892,
2000,base5,3,146,1,,4429.139239170938,exchangeable_varying_sigma,0.18,fixed,0.18,0.18,fixed,0.18,1.0,mixed,0.9,-0.388185151115813,0.06503551385382642,0.08810499254578957,0.025411793823047216,0.031429247481175045,0.06373434066875125,0.08990424052233251,0.024543224247176892,0.029660884052924327,0.43438284285454953,0.5631062000564845,0.388185151115813,
2000,base6,3,146,1,,6037.376577923074,exchangeable_varying_sigma,0.18,fixed,0.18,0.18,fixed,0.18,1.0,mixed,0.0,-0.04069748025507419,0.045989986252564265,0.05858635004139438,0.004760722078289592,0.00510389765212562,0.046871592652737964,0.059682469750623426,0.004759445613357699,0.005646039486178569,0.08973528735208917,0.11099693343987713,0.04069748025507419,
2000,base6,3,146,1,,5333.574825525051,exchangeable_varying_sigma,0.18,fixed,0.18,0.18,fixed,0.18,1.0,mixed,0.3,-0.07063924618002301,0.044384003904937235,0.05753903835678486,0.012608038777409347,0.015939081847385975,0.04505937990148688,0.058438519011956486,0.014571090492990907,0.018168824470248014,0.11057221124336188,0.14234496305857194,0.07063924618002301,
2000,base6,3,146,1,,4448.726325492957,exchangeable_varying_sigma,0.18,fixed,0.18,0.18,fixed,0.18,1.0,mixed,0.6,-0.13920707674649996,0.04430806328806845,0.057289663687539,0.014007751655607886,0.018041497133990267,0.04323068687374022,0.05600848175002423,0.01623859401256046,0.02035759284397796,0.10950006096344578,0.14379487489984655,0.13920707674649996,
2000,base6,3,146,1,,3009.189757698099,exchangeable_varying_sigma,0.18,fixed,0.18,0.18,fixed,0.18,1.0,mixed,0.9,-0.20486642949182376,0.044250226530762354,0.05710250497426252,0.015386385568603722,0.02049550006294114,0.039297300245319536,0.05106755550974506,0.018086577387751657,0.023373083734577874,0.10851981507807328,0.14475638891502488,0.20486642949182376,
1000,base5,0,147,1,,1103.6049014090095,exchangeable_varying_sigma,0.18,fixed,0.18,0.18,fixed,0.18,1.0,mixed,0.0,-0.044924215293794235,0.07957073073096622,0.1069045569774109,0.03203391687085029,0.035649859424778226,0.08262419273977685,0.11132758769957343,0.036151536235076,0.03721281059098361,0.2873900411283637,0.3696248787663906,0.044924215293794235,
1000,base5,0,147,1,,1119.4284607979935,exchangeable_varying_sigma,0.18,fixed,0.18,0.18,fixed,0.18,1.0,mixed,0.3,-0.14727302972149403,0.07700745656809613,0.10423999012031648,0.014069851979747833,0.01695090890786021,0.07870045290366898,0.10734952177598904,0.008634114255678782,0.015578085773645944,0.28312647947642333,0.3771558625241913,0.14727302972149403,
1000,base5,0,147,1,,1149.045344530954,exchangeable_varying_sigma,0.18,fixed,0.18,0.18,fixed,0.18,1.0,mixed,0.6,-0.30730198854198915,0.0772760496569739,0.10461290971720452,0.01620645333515619,0.019413530244252634,0.07685347652715804,0.10547515640474792,0.009918420366440528,0.017020076673351384,0.2839958419783057,0.37886078415667096,0.30730198854198915,
1000,base5,0,147,1,,1128.310634547961,exchangeable_varying_sigma,0.18,fixed,0.18,0.18,fixed,0.18,1.0,mixed,0.9,-0.4676144729246406,0.07782114826064505,0.10527572528534036,0.018479172721586307,0.021915068305618637,0.07375951274539301,0.10197343361532331,0.013559332220057868,0.01946246188642487,0.28711246427451215,0.38298071011786333,0.4676144729246406,
1000,base6,0,147,1,,1051.380943458993,exchangeable_varying_sigma,0.18,fixed,0.18,0.18,fixed,0.18,1.0,mixed,0.0,-0.03622011792054983,0.06414160714720414,0.08835419313002016,0.024743410624040355,0.026039106755787706,0.06479337517284518,0.08909760183274988,0.023697388395288246,0.025173686202367766,0.20827573303573277,0.24040908345079043,0.03622011792054983,
1000,base6,0,147,1,,1058.377620993997,exchangeable_varying_sigma,0.18,fixed,0.18,0.18,fixed,0.18,1.0,mixed,0.3,-0.14139453452605585,0.06059728067014481,0.08333661368120882,0.031344812889531726,0.0323355282251458,0.060425644942778925,0.08302390913178723,0.024149636483644293,0.02469029582431015,0.18322472756653813,0.21336314442578969,0.14139453452605585,
1000,base6,0,147,1,,1074.326643788023,exchangeable_varying_sigma,0.18,fixed,0.18,0.18,fixed,0.18,1.0,mixed,0.6,-0.24741498389898886,0.060620701138401685,0.0834076557284666,0.0335924828317041,0.03473095126755551,0.057931623163584224,0.07956102571670717,0.023306795149270865,0.024311095074132746,0.18919561099213494,0.2188235668418705,0.24741498389898886,
1000,base6,0,147,1,,1185.2654150399612,exchangeable_varying_sigma,0.18,fixed,0.18,0.18,fixed,0.18,1.0,mixed,0.9,-0.3460847235493635,0.060745976462568636,0.08373823960399242,0.03538443118587514,0.03688991545180973,0.05243570828122954,0.07234831846389513,0.02152672310115339,0.023755630516902645,0.19758198329578788,0.2271847309112441,0.3460847235493635,
2000,base5,0,147,1,,4243.557467991952,exchangeable_varying_sigma,0.18,fixed,0.18,0.18,fixed,0.18,1.0,mixed,0.0,-0.00046131650692919336,0.06378849819975824,0.08738531547490756,0.023556390672280755,0.025224041815609995,0.0666859321479225,0.09248882917960417,0.017096059718836473,0.018769548610318366,0.38989108702620673,0.5340689330858667,0.00046131650692919336,
2000,base5,0,147,1,,4213.985103372019,exchangeable_varying_sigma,0.18,fixed,0.18,0.18,fixed,0.18,1.0,mixed,0.3,-0.11678516368028288,0.0643134305091829,0.08711734198538315,0.022827278562938508,0.02761909248651433,0.06672647480299398,0.09159482895355543,0.01920015728671129,0.023877592367592237,0.39596185944940715,0.5371101462601752,0.11678516368028288,
2000,base5,0,147,1,,4319.193192690029,exchangeable_varying_sigma,0.18,fixed,0.18,0.18,fixed,0.18,1.0,mixed,0.6,-0.2538339155830266,0.0642163459345298,0.08691904964284122,0.025090806715603903,0.029613623700498994,0.06507651006902479,0.09019576087574172,0.021212046293641207,0.025944645815635277,0.4048557383382005,0.5444846940251162,0.2538339155830266,
2000,base5,0,147,1,,4595.403247207054,exchangeable_varying_sigma,0.18,fixed,0.18,0.18,fixed,0.18,1.0,mixed,0.9,-0.39309661914207716,0.06411203039832486,0.0866991874013315,0.027032251059001117,0.03125670497495888,0.06187160538498401,0.0877257381970395,0.023128164137401958,0.027229456907029978,0.413863556146873,0.5522650867421325,0.39309661914207716,
2000,base6,0,147,1,,4456.898228441016,exchangeable_varying_sigma,0.18,fixed,0.18,0.18,fixed,0.18,1.0,mixed,0.0,-0.013526708150138808,0.04642453690153556,0.059911880594040595,0.012213976880059013,0.016806671168493888,0.047072271735877365,0.060712956315130046,0.009592359777692044,0.01404516190585925,0.07858891293664914,0.09814597178520201,0.013526708150138808,
2000,base6,0,147,1,,4422.774845123058,exchangeable_varying_sigma,0.18,fixed,0.18,0.18,fixed,0.18,1.0,mixed,0.3,-0.05902726641424785,0.04452823205594368,0.05729278565152512,0.024729352524148956,0.026695477121052198,0.04464793414904019,0.05739242238474588,0.021389588365419765,0.023387297850135127,0.06724097232194698,0.08529261593030472,0.05902726641424785,
2000,base6,0,147,1,,4159.104634776013,exchangeable_varying_sigma,0.18,fixed,0.18,0.18,fixed,0.18,1.0,mixed,0.6,-0.1397126715409554,0.04445496096968941,0.057054021115974046,0.026992880676809217,0.029010034839413907,0.04274790624324224,0.05480456082397734,0.02442414527849482,0.026237234515849226,0.06818778251124141,0.08762569314389862,0.1397126715409554,
2000,base6,0,147,1,,2771.393488697009,exchangeable_varying_sigma,0.18,fixed,0.18,0.18,fixed,0.18,1.0,mixed,0.9,-0.22010544058985038,0.044501581432148496,0.05686856133746105,0.028934325020207152,0.03101680713877368,0.039046627319234396,0.050044651259573913,0.027195390950756404,0.02880138159188767,0.06936061918400385,0.08970244434170495,0.22010544058985038,
1000,base5,1,148,1,,1110.2829630450578,exchangeable_varying_sigma,0.18,fixed,0.18,0.18,fixed,0.18,1.0,mixed,0.0,0.0033535511071560446,0.07777982136793013,0.10686820122038566,0.02168558891522898,0.027389205861219026,0.08016487636766437,0.11075422641639032,0.015154613395828131,0.019015557470195094,0.29323612377300884,0.38206845351542995,0.0033535511071560446,
1000,base5,1,148,1,,1146.0877133709146,exchangeable_varying_sigma,0.18,fixed,0.18,0.18,fixed,0.18,1.0,mixed,0.3,-0.15345073952840516,0.07728974750491344,0.10455456046132533,0.01719974740069949,0.01965039944180595,0.07992393225574443,0.10919718015735597,0.02249087003973066,0.02505019745400262,0.32746998608308314,0.42660103747735234,0.15345073952840516,
1000,base5,1,148,1,,1214.782090779976,exchangeable_varying_sigma,0.18,fixed,0.18,0.18,fixed,0.18,1.0,mixed,0.6,-0.3102419526977957,0.07720783210900971,0.10428874120919403,0.01825939972302959,0.02123016506749463,0.07784730671525981,0.10695981324253952,0.02458530132985498,0.029048389988479528,0.3351097730051465,0.43410620795613586,0.3102419526977957,
1000,base5,1,148,1,,1154.9385560180526,exchangeable_varying_sigma,0.18,fixed,0.18,0.18,fixed,0.18,1.0,mixed,0.9,-0.46866448530052957,0.07716704249444067,0.10391655702368406,0.020380276428311667,0.023955665764466057,0.07390492666706597,0.10284133813865379,0.029616083645581548,0.03431915166709722,0.3446140538509468,0.4435154030722084,0.46866448530052957,
1000,base6,1,148,1,,1093.4027168310713,exchangeable_varying_sigma,0.18,fixed,0.18,0.18,fixed,0.18,1.0,mixed,0.0,0.02494292103471182,0.05917909078298905,0.0797999930021821,0.019096326763869076,0.021405306079106665,0.05980905678535673,0.08043863522996111,0.019058748092956213,0.021767009053343292,0.20172296453612187,0.23726804567153395,0.02494292103471182,
1000,base6,1,148,1,,1134.0007925480604,exchangeable_varying_sigma,0.18,fixed,0.18,0.18,fixed,0.18,1.0,mixed,0.3,-0.13247639555125337,0.05886266601763793,0.07904818381243231,0.00734073898471832,0.007795824983370494,0.058844966100778454,0.07930375891517277,0.007770378257211247,0.010086903026310103,0.22548525618301,0.260901151873659,0.13247639555125337,
1000,base6,1,148,1,,1119.5784414919326,exchangeable_varying_sigma,0.18,fixed,0.18,0.18,fixed,0.18,1.0,mixed,0.6,-0.23111793490415916,0.05880701237986493,0.07890778108487671,0.0079159833916298,0.009480502591346203,0.05606069747511947,0.07608416237139347,0.00861442858796857,0.011946357957354192,0.23184609403439566,0.2699185164959805,0.23111793490415916,
1000,base6,1,148,1,,1205.4905049799709,exchangeable_varying_sigma,0.18,fixed,0.18,0.18,fixed,0.18,1.0,mixed,0.9,-0.32786100907268023,0.05861742970238305,0.07863209054079243,0.012050535504968846,0.012811192116004528,0.050426908354832385,0.06902479606450017,0.014610737919776073,0.016791252887514464,0.2366396788704687,0.2783557509861155,0.32786100907268023,
2000,base5,1,148,1,,4390.848525187001,exchangeable_varying_sigma,0.18,fixed,0.18,0.18,fixed,0.18,1.0,mixed,0.0,0.02503822110456138,0.06735342289012547,0.09277701134977907,0.016046944160019783,0.016738863740071237,0.0705412821890986,0.0987579087364941,0.012878466084801893,0.01346829460936583,0.41658271662822227,0.5603429683442859,0.02503822110456138,
2000,base5,1,148,1,,4459.967668807949,exchangeable_varying_sigma,0.18,fixed,0.18,0.18,fixed,0.18,1.0,mixed,0.3,-0.12383365232304858,0.06547055209178683,0.0904993566125795,0.024652826342431322,0.026072672273638492,0.06749606579525459,0.09519358319004717,0.020981507717977382,0.02245050981807229,0.38161054970297764,0.5239438839886267,0.12383365232304858,
2000,base5,1,148,1,,4411.18910447089,exchangeable_varying_sigma,0.18,fixed,0.18,0.18,fixed,0.18,1.0,mixed,0.6,-0.2612374076785718,0.06587651344051643,0.09081171096653151,0.02630213014631516,0.02740970403185133,0.06581328713097462,0.09365411663395751,0.021159008484869457,0.022731379769808206,0.3773003902728358,0.5219932564574341,0.2612374076785718,
2000,base5,1,148,1,,4587.722837349982,exchangeable_varying_sigma,0.18,fixed,0.18,0.18,fixed,0.18,1.0,mixed,0.9,-0.40085144508611664,0.06645069225046632,0.0912117128662225,0.02776418125365203,0.028515475281267813,0.06290174782560998,0.09122827129755154,0.021081662087828718,0.022757756710080217,0.37456124861563234,0.521291832627474,0.40085144508611664,
2000,base6,1,148,1,,4237.57090857299,exchangeable_varying_sigma,0.18,fixed,0.18,0.18,fixed,0.18,1.0,mixed,0.0,0.025470217192155042,0.0467710805303912,0.0606982393575198,0.010320865488474384,0.011315263608696386,0.047273443506795514,0.06139070984750804,0.010179821730963878,0.010617747100946054,0.07497412049221161,0.0949806183928866,0.025470217192155042,
2000,base6,1,148,1,,4218.120263197925,exchangeable_varying_sigma,0.18,fixed,0.18,0.18,fixed,0.18,1.0,mixed,0.3,-0.06667517547382898,0.04581948023534289,0.05983761561187555,0.014391069521410546,0.018477037313650406,0.045072598477066246,0.05907163300576027,0.014345007680667779,0.01723423994199791,0.06714477884142153,0.07915846138221139,0.06667517547382898,
2000,base6,1,148,1,,3858.9678046610206,exchangeable_varying_sigma,0.18,fixed,0.18,0.18,fixed,0.18,1.0,mixed,0.6,-0.14667485011493064,0.04625606806277972,0.0602909570260616,0.016040373325293886,0.02036668212908538,0.042851558028097626,0.05601439194060973,0.013901695889909207,0.017579437585290913,0.06826683348095268,0.07954885680234626,0.14667485011493064,
2000,base6,1,148,1,,2161.5543910659617,exchangeable_varying_sigma,0.18,fixed,0.18,0.18,fixed,0.18,1.0,mixed,0.9,-0.22676857972074238,0.04669967133848102,0.06076424543300391,0.017502424432629435,0.022205091810409104,0.038898196354080296,0.05067832359311173,0.012299139971223089,0.017472463368637756,0.07058313431957998,0.08197524969175495,0.22676857972074238,
1000,base5,2,149,1,,1128.0522528629517,exchangeable_varying_sigma,0.18,fixed,0.18,0.18,fixed,0.18,1.0,mixed,0.0,-0.011607152320338935,0.07866013872618345,0.10553521905449449,0.05125980826568838,0.05398942841007964,0.08194671173473987,0.11074695265839533,0.05185814265041677,0.05680158845016053,0.345408096442878,0.4570540960554624,0.011607152320338935,
1000,base5,2,149,1,,1160.697198653943,exchangeable_varying_sigma,0.18,fixed,0.18,0.18,fixed,0.18,1.0,mixed,0.3,-0.1316049571573025,0.07889810025179303,0.10719364001328972,0.03832535983261684,0.04436571431349134,0.08226387233912372,0.11286847184281669,0.04635392394023405,0.050568669840742715,0.34770812636269,0.4573312411905782,0.1316049571573025,
1000,base5,2,149,1,,1214.5833658929914,exchangeable_varying_sigma,0.18,fixed,0.18,0.18,fixed,0.18,1.0,mixed,0.6,-0.2864899567780041,0.07818077682428723,0.10596900872762718,0.04349815357700906,0.050289387073332775,0.07963825200270508,0.10971896387447136,0.05085944393388024,0.056148478116082555,0.3463351951975732,0.45288844628261216,0.2864899567780041,
1000,base5,2,149,1,,1170.9810332829366,exchangeable_varying_sigma,0.18,fixed,0.18,0.18,fixed,0.18,1.0,mixed,0.9,-0.4403374681557418,0.07706589467085757,0.10456257976427083,0.04800661117070609,0.05594901961230419,0.0745877757878062,0.10428438601056103,0.053837723315137864,0.060758229347419035,0.34698566685630317,0.44904889238791623,0.4403374681557418,
1000,base6,2,149,1,,1038.2990478150314,exchangeable_varying_sigma,0.18,fixed,0.18,0.18,fixed,0.18,1.0,mixed,0.0,-0.005279569742135175,0.06426764492014583,0.08734392892384872,0.035539307705116985,0.04123308401447045,0.06507615558775369,0.08828438700748771,0.034609466417069606,0.04015108556767504,0.21786532953118723,0.2535739147804166,0.005279569742135175,
1000,base6,2,149,1,,1072.457491140929,exchangeable_varying_sigma,0.18,fixed,0.18,0.18,fixed,0.18,1.0,mixed,0.3,-0.08911509222289643,0.0635490450966977,0.08537840494017823,0.05404586039318836,0.05632088386781567,0.06409193977883007,0.08670497598708178,0.05255615065984022,0.05436652345270298,0.21008570846920505,0.2527156547210243,0.08911509222289643,
1000,base6,2,149,1,,1051.796337450971,exchangeable_varying_sigma,0.18,fixed,0.18,0.18,fixed,0.18,1.0,mixed,0.6,-0.19025210823642597,0.06271751314338045,0.08387976265437769,0.05921865413757996,0.06209690666326205,0.060459804950106374,0.08187834544541889,0.056557416561146476,0.058792816867507904,0.20839657566084124,0.2512690801404745,0.19025210823642597,
1000,base6,2,149,1,,1223.392693990958,exchangeable_varying_sigma,0.18,fixed,0.18,0.18,fixed,0.18,1.0,mixed,0.9,-0.2887015803520353,0.06141697686767859,0.08218070223116855,0.06372711173127978,0.06747723798797994,0.05309688894440359,0.07207810676537643,0.05855216882116451,0.061478702058608455,0.20669018848673754,0.25010466587789754,0.2887015803520353,
2000,base5,2,149,1,,4252.7009104799945,exchangeable_varying_sigma,0.18,fixed,0.18,0.18,fixed,0.18,1.0,mixed,0.0,0.008447619467498486,0.06436636887796701,0.08830334323271315,0.009004193151791268,0.010963015837126734,0.06722016132854049,0.09359814499329054,0.012982312849729907,0.015252493408270552,0.38558818363253683,0.5291353556393622,0.008447619467498486,
2000,base5,2,149,1,,4243.1563900429755,exchangeable_varying_sigma,0.18,fixed,0.18,0.18,fixed,0.18,1.0,mixed,0.3,-0.13017626171858696,0.06480547153567574,0.089766391229049,0.016522638551158417,0.02169664762650063,0.06716207536095277,0.09460415285173641,0.013163915298173984,0.017817316362608557,0.39574634589281504,0.5420386675395278,0.13017626171858696,
2000,base5,2,149,1,,4434.030620520003,exchangeable_varying_sigma,0.18,fixed,0.18,0.18,fixed,0.18,1.0,mixed,0.6,-0.25986168803896537,0.06453231982004082,0.08952518945073713,0.01674873140873874,0.021830615133487184,0.06503716687146106,0.09255873058073535,0.013652680793497352,0.017201267946857828,0.3971156861174358,0.5430065308614397,0.25986168803896537,
2000,base5,2,149,1,,4903.58204992197,exchangeable_varying_sigma,0.18,fixed,0.18,0.18,fixed,0.18,1.0,mixed,0.9,-0.3890029152631348,0.06423293601410601,0.08926001728312682,0.016900360167825174,0.021635495329721473,0.06107279917369391,0.08915897213239009,0.013861305060727608,0.016267240320297163,0.39927813807402657,0.5440794461037815,0.3890029152631348,
2000,base6,2,149,1,,4382.244830534095,exchangeable_varying_sigma,0.18,fixed,0.18,0.18,fixed,0.18,1.0,mixed,0.0,-0.009766759072966216,0.04487558518350347,0.057337596731590036,0.0027987927638551124,0.0035010452084155586,0.04535484295549479,0.05802186719107909,0.005151690172228607,0.005441553648639338,0.0609366360688139,0.07657907126556997,0.009766759072966216,
2000,base6,2,149,1,,4206.126582823927,exchangeable_varying_sigma,0.18,fixed,0.18,0.18,fixed,0.18,1.0,mixed,0.3,-0.07476064048725825,0.046391863056472464,0.05970809219352083,0.012671499847402012,0.016260175137933736,0.04606375974624231,0.05959582021681327,0.013432084544259898,0.015745972749368016,0.06613746598571056,0.08293870772637364,0.07476064048725825,
2000,base6,2,149,1,,3762.6590044300538,exchangeable_varying_sigma,0.18,fixed,0.18,0.18,fixed,0.18,1.0,mixed,0.6,-0.14494383164250751,0.046270738186700355,0.059472285018944804,0.013245368354798726,0.01656975427026736,0.04360097280163747,0.056481868295310794,0.014794652080609302,0.016237620215658846,0.07051202793788582,0.08660033368486775,0.14494383164250751,
2000,base6,2,149,1,,1587.6008418540005,exchangeable_varying_sigma,0.18,fixed,0.18,0.18,fixed,0.18,1.0,mixed,0.9,-0.21472777715600477,0.046002705178319885,0.0592279831125466,0.013626945078592245,0.016619739830844596,0.03861613839602147,0.050111543524867366,0.01626964293826423,0.016777952114811052,0.07529252600101367,0.09093730464329808,0.21472777715600477,
1000,base5,0,150,1,,1059.9819943760522,exchangeable_varying_sigma,0.18,fixed,0.18,0.18,fixed,0.18,1.0,mixed,0.0,-0.012850626621162703,0.0821531244165856,0.11153393161556535,0.0305230867295624,0.038428239332491,0.0862482519645082,0.11795090519285133,0.026427801974834686,0.032850096581030254,0.35218824011436434,0.4614360245542962,0.012850626621162703,
1000,base5,0,150,1,,1004.9749073949642,exchangeable_varying_sigma,0.18,fixed,0.18,0.18,fixed,0.18,1.0,mixed,0.3,-0.15476702346400914,0.08418080986522682,0.11446277491113316,0.029359356792979824,0.03916615432940258,0.08664803730478418,0.11903410601614009,0.026961076598436745,0.03229306612872147,0.3319272078067632,0.4289422718337689,0.15476702346400914,
1000,base5,0,150,1,,1219.9060804140754,exchangeable_varying_sigma,0.18,fixed,0.18,0.18,fixed,0.18,1.0,mixed,0.6,-0.323752542440824,0.08416864859882033,0.11421257472162917,0.03443822590559861,0.04540894240261011,0.08425095400015094,0.11614926038495767,0.03247671817226441,0.038867036077093575,0.32990154355764734,0.4221081262920532,0.323752542440824,
1000,base5,0,150,1,,1296.427255876828,exchangeable_varying_sigma,0.18,fixed,0.18,0.18,fixed,0.18,1.0,mixed,0.9,-0.49597501436816793,0.08382968154775614,0.11353331241304898,0.03975928115496932,0.05228816478865869,0.07964775263226428,0.11088090933293104,0.038583948144220254,0.046942015138765524,0.3286750122217706,0.41429234644627566,0.49597501436816793,
1000,base6,0,150,1,,1211.283622992225,exchangeable_varying_sigma,0.18,fixed,0.18,0.18,fixed,0.18,1.0,mixed,0.0,0.002312287119149554,0.0615401691396563,0.08319919970247865,0.03468310212415,0.043793874545771244,0.06245161282693046,0.0843159245802737,0.033209033328368096,0.04178905686264815,0.2595804008417828,0.30274545000380493,0.002312287119149554,
1000,base6,0,150,1,,1042.8402533917688,exchangeable_varying_sigma,0.18,fixed,0.18,0.18,fixed,0.18,1.0,mixed,0.3,-0.09008129209556337,0.06361535309214103,0.08619917947367177,0.03318798515002058,0.03564313989598647,0.06325216263712567,0.08607608230338064,0.033374459219201374,0.034452988930233484,0.2676220695291786,0.30040924775102834,0.09008129209556337,
1000,base6,0,150,1,,1117.1957762530074,exchangeable_varying_sigma,0.18,fixed,0.18,0.18,fixed,0.18,1.0,mixed,0.6,-0.2004589490557293,0.06392469825268654,0.08670745710134442,0.038266854262639344,0.041103068921525224,0.06036065518007521,0.08249992654246108,0.039209169954692646,0.04055105925225811,0.26658887926747565,0.3014385419874611,0.2004589490557293,
1000,base6,0,150,1,,1092.3682975047268,exchangeable_varying_sigma,0.18,fixed,0.18,0.18,fixed,0.18,1.0,mixed,0.9,-0.31359110365023457,0.06398680350479966,0.08717599337287046,0.043587909512012635,0.04709911774740103,0.054141563809097744,0.07472084090391186,0.04606545457399766,0.04831115328697717,0.2641326276645627,0.302862769704268,0.31359110365023457,
2000,base5,0,150,1,,3968.0240891450085,exchangeable_varying_sigma,0.18,fixed,0.18,0.18,fixed,0.18,1.0,mixed,0.0,-0.033948808050656684,0.06644928786361043,0.09047006321060633,0.0180573515003212,0.025055674082442376,0.06986188866113159,0.09616548524429315,0.021196552126314522,0.027570680312082374,0.43284214285877703,0.5735266325957928,0.033948808050656684,
2000,base5,0,150,1,,4034.464350956958,exchangeable_varying_sigma,0.18,fixed,0.18,0.18,fixed,0.18,1.0,mixed,0.3,-0.17998179456949853,0.06731283399580659,0.0899531746862299,0.007563334386937293,0.009159710810243858,0.06950674760681813,0.09456906729554442,0.013226308098349154,0.015267234675806311,0.42329950467965893,0.5726108793701226,0.17998179456949853,
2000,base5,0,150,1,,5100.299679022748,exchangeable_varying_sigma,0.18,fixed,0.18,0.18,fixed,0.18,1.0,mixed,0.6,-0.31002191032281967,0.06759960388442479,0.09020775691264858,0.009766964997534905,0.011173675139091383,0.0676227010700062,0.09282146760480801,0.014917342482370921,0.01764595997949346,0.4120074101168375,0.5632379004815102,0.31002191032281967,
2000,base5,0,150,1,,4835.184200542979,exchangeable_varying_sigma,0.18,fixed,0.18,0.18,fixed,0.18,1.0,mixed,0.9,-0.43493152798023094,0.06794594836077629,0.09060811833834095,0.012229065526276228,0.013501773598444327,0.06420453118695282,0.08991658337174999,0.01711039438172568,0.020074884327495143,0.3988631270287759,0.5512784293233348,0.43493152798023094,
2000,base6,0,150,1,,4428.56921176007,exchangeable_varying_sigma,0.18,fixed,0.18,0.18,fixed,0.18,1.0,mixed,0.0,-0.011491657310333279,0.04681172710612978,0.0610822845637167,0.014997569038902231,0.01995007517447756,0.04732750515750803,0.0616999111418233,0.01653164984115471,0.02229462401431014,0.07642231830382039,0.10221331901273176,0.011491657310333279,
2000,base6,0,150,1,,4576.247752223164,exchangeable_varying_sigma,0.18,fixed,0.18,0.18,fixed,0.18,1.0,mixed,0.3,-0.07480079544128504,0.04549148796304299,0.05915241919316415,0.009989521401686213,0.011870290712586867,0.045409233001681086,0.05906507838625984,0.010023548129211995,0.0139777427952222,0.08877453310683295,0.11138715664929912,0.07480079544128504,
2000,base6,0,150,1,,4353.223612271715,exchangeable_varying_sigma,0.18,fixed,0.18,0.18,fixed,0.18,1.0,mixed,0.6,-0.1475893433456113,0.0454647357330041,0.05925647614542572,0.012193152012284894,0.014020866646896989,0.043339492126123286,0.05634262809168456,0.01209315871173515,0.015848927764037943,0.08971236837160598,0.11026576804359166,0.1475893433456113,
2000,base6,0,150,1,,3272.3468737117946,exchangeable_varying_sigma,0.18,fixed,0.18,0.18,fixed,0.18,1.0,mixed,0.9,-0.21853843387821037,0.04545169569325309,0.05947454481756758,0.014655252541027938,0.016470655650393157,0.03885713662283981,0.05047303812611451,0.014286277185806481,0.017724119808605162,0.09082870510018741,0.1102526207555492,0.21853843387821037,
1000,base5,1,151,1,,1145.6304565742612,exchangeable_varying_sigma,0.18,fixed,0.18,0.18,fixed,0.18,1.0,mixed,0.0,0.027852513084723578,0.07659887839439032,0.10437377515300977,0.015623026394681244,0.018804017908011464,0.07924396271477284,0.109108995610865,0.013634917777244931,0.018018997587137632,0.2976245750834369,0.4009855021411448,0.027852513084723578,
1000,base5,1,151,1,,1173.3475770601071,exchangeable_varying_sigma,0.18,fixed,0.18,0.18,fixed,0.18,1.0,mixed,0.3,-0.18003481411650085,0.07585066855812833,0.1043252803545525,0.037210272517177734,0.04323051682773958,0.07769462178987373,0.10788918567302082,0.030655136457239607,0.03801711083555998,0.28457991081738876,0.3640954268617225,0.18003481411650085,
1000,base5,1,151,1,,1176.1548433909193,exchangeable_varying_sigma,0.18,fixed,0.18,0.18,fixed,0.18,1.0,mixed,0.6,-0.32206974995151144,0.0763117904851813,0.10480647490762104,0.03994432250097843,0.04730063881582032,0.07581950236992242,0.1059144367172817,0.03487731998758031,0.04135738059311132,0.2889466781480544,0.36840038642737916,0.32206974995151144,
1000,base5,1,151,1,,1234.889826651197,exchangeable_varying_sigma,0.18,fixed,0.18,0.18,fixed,0.18,1.0,mixed,0.9,-0.4592239947493566,0.07695917670969275,0.10548475010954295,0.042303705511920905,0.05156449901936828,0.07189329164977581,0.10210770333782747,0.039376112809040825,0.04503961081044719,0.29512210109863213,0.375379018946869,0.4592239947493566,
1000,base6,1,151,1,,1071.5540671190247,exchangeable_varying_sigma,0.18,fixed,0.18,0.18,fixed,0.18,1.0,mixed,0.0,0.02436055572595262,0.06285564270256468,0.08269039530786539,0.007928609382193363,0.009440198735672681,0.06355832462584271,0.08348064920356195,0.008369180233398027,0.009708884249507034,0.17270929585116263,0.20080429529696042,0.02436055572595262,
1000,base6,1,151,1,,1162.7279968289658,exchangeable_varying_sigma,0.18,fixed,0.18,0.18,fixed,0.18,1.0,mixed,0.3,-0.143772278721876,0.06036602386356695,0.0793792996433646,0.03973599859825935,0.04669808992189692,0.06025972527305235,0.07931442657388202,0.03642724642602574,0.040503822730026486,0.20244938203367008,0.2320431065729842,0.143772278721876,
1000,base6,1,151,1,,1032.661963349674,exchangeable_varying_sigma,0.18,fixed,0.18,0.18,fixed,0.18,1.0,mixed,0.6,-0.23491165833143218,0.060362130427191095,0.0792689877442223,0.04352439748286388,0.05168927510374353,0.05719658829533821,0.07506532731933885,0.039955291515284416,0.043677181551469164,0.21678219994358608,0.24534722824797486,0.23491165833143218,
1000,base6,1,151,1,,1256.685965645127,exchangeable_varying_sigma,0.18,fixed,0.18,0.18,fixed,0.18,1.0,mixed,0.9,-0.31757905653079943,0.06046086921150887,0.07919229185084568,0.04722230717893472,0.05693513742090509,0.050916609690679016,0.06632961772604165,0.04362520297386298,0.047216954513975444,0.23170285795270046,0.2589325064896585,0.31757905653079943,
2000,base5,1,151,1,,4926.14939498296,exchangeable_varying_sigma,0.18,fixed,0.18,0.18,fixed,0.18,1.0,mixed,0.0,0.02021140187412722,0.06221378411489757,0.08556021875773291,0.016306501994054118,0.018100716264943494,0.06480952877272184,0.09139982347362742,0.018323870100148312,0.02092342114138498,0.39693082825957937,0.5609124228132517,0.02021140187412722,
2000,base5,1,151,1,,4408.440003291238,exchangeable_varying_sigma,0.18,fixed,0.18,0.18,fixed,0.18,1.0,mixed,0.3,-0.115870969410134,0.062323071947001436,0.08517022537812298,0.02694602408196542,0.0303150839060255,0.06462189020822486,0.09079370674624244,0.028898420047331674,0.033298462087336986,0.41147178710538423,0.579330498227842,0.115870969410134,
2000,base5,1,151,1,,4211.071467594244,exchangeable_varying_sigma,0.18,fixed,0.18,0.18,fixed,0.18,1.0,mixed,0.6,-0.24798874750922023,0.06221197686258265,0.0851766952108461,0.028797947262308554,0.03198637998487687,0.0629340564000641,0.08949707950356922,0.03148365528541863,0.03616928823431111,0.41420527862484674,0.5809048355872138,0.24798874750922023,
2000,base5,1,151,1,,4476.295157458633,exchangeable_varying_sigma,0.18,fixed,0.18,0.18,fixed,0.18,1.0,mixed,0.9,-0.3792658515729639,0.06202651937249953,0.08520474635189088,0.03019403419240621,0.03308548133664723,0.059440908546803874,0.08695838980633654,0.03324332639199912,0.0380239225841951,0.416030648102115,0.5806724282926135,0.3792658515729639,
2000,base6,1,151,1,,4745.839623166248,exchangeable_varying_sigma,0.18,fixed,0.18,0.18,fixed,0.18,1.0,mixed,0.0,0.01721953315899042,0.044499773053883175,0.05709585159483946,0.014752671826287991,0.01717903722741684,0.045200859060471874,0.057998779350359936,0.016570858538907038,0.018462953943952105,0.06944363455704443,0.0795204802762787,0.01721953315899042,
2000,base6,1,151,1,,4432.200734874234,exchangeable_varying_sigma,0.18,fixed,0.18,0.18,fixed,0.18,1.0,mixed,0.3,-0.08166206887274932,0.0459513891281132,0.059025182719256546,0.028499854249732337,0.031114415840838756,0.04592522980332696,0.05902760712659364,0.02978787437667199,0.03123626690036438,0.07764557158733122,0.09289426747657656,0.08166206887274932,
2000,base6,1,151,1,,3961.153616005089,exchangeable_varying_sigma,0.18,fixed,0.18,0.18,fixed,0.18,1.0,mixed,0.6,-0.15653119634285523,0.04626523672801679,0.05939430982965646,0.03035177743007561,0.03284371725383744,0.043896528875494126,0.05646144494810905,0.031879776229802814,0.033349992834732486,0.07952271114196385,0.0961948586931511,0.15653119634285523,
2000,base6,1,151,1,,3055.0410130159,exchangeable_varying_sigma,0.18,fixed,0.18,0.18,fixed,0.18,1.0,mixed,0.9,-0.23098380297502863,0.046666267267205665,0.059860419563738276,0.03174786436017296,0.03403156209015401,0.03968149190347961,0.05114036965833238,0.033052674616595334,0.03443150602640361,0.08038370355219411,0.09849150270363172,0.23098380297502863,
1000,base5,2,152,1,,1179.472601427231,exchangeable_varying_sigma,0.18,fixed,0.18,0.18,fixed,0.18,1.0,mixed,0.0,0.029194959330870712,0.08580513910485735,0.11915276911233937,0.03138882554624656,0.04089159521086123,0.08940789511340262,0.12482181851901326,0.03266523468172344,0.0428166595623424,0.3518782878130693,0.467507506129281,0.029194959330870712,
1000,base5,2,152,1,,1174.744036655873,exchangeable_varying_sigma,0.18,fixed,0.18,0.18,fixed,0.18,1.0,mixed,0.3,-0.19521807664553742,0.08505372710763641,0.11929070951065568,0.042357479667864406,0.05341372278831449,0.0869064841192053,0.12293472817359014,0.04642951189774247,0.05661426986666213,0.34075930395407944,0.45391965199184403,0.19521807664553742,
1000,base5,2,152,1,,1016.0837196232751,exchangeable_varying_sigma,0.18,fixed,0.18,0.18,fixed,0.18,1.0,mixed,0.6,-0.352812130180675,0.08639047601804208,0.12152966173524746,0.04728864608338865,0.0574411840233093,0.08582338467329476,0.12231580081260184,0.05127921828529022,0.06122889557123827,0.33648602298519464,0.45136733050161737,0.352812130180675,
1000,base5,2,152,1,,1268.249623730313,exchangeable_varying_sigma,0.18,fixed,0.18,0.18,fixed,0.18,1.0,mixed,0.9,-0.5030393064877197,0.08805637563758244,0.12419671501469136,0.05213354928950101,0.06124465311536362,0.08348045932623292,0.12026413054173826,0.05631634235232211,0.06504961273354792,0.33164315234996217,0.4466089313080816,0.5030393064877197,
1000,base6,2,152,1,,1045.1795104653575,exchangeable_varying_sigma,0.18,fixed,0.18,0.18,fixed,0.18,1.0,mixed,0.0,0.04505383530324708,0.06720719993037018,0.09484210482220375,0.023806155664405304,0.03624132976722821,0.06802378358361691,0.09585808663236384,0.022140263554400602,0.032718449871060616,0.21994456088866496,0.2635541657575013,0.04505383530324708,
1000,base6,2,152,1,,1217.089942349121,exchangeable_varying_sigma,0.18,fixed,0.18,0.18,fixed,0.18,1.0,mixed,0.3,-0.08249147174739405,0.06485596149016684,0.0947040679196945,0.03772613819265089,0.04353286742296079,0.06406661842100941,0.09327936101633305,0.03287259536080561,0.04082681819646749,0.16496379069769154,0.19799749003335085,0.08249147174739405,
1000,base6,2,152,1,,1272.5290622999892,exchangeable_varying_sigma,0.18,fixed,0.18,0.18,fixed,0.18,1.0,mixed,0.6,-0.1913122785388841,0.06569088007969502,0.09725137173284511,0.04265730460817463,0.04808959283400009,0.06138661145065224,0.09049863662833561,0.036678653587221555,0.044429065270191664,0.16424793874341237,0.1980212506637833,0.1913122785388841,
1000,base6,2,152,1,,1278.9144371389411,exchangeable_varying_sigma,0.18,fixed,0.18,0.18,fixed,0.18,1.0,mixed,0.9,-0.29637204800501105,0.06664317817659231,0.1001579071103829,0.04750220781428535,0.052491341068955984,0.05570224113366649,0.08363774515627656,0.03982655410048136,0.04691837516752075,0.1683729635532302,0.2035754784115038,0.29637204800501105,
2000,base5,2,152,1,,5084.243830591906,exchangeable_varying_sigma,0.18,fixed,0.18,0.18,fixed,0.18,1.0,mixed,0.0,0.01904417387076668,0.06568492463800889,0.09031215807201688,0.015939545969251845,0.016277328499028545,0.06850988914156501,0.09539225495058087,0.012242566164879537,0.013624578679542115,0.3973648832955253,0.5323387226402445,0.01904417387076668,
2000,base5,2,152,1,,4670.353902669158,exchangeable_varying_sigma,0.18,fixed,0.18,0.18,fixed,0.18,1.0,mixed,0.3,-0.10325975219326927,0.06590939995701958,0.09063480139808686,0.02106858375597981,0.026500540855880345,0.06870321679527701,0.09592304045520207,0.022289283764837242,0.026557132716684174,0.42400063274974936,0.5766164806309935,0.10325975219326927,
2000,base5,2,152,1,,4873.066414793953,exchangeable_varying_sigma,0.18,fixed,0.18,0.18,fixed,0.18,1.0,mixed,0.6,-0.24502410434923966,0.06576701433193939,0.09033509599780985,0.023356303331147937,0.028911577598904777,0.06699474466223505,0.09421457864750217,0.024251472217614867,0.028390543833450976,0.42803562989820715,0.5832324607420545,0.24502410434923966,
2000,base5,2,152,1,,4855.385213965084,exchangeable_varying_sigma,0.18,fixed,0.18,0.18,fixed,0.18,1.0,mixed,0.9,-0.3908863319725009,0.06553597645005592,0.0898854498601283,0.02558332966177304,0.03106902793366286,0.06382815908068219,0.09121887354161455,0.025467995935389676,0.029448759798864164,0.4336532612181189,0.5906423856478382,0.3908863319725009,
2000,base6,2,152,1,,4806.832403177861,exchangeable_varying_sigma,0.18,fixed,0.18,0.18,fixed,0.18,1.0,mixed,0.0,0.018835136594161275,0.04530835945022977,0.05886658404140868,0.01048991220930054,0.012815485185570814,0.045776026256917214,0.05957792751976318,0.009055571463914683,0.012650055086905991,0.08964360783838271,0.11071612739937835,0.018835136594161275,
2000,base6,2,152,1,,4248.090010170825,exchangeable_varying_sigma,0.18,fixed,0.18,0.18,fixed,0.18,1.0,mixed,0.3,-0.0745644697734554,0.04608879382412829,0.05971946098072178,0.0270975026168611,0.03185069273958284,0.046309429644892056,0.06001932335445648,0.02843994311124734,0.032521819070868464,0.09953592912364372,0.12445900389465997,0.0745644697734554,
2000,base6,2,152,1,,3345.663211603649,exchangeable_varying_sigma,0.18,fixed,0.18,0.18,fixed,0.18,1.0,mixed,0.6,-0.14872504165970357,0.045876761364616186,0.0593514089822707,0.029484884071815112,0.03414900074346125,0.043991816096258955,0.05695834194132084,0.030482669561496242,0.03452697777724622,0.09943366636897906,0.12562273092980308,0.14872504165970357,
2000,base6,2,152,1,,2950.4943129979074,exchangeable_varying_sigma,0.18,fixed,0.18,0.18,fixed,0.18,1.0,mixed,0.9,-0.22289795151725855,0.04549377643790304,0.05877934320222556,0.03172102624815577,0.036150398556150716,0.03922677033906748,0.05081238464215987,0.03160894897545563,0.03527183716603175,0.09757442887167293,0.12560955753651645,0.22289795151725855,
1000,base5,0,123,1,,1113.530704341014,exchangeable_varying_sigma,0.18,fixed,0.18,0.18,fixed,0.18,1.0,sin,0.0,0.04223394400985865,0.08263733786794226,0.11223733337489496,0.02545532033879784,0.03479005100201933,0.08562474191642028,0.11679381352106442,0.02739888200701479,0.031325609607793306,0.23474044648687892,0.28648262653516077,0.04223394400985865,
1000,base5,0,123,1,,1492.1452192770084,exchangeable_varying_sigma,0.18,fixed,0.18,0.18,fixed,0.18,1.0,sin,0.3,-0.13877937925169156,0.0776399096664166,0.10392586838234584,0.03699555925340642,0.03816058904797591,0.08050540753762807,0.10867798830544335,0.041808459539103726,0.04284607951421734,0.2685727529182659,0.3351119063687097,0.13877937925169156,
1000,base5,0,123,1,,1040.2842063190183,exchangeable_varying_sigma,0.18,fixed,0.18,0.18,fixed,0.18,1.0,sin,0.6,-0.2944360547586663,0.07746203855541829,0.10365991542825537,0.03711616860996059,0.03836541029962242,0.07858369631671915,0.10708815064260946,0.04362081178380853,0.044879230715240845,0.272799319830586,0.33735793864701985,0.2944360547586663,
1000,base5,0,123,1,,1511.8683434620034,exchangeable_varying_sigma,0.18,fixed,0.18,0.18,fixed,0.18,1.0,sin,0.9,-0.4512595361426621,0.07758499185465569,0.10371301278185165,0.036461581738038706,0.0379103953227254,0.07479552655303402,0.10419488936099726,0.04368663389607827,0.04545732913139637,0.278074497677822,0.3407044381803208,0.4512595361426621,
1000,base6,0,123,1,,1300.641513844952,exchangeable_varying_sigma,0.18,fixed,0.18,0.18,fixed,0.18,1.0,sin,0.0,-0.02627071019183811,0.06283270901745851,0.08537473627506878,0.018781713875733422,0.02354688219854443,0.06336943459940912,0.08607040976865973,0.02230600501789083,0.026223003903006664,0.19377792278682657,0.21894017391633994,0.02627071019183811,
1000,base6,0,123,1,,1180.2238127319142,exchangeable_varying_sigma,0.18,fixed,0.18,0.18,fixed,0.18,1.0,sin,0.3,-0.15877042305048317,0.059858856293647414,0.08106399381127351,0.0169767424479408,0.022481206149284824,0.06003564384898054,0.08097611059968374,0.01818982870545746,0.022713018935495696,0.22961218123641863,0.24999416753270287,0.15877042305048317,
1000,base6,0,123,1,,1177.275208383915,exchangeable_varying_sigma,0.18,fixed,0.18,0.18,fixed,0.18,1.0,sin,0.6,-0.25266513949470126,0.059933280051167395,0.08116579836950455,0.016236275279302118,0.023359035105560984,0.05706543723839687,0.07711433389762114,0.021094151218659485,0.024366002818932194,0.24332283468152197,0.26369467044276723,0.25266513949470126,
1000,base6,0,123,1,,1487.0845725019462,exchangeable_varying_sigma,0.18,fixed,0.18,0.18,fixed,0.18,1.0,sin,0.9,-0.3377381888768155,0.06028715977869459,0.0817133712861356,0.014540523757321455,0.023679426369934392,0.051179935341185055,0.0697754529325849,0.02301341247070779,0.02534708106294379,0.25663578201787823,0.27721155140676396,0.3377381888768155,
2000,base5,0,123,1,,4958.109360343078,exchangeable_varying_sigma,0.18,fixed,0.18,0.18,fixed,0.18,1.0,sin,0.0,-0.04323642880843262,0.06382664803423142,0.08817788323548251,0.010068863060010758,0.013070318776122495,0.06703431355173277,0.09421481344349304,0.01499949572499766,0.01828526764817506,0.3562324005717359,0.4822770762368309,0.04323642880843262,
2000,base5,0,123,1,,5615.582892921055,exchangeable_varying_sigma,0.18,fixed,0.18,0.18,fixed,0.18,1.0,sin,0.3,-0.1921243691663205,0.06454982574794355,0.08741868064237725,0.01486054163963682,0.01699249659043079,0.06731419077684557,0.09289342591010531,0.012138862882125956,0.013324013506575923,0.34681062548764335,0.4772213909809637,0.1921243691663205,
2000,base5,0,123,1,,6370.558889128035,exchangeable_varying_sigma,0.18,fixed,0.18,0.18,fixed,0.18,1.0,sin,0.6,-0.32309847202281256,0.06475782474658485,0.08744452720385594,0.015785973826650146,0.018091472912128044,0.06576232407873982,0.09144094396096666,0.014214683052626492,0.015527331384423085,0.34246428688285246,0.4685823341358148,0.32309847202281256,
2000,base5,0,123,1,,5663.3150197938085,exchangeable_varying_sigma,0.18,fixed,0.18,0.18,fixed,0.18,1.0,sin,0.9,-0.4493046420207872,0.06504205331198562,0.08744289562851719,0.01666790741294563,0.019227792382533842,0.06290546503807692,0.08888095937655498,0.016339921761105047,0.017767405101018544,0.33724670653690386,0.4580017390044144,0.4493046420207872,
2000,base6,0,123,1,,5073.183491360862,exchangeable_varying_sigma,0.18,fixed,0.18,0.18,fixed,0.18,1.0,sin,0.0,-0.020514933660932377,0.04614229030912787,0.058654332924388035,0.0044403849869606715,0.004975578614521916,0.04675861635868683,0.059444795291484366,0.006561221044523349,0.007142153740994606,0.08539248078388459,0.10683769213663363,0.020514933660932377,
2000,base6,0,123,1,,6785.338191751158,exchangeable_varying_sigma,0.18,fixed,0.18,0.18,fixed,0.18,1.0,sin,0.3,-0.08039203034044226,0.04482738750765999,0.057789290335030934,0.010392385099675994,0.011119152613772472,0.04489273310050121,0.057767684414432766,0.012684178452863681,0.013221781261702294,0.0861033293819963,0.10551379103247861,0.08039203034044226,
2000,base6,0,123,1,,4231.762051989092,exchangeable_varying_sigma,0.18,fixed,0.18,0.18,fixed,0.18,1.0,sin,0.6,-0.15319308029324613,0.044803091228853044,0.05768700981973063,0.01176539021380374,0.012506147805199746,0.04277654097601297,0.05501550342563218,0.014160194997027253,0.015038729756039326,0.08862948081756315,0.10794870317343098,0.15319308029324613,
2000,base6,0,123,1,,3862.494071488967,exchangeable_varying_sigma,0.18,fixed,0.18,0.18,fixed,0.18,1.0,sin,0.9,-0.2267859461937619,0.0448184398697403,0.05745716955372208,0.013062009211867343,0.013880965304837357,0.03846422199876053,0.049655065310556294,0.015780136435408737,0.017195011309623462,0.09012380148812739,0.10989378616516288,0.2267859461937619,
1000,base5,1,124,1,,1267.4491949760122,exchangeable_varying_sigma,0.18,fixed,0.18,0.18,fixed,0.18,1.0,sin,0.0,-0.011782182434096945,0.0788257186713517,0.10942592446558154,0.027273504573385857,0.030396570949528197,0.08225404501795652,0.11522539399631133,0.026597531824574916,0.030321531146045126,0.2695081812600705,0.32988658537737003,0.011782182434096945,
1000,base5,1,124,1,,1598.6206831849413,exchangeable_varying_sigma,0.18,fixed,0.18,0.18,fixed,0.18,1.0,sin,0.3,-0.19726141672084652,0.08122966488045036,0.10949620262933597,0.025918492600198934,0.030708189126626338,0.08387576135192015,0.11435049245259313,0.029930381882512153,0.037195755321776776,0.26381093387155746,0.325332285358755,0.19726141672084652,
1000,base5,1,124,1,,1021.5729199449997,exchangeable_varying_sigma,0.18,fixed,0.18,0.18,fixed,0.18,1.0,sin,0.6,-0.35781641253060015,0.08160392612321318,0.10992241097714625,0.028064799148354858,0.03396459142725475,0.0823422506159941,0.11291777386070591,0.032694022064579026,0.0406895374227464,0.26252760286330556,0.32534269481843003,0.35781641253060015,
1000,base5,1,124,1,,1425.1930449830834,exchangeable_varying_sigma,0.18,fixed,0.18,0.18,fixed,0.18,1.0,sin,0.9,-0.5163176280416403,0.08174981242593406,0.11038644226970472,0.03101555160724634,0.03722287341759733,0.07904812031102738,0.11022301280322135,0.034460894122410685,0.04296811286256158,0.2618394334816553,0.32556950600885737,0.5163176280416403,
1000,base6,1,124,1,,1550.3875931269722,exchangeable_varying_sigma,0.18,fixed,0.18,0.18,fixed,0.18,1.0,sin,0.0,0.026288446147443568,0.05832437578901307,0.0780707266366221,0.017528572872681086,0.02475200162987889,0.05919082560940884,0.07926698425788926,0.014574422816222149,0.022484613116784676,0.2846643010911446,0.30599513436152315,0.026288446147443568,
1000,base6,1,124,1,,971.7829964279663,exchangeable_varying_sigma,0.18,fixed,0.18,0.18,fixed,0.18,1.0,sin,0.3,-0.09334748894487985,0.05724641173385673,0.07661206998381564,0.025286710529484835,0.034075659724385345,0.05721936326445635,0.07637509945869649,0.026582785462167302,0.03664693963005108,0.2781409607590978,0.29021940488796233,0.09334748894487985,
1000,base6,1,124,1,,991.3093764249934,exchangeable_varying_sigma,0.18,fixed,0.18,0.18,fixed,0.18,1.0,sin,0.6,-0.19965597418851744,0.05719781326276175,0.07710117248626773,0.02743301707764023,0.03753184246043737,0.05462251587832048,0.073217055935556,0.028110295535074104,0.03866282238294982,0.2737032457837645,0.2842535082634882,0.19965597418851744,
1000,base6,1,124,1,,1834.335325476015,exchangeable_varying_sigma,0.18,fixed,0.18,0.18,fixed,0.18,1.0,sin,0.9,-0.3066266052699125,0.056987585750264705,0.0776755315782394,0.029922962851511442,0.040965799709390786,0.04938162379914041,0.06688949151113684,0.027978857073788055,0.039311034848925876,0.26962946245720526,0.2794894419300736,0.3066266052699125,
2000,base5,1,124,1,,3990.8084732359275,exchangeable_varying_sigma,0.18,fixed,0.18,0.18,fixed,0.18,1.0,sin,0.0,-0.04786237446177405,0.0656722982184267,0.09011935624698057,0.010093346021510005,0.011428187840427791,0.06869957653093037,0.09568594986724735,0.0061493785239443155,0.00699106981097822,0.36810511713987304,0.5035328736664756,0.04786237446177405,
2000,base5,1,124,1,,6666.200643544085,exchangeable_varying_sigma,0.18,fixed,0.18,0.18,fixed,0.18,1.0,sin,0.3,-0.17209401752577783,0.06594252634416685,0.09103043924257936,0.018629152545691516,0.02590913354171964,0.06822858445114022,0.09545186512584294,0.01704903440985539,0.023537358131484012,0.3508625381509882,0.4653620787912292,0.17209401752577783,
2000,base5,1,124,1,,3813.1933313671034,exchangeable_varying_sigma,0.18,fixed,0.18,0.18,fixed,0.18,1.0,sin,0.6,-0.30321239456182203,0.0656721324668522,0.09091332028852865,0.019297636488811637,0.027051544386376494,0.06653890634067691,0.0937681591609849,0.01737716254896088,0.02430300775289231,0.34780356571072146,0.4589041245960886,0.30321239456182203,
2000,base5,1,124,1,,3752.650106848916,exchangeable_varying_sigma,0.18,fixed,0.18,0.18,fixed,0.18,1.0,sin,0.9,-0.43474694792012153,0.06524362514029121,0.09066307161006716,0.02142949227587229,0.028225737452244003,0.06329515861869,0.09101850025082305,0.017148485691342474,0.024768859520954898,0.34446740449386826,0.4524321199396461,0.43474694792012153,
2000,base6,1,124,1,,6320.4917927070055,exchangeable_varying_sigma,0.18,fixed,0.18,0.18,fixed,0.18,1.0,sin,0.0,-0.017566586220007816,0.046035670624058465,0.058090321488375285,0.007912608293176221,0.008256917262301964,0.046619038129399853,0.05874447507183374,0.006525380785928375,0.0069165399626569075,0.06501187234074678,0.08397573314522523,0.017566586220007816,
2000,base6,1,124,1,,3927.5906043460127,exchangeable_varying_sigma,0.18,fixed,0.18,0.18,fixed,0.18,1.0,sin,0.3,-0.08906101859054188,0.04526500868298221,0.05818830285467077,0.02068583220246925,0.02225470992723743,0.045114908255648324,0.057896300745574183,0.018646450531584424,0.021101506618368435,0.07676984223866855,0.09191535054133593,0.08906101859054188,
2000,base6,1,124,1,,5861.797413262073,exchangeable_varying_sigma,0.18,fixed,0.18,0.18,fixed,0.18,1.0,sin,0.6,-0.16025164919385293,0.045075690082426026,0.057887185398439726,0.022715559398115148,0.023945677987785092,0.04290194551385515,0.05480751483126116,0.02097785078654746,0.022979099533032146,0.08455864950949683,0.09920530410227998,0.16025164919385293,
2000,base6,1,124,1,,6709.198813126888,exchangeable_varying_sigma,0.18,fixed,0.18,0.18,fixed,0.18,1.0,sin,0.9,-0.23146999969262338,0.0446826429209403,0.057313020368251706,0.024847415185176136,0.025703520448328087,0.03858193851459383,0.04937892007572683,0.02414895545116344,0.025440741248224683,0.09220401680783878,0.10754033845079711,0.23146999969262338,
1000,base5,2,125,1,,1673.869347851025,exchangeable_varying_sigma,0.18,fixed,0.18,0.18,fixed,0.18,1.0,sin,0.0,0.026581507205932855,0.07787692284165496,0.10471373686390491,0.031636257964451256,0.0364148003749485,0.08054664250550332,0.1093763374029706,0.025324211705123098,0.03283706562404309,0.2504414016455491,0.3243510396751371,0.026581507205932855,
1000,base5,2,125,1,,1557.2403188190656,exchangeable_varying_sigma,0.18,fixed,0.18,0.18,fixed,0.18,1.0,sin,0.3,-0.08258209369279304,0.07875170557810011,0.10647810564582456,0.03756411531563583,0.040316761553647065,0.0809433193777118,0.11025108537788335,0.02199952124947302,0.0231549207998584,0.24832374252180295,0.31310350738071474,0.08258209369279304,
1000,base5,2,125,1,,1344.6530393350404,exchangeable_varying_sigma,0.18,fixed,0.18,0.18,fixed,0.18,1.0,sin,0.6,-0.23286803163557424,0.07858930501776806,0.10604339184572784,0.037297303258266634,0.04137324595795583,0.07817567329657217,0.10704099038706405,0.019712279994592324,0.02246454389686686,0.2462623342771907,0.312209236955333,0.23286803163557424,
1000,base5,2,125,1,,1172.652707154979,exchangeable_varying_sigma,0.18,fixed,0.18,0.18,fixed,0.18,1.0,sin,0.9,-0.38538561599365506,0.0782769926878153,0.10514558169805896,0.03624836089944286,0.04293743902764099,0.07288395165361772,0.10138098228751403,0.016338912204654665,0.02398427638999361,0.2428232908530791,0.31018235638650526,0.38538561599365506,
1000,base6,2,125,1,,995.3800983319525,exchangeable_varying_sigma,0.18,fixed,0.18,0.18,fixed,0.18,1.0,sin,0.0,0.002625755865536137,0.06152443545666154,0.07932206466361297,0.015612626979555788,0.01815035952433514,0.0620103848159924,0.07987339878531566,0.022197869615084936,0.023337181228716992,0.1909052795558222,0.20675002700923312,0.002625755865536137,
1000,base6,2,125,1,,1795.013170880964,exchangeable_varying_sigma,0.18,fixed,0.18,0.18,fixed,0.18,1.0,sin,0.3,-0.054249606410404105,0.061554046985575796,0.08119346025743365,0.021872984787058375,0.023844604358151247,0.061069789749576324,0.08048916653285969,0.01827782167141584,0.020995911189485274,0.20842996383635182,0.22780144650472908,0.054249606410404105,
1000,base6,2,125,1,,1076.2932390019996,exchangeable_varying_sigma,0.18,fixed,0.18,0.18,fixed,0.18,1.0,sin,0.6,-0.15441789853794086,0.06127596935816855,0.08081468674675264,0.021606172729686596,0.025257303574052807,0.057610262550543155,0.0760837566830962,0.01691007776651035,0.020138215404970405,0.20302087491183768,0.22319028487311512,0.15441789853794086,
1000,base6,2,125,1,,1040.7291911100037,exchangeable_varying_sigma,0.18,fixed,0.18,0.18,fixed,0.18,1.0,sin,0.9,-0.25987761191971226,0.06051194790766332,0.07989402835552813,0.020971468139799138,0.027365062671583066,0.05021237941641452,0.06733590774269452,0.01480931153196488,0.02038064959663252,0.1958162189934553,0.2175199064282357,0.25987761191971226,
2000,base5,2,125,1,,6061.122632169165,exchangeable_varying_sigma,0.18,fixed,0.18,0.18,fixed,0.18,1.0,sin,0.0,0.027136421657588363,0.06571887125897574,0.09000737423198225,0.007808048544097529,0.008994947596236662,0.06845833298722918,0.09532814810324859,0.01318811435074739,0.016172336339110076,0.33766112688162964,0.4556151241927323,0.027136421657588363,
2000,base5,2,125,1,,6613.4641553210095,exchangeable_varying_sigma,0.18,fixed,0.18,0.18,fixed,0.18,1.0,sin,0.3,-0.11833900545739867,0.06422722961104554,0.0877817285284709,0.0210584746848195,0.02514472751829241,0.06679688051917017,0.09347928937997159,0.01722587999046163,0.023418777124543076,0.36548628132334204,0.4868040871746037,0.11833900545739867,
2000,base5,2,125,1,,6035.313970671967,exchangeable_varying_sigma,0.18,fixed,0.18,0.18,fixed,0.18,1.0,sin,0.6,-0.2509649244954886,0.06422855333244548,0.08772605120867402,0.024043438877928314,0.02869242061256157,0.06524897861196342,0.09253717513825589,0.019205289191698005,0.02619501755495131,0.3657507948419713,0.4873070119790168,0.2509649244954886,
2000,base5,2,125,1,,3689.5013712039217,exchangeable_varying_sigma,0.18,fixed,0.18,0.18,fixed,0.18,1.0,sin,0.9,-0.3829076153240545,0.06430331750314608,0.08777487309747588,0.027678723935296273,0.03287096158832074,0.06220406782284138,0.09059134077805402,0.021764787133167512,0.030169645440728733,0.36505058934624557,0.4870784034003266,0.3829076153240545,
2000,base6,2,125,1,,4352.442547205137,exchangeable_varying_sigma,0.18,fixed,0.18,0.18,fixed,0.18,1.0,sin,0.0,0.019769819334840264,0.04663581038977904,0.059022075883385344,0.010728133158826897,0.017346148166513548,0.047227968799094695,0.05986452731876222,0.012546499397569619,0.020612095389962417,0.07023347815068201,0.08698696231090046,0.019769819334840264,
2000,base6,2,125,1,,6516.0428012509365,exchangeable_varying_sigma,0.18,fixed,0.18,0.18,fixed,0.18,1.0,sin,0.3,-0.07720585860949655,0.04396018744546057,0.05639562333957133,0.015331212556326135,0.017926841519461896,0.04415440082833081,0.05674811875597304,0.014318597137101957,0.016847502535787918,0.062376052156034575,0.07996230805189353,0.07720585860949655,
2000,base6,2,125,1,,6056.918170426972,exchangeable_varying_sigma,0.18,fixed,0.18,0.18,fixed,0.18,1.0,sin,0.6,-0.15319625662681785,0.04409742131593253,0.05632889608193387,0.01831617674943592,0.02111211105676271,0.042294468336865586,0.05420208131598433,0.015919621709329562,0.018623355062753224,0.06467933497280272,0.08131163972107196,0.15319625662681785,
2000,base6,2,125,1,,3857.222741808975,exchangeable_varying_sigma,0.18,fixed,0.18,0.18,fixed,0.18,1.0,sin,0.9,-0.22795960061241516,0.044390293231449544,0.05642752262675049,0.021951461806804767,0.02501073105730849,0.03827073755246664,0.04888745652485805,0.018808003128714612,0.021561737670762034,0.06824535043055902,0.08433208764548755,0.22795960061241516,
1000,base5,3,126,1,,1642.46335908107,exchangeable_varying_sigma,0.18,fixed,0.18,0.18,fixed,0.18,1.0,sin,0.0,0.04128263140074424,0.07805384683205088,0.10479234363527727,0.018781431446886654,0.02153377439257817,0.081068064660265,0.10930381367424333,0.012610556338601808,0.015293949507509327,0.23470779794461943,0.27889452841231444,0.04128263140074424,
1000,base5,3,126,1,,1631.6272152829915,exchangeable_varying_sigma,0.18,fixed,0.18,0.18,fixed,0.18,1.0,sin,0.3,-0.15208090354732887,0.07733967540288272,0.10547829313121977,0.019840538262843127,0.027822804247901286,0.07937885136056821,0.10918230642069585,0.02157820727667592,0.027921486176143956,0.22002766452338082,0.2552065083920755,0.15208090354732887,
1000,base5,3,126,1,,1099.2750852330355,exchangeable_varying_sigma,0.18,fixed,0.18,0.18,fixed,0.18,1.0,sin,0.6,-0.31101164792986064,0.07707483206480348,0.10521575673698612,0.02078425141314222,0.0296857941721611,0.07691134481283714,0.10647903918655752,0.021551526935306736,0.029051173528342453,0.2172070693158613,0.2533095592402882,0.31101164792986064,
1000,base5,3,126,1,,1769.2169873919338,exchangeable_varying_sigma,0.18,fixed,0.18,0.18,fixed,0.18,1.0,sin,0.9,-0.47181600897062365,0.07670591108193034,0.10473973374547378,0.020760370137011458,0.031169026642604316,0.07274308296981032,0.10189902684367211,0.020049306329289834,0.02896176685053083,0.2162917528488814,0.25445727241144156,0.47181600897062365,
1000,base6,3,126,1,,1599.6538084889762,exchangeable_varying_sigma,0.18,fixed,0.18,0.18,fixed,0.18,1.0,sin,0.0,0.06443154067086877,0.05934143049222207,0.08211336520269293,0.020033321730774933,0.022976058583276126,0.06006489796487078,0.08295642783488454,0.018989501615192167,0.022262103453789636,0.24330359592487555,0.2659281035446962,0.06443154067086877,
1000,base6,3,126,1,,1599.3339155949652,exchangeable_varying_sigma,0.18,fixed,0.18,0.18,fixed,0.18,1.0,sin,0.3,-0.07495923709567381,0.06365600716292837,0.0862991079637207,0.033601412788999224,0.034608978957351766,0.06394873480946793,0.08598442101560042,0.031079914755746563,0.033048958466610816,0.24099309791763654,0.27335301912561755,0.07495923709567381,
1000,base6,3,126,1,,1357.6462774859974,exchangeable_varying_sigma,0.18,fixed,0.18,0.18,fixed,0.18,1.0,sin,0.6,-0.1852591208675064,0.06321497284573638,0.08611448569153415,0.034545125939296484,0.03612287941718603,0.060822631536274936,0.08194225642691344,0.03114391823735635,0.03378134711784351,0.24164824838708426,0.27215070136353076,0.1852591208675064,
1000,base6,3,126,1,,1673.6175197199918,exchangeable_varying_sigma,0.18,fixed,0.18,0.18,fixed,0.18,1.0,sin,0.9,-0.29906373187434176,0.06256624300145282,0.08561359680654909,0.03452124466316761,0.036975846357319334,0.05428348249741582,0.07383711825413028,0.02989894995079953,0.03347251092166779,0.24248139747699926,0.27027958318242046,0.29906373187434176,
2000,base5,3,126,1,,6032.539758634986,exchangeable_varying_sigma,0.18,fixed,0.18,0.18,fixed,0.18,1.0,sin,0.0,-0.006438836024597003,0.06499980094052045,0.08870477599779862,0.0075835316949401516,0.008728570845977106,0.0676114339772764,0.09363921388141688,0.008118618584893739,0.009289461259566003,0.3573463555242688,0.4697494309732036,0.006438836024597003,
2000,base5,3,126,1,,3672.126838237047,exchangeable_varying_sigma,0.18,fixed,0.18,0.18,fixed,0.18,1.0,sin,0.3,-0.08974090644963204,0.06494900541506402,0.0884733162763715,0.026309574779275285,0.02973095377265594,0.06732088096188364,0.09314060367604354,0.017498496704814487,0.02439653885950533,0.37174803038439985,0.48912387036758953,0.08974090644963204,
2000,base5,3,126,1,,3878.634702977957,exchangeable_varying_sigma,0.18,fixed,0.18,0.18,fixed,0.18,1.0,sin,0.6,-0.22281299288642858,0.064625308774794,0.08824250084962341,0.028069460348122355,0.03142224520513618,0.06543207071152513,0.09146415728211185,0.018433311272438357,0.02490320617771634,0.3812849374789754,0.4991011916694874,0.22281299288642858,
2000,base5,3,126,1,,3789.8028640628327,exchangeable_varying_sigma,0.18,fixed,0.18,0.18,fixed,0.18,1.0,sin,0.9,-0.3602570236861796,0.0640833707578938,0.08780616479357158,0.029594861375229237,0.03276531716039648,0.06163435997958259,0.08847762567544544,0.019264104869562426,0.024686891294790382,0.3939758165357622,0.513508103001172,0.3602570236861796,
2000,base6,3,126,1,,3941.9109957651235,exchangeable_varying_sigma,0.18,fixed,0.18,0.18,fixed,0.18,1.0,sin,0.0,-0.025387095703526943,0.04734931214977552,0.0592879046631351,0.007178976745512183,0.008686643927067472,0.04792559415616275,0.060079521572236644,0.005881358797577563,0.0063502791104576885,0.06804439532407809,0.08270272546146837,0.025387095703526943,
2000,base6,3,126,1,,6257.967828768073,exchangeable_varying_sigma,0.18,fixed,0.18,0.18,fixed,0.18,1.0,sin,0.3,-0.056214432610766474,0.04761232481331009,0.06065755829311295,0.0214858011079887,0.025435484255520457,0.047018715651734856,0.0598182754492218,0.01931107636571852,0.023856776901644342,0.05693187692704257,0.07384953036243093,0.056214432610766474,
2000,base6,3,126,1,,5665.340704563074,exchangeable_varying_sigma,0.18,fixed,0.18,0.18,fixed,0.18,1.0,sin,0.6,-0.13291811534287884,0.04756417428274878,0.06077438920665792,0.023245686676833605,0.027117003134200943,0.04436606442163602,0.05652001313202801,0.020341478919176148,0.025014048587173536,0.05663477330124562,0.0757206809237542,0.13291811534287884,
2000,base6,3,126,1,,3652.7999180881307,exchangeable_varying_sigma,0.18,fixed,0.18,0.18,fixed,0.18,1.0,sin,0.9,-0.212616227406338,0.04736872840198055,0.060780880982977986,0.02477108770394129,0.02846235932962471,0.039379718980736014,0.05047015885242461,0.020780473357580653,0.02550430411183966,0.057029105454726677,0.07897983138066982,0.212616227406338,
1000,base5,0,127,1,,1853.312702480005,exchangeable_varying_sigma,0.18,fixed,0.18,0.18,fixed,0.18,1.0,sin,0.0,-0.022680993385956014,0.08118518079792737,0.11023240444864395,0.021914333719107254,0.027772589233183483,0.0840667858201418,0.11526831312622673,0.014821466126187177,0.01547078440140258,0.2923167094878367,0.3630006782874521,0.022680993385956014,
1000,base5,0,127,1,,1896.6859377459623,exchangeable_varying_sigma,0.18,fixed,0.18,0.18,fixed,0.18,1.0,sin,0.3,-0.11459441841574669,0.07961280505687965,0.10952505351366146,0.04078926471788741,0.04540920462332987,0.08163899415708657,0.11376619314912767,0.037218682473973,0.040782391627996066,0.2982973146276204,0.37433453257633126,0.11459441841574669,
1000,base5,0,127,1,,1621.9659038220998,exchangeable_varying_sigma,0.18,fixed,0.18,0.18,fixed,0.18,1.0,sin,0.6,-0.2715778801023893,0.07945163351749557,0.10945357141834852,0.04329145397419193,0.04949538679496847,0.07927231791988121,0.11145534356623794,0.03892526728015801,0.04315302166873788,0.304546847158138,0.3808436937469279,0.2715778801023893,
1000,base5,0,127,1,,1662.9491435789969,exchangeable_varying_sigma,0.18,fixed,0.18,0.18,fixed,0.18,1.0,sin,0.9,-0.43117340741628146,0.07943124613832775,0.10923692719787623,0.04491877216015158,0.05325763533314001,0.07508634191892564,0.10727107532305251,0.03948837624889895,0.04483708989583686,0.31034863787839906,0.38708650521763255,0.43117340741628146,
1000,base6,0,127,1,,1623.1677888720296,exchangeable_varying_sigma,0.18,fixed,0.18,0.18,fixed,0.18,1.0,sin,0.0,-0.048732129879742285,0.06264717218012968,0.08243137830070943,0.02392311502760941,0.02551996618542918,0.06319253142987284,0.08327143497434919,0.020348230646971166,0.02107647587125998,0.15623466888056942,0.18368899556632853,0.048732129879742285,
1000,base6,0,127,1,,1548.418976085959,exchangeable_varying_sigma,0.18,fixed,0.18,0.18,fixed,0.18,1.0,sin,0.3,-0.06931177931766144,0.06225130296402954,0.08295289730174966,0.038307310603496514,0.04609893647376333,0.06152422144307577,0.08212338657752247,0.03066957402259629,0.04003110984720319,0.13759118406183263,0.16975194396184898,0.06931177931766144,
1000,base6,0,127,1,,1605.8593113438692,exchangeable_varying_sigma,0.18,fixed,0.18,0.18,fixed,0.18,1.0,sin,0.6,-0.17662814566779944,0.06196780866038248,0.08292828523243331,0.04220517406849414,0.050932896657495876,0.05809182870615312,0.07805027435690251,0.03246376897243804,0.043002065729629876,0.13243128616659114,0.16596869337462886,0.17662814566779944,
1000,base6,0,127,1,,1575.7162036779337,exchangeable_varying_sigma,0.18,fixed,0.18,0.18,fixed,0.18,1.0,sin,0.9,-0.28444616232329,0.06147540008246706,0.0827410050548853,0.04584537019439845,0.05561719992750324,0.05123716281685194,0.07006573541614879,0.03433835790106468,0.04587281726882529,0.13082875500386262,0.1648601148065046,0.28444616232329,
2000,base5,0,127,1,,6343.654688909883,exchangeable_varying_sigma,0.18,fixed,0.18,0.18,fixed,0.18,1.0,sin,0.0,0.007959912594643917,0.06688363709233809,0.09297255013318824,0.015624906638854463,0.015721971175850898,0.07006274542744531,0.09925839313467205,0.012533981138331124,0.014483160790333576,0.40019414885833615,0.5491044342659365,0.007959912594643917,
2000,base5,0,127,1,,6323.272162687033,exchangeable_varying_sigma,0.18,fixed,0.18,0.18,fixed,0.18,1.0,sin,0.3,-0.09269339154249134,0.06562727662333652,0.09048530083692916,0.011943009999973705,0.01491182017201481,0.06804383528123494,0.09612359630243984,0.008704798139432326,0.012962197324665425,0.3890234704889318,0.5190948393453132,0.09269339154249134,
2000,base5,0,127,1,,6396.642927482026,exchangeable_varying_sigma,0.18,fixed,0.18,0.18,fixed,0.18,1.0,sin,0.6,-0.23106923048902017,0.06555323764287084,0.09030864333807959,0.012479131247918274,0.01603848068384704,0.06626063456029921,0.0946965285597904,0.008860071769891495,0.014095919356022422,0.39461508740665635,0.5199882877983715,0.23106923048902017,
2000,base5,0,127,1,,6380.9024782869965,exchangeable_varying_sigma,0.18,fixed,0.18,0.18,fixed,0.18,1.0,sin,0.9,-0.3716190305424847,0.06536265497475614,0.09016106194813382,0.013020343765316703,0.01740659918977008,0.0628734578879981,0.09217931442466586,0.0099591698524462,0.015558088614780844,0.40037714853232276,0.5206559733020255,0.3716190305424847,
2000,base6,0,127,1,,6767.153072393034,exchangeable_varying_sigma,0.18,fixed,0.18,0.18,fixed,0.18,1.0,sin,0.0,0.012556299152143905,0.047312782845320756,0.061050249319907914,0.012460507238132329,0.01458348476572935,0.047987526430447264,0.061913543398905875,0.010327503830866641,0.011985123975776637,0.0683879844197851,0.08796741467719223,0.012556299152143905,
2000,base6,0,127,1,,6343.190968361916,exchangeable_varying_sigma,0.18,fixed,0.18,0.18,fixed,0.18,1.0,sin,0.3,-0.03158035176772156,0.0445110631639375,0.05731498799812538,0.007058142943019416,0.008951959005290548,0.04495593539139599,0.05789527352904753,0.0075136029426186995,0.008492846882698636,0.05909419797018626,0.07533510601512236,0.03158035176772156,
2000,base6,0,127,1,,5195.114469667198,exchangeable_varying_sigma,0.18,fixed,0.18,0.18,fixed,0.18,1.0,sin,0.6,-0.110631238900398,0.04434605146167613,0.05703051455587517,0.008615210385217967,0.010460428654776182,0.04314368226880921,0.05546308794710407,0.007583129542124437,0.008704821311131289,0.05003861950524421,0.06977079575068597,0.110631238900398,
2000,base6,0,127,1,,6740.370276368922,exchangeable_varying_sigma,0.18,fixed,0.18,0.18,fixed,0.18,1.0,sin,0.9,-0.192275940543446,0.04415522761539561,0.05677325573410873,0.010491941294089924,0.012248129550630734,0.038968274169746034,0.050171657459595696,0.007539142830635767,0.008834955968070756,0.04259104038473096,0.06707461575173276,0.192275940543446,
1000,base5,1,128,1,,2062.2420616259333,exchangeable_varying_sigma,0.18,fixed,0.18,0.18,fixed,0.18,1.0,sin,0.0,0.04076575608357701,0.0773736284841205,0.10482689716659879,0.029817800412261966,0.034800053579925105,0.08033457461438252,0.10936929870798008,0.02843806250328426,0.03285154460527067,0.290160593138465,0.3720820225223199,0.04076575608357701,
1000,base5,1,128,1,,1853.847583103925,exchangeable_varying_sigma,0.18,fixed,0.18,0.18,fixed,0.18,1.0,sin,0.3,-0.1477151638877197,0.07584834356388732,0.10366232251567356,0.02892067432795882,0.03200413417861651,0.07860161990832315,0.10821857686073406,0.03747506478334506,0.04213651482596084,0.26826120848742063,0.3301224774736271,0.1477151638877197,
1000,base5,1,128,1,,1565.032583490014,exchangeable_varying_sigma,0.18,fixed,0.18,0.18,fixed,0.18,1.0,sin,0.6,-0.3001716328666379,0.07574657307816135,0.10342925659187442,0.031071412687066785,0.03392455913781626,0.07699702938226177,0.1063267993927734,0.039979710082579376,0.04607855429293433,0.26443836760727923,0.3256710232869336,0.3001716328666379,
1000,base5,1,128,1,,1607.4041419960558,exchangeable_varying_sigma,0.18,fixed,0.18,0.18,fixed,0.18,1.0,sin,0.9,-0.45224705831213724,0.07598494165020542,0.10337042347928518,0.032457796063003086,0.035014788551349124,0.07362295124068093,0.10274212259362012,0.04294124187623821,0.04921208789750665,0.2631956023529904,0.32456114705702444,0.45224705831213724,
1000,base6,1,128,1,,1639.638205400901,exchangeable_varying_sigma,0.18,fixed,0.18,0.18,fixed,0.18,1.0,sin,0.0,0.025463276603805294,0.06076397147821984,0.08173310599713368,0.025930115259926112,0.03276368568750217,0.06175849911231864,0.08310369770521955,0.02619784090481743,0.031847464881187545,0.15932046225030885,0.18835642723963877,0.025463276603805294,
1000,base6,1,128,1,,1561.2785397139378,exchangeable_varying_sigma,0.18,fixed,0.18,0.18,fixed,0.18,1.0,sin,0.3,-0.11984271484980916,0.06223406586589533,0.08532291116360435,0.03337537113893993,0.03429889809812174,0.0621589130211857,0.08572907029348602,0.03402418758703231,0.03521415278928925,0.19030268376282294,0.20971903457349164,0.11984271484980916,
1000,base6,1,128,1,,1543.4574908481445,exchangeable_varying_sigma,0.18,fixed,0.18,0.18,fixed,0.18,1.0,sin,0.6,-0.21886488569901813,0.0623385259030048,0.08492950692145462,0.035526109498049824,0.036325533410185386,0.05935869999341928,0.08183363741521953,0.035904628931203816,0.03683645379807039,0.1957346980486988,0.21360747726777932,0.21886488569901813,
1000,base6,1,128,1,,1549.82786768605,exchangeable_varying_sigma,0.18,fixed,0.18,0.18,fixed,0.18,1.0,sin,0.9,-0.31609200327660425,0.06252030064163432,0.0844935759379901,0.03691249287398635,0.03752161941313223,0.05348559532209109,0.0736586089851769,0.03602442717223425,0.03674902824376953,0.19998504287508248,0.21681100698977013,0.31609200327660425,
2000,base5,1,128,1,,6285.553770110942,exchangeable_varying_sigma,0.18,fixed,0.18,0.18,fixed,0.18,1.0,sin,0.0,0.006672571103148416,0.06444213074972904,0.08767562519182195,0.021038195567265466,0.023069041366007705,0.06779658777774257,0.09349099792136518,0.01598101837131466,0.017320172076854434,0.4383371657985954,0.5989634535988334,0.006672571103148416,
2000,base5,1,128,1,,6456.122168940958,exchangeable_varying_sigma,0.18,fixed,0.18,0.18,fixed,0.18,1.0,sin,0.3,-0.1479038703569919,0.06424611035751543,0.0878679607923524,0.014502563882227745,0.02009298976992044,0.06655539075515385,0.0927628527658936,0.016066903952502917,0.01981590082285188,0.41270479527531756,0.5528760896875534,0.1479038703569919,
2000,base5,1,128,1,,6381.13961161999,exchangeable_varying_sigma,0.18,fixed,0.18,0.18,fixed,0.18,1.0,sin,0.6,-0.27733946689177486,0.06419114841096174,0.08768168633747658,0.016758970617832533,0.02228348463130819,0.06497333792441119,0.0913582373621525,0.018001533199305225,0.022013927241950306,0.4070044646736792,0.5428068477423251,0.27733946689177486,
2000,base5,1,128,1,,6341.5455288831145,exchangeable_varying_sigma,0.18,fixed,0.18,0.18,fixed,0.18,1.0,sin,0.9,-0.4050228295371011,0.06400900475043134,0.08740830613962519,0.01881545246101833,0.024367807519894334,0.06186639250919015,0.08876879702514405,0.019579696069485064,0.024116934964311287,0.4018555244280168,0.5335057294471471,0.4050228295371011,
2000,base6,1,128,1,,7585.342026410857,exchangeable_varying_sigma,0.18,fixed,0.18,0.18,fixed,0.18,1.0,sin,0.0,-0.004969071510911293,0.046574413294136204,0.059247913803814445,0.015957112436200765,0.01658167583128554,0.04726371510508149,0.060005776957863646,0.01487853294871147,0.015509677723368372,0.06907510366424392,0.08386424866100574,0.004969071510911293,
2000,base6,1,128,1,,7110.0556911590975,exchangeable_varying_sigma,0.18,fixed,0.18,0.18,fixed,0.18,1.0,sin,0.3,-0.08974717409354335,0.04519762907934252,0.058042296275693475,0.019583647013295694,0.021835652449363967,0.04585189678092723,0.05885264831891054,0.01904182538705748,0.02038591531968511,0.07071238720109617,0.08308215138876472,0.08974717409354335,
2000,base6,1,128,1,,6033.973042289028,exchangeable_varying_sigma,0.18,fixed,0.18,0.18,fixed,0.18,1.0,sin,0.6,-0.155496989175904,0.044886288429621425,0.05772493820802586,0.021840053748897664,0.024330033283131037,0.044000993247213266,0.05650930940806743,0.021202626129598084,0.022723065789226914,0.06771241561143782,0.08107137078383216,0.155496989175904,
2000,base6,1,128,1,,6539.870183283929,exchangeable_varying_sigma,0.18,fixed,0.18,0.18,fixed,0.18,1.0,sin,0.9,-0.21680134876118373,0.0443938805220679,0.05728968123138361,0.02389653559208542,0.026661892461148383,0.03980243301616391,0.05134485386978404,0.022679083439255995,0.024719773882366073,0.06495187960198265,0.08059787551300655,0.21680134876118373,
1000,base5,2,129,1,,1631.3245830431115,exchangeable_varying_sigma,0.18,fixed,0.18,0.18,fixed,0.18,1.0,sin,0.0,0.011116990206583634,0.07871887495689073,0.10480390752524864,0.03574511336224315,0.03950899923327452,0.08172137234247082,0.10983912733709957,0.026842572208207155,0.03279534621938053,0.28166167899320116,0.3270655288702181,0.011116990206583634,
1000,base5,2,129,1,,1686.1673625658732,exchangeable_varying_sigma,0.18,fixed,0.18,0.18,fixed,0.18,1.0,sin,0.3,-0.22063550804681314,0.0805824805722543,0.10729305567577639,0.029262111395545493,0.03213493610394414,0.08403337394232181,0.11235645237903237,0.023955130491595644,0.02855923342383889,0.2643961676882493,0.31056946528925744,0.22063550804681314,
1000,base5,2,129,1,,1612.3132259340491,exchangeable_varying_sigma,0.18,fixed,0.18,0.18,fixed,0.18,1.0,sin,0.6,-0.36678502556564174,0.07934260069780111,0.10592048495240201,0.03127445183026614,0.033993113251594445,0.08174999081742296,0.11009752916813904,0.025360339535638293,0.028745506768379097,0.2537223817440511,0.298040026988871,0.36678502556564174,
1000,base5,2,129,1,,1611.146849652985,exchangeable_varying_sigma,0.18,fixed,0.18,0.18,fixed,0.18,1.0,sin,0.9,-0.5069767969658892,0.07771941660229081,0.10413965295916161,0.03253364538276832,0.03554299697769943,0.07699990373120928,0.1055556781662959,0.02543720572735196,0.02768810379866574,0.24065979614306293,0.2832666998699275,0.5069767969658892,
1000,base6,2,129,1,,1597.79372453806,exchangeable_varying_sigma,0.18,fixed,0.18,0.18,fixed,0.18,1.0,sin,0.0,0.0010483893992326286,0.057438756694512004,0.07460456053411565,0.030608128066217904,0.03520326663727348,0.058224442907169875,0.07569269638183115,0.023629574787754487,0.03034274992808856,0.22089689677247093,0.2499462312716803,0.0010483893992326286,
1000,base6,2,129,1,,1570.4089360919315,exchangeable_varying_sigma,0.18,fixed,0.18,0.18,fixed,0.18,1.0,sin,0.3,-0.16520016903520676,0.06022310217663241,0.07977576119418171,0.030732761018387372,0.03261307998861391,0.060708487411722765,0.0800840141722447,0.02557600464075592,0.027310730318493775,0.2698537431841938,0.29734913931128704,0.16520016903520676,
1000,base6,2,129,1,,1593.9691413810942,exchangeable_varying_sigma,0.18,fixed,0.18,0.18,fixed,0.18,1.0,sin,0.6,-0.24928498645321845,0.059319324114854535,0.07860764278776418,0.032745101453108896,0.0349466111763505,0.05790546094201714,0.07638979558755687,0.027185602866346872,0.02885693070991738,0.28620234654810367,0.3146997404809686,0.24928498645321845,
1000,base6,2,129,1,,1643.3265787248965,exchangeable_varying_sigma,0.18,fixed,0.18,0.18,fixed,0.18,1.0,sin,0.9,-0.3235147060715523,0.05809037354237652,0.07717541670525098,0.03400429500561196,0.03704484927028431,0.05175511153787027,0.06846184561550288,0.027087850522592896,0.029445663372476706,0.3001977155065874,0.33031595945478887,0.3235147060715523,
2000,base5,2,129,1,,6205.526889852947,exchangeable_varying_sigma,0.18,fixed,0.18,0.18,fixed,0.18,1.0,sin,0.0,0.005240644143731519,0.06491263697713134,0.08874361894417786,0.02196740454971828,0.029079843440024566,0.06756280407262108,0.09370311281092325,0.016664393177748704,0.02694209354085013,0.3362890993393612,0.4469844705831792,0.005240644143731519,
2000,base5,2,129,1,,6353.6341007819865,exchangeable_varying_sigma,0.18,fixed,0.18,0.18,fixed,0.18,1.0,sin,0.3,-0.10605719894147478,0.06551328643868286,0.08973322828995363,0.02803598788917966,0.029959430513950516,0.06782234917968787,0.09456252411789288,0.03158561098185844,0.03335537726418884,0.37311522497620264,0.5036891376221656,0.10605719894147478,
2000,base5,2,129,1,,6268.401157933986,exchangeable_varying_sigma,0.18,fixed,0.18,0.18,fixed,0.18,1.0,sin,0.6,-0.24091206931178843,0.06554051070670391,0.08973312786744105,0.030764096219630666,0.03275253437505512,0.06606566939304777,0.0929984614567748,0.034670284687853686,0.036729317653087776,0.3748603316512008,0.5025778946977375,0.24091206931178843,
2000,base5,2,129,1,,6313.312317369971,exchangeable_varying_sigma,0.18,fixed,0.18,0.18,fixed,0.18,1.0,sin,0.9,-0.38017813209909046,0.06545050198746802,0.0895870300772201,0.03306088780596009,0.03513390261870618,0.06266824434648093,0.09020432552057113,0.03711416290235958,0.039205313620854186,0.3785276989684519,0.5029893707132664,0.38017813209909046,
2000,base6,2,129,1,,7018.730127863819,exchangeable_varying_sigma,0.18,fixed,0.18,0.18,fixed,0.18,1.0,sin,0.0,0.02465852272623291,0.04600364296984193,0.05837643444187976,0.01369186123255299,0.01715444884528378,0.04634153868239995,0.05885613403823723,0.01315547473147051,0.01919065074927129,0.05827189086123532,0.06691906656735752,0.02465852272623291,
2000,base6,2,129,1,,5797.9484860359225,exchangeable_varying_sigma,0.18,fixed,0.18,0.18,fixed,0.18,1.0,sin,0.3,-0.07264513112482512,0.046217333325852476,0.05919293387378291,0.028523808909288073,0.032885824740006134,0.04612972487165405,0.05909985419177164,0.03141292692618519,0.03687061568413196,0.054094543672229635,0.06495789281560288,0.07264513112482512,
2000,base6,2,129,1,,5891.80784090003,exchangeable_varying_sigma,0.18,fixed,0.18,0.18,fixed,0.18,1.0,sin,0.6,-0.14416227462762576,0.04617861539103586,0.05917747992717541,0.03125191723973783,0.035805542393388415,0.04389269058235844,0.05642775271275795,0.03435371499387771,0.04050117579522234,0.055526731075269266,0.06698491643675497,0.14416227462762576,
2000,base6,2,129,1,,7116.443791961065,exchangeable_varying_sigma,0.18,fixed,0.18,0.18,fixed,0.18,1.0,sin,0.9,-0.21479627519093347,0.0460107207767065,0.058944190074822614,0.03354870882606739,0.03819271931954366,0.039328977051428265,0.050856482101130446,0.03650321284919805,0.04302381966786719,0.057464177378382414,0.07005453850526326,0.21479627519093347,
1000,base5,3,130,1,,1818.6402520809788,exchangeable_varying_sigma,0.18,fixed,0.18,0.18,fixed,0.18,1.0,sin,0.0,-0.045221794517280645,0.07705802269723833,0.10203896144238045,0.027747330100818257,0.03300348879732874,0.08024108309116985,0.10744377743607679,0.028788776478128303,0.03314965395748394,0.286803955189218,0.35711937825916573,0.045221794517280645,
1000,base5,3,130,1,,1680.2736968570389,exchangeable_varying_sigma,0.18,fixed,0.18,0.18,fixed,0.18,1.0,sin,0.3,-0.17418179480900378,0.08112106557010272,0.10838608467456694,0.021808647370371317,0.02375121723175151,0.08334251270068653,0.11251746294644102,0.021492179073288667,0.02273451385432647,0.2753762663304117,0.33876211388383826,0.17418179480900378,
1000,base5,3,130,1,,1556.482194364071,exchangeable_varying_sigma,0.18,fixed,0.18,0.18,fixed,0.18,1.0,sin,0.6,-0.3299122249475054,0.08152234854602022,0.10890964980415752,0.025440560715878913,0.026889753457094826,0.08136478110938238,0.10990471032441373,0.02558298248717107,0.026680043873499495,0.2755441844264057,0.34138893493935657,0.3299122249475054,
1000,base5,3,130,1,,1601.918070693966,exchangeable_varying_sigma,0.18,fixed,0.18,0.18,fixed,0.18,1.0,sin,0.9,-0.4869702393833449,0.08163257774388158,0.1090033340341944,0.028524759454185686,0.02945038882054767,0.07726354592074033,0.1052827527030045,0.02921319427664147,0.030235817971229595,0.2755786664941754,0.3447579688019248,0.4869702393833449,
1000,base6,3,130,1,,1584.7776722409762,exchangeable_varying_sigma,0.18,fixed,0.18,0.18,fixed,0.18,1.0,sin,0.0,0.01630754544545522,0.06158586793788616,0.08179907948692958,0.02253787208365901,0.02780564184052664,0.06219851690485128,0.08250083848751989,0.01830476307509002,0.023679604448143675,0.23997870996980503,0.26240906524756885,0.01630754544545522,
1000,base6,3,130,1,,1582.7068812381476,exchangeable_varying_sigma,0.18,fixed,0.18,0.18,fixed,0.18,1.0,sin,0.3,-0.10123793781997481,0.06421069821109365,0.08641849884701304,0.04232744428754011,0.04665356352684561,0.06329538087586482,0.08541491915249774,0.0382162239847563,0.04388034475776608,0.24226605151049374,0.2553264294832044,0.10123793781997481,
1000,base6,3,130,1,,1609.0150344220456,exchangeable_varying_sigma,0.18,fixed,0.18,0.18,fixed,0.18,1.0,sin,0.6,-0.213734363014834,0.06434642088746195,0.08687444250787692,0.04595935763304956,0.05015448127814883,0.059983989458189696,0.08115213522706341,0.0423209690669515,0.04781355001640219,0.22899724450797637,0.24340247672939522,0.213734363014834,
1000,base6,3,130,1,,1552.8740479219705,exchangeable_varying_sigma,0.18,fixed,0.18,0.18,fixed,0.18,1.0,sin,0.9,-0.33148670927112267,0.06400981248421675,0.08669108113076227,0.049043556371355546,0.05308247120212452,0.05378705591952882,0.07293060166376593,0.04551223325672579,0.05068057345644309,0.21294923452533635,0.23029175308250674,0.33148670927112267,
2000,base5,3,130,1,,6269.849777349038,exchangeable_varying_sigma,0.18,fixed,0.18,0.18,fixed,0.18,1.0,sin,0.0,-0.002226786790675724,0.06439362022520012,0.08698187716120323,0.01456535096078948,0.016237790417679625,0.06753027981913783,0.09270371721849438,0.013080761787107681,0.016760225135364577,0.375983883962951,0.4942111993440302,0.002226786790675724,
2000,base5,3,130,1,,6325.312747281976,exchangeable_varying_sigma,0.18,fixed,0.18,0.18,fixed,0.18,1.0,sin,0.3,-0.15086777231901877,0.06293540578380677,0.08488764360877808,0.009246078643190547,0.013306115861257094,0.06545602013592075,0.08997570259621387,0.01133855744956433,0.014580876261250802,0.35351512278567365,0.4566070727890082,0.15086777231901877,
2000,base5,3,130,1,,6457.543260463979,exchangeable_varying_sigma,0.18,fixed,0.18,0.18,fixed,0.18,1.0,sin,0.6,-0.2820543575045508,0.06308863574777673,0.0850695030905852,0.009172058343254297,0.013578567889546998,0.06411531937724513,0.08910797470226202,0.011719141605350009,0.014502305338337292,0.35620183691653257,0.45776531818611976,0.2820543575045508,
2000,base5,3,130,1,,6366.973334420938,exchangeable_varying_sigma,0.18,fixed,0.18,0.18,fixed,0.18,1.0,sin,0.9,-0.4112972099547511,0.06328794745865052,0.0853289555672348,0.009198184978461685,0.01389150513326222,0.0614834324183018,0.08736663135711327,0.012281790086416389,0.014639794812717717,0.35937768403090936,0.4591640053855596,0.4112972099547511,
2000,base6,3,130,1,,6785.379073139979,exchangeable_varying_sigma,0.18,fixed,0.18,0.18,fixed,0.18,1.0,sin,0.0,0.003434626083162999,0.045879626932297767,0.059276495422313336,0.005899136420907725,0.008591926159860994,0.046532615119115224,0.0600787105152883,0.0075517559006584856,0.010504779957721526,0.09636751310834137,0.11175652765221175,0.003434626083162999,
2000,base6,3,130,1,,5649.835404206999,exchangeable_varying_sigma,0.18,fixed,0.18,0.18,fixed,0.18,1.0,sin,0.3,-0.09434969452918116,0.04469098492578828,0.05689091071350354,0.004611112155050806,0.005654701149613657,0.044859643381467806,0.0568450793035281,0.0034587026616799132,0.0035469127880469607,0.08327731493773152,0.09982443742875619,0.09434969452918116,
2000,base6,3,130,1,,6610.703177117044,exchangeable_varying_sigma,0.18,fixed,0.18,0.18,fixed,0.18,1.0,sin,0.6,-0.1676515862383729,0.044953968409732224,0.05737941265213164,0.004890965176223699,0.00621898092819782,0.04312769726005385,0.05467457762507325,0.003337810186610557,0.003608403827022534,0.08702149609764709,0.10474656977563854,0.1676515862383729,
2000,base6,3,130,1,,6692.818419283023,exchangeable_varying_sigma,0.18,fixed,0.18,0.18,fixed,0.18,1.0,sin,0.9,-0.23714678673907164,0.045383353289947526,0.05805584313314367,0.005253493058492903,0.006793419566911402,0.039575193578156066,0.05037295672859501,0.003214380384011978,0.004563425570388424,0.09085527301580601,0.11058572205022181,0.23714678673907164,
1000,base5,0,131,1,,1585.431624558987,exchangeable_varying_sigma,0.18,fixed,0.18,0.18,fixed,0.18,1.0,sin,0.0,0.006232722233669117,0.07814802400583462,0.10502901071887154,0.019771608398932758,0.02570774697845728,0.0813936275165545,0.1099655469629699,0.022793532981040907,0.026543524464735617,0.2560158013018496,0.31589784409195776,0.006232722233669117,
1000,base5,0,131,1,,1238.3122558279429,exchangeable_varying_sigma,0.18,fixed,0.18,0.18,fixed,0.18,1.0,sin,0.3,-0.1103045460968139,0.0800511700274041,0.10469008694207312,0.031708620366284246,0.03420397153257356,0.08259225156808898,0.10892320551570606,0.03966371065692731,0.041220051203537986,0.23545399990386534,0.27581081651859274,0.1103045460968139,
1000,base5,0,131,1,,1447.278794405982,exchangeable_varying_sigma,0.18,fixed,0.18,0.18,fixed,0.18,1.0,sin,0.6,-0.2637934683502316,0.08063140529548245,0.10561648231956128,0.032699872303004654,0.03465697044514958,0.08068354642130514,0.10715113188328348,0.0393238257175762,0.04028390160951449,0.22909683887442292,0.2652392916492324,0.2637934683502316,
1000,base5,0,131,1,,1596.0260073610116,exchangeable_varying_sigma,0.18,fixed,0.18,0.18,fixed,0.18,1.0,sin,0.9,-0.4176000437710882,0.08123983934103463,0.10676369315049702,0.03261279339984248,0.034047537977963664,0.07695689653159637,0.10350500377231298,0.035888599350226105,0.03638923546947181,0.22288818777482197,0.2552158030717222,0.4176000437710882,
1000,base6,0,131,1,,1344.8732330410276,exchangeable_varying_sigma,0.18,fixed,0.18,0.18,fixed,0.18,1.0,sin,0.0,-0.016619493162015646,0.062488028671329285,0.08593899670259855,0.01579885746977669,0.0188893105209835,0.06325312296229069,0.08669656556526546,0.018782820197079747,0.025187410746304144,0.24033612317324735,0.2597056877251266,0.016619493162015646,
1000,base6,0,131,1,,1481.9542790439446,exchangeable_varying_sigma,0.18,fixed,0.18,0.18,fixed,0.18,1.0,sin,0.3,-0.052114223444871044,0.06385103922516483,0.08682798432163935,0.018874904610368753,0.0197079435367577,0.06341222695178306,0.0860142432723801,0.028682280643033964,0.02910280364929187,0.2508064940904786,0.2688907255551493,0.052114223444871044,
1000,base6,0,131,1,,1476.0796859629918,exchangeable_varying_sigma,0.18,fixed,0.18,0.18,fixed,0.18,1.0,sin,0.6,-0.15632133869708187,0.06411200884505923,0.08777644897602335,0.019866156547089495,0.02079670756975715,0.0602674839429862,0.08244973039358185,0.028788969374975965,0.028964829595604577,0.25091038511348457,0.2723816410135701,0.15632133869708187,
1000,base6,0,131,1,,1694.039271757938,exchangeable_varying_sigma,0.18,fixed,0.18,0.18,fixed,0.18,1.0,sin,0.9,-0.2642819524741462,0.0640586151352039,0.08879475587559495,0.019779077643926737,0.020884531873991283,0.05351229087174631,0.0745386955805719,0.025357414232178493,0.025488534147209047,0.2506732653293608,0.27642744440632105,0.2642819524741462,
2000,base5,0,131,1,,6463.70565227489,exchangeable_varying_sigma,0.18,fixed,0.18,0.18,fixed,0.18,1.0,sin,0.0,0.025164189502449728,0.06508795099962039,0.08739420698130414,0.014666266950905171,0.015480562915967614,0.06828057729920163,0.09280198429617387,0.01403490291670123,0.01603299232442659,0.38947199142233396,0.5039524391230852,0.025164189502449728,
2000,base5,0,131,1,,5547.897338672075,exchangeable_varying_sigma,0.18,fixed,0.18,0.18,fixed,0.18,1.0,sin,0.3,-0.11378532114835443,0.06631022844677108,0.0901538249555032,0.022283853497741646,0.025717970706511665,0.06877245260456244,0.09497503855487949,0.017544796575385796,0.0196859752399235,0.38639598373380896,0.49978864207111673,0.11378532114835443,
2000,base5,0,131,1,,6227.914729636861,exchangeable_varying_sigma,0.18,fixed,0.18,0.18,fixed,0.18,1.0,sin,0.6,-0.2563649918681756,0.06663312242760613,0.09028097048394314,0.023025807886553534,0.027072151029060215,0.0672413082434611,0.09339981116792043,0.018583985315655666,0.020739545435683678,0.38983766015031246,0.5052870922811404,0.2563649918681756,
2000,base5,0,131,1,,6157.780734314118,exchangeable_varying_sigma,0.18,fixed,0.18,0.18,fixed,0.18,1.0,sin,0.9,-0.39939564045630116,0.06696325410059331,0.090366341930956,0.023604421629582734,0.028404231973494926,0.06433451750217022,0.09042829387658673,0.019474855518133882,0.022089624576566377,0.39097130985534057,0.5098084218482982,0.39939564045630116,
2000,base6,0,131,1,,5181.5053153010085,exchangeable_varying_sigma,0.18,fixed,0.18,0.18,fixed,0.18,1.0,sin,0.0,0.009256226074468599,0.047457029587703856,0.059669308983535715,0.00811216386159161,0.008828394886491342,0.04834314632895432,0.060700547182697046,0.010057836204476284,0.010822273521444202,0.08216272015883382,0.10533248383992537,0.009256226074468599,
2000,base6,0,131,1,,3737.527667314047,exchangeable_varying_sigma,0.18,fixed,0.18,0.18,fixed,0.18,1.0,sin,0.3,-0.04489345185320465,0.049145552627726026,0.0629746443124221,0.01744850203642273,0.018473756018416734,0.049258702436684634,0.06315736156794242,0.015578199221592842,0.016541800322283855,0.0821183468729669,0.10472180574318883,0.04489345185320465,
2000,base6,0,131,1,,6036.6458662201185,exchangeable_varying_sigma,0.18,fixed,0.18,0.18,fixed,0.18,1.0,sin,0.6,-0.13264690634956955,0.04901224038220588,0.06287439834338311,0.018514893510030578,0.019882288531344668,0.04685115154824049,0.0601065372279486,0.015770411245677546,0.017334610505271263,0.08103368637691567,0.10324369949513529,0.13264690634956955,
2000,base6,0,131,1,,6044.778410136001,exchangeable_varying_sigma,0.18,fixed,0.18,0.18,fixed,0.18,1.0,sin,0.9,-0.22466806804617123,0.048660678195975145,0.06258321809669966,0.019345911612103223,0.02126890187486735,0.0417117131817815,0.05353194311294435,0.01599210289692546,0.018709100403920407,0.07988500829061283,0.10144630822984099,0.22466806804617123,
1000,base5,1,132,1,,1628.3438847640064,exchangeable_varying_sigma,0.18,fixed,0.18,0.18,fixed,0.18,1.0,sin,0.0,-0.06522578978013928,0.0793351428978942,0.10900635935931643,0.018930571709226046,0.020934252987946093,0.08258269038980774,0.11412409300534654,0.01881684237142897,0.020963666218702572,0.27288938994620265,0.32848542138810743,0.06522578978013928,
1000,base5,1,132,1,,1675.9072794360109,exchangeable_varying_sigma,0.18,fixed,0.18,0.18,fixed,0.18,1.0,sin,0.3,-0.153694594202835,0.0756111611941256,0.10393520708264285,0.0246660746719483,0.030012031651131293,0.07802465818265035,0.10807966201295245,0.024789661761708146,0.030076568324132653,0.3156164575011788,0.4062288378468556,0.153694594202835,
1000,base5,1,132,1,,1251.5325781430583,exchangeable_varying_sigma,0.18,fixed,0.18,0.18,fixed,0.18,1.0,sin,0.6,-0.31278343343510745,0.07632713693185816,0.1049550653398235,0.025372827297927114,0.030591041641106882,0.07658946090103107,0.1064865076494399,0.027110373155900536,0.03268638157050665,0.3162553632465165,0.4058786310674092,0.31278343343510745,
1000,base5,1,132,1,,1632.0219429589342,exchangeable_varying_sigma,0.18,fixed,0.18,0.18,fixed,0.18,1.0,sin,0.9,-0.4711977180667985,0.07727875083652892,0.10630127230026998,0.024923538786134777,0.029906431439683055,0.07339196314420363,0.10331880486025351,0.02772402734255168,0.03356246323264709,0.3169091551656816,0.40447715665103867,0.4711977180667985,
1000,base6,1,132,1,,1467.9791901179124,exchangeable_varying_sigma,0.18,fixed,0.18,0.18,fixed,0.18,1.0,sin,0.0,-0.021141608547258967,0.06403396234736654,0.0862784012670171,0.01513759136090774,0.01706552728115484,0.06487334710599746,0.08725179783382442,0.013147208657052115,0.015105034940899814,0.21557296215219016,0.2424349036272001,0.021141608547258967,
1000,base6,1,132,1,,1590.5431183769833,exchangeable_varying_sigma,0.18,fixed,0.18,0.18,fixed,0.18,1.0,sin,0.3,-0.09602502029919896,0.05933829382024626,0.0812272562473278,0.03300444061468297,0.03883714275396459,0.059434872498426695,0.08079377981440974,0.034348794043803504,0.04061654153628537,0.18252492938037584,0.21168936402839197,0.09602502029919896,
1000,base6,1,132,1,,1600.17538353079,exchangeable_varying_sigma,0.18,fixed,0.18,0.18,fixed,0.18,1.0,sin,0.6,-0.2048792047249129,0.060305348239085114,0.0825664759788791,0.03371119324066209,0.039644054857036114,0.05702208204887241,0.07717155351649395,0.03579365262043592,0.04241297219197713,0.18449586775769106,0.2131212687053838,0.2048792047249129,
1000,base6,1,132,1,,1282.7368210509885,exchangeable_varying_sigma,0.18,fixed,0.18,0.18,fixed,0.18,1.0,sin,0.9,-0.3124605626711511,0.06165949683461864,0.08421592165084599,0.03326190472886961,0.03915287324919709,0.051695818603915075,0.06966881851140101,0.03631973093133038,0.04219256918134457,0.18843119834246994,0.21644977493123713,0.3124605626711511,
2000,base5,1,132,1,,6698.941362190992,exchangeable_varying_sigma,0.18,fixed,0.18,0.18,fixed,0.18,1.0,sin,0.0,-0.0066796072013520225,0.06284908191632141,0.088193849902839,0.01752861070418557,0.022589475315576212,0.0660400567023352,0.09459830327963531,0.02050555402029644,0.02234628622337165,0.4070413386609578,0.5540335205277626,0.0066796072013520225,
2000,base5,1,132,1,,5830.872272931971,exchangeable_varying_sigma,0.18,fixed,0.18,0.18,fixed,0.18,1.0,sin,0.3,-0.11481528132442301,0.06353102501443693,0.08937461863625991,0.011529267046106503,0.013653851510286892,0.06576231281401713,0.09461440667617811,0.013107676849376887,0.014655599994153463,0.39710380272815676,0.5320291917236973,0.11481528132442301,
2000,base5,1,132,1,,6036.490471326048,exchangeable_varying_sigma,0.18,fixed,0.18,0.18,fixed,0.18,1.0,sin,0.6,-0.24719450229950796,0.06362776217350778,0.08941629564295109,0.012510336915099146,0.01517428859737534,0.064129483150988,0.09306101512933526,0.013515605281199827,0.01479987991267149,0.40064487365775775,0.533078599144719,0.24719450229950796,
2000,base5,1,132,1,,6178.376339746872,exchangeable_varying_sigma,0.18,fixed,0.18,0.18,fixed,0.18,1.0,sin,0.9,-0.3811167549630007,0.06374605176258724,0.08933274119306019,0.013399423498542479,0.0170695209530225,0.061025840778126866,0.0901903197914029,0.014073858149248747,0.015201586959282908,0.40533254616705294,0.5363545815435956,0.3811167549630007,
2000,base6,1,132,1,,3981.719164781971,exchangeable_varying_sigma,0.18,fixed,0.18,0.18,fixed,0.18,1.0,sin,0.0,0.003157955264761028,0.04637118730763688,0.05883180208286656,0.018996446618352564,0.0209466382919082,0.047026995599039056,0.059620418327327174,0.02078429501892093,0.022616561228774874,0.06781366731947439,0.08453312085464401,0.003157955264761028,
2000,base6,1,132,1,,3743.9858736069873,exchangeable_varying_sigma,0.18,fixed,0.18,0.18,fixed,0.18,1.0,sin,0.3,-0.040105817486609574,0.04555046209687209,0.05936573720224073,0.008774536369444016,0.012244507178950693,0.045901403632901495,0.059548204483115354,0.010181949689268915,0.013234290183779628,0.08499173500342364,0.10050355943100664,0.040105817486609574,
2000,base6,1,132,1,,5142.887229830027,exchangeable_varying_sigma,0.18,fixed,0.18,0.18,fixed,0.18,1.0,sin,0.6,-0.11352518585837112,0.04545784993563066,0.05940003353402625,0.010263207801372548,0.014271165314185524,0.0437632262033006,0.056786571260013664,0.010697697425477576,0.013659308217978684,0.09146714489359875,0.10685181238349628,0.11352518585837112,
2000,base6,1,132,1,,6023.641093938844,exchangeable_varying_sigma,0.18,fixed,0.18,0.18,fixed,0.18,1.0,sin,0.9,-0.19142621865985554,0.04532599081652524,0.05921205376210431,0.011698274681906401,0.016531222027695195,0.03907949578835859,0.05078403914344113,0.011242003506706066,0.014518101916666096,0.09831970795695466,0.11332758387161694,0.19142621865985554,
1000,base5,2,133,1,,1445.1343154839706,exchangeable_varying_sigma,0.18,fixed,0.18,0.18,fixed,0.18,1.0,sin,0.0,0.03474720354478961,0.07996263767839551,0.10856433359199784,0.012435359762676124,0.012790399005815233,0.08368212941997893,0.11433247733583973,0.013879906731864122,0.01791814917020744,0.2531951880197687,0.3066071160011383,0.03474720354478961,
1000,base5,2,133,1,,1595.5869068370666,exchangeable_varying_sigma,0.18,fixed,0.18,0.18,fixed,0.18,1.0,sin,0.3,-0.08618714003037181,0.07732701486737335,0.10527499502635485,0.022130478415889207,0.02925776492212786,0.08025904302668196,0.11029152555280655,0.02953761532506312,0.036511671860472196,0.26643958149124414,0.32718318759923676,0.08618714003037181,
1000,base5,2,133,1,,1644.845842381008,exchangeable_varying_sigma,0.18,fixed,0.18,0.18,fixed,0.18,1.0,sin,0.6,-0.2350088287464901,0.07689987653021582,0.10479519746699212,0.022899616439846684,0.031557549378350265,0.0776253923809384,0.10735097842031974,0.032093127576033886,0.03944468533392971,0.26325802572153284,0.32248175682292896,0.2350088287464901,
1000,base5,2,133,1,,1708.9058786998503,exchangeable_varying_sigma,0.18,fixed,0.18,0.18,fixed,0.18,1.0,sin,0.9,-0.3815859023211654,0.07634550620222447,0.10430127066274894,0.02700385237504578,0.03409778198121868,0.07297970618938436,0.1021079470254353,0.03307233858563231,0.041216860354157316,0.25847200038590723,0.3144788179773767,0.3815859023211654,
1000,base6,2,133,1,,1466.8716668419074,exchangeable_varying_sigma,0.18,fixed,0.18,0.18,fixed,0.18,1.0,sin,0.0,0.056673025328295025,0.06370286083196317,0.08630235247443965,0.020033655116715926,0.0212056965071294,0.06481330100903952,0.08760963419269838,0.019120704409338857,0.01992706522400196,0.22269352038859228,0.24841271516498997,0.056673025328295025,
1000,base6,2,133,1,,1554.155623093946,exchangeable_varying_sigma,0.18,fixed,0.18,0.18,fixed,0.18,1.0,sin,0.3,-0.04628994058962238,0.05897979095106932,0.07812527683261668,0.018087114342475924,0.0216791204579266,0.05886362202806703,0.078755294401483,0.0200805516950337,0.025492771083407844,0.2033068238293518,0.22657346764367925,0.04628994058962238,
1000,base6,2,133,1,,1100.1981814389583,exchangeable_varying_sigma,0.18,fixed,0.18,0.18,fixed,0.18,1.0,sin,0.6,-0.15717151561828724,0.058538624638611224,0.07737597972845724,0.01738131485355965,0.02344117778194148,0.055103114535042366,0.07397385129670032,0.021265169787417756,0.027281309543505872,0.1925229315623349,0.21566589406723644,0.15717151561828724,
1000,base6,2,133,1,,1604.1652308388148,exchangeable_varying_sigma,0.18,fixed,0.18,0.18,fixed,0.18,1.0,sin,0.9,-0.2759605530951398,0.0580880035024146,0.07678772515945807,0.019405557021005243,0.02556683977098428,0.04787999104448319,0.06473916390146736,0.023400789608017267,0.028731569818026655,0.18108732641328323,0.20402718320199537,0.2759605530951398,
2000,base5,2,133,1,,6293.690171106951,exchangeable_varying_sigma,0.18,fixed,0.18,0.18,fixed,0.18,1.0,sin,0.0,-0.018164699439771614,0.06318040785702404,0.08657802391395843,0.012845593092078222,0.014314691378213734,0.06634754303305916,0.09251349636682545,0.012324384069339306,0.015527087961692871,0.34634737431634516,0.46319461463186934,0.018164699439771614,
2000,base5,2,133,1,,6499.783989442978,exchangeable_varying_sigma,0.18,fixed,0.18,0.18,fixed,0.18,1.0,sin,0.3,-0.18542983392038492,0.06284285562713875,0.08640672439646647,0.008413536812799383,0.009542227187058378,0.06548630063712903,0.09177099675066692,0.009543237019772527,0.0118586242724421,0.3458149967957524,0.45084063291254795,0.18542983392038492,
2000,base5,2,133,1,,5785.0594037950505,exchangeable_varying_sigma,0.18,fixed,0.18,0.18,fixed,0.18,1.0,sin,0.6,-0.31247571192947254,0.0629497226680146,0.08658019917240574,0.008872527324404522,0.010032827220063725,0.06390621605998469,0.0902778107273907,0.010624380280155638,0.012755468989831886,0.34414789576007804,0.44145908441361403,0.31247571192947254,
2000,base5,2,133,1,,5896.217603585916,exchangeable_varying_sigma,0.18,fixed,0.18,0.18,fixed,0.18,1.0,sin,0.9,-0.435376676636309,0.06304519466165723,0.08676076955055109,0.00931594314676168,0.01063782043778076,0.06076654179537531,0.0876708097196549,0.011607709916356401,0.01365043703307852,0.3436450476611517,0.4327601519821156,0.435376676636309,
2000,base6,2,133,1,,5194.013039192185,exchangeable_varying_sigma,0.18,fixed,0.18,0.18,fixed,0.18,1.0,sin,0.0,-0.0023932966103533885,0.043900414012235794,0.05688909944090598,0.011408840607897083,0.015077283436548813,0.0444391014248017,0.05750032300318886,0.010483929250908589,0.015531507902432833,0.08084540330257027,0.09485352275442921,0.0023932966103533885,
2000,base6,2,133,1,,3807.199148417916,exchangeable_varying_sigma,0.18,fixed,0.18,0.18,fixed,0.18,1.0,sin,0.3,-0.0980408611893569,0.04589710523041697,0.058939641857015536,0.00614133043118581,0.008166821980615023,0.04575231555462925,0.05842224364640912,0.008460610914454464,0.008885354741187994,0.08923822633834531,0.10148845647934678,0.0980408611893569,
2000,base6,2,133,1,,5537.674421971897,exchangeable_varying_sigma,0.18,fixed,0.18,0.18,fixed,0.18,1.0,sin,0.6,-0.16811709246376738,0.046217759456868034,0.059379957280434575,0.006372153119726109,0.008752055153872734,0.04373439359770824,0.05561418453916991,0.008232393903460172,0.00879057035695439,0.09760882093378434,0.10700967078727362,0.16811709246376738,
2000,base6,2,133,1,,6369.292736969888,exchangeable_varying_sigma,0.18,fixed,0.18,0.18,fixed,0.18,1.0,sin,0.9,-0.23676764612819956,0.04664663518430423,0.0598307556481428,0.007398541153723626,0.009570093051000718,0.039530741295396674,0.05017249714160602,0.008167736880062199,0.009020327832292145,0.10571137809890677,0.11415550726205614,0.23676764612819956,
1000,base5,3,134,1,,1566.6509106059093,exchangeable_varying_sigma,0.18,fixed,0.18,0.18,fixed,0.18,1.0,sin,0.0,0.07670770189606908,0.07507338198187279,0.10137524756378931,0.01682440708389396,0.019686348204809703,0.07784265918592695,0.10640639051359656,0.017305451593091686,0.020384733054220342,0.25329379769001636,0.30689538092095925,0.07670770189606908,
1000,base5,3,134,1,,1443.8003199938685,exchangeable_varying_sigma,0.18,fixed,0.18,0.18,fixed,0.18,1.0,sin,0.3,-0.11977923872832785,0.0753526810919593,0.10162642083191582,0.021726367217197062,0.026453030566371886,0.0777655954154906,0.10584265973611592,0.023968456598385812,0.02749386129242964,0.25385357048058016,0.30592033386547535,0.11977923872832785,
1000,base5,3,134,1,,1660.7005323739722,exchangeable_varying_sigma,0.18,fixed,0.18,0.18,fixed,0.18,1.0,sin,0.6,-0.2726294576962623,0.07520356087009304,0.10122262254058237,0.02381058875857814,0.028753689584446886,0.07561601660695871,0.10344642268905195,0.026822390805325863,0.03010197168207544,0.2529835145385798,0.30412356099078985,0.2726294576962623,
1000,base5,3,134,1,,1546.4954212699085,exchangeable_varying_sigma,0.18,fixed,0.18,0.18,fixed,0.18,1.0,sin,0.9,-0.42514531420087615,0.07498139842712725,0.10079890694189929,0.02630424156195474,0.03071857405732227,0.07146754948748932,0.09909500086864391,0.029638259174599335,0.03237883538598426,0.25010360751101235,0.2996598782612662,0.42514531420087615,
1000,base6,3,134,1,,1687.7528440041933,exchangeable_varying_sigma,0.18,fixed,0.18,0.18,fixed,0.18,1.0,sin,0.0,0.052062287328993956,0.060607116796590005,0.07922485430925673,0.02078790489958464,0.022001239265007758,0.06156781308268136,0.08058349835349604,0.02023879524566187,0.022524131105948007,0.26325581349811583,0.2829740370744451,0.052062287328993956,
1000,base6,3,134,1,,1633.90051098587,exchangeable_varying_sigma,0.18,fixed,0.18,0.18,fixed,0.18,1.0,sin,0.3,-0.1022899011790625,0.05934919334350094,0.0781824762902858,0.019864253327379455,0.02674037538025431,0.059226596489862844,0.07826947441741688,0.019547168200035214,0.026269789476625775,0.27260719767329195,0.2884589227204013,0.1022899011790625,
1000,base6,3,134,1,,1631.3639128378127,exchangeable_varying_sigma,0.18,fixed,0.18,0.18,fixed,0.18,1.0,sin,0.6,-0.2071085594237944,0.05910451066253255,0.07727725157452371,0.021182444548739243,0.029046555907020526,0.05620419352648411,0.07399053951967624,0.019945079765752882,0.028044253901607925,0.27340822260492603,0.29161391264993614,0.2071085594237944,
1000,base6,3,134,1,,1555.877999334829,exchangeable_varying_sigma,0.18,fixed,0.18,0.18,fixed,0.18,1.0,sin,0.9,-0.3126839036918371,0.05871897756345445,0.07623064016884773,0.022340743746265518,0.0310390208276962,0.04999773216164429,0.0655354799791696,0.021081702228507693,0.028724232238882152,0.27347364854770173,0.2945507457878618,0.3126839036918371,
2000,base5,3,134,1,,6022.483579041902,exchangeable_varying_sigma,0.18,fixed,0.18,0.18,fixed,0.18,1.0,sin,0.0,0.008961777145517017,0.06709728556408717,0.09245958430786196,0.02292044164237654,0.024421432045158974,0.07018626638262473,0.09832667123937618,0.021773657474917718,0.024195463204625393,0.3653245086404122,0.495903329228947,0.008961777145517017,
2000,base5,3,134,1,,6545.88231264404,exchangeable_varying_sigma,0.18,fixed,0.18,0.18,fixed,0.18,1.0,sin,0.3,-0.12749571242936003,0.06514436717868294,0.09118509575309652,0.023437667661254213,0.029537497318554484,0.0679122538285685,0.09685700284461606,0.024411361889401823,0.027616071694011604,0.4070973418839903,0.5586396018718811,0.12749571242936003,
2000,base5,3,134,1,,6102.2881539920345,exchangeable_varying_sigma,0.18,fixed,0.18,0.18,fixed,0.18,1.0,sin,0.6,-0.2625080842229782,0.06515478887389747,0.09138906699851636,0.025482616766229677,0.03215839193281227,0.06634604652172352,0.09556415662865986,0.026525990270884175,0.030116747597519238,0.4077416028567652,0.5628124766324722,0.2625080842229782,
2000,base5,3,134,1,,4957.72130054282,exchangeable_varying_sigma,0.18,fixed,0.18,0.18,fixed,0.18,1.0,sin,0.9,-0.39943409623567494,0.065158234258261,0.09167379979013629,0.027252610258493043,0.03477448767777689,0.06316304211839648,0.09319726821172684,0.027654631473162855,0.031953071389704074,0.40955794996592965,0.568038975013255,0.39943409623567494,
2000,base6,3,134,1,,6057.505546330009,exchangeable_varying_sigma,0.18,fixed,0.18,0.18,fixed,0.18,1.0,sin,0.0,0.02833461985147599,0.0455319798076782,0.05824172221673645,0.019157713074816868,0.023105245728940724,0.04620745887965663,0.05904842464347031,0.01902094005542146,0.022135297179209607,0.09738429737819138,0.10695927155742553,0.02833461985147599,
2000,base6,3,134,1,,3884.0479544638656,exchangeable_varying_sigma,0.18,fixed,0.18,0.18,fixed,0.18,1.0,sin,0.3,-0.10728949424056472,0.046967653974722696,0.06058846248116187,0.022449837704525466,0.024633405941942726,0.04670364477705426,0.06006435673220982,0.0230218539207645,0.025971823326248783,0.0933893689758061,0.10532982407336386,0.10728949424056472,
2000,base6,3,134,1,,4640.57814151491,exchangeable_varying_sigma,0.18,fixed,0.18,0.18,fixed,0.18,1.0,sin,0.6,-0.1793874872609742,0.04727908151219318,0.0611796647287438,0.0246206505014602,0.02719566080776781,0.044549124864290864,0.057270650342902074,0.025127058332307634,0.02827243940022833,0.10071369147750718,0.11466323040962097,0.1793874872609742,
2000,base6,3,134,1,,4631.422993576853,exchangeable_varying_sigma,0.18,fixed,0.18,0.18,fixed,0.18,1.0,sin,0.9,-0.24830867518468946,0.0477424908367056,0.06189319201628955,0.026550571617632968,0.02956387055667271,0.040328287546359885,0.05197292458164659,0.025753619042737375,0.029236364449781255,0.1072209485932278,0.12398464389426028,0.24830867518468946,
1000,base5,0,135,1,,1493.685922359,exchangeable_varying_sigma,0.18,fixed,0.18,0.18,fixed,0.18,1.0,sin,0.0,0.05162326615847558,0.07555462336986951,0.1010696342701901,0.029752713478802817,0.035503016387489414,0.07896095655541897,0.106388311408338,0.02361091081088254,0.029745527850953517,0.2996786418295526,0.367988952316764,0.05162326615847558,
1000,base5,0,135,1,,1534.1267208480276,exchangeable_varying_sigma,0.18,fixed,0.18,0.18,fixed,0.18,1.0,sin,0.3,-0.09853736966136012,0.07862470926583831,0.1043548627901624,0.030214785664180857,0.03292876551558812,0.08149868719682254,0.1094841203227394,0.028001177805609304,0.033575313583101105,0.3048750667952391,0.38134690022315226,0.09853736966136012,
1000,base5,0,135,1,,1485.3058452530531,exchangeable_varying_sigma,0.18,fixed,0.18,0.18,fixed,0.18,1.0,sin,0.6,-0.25469044126217233,0.07890136119310805,0.10460128641493198,0.03357547475116332,0.03576232524612215,0.07950358473508633,0.10757012203578105,0.0312994021383958,0.036327007098803606,0.3042919264814856,0.3814014121730084,0.25469044126217233,
1000,base5,0,135,1,,433.4494570910465,exchangeable_varying_sigma,0.18,fixed,0.18,0.18,fixed,0.18,1.0,sin,0.9,-0.4139363466390269,0.07909470465325803,0.10476132790317601,0.03754409664704722,0.03932996576711202,0.07546052223375695,0.103641968075499,0.035394045013467476,0.03934442913092567,0.3025410693392345,0.3800724832038325,0.4139363466390269,
1000,base6,0,135,1,,1403.6823917450383,exchangeable_varying_sigma,0.18,fixed,0.18,0.18,fixed,0.18,1.0,sin,0.0,0.006996071086683919,0.0601853998684586,0.07943941318870619,0.019138215296944927,0.027748305472174398,0.061343784057131846,0.08085662505032087,0.021222381026798687,0.02845758215615802,0.17740578899888812,0.20667370109043726,0.006996071086683919,
1000,base6,0,135,1,,600.1558982200222,exchangeable_varying_sigma,0.18,fixed,0.18,0.18,fixed,0.18,1.0,sin,0.3,-0.09222318970454371,0.06264755767859455,0.08118109170232499,0.01924568254544405,0.020594678880573626,0.06232561536682007,0.08080048250602183,0.01817495076693368,0.01967137696039036,0.1886078795427066,0.21517536498458228,0.09222318970454371,
1000,base6,0,135,1,,1405.4800956220133,exchangeable_varying_sigma,0.18,fixed,0.18,0.18,fixed,0.18,1.0,sin,0.6,-0.1974335307850294,0.06313350914043012,0.08162508754335229,0.021486169267465507,0.023844876367159526,0.059255528852643576,0.07697392000895516,0.01955989171479064,0.02191909027676129,0.18891335682204374,0.21358772749707577,0.1974335307850294,
1000,base6,0,135,1,,1361.7336501219543,exchangeable_varying_sigma,0.18,fixed,0.18,0.18,fixed,0.18,1.0,sin,0.9,-0.30436332104464214,0.06368364979708521,0.08204551931241293,0.023778359299837626,0.027573586262376482,0.05275024615622834,0.06905283456926423,0.02140021985119525,0.025130732507820733,0.18938585320219917,0.21205206042161126,0.30436332104464214,
2000,base5,0,135,1,,5706.287386414013,exchangeable_varying_sigma,0.18,fixed,0.18,0.18,fixed,0.18,1.0,sin,0.0,-8.444084480185104e-05,0.06308601572902028,0.08745062413669127,0.021236726114161497,0.02282380407060191,0.06615308001440934,0.09305860388803416,0.01974510669831081,0.019929605574458328,0.3887233839103646,0.52299219333508,8.444084480185104e-05,
2000,base5,0,135,1,,5718.440387730021,exchangeable_varying_sigma,0.18,fixed,0.18,0.18,fixed,0.18,1.0,sin,0.3,-0.13620777793901784,0.06547959763503339,0.08809738642434291,0.012918759326934703,0.013441442761032126,0.06773447791013597,0.093072848339015,0.012672793666009957,0.014116922316279095,0.38180632981592855,0.5176139080997548,0.13620777793901784,
2000,base5,0,135,1,,5739.850034034927,exchangeable_varying_sigma,0.18,fixed,0.18,0.18,fixed,0.18,1.0,sin,0.6,-0.26981617176909684,0.06562118871253025,0.08812322723321597,0.015432416586168646,0.01586049870906036,0.06574663295470616,0.09136104457967974,0.014051901772242359,0.015782022912193452,0.3851481193128902,0.5190711676735632,0.26981617176909684,
2000,base5,0,135,1,,2964.0522846070817,exchangeable_varying_sigma,0.18,fixed,0.18,0.18,fixed,0.18,1.0,sin,0.9,-0.4017867385670433,0.06572329628774623,0.08818733348346966,0.018150566556039555,0.018628009986013914,0.0622231942125151,0.08855283165679151,0.015384388398350102,0.017381469457742497,0.3871658117853003,0.5176201691101048,0.4017867385670433,
2000,base6,0,135,1,,4859.6697452479275,exchangeable_varying_sigma,0.18,fixed,0.18,0.18,fixed,0.18,1.0,sin,0.0,0.003989357689949003,0.04453270916988268,0.059538674512144625,0.019791295579329238,0.021872849776330482,0.04514115229120679,0.06039221348246216,0.01777348430190448,0.02032262023966741,0.0584292109681749,0.07144840682312865,0.003989357689949003,
2000,base6,0,135,1,,4042.333858198952,exchangeable_varying_sigma,0.18,fixed,0.18,0.18,fixed,0.18,1.0,sin,0.3,-0.06981555656644967,0.045653959112171905,0.0585312397504792,0.013427976325428553,0.0145930773403698,0.045357790606537544,0.05806625823260105,0.012207540706240638,0.01350792676231925,0.058733449523534764,0.0712918604105212,0.06981555656644967,
2000,base6,0,135,1,,4757.615786493989,exchangeable_varying_sigma,0.18,fixed,0.18,0.18,fixed,0.18,1.0,sin,0.6,-0.14686054044549796,0.045867638223318324,0.058758389588346095,0.015941633584662912,0.017450769748745886,0.04331826044446647,0.05536132855778951,0.013186274100763729,0.015207025149701799,0.05792263473839059,0.07076467551833304,0.14686054044549796,
2000,base6,0,135,1,,4019.1758206919767,exchangeable_varying_sigma,0.18,fixed,0.18,0.18,fixed,0.18,1.0,sin,0.9,-0.225037201759146,0.04628266226174817,0.059133111557176585,0.018659783554534737,0.020605976681126913,0.03915275705127132,0.050247932449919805,0.015253185660642515,0.017466232328921,0.05833228231533585,0.07133908927206932,0.225037201759146,
1000,base5,1,136,1,,1530.6661447819788,exchangeable_varying_sigma,0.18,fixed,0.18,0.18,fixed,0.18,1.0,sin,0.0,0.023580893955029266,0.07933486901246664,0.1074904600171989,0.034335930176170495,0.04074210912136945,0.08335205053974624,0.11389606806259743,0.02934796101652702,0.031762750398086584,0.31070736528187404,0.39530798361082026,0.023580893955029266,
1000,base5,1,136,1,,1563.2399417390116,exchangeable_varying_sigma,0.18,fixed,0.18,0.18,fixed,0.18,1.0,sin,0.3,-0.18894723736513305,0.07553730092363911,0.10327429718907252,0.00756461149473138,0.010012304256207508,0.07867011316162582,0.10843082782820265,0.01209797776265438,0.014345358478749803,0.2683598466178772,0.32094260266552765,0.18894723736513305,
1000,base5,1,136,1,,1557.2832276510308,exchangeable_varying_sigma,0.18,fixed,0.18,0.18,fixed,0.18,1.0,sin,0.6,-0.33759955299090627,0.07583130489703375,0.10352626785719045,0.010982254690348248,0.013980343063515407,0.0769308296687968,0.1066037750950831,0.013234337166648596,0.014719328287362292,0.25612376927425473,0.30606176568082005,0.33759955299090627,
1000,base5,1,136,1,,1515.1799451619154,exchangeable_varying_sigma,0.18,fixed,0.18,0.18,fixed,0.18,1.0,sin,0.9,-0.4798003570901892,0.076569130361552,0.1040984401847056,0.016266751751064512,0.019358387367344434,0.07369397254077904,0.10336009315698876,0.012961541632407772,0.014285926270453775,0.24128678334456646,0.28858324922818723,0.4798003570901892,
1000,base6,1,136,1,,1413.514145777095,exchangeable_varying_sigma,0.18,fixed,0.18,0.18,fixed,0.18,1.0,sin,0.0,0.011247824879375415,0.060649106903191585,0.08066319971354796,0.02451741544111173,0.030753008726104834,0.06169382443636412,0.08188620237537836,0.022859362827210294,0.026937505026738483,0.22971937000032025,0.25838780627268276,0.011247824879375415,
1000,base6,1,136,1,,619.7182985719992,exchangeable_varying_sigma,0.18,fixed,0.18,0.18,fixed,0.18,1.0,sin,0.3,-0.10143197148706262,0.05904945629011594,0.07907681661639525,0.014370195532973029,0.014888274528380256,0.05893637938480313,0.07921597162130042,0.007765139196178078,0.010384144294510829,0.19612532952754783,0.2231818293497628,0.10143197148706262,
1000,base6,1,136,1,,1414.8670114621054,exchangeable_varying_sigma,0.18,fixed,0.18,0.18,fixed,0.18,1.0,sin,0.6,-0.1988071366123667,0.05934477063787763,0.07930130192963306,0.01618187098332982,0.01766033551286391,0.0563467924940021,0.07597144661084304,0.008889681127767918,0.011065837918962713,0.19921030284141772,0.22279386310565272,0.1988071366123667,
1000,base6,1,136,1,,1410.3005518969148,exchangeable_varying_sigma,0.18,fixed,0.18,0.18,fixed,0.18,1.0,sin,0.9,-0.29129368828374724,0.05985550642677643,0.07977129240748097,0.018056855974620117,0.021720413900934675,0.05093192649628022,0.06955088824052523,0.009258013532071618,0.012013948480456307,0.20550591229892223,0.22534778596579383,0.29129368828374724,
2000,base5,1,136,1,,5636.6135384869995,exchangeable_varying_sigma,0.18,fixed,0.18,0.18,fixed,0.18,1.0,sin,0.0,0.01660495099218224,0.06325324960240014,0.08778361221293467,0.02160929448567242,0.026457462312968617,0.0660649673926184,0.09335641101791778,0.021666192207942442,0.026331834046878742,0.3779167368472877,0.5008117855810702,0.01660495099218224,
2000,base5,1,136,1,,5552.116265492048,exchangeable_varying_sigma,0.18,fixed,0.18,0.18,fixed,0.18,1.0,sin,0.3,-0.11429480320789093,0.06613554127103648,0.08955802153063658,0.012760566873566526,0.015202643989345016,0.06835948706403228,0.09468667496232992,0.0075356396155515926,0.011217773992553526,0.34694815969444254,0.4719375053061513,0.11429480320789093,
2000,base5,1,136,1,,5687.957727740053,exchangeable_varying_sigma,0.18,fixed,0.18,0.18,fixed,0.18,1.0,sin,0.6,-0.2418463515733636,0.06598034286818658,0.0892357485662425,0.0149680767801737,0.017742444486798487,0.06669457145271074,0.09324193947352186,0.009405913817108619,0.013239332489928307,0.3476228837016844,0.469149799419128,0.2418463515733636,
2000,base5,1,136,1,,2950.800887134974,exchangeable_varying_sigma,0.18,fixed,0.18,0.18,fixed,0.18,1.0,sin,0.9,-0.37145275612507556,0.06554429783373443,0.08867295160391249,0.017408018733277436,0.020388258550442878,0.06312724921276196,0.0903227024502244,0.01200374850119662,0.01569029364875205,0.34913872070648716,0.46707167501206065,0.37145275612507556,
2000,base6,1,136,1,,4674.144126222003,exchangeable_varying_sigma,0.18,fixed,0.18,0.18,fixed,0.18,1.0,sin,0.0,-0.015005768638975507,0.044902080781267374,0.05920528110947222,0.017812457844382498,0.024174379947253296,0.04519211007935531,0.05958842658174163,0.02084850310710061,0.024755245976249576,0.055325561051220426,0.06514945158804536,0.015005768638975507,
2000,base6,1,136,1,,4827.187141548959,exchangeable_varying_sigma,0.18,fixed,0.18,0.18,fixed,0.18,1.0,sin,0.3,-0.05613555426859526,0.04750204005334756,0.0612250347348699,0.013953226055462814,0.019025167907328982,0.04771206790012417,0.06125630964835135,0.010812347181818227,0.016348905221645896,0.05885614516710156,0.0724112747389241,0.05613555426859526,
2000,base6,1,136,1,,4801.639180485974,exchangeable_varying_sigma,0.18,fixed,0.18,0.18,fixed,0.18,1.0,sin,0.6,-0.12937455730599018,0.04697893679650391,0.06058813229814819,0.016160735962072514,0.02154053798835246,0.04530140046280674,0.057982505937427396,0.01288996657429703,0.018545318844438854,0.05932598246483832,0.07353545376521546,0.12937455730599018,
2000,base6,1,136,1,,3816.3223972850246,exchangeable_varying_sigma,0.18,fixed,0.18,0.18,fixed,0.18,1.0,sin,0.9,-0.2072823362952424,0.046224347538684186,0.0595049650913635,0.01860067791517367,0.024107541003564707,0.0400365352742393,0.05133297945183624,0.01571592480742079,0.020926298028217813,0.0598146326822348,0.07568919408558226,0.2072823362952424,
1000,base5,2,137,1,,1542.5879596190061,exchangeable_varying_sigma,0.18,fixed,0.18,0.18,fixed,0.18,1.0,sin,0.0,0.029475552115631572,0.07747911176339536,0.10500807233216583,0.014835457109677125,0.020216287971981953,0.08039585930216124,0.10963063289787738,0.02453046687489649,0.0258109238632734,0.2665532904123111,0.3369978385808437,0.029475552115631572,
1000,base5,2,137,1,,1510.1456308909692,exchangeable_varying_sigma,0.18,fixed,0.18,0.18,fixed,0.18,1.0,sin,0.3,-0.14898191721399934,0.07921074733071078,0.10769255606714183,0.02546517908383994,0.033752116362439806,0.08158691710803427,0.11212080366884417,0.028712793929452626,0.03492475567641163,0.28281032266376327,0.3609090248380896,0.14898191721399934,
1000,base5,2,137,1,,408.67004114505835,exchangeable_varying_sigma,0.18,fixed,0.18,0.18,fixed,0.18,1.0,sin,0.6,-0.29534120513687917,0.07904800321926805,0.10714391272893058,0.027287315425316427,0.03757951574294564,0.07906047856469411,0.10914928362237786,0.03222848550739177,0.03757653555787109,0.286316991582349,0.36644215466080815,0.29534120513687917,
1000,base5,2,137,1,,1518.3120842629578,exchangeable_varying_sigma,0.18,fixed,0.18,0.18,fixed,0.18,1.0,sin,0.9,-0.44298458781509464,0.07869113437612694,0.10636425954733274,0.03227901177108107,0.042295226742663374,0.07470653909348256,0.1043258222248651,0.03660337227463151,0.04165993265084765,0.2930605458514123,0.3775946483320575,0.44298458781509464,
1000,base6,2,137,1,,618.5360982239945,exchangeable_varying_sigma,0.18,fixed,0.18,0.18,fixed,0.18,1.0,sin,0.0,0.037530495305123625,0.0613735946898292,0.08411608622602709,0.026634280470300004,0.02730460771793968,0.06221009566890861,0.08542950590667951,0.03050968273673907,0.030586917567744582,0.17478771699188145,0.21316030194422142,0.037530495305123625,
1000,base6,2,137,1,,1409.258882055059,exchangeable_varying_sigma,0.18,fixed,0.18,0.18,fixed,0.18,1.0,sin,0.3,-0.07481025004183287,0.0589868699771709,0.08088177438208612,0.02112892998847718,0.023145814492228946,0.058877866915064594,0.08007541500841912,0.02527350933568251,0.026725589158358987,0.16017967817922318,0.18474638190148288,0.07481025004183287,
1000,base6,2,137,1,,1371.988556395052,exchangeable_varying_sigma,0.18,fixed,0.18,0.18,fixed,0.18,1.0,sin,0.6,-0.1772528862446054,0.05854314174318234,0.0804347863313807,0.022718650915621003,0.025467831733021792,0.05545469201736245,0.07526197561944087,0.026701332658189275,0.02804802470139549,0.1511341646385586,0.17540392497634147,0.1772528862446054,
1000,base6,2,137,1,,1410.1534625689965,exchangeable_varying_sigma,0.18,fixed,0.18,0.18,fixed,0.18,1.0,sin,0.9,-0.2836886433090715,0.05803435045926301,0.08003459500945524,0.023870616546063816,0.028675713602741473,0.04852660132765069,0.06678845181564508,0.027214551885460958,0.029665483332294983,0.1392427210963621,0.16551481718236954,0.2836886433090715,
2000,base5,2,137,1,,5619.9958902820945,exchangeable_varying_sigma,0.18,fixed,0.18,0.18,fixed,0.18,1.0,sin,0.0,0.008041113433705251,0.06445108134989612,0.0898708798025305,0.009263778072594098,0.010322577475776243,0.0668769091777669,0.09508292599827971,0.010745327770889324,0.012090368743781813,0.337715002299186,0.4681913083984164,0.008041113433705251,
2000,base5,2,137,1,,5616.1243421499385,exchangeable_varying_sigma,0.18,fixed,0.18,0.18,fixed,0.18,1.0,sin,0.3,-0.08678183323031982,0.06278208562191558,0.0865764199833506,0.01916023991482592,0.024595018316773486,0.06491507401120478,0.09217352418059298,0.02012570814291402,0.023696113298693967,0.3504462758240313,0.4790605758720621,0.08678183323031982,
2000,base5,2,137,1,,2626.5676375450566,exchangeable_varying_sigma,0.18,fixed,0.18,0.18,fixed,0.18,1.0,sin,0.6,-0.22069285230048352,0.06278640508800845,0.08627562111374959,0.02033562628234345,0.025657185312372027,0.06325111120251262,0.0909118771821412,0.021223812352897636,0.024625696871093908,0.35351629324983547,0.4814976573009664,0.22069285230048352,
2000,base5,2,137,1,,5692.178410002962,exchangeable_varying_sigma,0.18,fixed,0.18,0.18,fixed,0.18,1.0,sin,0.9,-0.3594032230879435,0.0627480314538796,0.08586188908781284,0.02132285360344205,0.026347932502079518,0.05989940872722941,0.08833981269289506,0.022092928761198297,0.02495046485538027,0.35708423362625763,0.4846154772516713,0.3594032230879435,
2000,base6,2,137,1,,4428.781453336007,exchangeable_varying_sigma,0.18,fixed,0.18,0.18,fixed,0.18,1.0,sin,0.0,-0.016621353521120548,0.04692080952152013,0.059700205752643856,0.00714216168431786,0.0073326217732465815,0.04747558240706924,0.06041526917890435,0.007309337519107895,0.008711473550641786,0.06740940684456166,0.07798227610694618,0.016621353521120548,
2000,base6,2,137,1,,4882.562659129966,exchangeable_varying_sigma,0.18,fixed,0.18,0.18,fixed,0.18,1.0,sin,0.3,-0.049728190855877485,0.043858835735142314,0.05608977390262175,0.019787749903946217,0.024240522481069227,0.044352691476389525,0.05673901999158003,0.01848732672586849,0.02331702515199937,0.07416849828650875,0.08578017662932419,0.049728190855877485,
2000,base6,2,137,1,,4698.215654383064,exchangeable_varying_sigma,0.18,fixed,0.18,0.18,fixed,0.18,1.0,sin,0.6,-0.12368755638221351,0.04377341834771874,0.055955618889114336,0.020963136271463997,0.025449954255615272,0.0426421212141786,0.05447001674487941,0.01939635669985197,0.02430559597393137,0.07171341391512154,0.08405795156116588,0.12368755638221351,
2000,base6,2,137,1,,4890.995873015025,exchangeable_varying_sigma,0.18,fixed,0.18,0.18,fixed,0.18,1.0,sin,0.9,-0.1973497707143731,0.04356463852751011,0.05577911971249569,0.021950363592563374,0.02626445973841325,0.038478926547981934,0.04943181801570093,0.0200674181494616,0.024571009715739483,0.06841451994271694,0.0819210754689738,0.1973497707143731,
1000,base5,3,138,1,,478.0747918130364,exchangeable_varying_sigma,0.18,fixed,0.18,0.18,fixed,0.18,1.0,sin,0.0,-0.06966427127178491,0.08167595875012966,0.11038464057593238,0.016058428781714873,0.0203713919153408,0.08473178676260562,0.11532856336653217,0.01813497760996685,0.018602184842354402,0.2917881262621735,0.35614916010090053,0.06966427127178491,
1000,base5,3,138,1,,1541.592522328021,exchangeable_varying_sigma,0.18,fixed,0.18,0.18,fixed,0.18,1.0,sin,0.3,-0.17807275601483702,0.0781231659582798,0.104621899562337,0.024613313307266793,0.02685834763947625,0.08124694625586878,0.11060173322516331,0.020696188668648738,0.024161481045732663,0.3022393041791889,0.3781752358569395,0.17807275601483702,
1000,base5,3,138,1,,438.94797393504996,exchangeable_varying_sigma,0.18,fixed,0.18,0.18,fixed,0.18,1.0,sin,0.6,-0.3264683123539401,0.07763032521444163,0.10366899209054359,0.024508219043632512,0.026423391448799023,0.07894118938266728,0.10823733128319848,0.021815643060129092,0.02529807912611144,0.29758818608404064,0.3703261240052164,0.3264683123539401,
1000,base5,3,138,1,,1526.3245672410121,exchangeable_varying_sigma,0.18,fixed,0.18,0.18,fixed,0.18,1.0,sin,0.9,-0.47151539146095867,0.07730550158909215,0.10282334080326597,0.023911069146253808,0.025755451808646194,0.07454206160298722,0.10387771741146978,0.021562828488502564,0.02458475586349667,0.29226010433227306,0.36173506884488615,0.47151539146095867,
1000,base6,3,138,1,,582.8869413139764,exchangeable_varying_sigma,0.18,fixed,0.18,0.18,fixed,0.18,1.0,sin,0.0,-0.05097232106963947,0.06368667282548834,0.08638961016436195,0.009217025183792305,0.011042211169757213,0.06458345209856334,0.0873229861721384,0.010699487069070784,0.011338052349156653,0.18591606061105462,0.2047657490493066,0.05097232106963947,
1000,base6,3,138,1,,1385.8575149399694,exchangeable_varying_sigma,0.18,fixed,0.18,0.18,fixed,0.18,1.0,sin,0.3,-0.13736091367384368,0.06059984471665015,0.08138125897289904,0.017770839064283075,0.020123486659710404,0.06151525075882347,0.08304749425719575,0.020275614473347234,0.021017672183557577,0.2206540832773162,0.2388303799281371,0.13736091367384368,
1000,base6,3,138,1,,1400.7012749930145,exchangeable_varying_sigma,0.18,fixed,0.18,0.18,fixed,0.18,1.0,sin,0.6,-0.2279606954277646,0.05994146323722233,0.08013843414524027,0.01807013205590849,0.02044205162199532,0.05859162642375482,0.07925098497337078,0.021794187131221943,0.022180976796718904,0.2328330857050901,0.2512462159835664,0.2279606954277646,
1000,base6,3,138,1,,674.2171945109731,exchangeable_varying_sigma,0.18,fixed,0.18,0.18,fixed,0.18,1.0,sin,0.9,-0.3142728364165719,0.05910497689914747,0.07889111843552576,0.017978661476348343,0.020930920906518123,0.05195970775338786,0.07087680799826086,0.021875075103102576,0.02204779226921773,0.24204894871477553,0.26156770546071706,0.3142728364165719,
2000,base5,3,138,1,,5612.166607831023,exchangeable_varying_sigma,0.18,fixed,0.18,0.18,fixed,0.18,1.0,sin,0.0,-0.03797406118217619,0.06567465141122039,0.08986532494959723,0.010657672780904653,0.013306257215795203,0.06853350898155551,0.09537144393213479,0.008011530128204325,0.00911695354940163,0.4200030187565926,0.573607841481073,0.03797406118217619,
2000,base5,3,138,1,,5654.650166476029,exchangeable_varying_sigma,0.18,fixed,0.18,0.18,fixed,0.18,1.0,sin,0.3,-0.1783125511614,0.06629642588475201,0.0906908243734918,0.015818432039682376,0.017419233601684302,0.06861401697033061,0.09581224719480726,0.01706091597341794,0.020043111374143857,0.4023034823377147,0.5540395250477601,0.1783125511614,
2000,base5,3,138,1,,2663.091355563025,exchangeable_varying_sigma,0.18,fixed,0.18,0.18,fixed,0.18,1.0,sin,0.6,-0.3113218841454271,0.06644142956532394,0.09059262843106343,0.016963616953705782,0.01817128054594385,0.06684851015082911,0.09408270822850932,0.016343927180672693,0.02023525271297143,0.39739485304103356,0.5471423709878794,0.3113218841454271,
2000,base5,3,138,1,,5703.701752644032,exchangeable_varying_sigma,0.18,fixed,0.18,0.18,fixed,0.18,1.0,sin,0.9,-0.4436332165012933,0.06634561336364223,0.09031384779826583,0.018127894194109165,0.01892882438216372,0.0634541181652219,0.09085262727308997,0.016193205029682523,0.0198752971478345,0.3928590629144945,0.5393473441044245,0.4436332165012933,
2000,base6,3,138,1,,5359.555211414001,exchangeable_varying_sigma,0.18,fixed,0.18,0.18,fixed,0.18,1.0,sin,0.0,-0.01081793166644007,0.04670615527262699,0.058604795934332266,0.015233759815166864,0.01720477619725005,0.04722019913847834,0.05922973680933968,0.013762154236041463,0.015550529857573913,0.05356408985946307,0.06563799459807845,0.01081793166644007,
2000,base6,3,138,1,,4570.741256905021,exchangeable_varying_sigma,0.18,fixed,0.18,0.18,fixed,0.18,1.0,sin,0.3,-0.06196759575540228,0.04808434447845728,0.06175792596917215,0.006722517432946926,0.007561496709065166,0.04789479545818396,0.061816162437571064,0.01007771943326935,0.01166392512579479,0.05326901215713484,0.06320727275650846,0.06196759575540228,
2000,base6,3,138,1,,4317.494739645044,exchangeable_varying_sigma,0.18,fixed,0.18,0.18,fixed,0.18,1.0,sin,0.6,-0.13812377253511798,0.048192772636199505,0.06164209481355386,0.007240177637362094,0.008214164952894645,0.04564150374968006,0.05884109296765662,0.010316776897370483,0.011356992550278333,0.054093809301006233,0.06352699973351743,0.13812377253511798,
2000,base6,3,138,1,,4876.459243517951,exchangeable_varying_sigma,0.18,fixed,0.18,0.18,fixed,0.18,1.0,sin,0.9,-0.21857737336135974,0.047893886526773975,0.06122868023056689,0.007602095832861339,0.009066254514347035,0.040608131976873026,0.05260555534794575,0.010255177364919654,0.011264012557372381,0.056542483961505095,0.0669903998221964,0.21857737336135974,
1000,base5,0,139,1,,1066.901957700029,exchangeable_varying_sigma,0.18,fixed,0.18,0.18,fixed,0.18,1.0,sin,0.0,-0.01538723759446731,0.0796186965495732,0.10707336410144047,0.03064843072254178,0.032052488855265425,0.08273662692227692,0.11227724185932908,0.03038253824555201,0.03466661360318103,0.2693454955518283,0.32294266069466576,0.01538723759446731,
1000,base5,0,139,1,,1125.6380645070458,exchangeable_varying_sigma,0.18,fixed,0.18,0.18,fixed,0.18,1.0,sin,0.3,-0.11794044465094677,0.07833449602032012,0.10494940461155142,0.014609751092186637,0.019270032704091854,0.0809143961912226,0.10900590002878226,0.016225194272230042,0.017050324563216143,0.28651395131034335,0.35019410124452144,0.11794044465094677,
1000,base5,0,139,1,,1128.338078649016,exchangeable_varying_sigma,0.18,fixed,0.18,0.18,fixed,0.18,1.0,sin,0.6,-0.2641454315834681,0.07871129237152377,0.10550205176812927,0.014500521079686274,0.02015189542225482,0.07947725609334244,0.10751151988173385,0.01785881708914691,0.01833811862162698,0.29138987583139014,0.35727202552425263,0.2641454315834681,
1000,base5,0,139,1,,1100.615264384076,exchangeable_varying_sigma,0.18,fixed,0.18,0.18,fixed,0.18,1.0,sin,0.9,-0.41410051191659436,0.07912348075293428,0.10619263233531025,0.014644967564254638,0.02057874201052465,0.076071003904809,0.10429393142464294,0.01881344438932578,0.018959745606605995,0.29784719748742017,0.3660680741434519,0.41410051191659436,
1000,base6,0,139,1,,1289.9793964829296,exchangeable_varying_sigma,0.18,fixed,0.18,0.18,fixed,0.18,1.0,sin,0.0,-0.018260606005762736,0.06509151666464794,0.089310917711865,0.027770752847011956,0.029005505443868575,0.06615008183512526,0.09066361160508277,0.029744371481506007,0.03113330512993692,0.21096990381502717,0.23558297452814111,0.018260606005762736,
1000,base6,0,139,1,,1306.7836787599372,exchangeable_varying_sigma,0.18,fixed,0.18,0.18,fixed,0.18,1.0,sin,0.3,-0.05571506496101211,0.0610759733958558,0.08246273636580667,0.01250401882129154,0.015692063208884506,0.06081165363701693,0.08228468481266493,0.016065073777269123,0.017681846190676476,0.14796632967350495,0.1711398809735236,0.05571506496101211,
1000,base6,0,139,1,,1104.148917782004,exchangeable_varying_sigma,0.18,fixed,0.18,0.18,fixed,0.18,1.0,sin,0.6,-0.15729774619277842,0.061068777553861454,0.08204066214516892,0.014104768002544676,0.016936490064219246,0.05742854280951009,0.07758327750825462,0.017660164001521345,0.01909485649405744,0.13850308876531892,0.16329215605109088,0.15729774619277842,
1000,base6,0,139,1,,1032.9179318529787,exchangeable_varying_sigma,0.18,fixed,0.18,0.18,fixed,0.18,1.0,sin,0.9,-0.2644472773795574,0.060753963884495825,0.08135592915329203,0.015434095009116466,0.017691233194036517,0.05057042568561863,0.06841548689858584,0.018651256926937476,0.020070041306180064,0.1280388239442198,0.15600302048439146,0.2644472773795574,
2000,base5,0,139,1,,3780.915137410979,exchangeable_varying_sigma,0.18,fixed,0.18,0.18,fixed,0.18,1.0,sin,0.0,0.044187193189041525,0.06480325869811394,0.08925718963556162,0.013284399576616812,0.01693937598372217,0.06792199312070853,0.09563493058774679,0.012585141736905281,0.014886746728053277,0.4102200014259796,0.5624043142138209,0.044187193189041525,
2000,base5,0,139,1,,5728.834779583965,exchangeable_varying_sigma,0.18,fixed,0.18,0.18,fixed,0.18,1.0,sin,0.3,-0.13953051633007205,0.06634784508451917,0.09073491923451267,0.015573861120102561,0.019347478730994374,0.06866301208583474,0.09615813091330042,0.01453560692382369,0.015912814547062344,0.36222553858605855,0.48015824333817125,0.13953051633007205,
2000,base5,0,139,1,,3909.4730440450367,exchangeable_varying_sigma,0.18,fixed,0.18,0.18,fixed,0.18,1.0,sin,0.6,-0.27408879239705,0.06658418940993492,0.09084687362456305,0.01600660843473553,0.02042551827975468,0.06729363722039276,0.0951750127509124,0.015270184768522016,0.01666192964480123,0.35780775523575586,0.47713327078894274,0.27408879239705,
2000,base5,0,139,1,,3738.115706391982,exchangeable_varying_sigma,0.18,fixed,0.18,0.18,fixed,0.18,1.0,sin,0.9,-0.4092176541811057,0.06679754826178627,0.09091149172321569,0.016341735153733328,0.02140631906764743,0.06446538141305387,0.09299608336194624,0.015948879993336496,0.017197382939450407,0.35343713429538887,0.47499907304019356,0.4092176541811057,
2000,base6,0,139,1,,5459.791435486986,exchangeable_varying_sigma,0.18,fixed,0.18,0.18,fixed,0.18,1.0,sin,0.0,-0.016404771483951728,0.04662985140497324,0.05963605255936605,0.012256149523259666,0.014853565236687957,0.047279446000029854,0.06044640417391153,0.011513377304624955,0.012220241729598565,0.05791215390323798,0.068284111725199,0.016404771483951728,
2000,base6,0,139,1,,5399.690823305049,exchangeable_varying_sigma,0.18,fixed,0.18,0.18,fixed,0.18,1.0,sin,0.3,-0.05847949114398804,0.045482837407843,0.057894124762186056,0.011864151227484299,0.01713408988626794,0.045776574614008615,0.058363153221329046,0.011054647631553088,0.014249693480004424,0.050593353551198456,0.06146361999967696,0.05847949114398804,
2000,base6,0,139,1,,5874.707817284972,exchangeable_varying_sigma,0.18,fixed,0.18,0.18,fixed,0.18,1.0,sin,0.6,-0.13349063879396172,0.045483962079370485,0.057942763914488174,0.012314553408686577,0.018530538215859343,0.04406672934049063,0.05634005063457908,0.012268680436445453,0.01582873353683915,0.05404412569439476,0.0660164218342547,0.13349063879396172,
2000,base6,0,139,1,,3398.9984075500397,exchangeable_varying_sigma,0.18,fixed,0.18,0.18,fixed,0.18,1.0,sin,0.9,-0.20889565149749667,0.045534841102167704,0.05799443142903533,0.012753428695570931,0.019813826056554296,0.04009084728340994,0.051537641951131356,0.013279861374612997,0.01738192705907621,0.059514758205317736,0.07307780091861338,0.20889565149749667,
1000,base5,1,140,1,,1108.7191591800656,exchangeable_varying_sigma,0.18,fixed,0.18,0.18,fixed,0.18,1.0,sin,0.0,0.012745002697329698,0.07773401304362916,0.10475429895547177,0.008890544164428166,0.013794630378604532,0.0810031858487753,0.11004724832958537,0.010393819061246923,0.01418371584755206,0.27260058673049997,0.33274833139889004,0.012745002697329698,
1000,base5,1,140,1,,1079.9273672170239,exchangeable_varying_sigma,0.18,fixed,0.18,0.18,fixed,0.18,1.0,sin,0.3,-0.1809172149261502,0.07494154129270572,0.10161381515335101,0.020938756524926022,0.026552300490383512,0.07725420563704154,0.10584355045027515,0.020807897323355543,0.028318643289951623,0.2608889940392942,0.3269963543103593,0.1809172149261502,
1000,base5,1,140,1,,1116.351426912006,exchangeable_varying_sigma,0.18,fixed,0.18,0.18,fixed,0.18,1.0,sin,0.6,-0.32663293951884476,0.07499600161306104,0.10161879997692623,0.022018665471888577,0.027305509967528983,0.0752819565493481,0.1035124591656215,0.02139360804700327,0.028286418756963676,0.261043099135326,0.3269000606646032,0.32663293951884476,
1000,base5,1,140,1,,1102.8435093120206,exchangeable_varying_sigma,0.18,fixed,0.18,0.18,fixed,0.18,1.0,sin,0.9,-0.4687972453399448,0.0754964742009522,0.10196689311469363,0.02237614741474006,0.027014905526710473,0.07187840129759572,0.09962086601694474,0.021364187484759795,0.02646049574250159,0.26158559268769016,0.32724569036101214,0.4687972453399448,
1000,base6,1,140,1,,1286.737489711959,exchangeable_varying_sigma,0.18,fixed,0.18,0.18,fixed,0.18,1.0,sin,0.0,0.035532455834569265,0.06442889800298818,0.08538858111348879,0.005932747378490699,0.00695755601857139,0.06527785484757062,0.08622512181246367,0.005394823527779757,0.006808067881145492,0.21794293771814996,0.23851863262663486,0.035532455834569265,
1000,base6,1,140,1,,1070.7459945139708,exchangeable_varying_sigma,0.18,fixed,0.18,0.18,fixed,0.18,1.0,sin,0.3,-0.11557820261735835,0.05929557070987769,0.07905704072379847,0.023390963676955007,0.02897072922556749,0.05931327211448189,0.07905612445017292,0.026639293262733732,0.032558794660471006,0.19210970099760794,0.2146597190610212,0.11557820261735835,
1000,base6,1,140,1,,971.4868587619858,exchangeable_varying_sigma,0.18,fixed,0.18,0.18,fixed,0.18,1.0,sin,0.6,-0.2119494078907645,0.05879708523505317,0.07826886570515318,0.023918482450937195,0.029626436651916988,0.05602075183493252,0.07456134802538934,0.027023333838646163,0.033278389842749403,0.2017808588047351,0.22441335607688176,0.2119494078907645,
1000,base6,1,140,1,,1287.8140140250325,exchangeable_varying_sigma,0.18,fixed,0.18,0.18,fixed,0.18,1.0,sin,0.9,-0.303093106649564,0.058431603129158814,0.07761478680219236,0.02427596439378943,0.0291631993435502,0.049531485720917465,0.06591142677947939,0.02622919887845218,0.032602712652446804,0.214156910161254,0.23736499494115446,0.303093106649564,
2000,base5,1,140,1,,3712.8053061550017,exchangeable_varying_sigma,0.18,fixed,0.18,0.18,fixed,0.18,1.0,sin,0.0,-0.010486632564012995,0.06508192715749114,0.08823673669581494,0.01839428612769703,0.020079764122238917,0.06825589723754644,0.09433637059252596,0.01501754260113658,0.015155605432180936,0.40061919402496177,0.5519120293799817,0.010486632564012995,
2000,base5,1,140,1,,4713.434049586067,exchangeable_varying_sigma,0.18,fixed,0.18,0.18,fixed,0.18,1.0,sin,0.3,-0.12926951172344855,0.06402109241470136,0.08776381458046709,0.007666024986065875,0.009818426813749507,0.06679100046787138,0.09321700301017198,0.007808281899321534,0.008217570597079405,0.3784328541550867,0.5146524904940875,0.12926951172344855,
2000,base5,1,140,1,,3939.916241271072,exchangeable_varying_sigma,0.18,fixed,0.18,0.18,fixed,0.18,1.0,sin,0.6,-0.2605658260269782,0.06401844479156904,0.08770616428905124,0.008403705997782188,0.010444762721608913,0.06530875926854168,0.09176911657150279,0.009101140634699093,0.009365564367576162,0.3815428894960411,0.514809654626302,0.2605658260269782,
2000,base5,1,140,1,,4485.557321793982,exchangeable_varying_sigma,0.18,fixed,0.18,0.18,fixed,0.18,1.0,sin,0.9,-0.3921989636127784,0.06398216947507392,0.08767037265779501,0.009138642298867489,0.010903738950984013,0.06223585698088498,0.08924774445339198,0.010409849472445817,0.010562393137112453,0.38527994962730705,0.5152912691395202,0.3921989636127784,
2000,base6,1,140,1,,5376.052758160047,exchangeable_varying_sigma,0.18,fixed,0.18,0.18,fixed,0.18,1.0,sin,0.0,-0.011567926011653734,0.04530629193318329,0.05736098918880051,0.013635620950721489,0.01653189691971123,0.04589545283032539,0.05807984472186015,0.012121170508475249,0.012683009567423527,0.07763618193290014,0.09442901525811756,0.011567926011653734,
2000,base6,1,140,1,,5888.744051188929,exchangeable_varying_sigma,0.18,fixed,0.18,0.18,fixed,0.18,1.0,sin,0.3,-0.06802343885036694,0.04578626573401361,0.058289372765078507,0.01076161172454608,0.012908417848562998,0.04566600252433731,0.05828776876505214,0.01017338982820798,0.012128644293797518,0.07624108771038056,0.09546122526926372,0.06802343885036694,
2000,base6,1,140,1,,6139.191224964918,exchangeable_varying_sigma,0.18,fixed,0.18,0.18,fixed,0.18,1.0,sin,0.6,-0.14454625011948163,0.04585577529445523,0.05826441609631713,0.01171636167392763,0.013707409119599272,0.043605039169920944,0.05548824152809554,0.010663031598345585,0.012768948585517867,0.07245583795420293,0.09174359769939443,0.14454625011948163,
2000,base6,1,140,1,,5766.06767340505,exchangeable_varying_sigma,0.18,fixed,0.18,0.18,fixed,0.18,1.0,sin,0.9,-0.22372982468398606,0.04588493739899068,0.05825177416116325,0.012497707493804466,0.01428171669118711,0.039351732523609045,0.0500364483101923,0.011479665369418926,0.01292309026696217,0.06822441659478862,0.08787053883876461,0.22372982468398606,
1000,base5,2,141,1,,1127.264084636001,exchangeable_varying_sigma,0.18,fixed,0.18,0.18,fixed,0.18,1.0,sin,0.0,-0.06623977767363387,0.08150569120906635,0.11030985863004507,0.01497840797148535,0.01806511826887333,0.08492125244108399,0.11526044345461026,0.009961233857657126,0.013247851222099684,0.2851964213854233,0.34365266415228257,0.06623977767363387,
1000,base5,2,141,1,,1254.2796489540488,exchangeable_varying_sigma,0.18,fixed,0.18,0.18,fixed,0.18,1.0,sin,0.3,-0.12060767325772495,0.08269452755639708,0.11303666574681163,0.02654693542436054,0.02834061818579531,0.0849172843725918,0.1171459379784703,0.01530331816527597,0.018861488819680895,0.2826684851547583,0.34934528526415815,0.12060767325772495,
1000,base5,2,141,1,,1110.870943718939,exchangeable_varying_sigma,0.18,fixed,0.18,0.18,fixed,0.18,1.0,sin,0.6,-0.2888195237556334,0.08322611354440615,0.11343949590913222,0.029389790433632712,0.030761914054519515,0.08318418887012159,0.1152198243983876,0.015352020044466258,0.018927529916197772,0.286316772510741,0.35600479987541006,0.2888195237556334,
1000,base5,2,141,1,,1131.4962121209828,exchangeable_varying_sigma,0.18,fixed,0.18,0.18,fixed,0.18,1.0,sin,0.9,-0.45959719682847566,0.08373541910875566,0.11349272564056538,0.03224893973119511,0.03340335108990076,0.07965472482608503,0.11092324853366026,0.016860300331839218,0.01931771221222306,0.29147444493606667,0.3643660361822352,0.45959719682847566,
1000,base6,2,141,1,,1265.1717680819565,exchangeable_varying_sigma,0.18,fixed,0.18,0.18,fixed,0.18,1.0,sin,0.0,-0.057122135617936526,0.06369281266330996,0.08791331136690761,0.007783494590145698,0.01037149161129816,0.06432251830366481,0.08855485888191958,0.008196902195679784,0.010700388197674693,0.19917275395109293,0.22329356109643728,0.057122135617936526,
1000,base6,2,141,1,,1081.3146029729396,exchangeable_varying_sigma,0.18,fixed,0.18,0.18,fixed,0.18,1.0,sin,0.3,-0.05134339660223547,0.06362428561340329,0.09235267189438955,0.02827531145087067,0.030529330835630527,0.06360842587084001,0.09266285175791275,0.020278094600714947,0.023364143079300285,0.1885357213630371,0.2144706106236265,0.05134339660223547,
1000,base6,2,141,1,,1258.5011931649642,exchangeable_varying_sigma,0.18,fixed,0.18,0.18,fixed,0.18,1.0,sin,0.6,-0.16614299685787215,0.06382043770305988,0.0926128650264402,0.031118166460140345,0.0332749449453353,0.06106922710844107,0.0896041670383475,0.021118929456070162,0.023810867586780603,0.17860953279668865,0.20377253804870363,0.16614299685787215,
1000,base6,2,141,1,,1276.5123611510498,exchangeable_varying_sigma,0.18,fixed,0.18,0.18,fixed,0.18,1.0,sin,0.9,-0.28656178954823563,0.06419562497391369,0.0922721889280628,0.03397731575770485,0.03625854129593617,0.05554340068468873,0.08171780933368654,0.021689751635175475,0.024255685127756322,0.169614433896136,0.19332560934901816,0.28656178954823563,
2000,base5,2,141,1,,4687.415865837946,exchangeable_varying_sigma,0.18,fixed,0.18,0.18,fixed,0.18,1.0,sin,0.0,0.042125840073326475,0.06436395432818307,0.08741841614089974,0.015531299517104316,0.017003025364706163,0.06818412001660001,0.09389639484542357,0.016810491170109146,0.01982672976396072,0.4399361365993309,0.6012861296893915,0.042125840073326475,
2000,base5,2,141,1,,5576.946696172003,exchangeable_varying_sigma,0.18,fixed,0.18,0.18,fixed,0.18,1.0,sin,0.3,-0.12911398390627554,0.06378777477812378,0.08698265082427552,0.009658161501699236,0.01142165124524694,0.06670305492613314,0.09287202490274662,0.0119096946084771,0.013057819259835114,0.41053808373774436,0.5614104824452364,0.12911398390627554,
2000,base5,2,141,1,,3678.0478450240334,exchangeable_varying_sigma,0.18,fixed,0.18,0.18,fixed,0.18,1.0,sin,0.6,-0.26511290924236847,0.06400130912128306,0.0872279249289404,0.00998057691261739,0.011995484178388058,0.06532477363132956,0.09212274438569504,0.012751073225392567,0.013980833825886517,0.4000885894325383,0.5498509284872546,0.26511290924236847,
2000,base5,2,141,1,,4552.830436913995,exchangeable_varying_sigma,0.18,fixed,0.18,0.18,fixed,0.18,1.0,sin,0.9,-0.39630322505833315,0.06440715297152635,0.08765244424638309,0.010115629369963575,0.012413711685068843,0.06263076353509049,0.09063307445744928,0.012805557107453958,0.01411242429873756,0.3870914449012537,0.5363857386081211,0.39630322505833315,
2000,base6,2,141,1,,3576.701790699037,exchangeable_varying_sigma,0.18,fixed,0.18,0.18,fixed,0.18,1.0,sin,0.0,0.021967633571753895,0.045300321218717354,0.05792649752407982,0.012410943581662365,0.015031665835972678,0.04614571810377157,0.058981576786179976,0.012490749966713732,0.015311005463533504,0.07430694449452693,0.08540512927527136,0.021967633571753895,
2000,base6,2,141,1,,3562.1337596209487,exchangeable_varying_sigma,0.18,fixed,0.18,0.18,fixed,0.18,1.0,sin,0.3,-0.06969360330734742,0.04559853889424962,0.05770363390012243,0.011888846899223787,0.01220396390455898,0.04594252204559,0.05816081361858178,0.013473752805351957,0.013670278760585403,0.07100105557297712,0.08688529489622157,0.06969360330734742,
2000,base6,2,141,1,,5438.256349013071,exchangeable_varying_sigma,0.18,fixed,0.18,0.18,fixed,0.18,1.0,sin,0.6,-0.14929669781230753,0.04559923682899192,0.05783071698430961,0.012348138291415817,0.012716932545987849,0.04400504965112295,0.05585137720613818,0.014495305062057234,0.014804578986893392,0.06958836352846277,0.08614645606165593,0.14929669781230753,
2000,base6,2,141,1,,4973.8808040710865,exchangeable_varying_sigma,0.18,fixed,0.18,0.18,fixed,0.18,1.0,sin,0.9,-0.22921771072537078,0.045622762113569644,0.058079992810576124,0.012553919765386251,0.012977574696275805,0.039752063887898995,0.050888694021514774,0.01488345955973025,0.015531060668669584,0.06862905806335044,0.08494372069700293,0.22921771072537078,
1000,base5,3,142,1,,1232.8992358730175,exchangeable_varying_sigma,0.18,fixed,0.18,0.18,fixed,0.18,1.0,sin,0.0,-0.02000203342055915,0.07821395063463642,0.10615211210360251,0.05070944970339518,0.06266325258165967,0.08059042176321311,0.1098580804801384,0.04619365526663649,0.059700048890554046,0.22666494072422314,0.2650634565913743,0.02000203342055915,
1000,base5,3,142,1,,1240.0361224509543,exchangeable_varying_sigma,0.18,fixed,0.18,0.18,fixed,0.18,1.0,sin,0.3,-0.13461596383119695,0.07474219775731501,0.10104527939737713,0.018766902394947438,0.020521109807315165,0.07700393103851655,0.10513899751966946,0.015976759546497132,0.019921918949956152,0.23572618295105682,0.2810633794394692,0.13461596383119695,
1000,base5,3,142,1,,1097.7192246910417,exchangeable_varying_sigma,0.18,fixed,0.18,0.18,fixed,0.18,1.0,sin,0.6,-0.2825777766927828,0.07399307258564225,0.09993040154603003,0.022230344551067732,0.0233194101744201,0.07469648839845262,0.10301650275987863,0.018351762364050617,0.023374883193583627,0.237834655949253,0.2837008372207409,0.2825777766927828,
1000,base5,3,142,1,,1277.3390339630423,exchangeable_varying_sigma,0.18,fixed,0.18,0.18,fixed,0.18,1.0,sin,0.9,-0.43067513484818115,0.0731830927157969,0.09881274413187036,0.026281302809006618,0.027481919256515983,0.07035032559515537,0.0987890880104653,0.024238412630609246,0.029236126253207196,0.24143785857178524,0.28752946729118345,0.43067513484818115,
1000,base6,3,142,1,,1023.8542843840551,exchangeable_varying_sigma,0.18,fixed,0.18,0.18,fixed,0.18,1.0,sin,0.0,-0.037421137845855726,0.06252456799548561,0.08366047114635719,0.039076434849193764,0.052312136037959714,0.06344254743372278,0.08467666867041239,0.03786560468875266,0.05210701788438806,0.21884335392630289,0.260429280219007,0.037421137845855726,
1000,base6,3,142,1,,962.034781661001,exchangeable_varying_sigma,0.18,fixed,0.18,0.18,fixed,0.18,1.0,sin,0.3,-0.08950206095765503,0.056891973138615624,0.07573490749296527,0.014367116827192578,0.017558051910350994,0.057061291015672595,0.07624141211896662,0.01617751394369152,0.017973997830964365,0.20638452163836044,0.2358559283707418,0.08950206095765503,
1000,base6,3,142,1,,1254.7209489609813,exchangeable_varying_sigma,0.18,fixed,0.18,0.18,fixed,0.18,1.0,sin,0.6,-0.18888046380424184,0.05641240034768741,0.07483287586736402,0.01913759046987834,0.02231910674224697,0.054177682193853646,0.07280661676379829,0.0166491099882968,0.020039479659252717,0.20715304069400253,0.23420570409759586,0.18888046380424184,
1000,base6,3,142,1,,1164.1751804070082,exchangeable_varying_sigma,0.18,fixed,0.18,0.18,fixed,0.18,1.0,sin,0.9,-0.29181632329162366,0.05602616392861759,0.07422105535808418,0.024837493221881585,0.02809110753025378,0.04854578149283866,0.06582402748510476,0.020107337784383728,0.02378762604177302,0.20512106730916785,0.2309431537288994,0.29181632329162366,
2000,base5,3,142,1,,5807.300239481963,exchangeable_varying_sigma,0.18,fixed,0.18,0.18,fixed,0.18,1.0,sin,0.0,0.038639697588857436,0.0631148305920108,0.08726376034074268,0.027537484294781714,0.03298149685817834,0.06614525418143559,0.09264929027623196,0.023861747357035973,0.029051631221054936,0.3832522033752331,0.5027587229202843,0.038639697588857436,
2000,base5,3,142,1,,6436.987086073961,exchangeable_varying_sigma,0.18,fixed,0.18,0.18,fixed,0.18,1.0,sin,0.3,-0.12168115167003118,0.06431088329505043,0.08939257967419345,0.019488359296205918,0.027491525643329386,0.06706854596726107,0.09458521064068993,0.0189621092517738,0.025004492685420203,0.38272525950363284,0.5095460200969594,0.12168115167003118,
2000,base5,3,142,1,,4267.647674373933,exchangeable_varying_sigma,0.18,fixed,0.18,0.18,fixed,0.18,1.0,sin,0.6,-0.2631341294408452,0.06417858828304734,0.0893646688202988,0.019398473828805288,0.027727217276280504,0.0654494626776242,0.0931016101017895,0.019633463717269373,0.025629656532649814,0.37960258311422934,0.5011433681255447,0.2631341294408452,
2000,base5,3,142,1,,4936.889840952936,exchangeable_varying_sigma,0.18,fixed,0.18,0.18,fixed,0.18,1.0,sin,0.9,-0.4077621664193147,0.06401935295192475,0.08924976218998479,0.01889473391859979,0.027709527713029855,0.06227861682047805,0.0902770262805143,0.019636096001670544,0.025522192920059517,0.3766970509588533,0.49233824554904415,0.4077621664193147,
2000,base6,3,142,1,,3464.066732240026,exchangeable_varying_sigma,0.18,fixed,0.18,0.18,fixed,0.18,1.0,sin,0.0,0.03057573822463985,0.045468707944812316,0.05878056922981181,0.013767049191907105,0.017146070797688068,0.04611753717797388,0.05956916137730991,0.011976200390695663,0.016442197428958884,0.07213174284265295,0.08586612912054187,0.03057573822463985,
2000,base6,3,142,1,,3375.8383674760116,exchangeable_varying_sigma,0.18,fixed,0.18,0.18,fixed,0.18,1.0,sin,0.3,-0.07457995937055462,0.046416224757123224,0.05925896090610426,0.021430726834268193,0.024983571468928035,0.04699479129109658,0.05979238720922998,0.020783828550754946,0.023708095089185414,0.08165755150143171,0.0990703917323256,0.07457995937055462,
2000,base6,3,142,1,,3544.2645801029867,exchangeable_varying_sigma,0.18,fixed,0.18,0.18,fixed,0.18,1.0,sin,0.6,-0.15163992630230416,0.046020724773359764,0.05903679198724326,0.023732557186400077,0.026909783528907764,0.04491100238339785,0.057219882888251986,0.02230372779706677,0.025050407210152562,0.08481531985658282,0.10526460189724708,0.15163992630230416,
2000,base6,3,142,1,,3573.7681025669444,exchangeable_varying_sigma,0.18,fixed,0.18,0.18,fixed,0.18,1.0,sin,0.9,-0.22676763325692706,0.04553156995327333,0.0586998176745422,0.025891346876996596,0.028698739804038614,0.04017671249447531,0.05135072359607329,0.023643033308453243,0.02598666563807686,0.09317645641985275,0.11325236659578786,0.22676763325692706,
1000,base5,0,143,1,,1085.7151814630488,exchangeable_varying_sigma,0.18,fixed,0.18,0.18,fixed,0.18,1.0,sin,0.0,0.04036581884156549,0.07870324363957323,0.1056348869551643,0.01773497261776344,0.021115816451718575,0.08114273716432448,0.10978318815937359,0.028148493203126373,0.032980962714511,0.2630818652205519,0.3285765555397978,0.04036581884156549,
1000,base5,0,143,1,,1093.5601045390358,exchangeable_varying_sigma,0.18,fixed,0.18,0.18,fixed,0.18,1.0,sin,0.3,-0.17278794336337946,0.07936220894929572,0.10849149193560444,0.03207930210292062,0.03766801381405014,0.0815572152378321,0.11230186757437458,0.023964686335301938,0.03140165489926447,0.2772268158474094,0.34359570002183853,0.17278794336337946,
1000,base5,0,143,1,,1134.8280059029348,exchangeable_varying_sigma,0.18,fixed,0.18,0.18,fixed,0.18,1.0,sin,0.6,-0.3310176649807485,0.07919143388568269,0.10832339071107507,0.03730267386956859,0.043226301244723174,0.07934368796069613,0.10972371531991944,0.028774847754457017,0.037303654793012966,0.27539125470833936,0.34295181630028687,0.3310176649807485,
1000,base5,0,143,1,,1130.5472696298966,exchangeable_varying_sigma,0.18,fixed,0.18,0.18,fixed,0.18,1.0,sin,0.9,-0.4882476479580899,0.07892946661957281,0.1079719319523143,0.04299336740268758,0.049257824638557095,0.07515685945472317,0.10498724112487746,0.03585844577017608,0.04454238685851068,0.272154647908557,0.339847592908052,0.4882476479580899,
1000,base6,0,143,1,,1131.1229856539285,exchangeable_varying_sigma,0.18,fixed,0.18,0.18,fixed,0.18,1.0,sin,0.0,0.047342513711017595,0.059044692073231146,0.07882440630689032,0.006939490786981417,0.008817722182471793,0.05943102342371931,0.0793610929816846,0.008515589189782818,0.010282691656970776,0.20029572016802155,0.21751764333121723,0.047342513711017595,
1000,base6,0,143,1,,1041.0382522409782,exchangeable_varying_sigma,0.18,fixed,0.18,0.18,fixed,0.18,1.0,sin,0.3,-0.05146168526146236,0.061298945856952926,0.0820979878287247,0.031623451168228234,0.040149335151139526,0.06122182068130416,0.08200058608819552,0.027535942411236913,0.03448045419931927,0.19962100189808682,0.2208433531495985,0.05146168526146236,
1000,base6,0,143,1,,1115.538891504053,exchangeable_varying_sigma,0.18,fixed,0.18,0.18,fixed,0.18,1.0,sin,0.6,-0.1635264226393358,0.06120175069725766,0.08210079429192481,0.03684682293487587,0.045519759368281815,0.05795842998303244,0.07798594777890161,0.030849880046348394,0.0389772219303473,0.19220888562393687,0.21591336020679686,0.1635264226393358,
1000,base6,0,143,1,,1092.1853757529752,exchangeable_varying_sigma,0.18,fixed,0.18,0.18,fixed,0.18,1.0,sin,0.9,-0.280410170365891,0.06120785841408104,0.0819978225375704,0.04253751646799517,0.051377313865074985,0.05137393257367186,0.0696002156383671,0.03744536411198779,0.04461695325220887,0.18570009212331495,0.21250286138731306,0.280410170365891,
2000,base5,0,143,1,,3841.995626338059,exchangeable_varying_sigma,0.18,fixed,0.18,0.18,fixed,0.18,1.0,sin,0.0,0.017261011374832325,0.06334754153603167,0.08876157099603423,0.0070246137007254905,0.008803403472821582,0.06591195724527099,0.09403360827377065,0.009032178218397663,0.009295610315498186,0.3558444862091697,0.4758283392364771,0.017261011374832325,
2000,base5,0,143,1,,4292.027811534004,exchangeable_varying_sigma,0.18,fixed,0.18,0.18,fixed,0.18,1.0,sin,0.3,-0.10874287535251187,0.06439434387109409,0.08873705940789568,0.01571668774328669,0.018425153651247122,0.06674836522088047,0.09404006458033179,0.013734044427245268,0.01420289925816342,0.36263449851488155,0.4988574339564782,0.10874287535251187,
2000,base5,0,143,1,,4209.092528729001,exchangeable_varying_sigma,0.18,fixed,0.18,0.18,fixed,0.18,1.0,sin,0.6,-0.24309352443010418,0.06445684099714993,0.08861070056802148,0.015883743436267445,0.018956860127178933,0.06511515612841534,0.09255495407027343,0.014236410807025257,0.014854117426014543,0.3597221846051886,0.49335316274503704,0.24309352443010418,
2000,base5,0,143,1,,4006.186789812986,exchangeable_varying_sigma,0.18,fixed,0.18,0.18,fixed,0.18,1.0,sin,0.9,-0.38020764493125936,0.06437432299219963,0.08831775041104352,0.015707905173950015,0.01935933815281577,0.061811401275530205,0.08983212947591432,0.013731455204259863,0.01486248358592673,0.3576900503322178,0.48848484856681984,0.38020764493125936,
2000,base6,0,143,1,,4376.7562246359885,exchangeable_varying_sigma,0.18,fixed,0.18,0.18,fixed,0.18,1.0,sin,0.0,0.014131786982254008,0.04475744905450721,0.05702692638932268,0.01015518966414003,0.01285099703000887,0.045396801824958186,0.05786927762476192,0.011288028698909103,0.013449671764300643,0.07997895254635867,0.09294791665755721,0.014131786982254008,
2000,base6,0,143,1,,4026.403723267955,exchangeable_varying_sigma,0.18,fixed,0.18,0.18,fixed,0.18,1.0,sin,0.3,-0.06401560357154454,0.04647186484004354,0.05924882595668791,0.011049665930755265,0.01345635326515918,0.04605018205927085,0.05876547209637931,0.011705274458701564,0.014359769587699717,0.07763928725130968,0.09484784727214887,0.06401560357154454,
2000,base6,0,143,1,,4081.5659931070404,exchangeable_varying_sigma,0.18,fixed,0.18,0.18,fixed,0.18,1.0,sin,0.6,-0.1372155131819287,0.04647858212423575,0.0593137490734014,0.010875861878478693,0.01423143329425387,0.04361790262986714,0.055720245288328835,0.012257706220893394,0.014924201163778248,0.07870446249552254,0.09800171947189353,0.1372155131819287,
2000,base6,0,143,1,,4105.937084067962,exchangeable_varying_sigma,0.18,fixed,0.18,0.18,fixed,0.18,1.0,sin,0.9,-0.2120659513623544,0.04623929584389671,0.059194104634705834,0.011665857204318286,0.015038840290604583,0.03886721375260632,0.04969120215608801,0.012560487051324953,0.015038701018974771,0.080117256036768,0.10201398607131772,0.2120659513623544,
1000,base5,1,144,1,,1069.2072550860466,exchangeable_varying_sigma,0.18,fixed,0.18,0.18,fixed,0.18,1.0,sin,0.0,0.05173064769767566,0.07509490070556706,0.10080614152771353,0.018969682285671446,0.030339937419843418,0.07847023846061021,0.1063480125774882,0.019656178556340387,0.02875407307369912,0.27107616324419614,0.30775819638872415,0.05173064769767566,
1000,base5,1,144,1,,1140.5911830439,exchangeable_varying_sigma,0.18,fixed,0.18,0.18,fixed,0.18,1.0,sin,0.3,-0.06991884182939995,0.07502568026680823,0.09944027182664943,0.02330489811967218,0.026669336620060102,0.0774984022473315,0.10343525818041942,0.020378472149258336,0.025554643294848488,0.27281250937524176,0.3122654923893457,0.06991884182939995,
1000,base5,1,144,1,,1118.4024667879567,exchangeable_varying_sigma,0.18,fixed,0.18,0.18,fixed,0.18,1.0,sin,0.6,-0.2222269483106178,0.07490709954672987,0.09923001559036643,0.025086464459433605,0.027649664811648995,0.07480866151673841,0.10037984578353594,0.02119837092752258,0.026721818006627603,0.26616331496259504,0.3043340171493659,0.2222269483106178,
1000,base5,1,144,1,,1053.0198181470623,exchangeable_varying_sigma,0.18,fixed,0.18,0.18,fixed,0.18,1.0,sin,0.9,-0.3788921100163998,0.0745507233951924,0.09863758151208266,0.027123723361244995,0.02871106762889893,0.06992532083905877,0.09519553126040677,0.021354320253108114,0.027162464658471924,0.2587269142883802,0.29641762382415815,0.3788921100163998,
1000,base6,1,144,1,,1141.7819203910185,exchangeable_varying_sigma,0.18,fixed,0.18,0.18,fixed,0.18,1.0,sin,0.0,0.015649628018265218,0.05954455511726718,0.07951959569875654,0.021676388122214285,0.026876597661202428,0.0603022976252233,0.08042908409059257,0.024236939844351463,0.02850987222961066,0.18846771474273225,0.21312675663645203,0.015649628018265218,
1000,base6,1,144,1,,1063.096108461963,exchangeable_varying_sigma,0.18,fixed,0.18,0.18,fixed,0.18,1.0,sin,0.3,-0.06229262872750124,0.06055825909690751,0.08118903117703741,0.019555033518551812,0.023437660459165146,0.05984521008528061,0.08000460627339472,0.015800566615966072,0.021151967996427587,0.19255785966319428,0.2181354454549972,0.06229262872750124,
1000,base6,1,144,1,,1120.0117248049937,exchangeable_varying_sigma,0.18,fixed,0.18,0.18,fixed,0.18,1.0,sin,0.6,-0.16683357385591274,0.06053602617589975,0.0810841440324201,0.020875334517873045,0.02444445903615081,0.056422503439862264,0.07538870671801814,0.01939350472490528,0.02291736175631113,0.1858276765942819,0.21082537801073667,0.16683357385591274,
1000,base6,1,144,1,,1107.2205420789542,exchangeable_varying_sigma,0.18,fixed,0.18,0.18,fixed,0.18,1.0,sin,0.9,-0.2740528585444695,0.06026798675987973,0.08048124263956882,0.022117207594223726,0.025528539210785534,0.04983047204750922,0.06678845349361824,0.02290535459099223,0.024865071434835306,0.17808247554866136,0.20298978984244365,0.2740528585444695,
2000,base5,1,144,1,,4301.788336434052,exchangeable_varying_sigma,0.18,fixed,0.18,0.18,fixed,0.18,1.0,sin,0.0,0.0440127998410039,0.06398870934341866,0.08632971791909934,0.021226101471687214,0.022540948789796043,0.06714752632310954,0.09209531704394101,0.023062977608822186,0.024335527209590126,0.3604609535787637,0.47897415688887895,0.0440127998410039,
2000,base5,1,144,1,,4566.86251066695,exchangeable_varying_sigma,0.18,fixed,0.18,0.18,fixed,0.18,1.0,sin,0.3,-0.16915270243470137,0.06591626099384354,0.08964444208812537,0.006859712649601751,0.00802931511083609,0.06833434557830402,0.09462410621519732,0.008054780196384587,0.01015535764356396,0.3432474717673864,0.4474743316515444,0.16915270243470137,
2000,base5,1,144,1,,4381.781706779031,exchangeable_varying_sigma,0.18,fixed,0.18,0.18,fixed,0.18,1.0,sin,0.6,-0.30206622159092056,0.06588137749722775,0.08970840173547996,0.006916615698380757,0.008849534513226806,0.06665631997943454,0.09312854825416182,0.009948216299505902,0.011429900408916803,0.34441491209433683,0.44840891306012526,0.30206622159092056,
2000,base5,1,144,1,,4553.2249869569205,exchangeable_varying_sigma,0.18,fixed,0.18,0.18,fixed,0.18,1.0,sin,0.9,-0.43455569012547635,0.06571708010839933,0.08962129598793239,0.007971983463662763,0.010276192250622325,0.06328271480722737,0.0903789121838433,0.012604753490672443,0.013398147151705094,0.3465155851870835,0.4515841722443427,0.43455569012547635,
2000,base6,1,144,1,,4395.188751042006,exchangeable_varying_sigma,0.18,fixed,0.18,0.18,fixed,0.18,1.0,sin,0.0,0.052044459559623155,0.04404589953278415,0.05555377884549752,0.012075325863997191,0.01338524534780998,0.044908105209857024,0.05660398021918838,0.01429988071456574,0.015323021570882538,0.08714262973816622,0.09612526260164266,0.052044459559623155,
2000,base6,1,144,1,,4260.075373337022,exchangeable_varying_sigma,0.18,fixed,0.18,0.18,fixed,0.18,1.0,sin,0.3,-0.11664232830367169,0.048423697541949494,0.06201133281507238,0.00794708761586177,0.008717256715384467,0.047862603175837286,0.06133094369818668,0.008753691784639556,0.00930035538917952,0.07897801541877436,0.09939071549360771,0.11664232830367169,
2000,base6,1,144,1,,4026.820309691946,exchangeable_varying_sigma,0.18,fixed,0.18,0.18,fixed,0.18,1.0,sin,0.6,-0.19365899541253578,0.04877174378161551,0.062378447410909574,0.009809428170679257,0.010779978727336907,0.04553518522778719,0.058334405728968516,0.010098485476732005,0.010850406184762525,0.08322220345329302,0.10007994720361872,0.19365899541253578,
2000,base6,1,144,1,,5407.140437413007,exchangeable_varying_sigma,0.18,fixed,0.18,0.18,fixed,0.18,1.0,sin,0.9,-0.2700726795673414,0.049098219571020466,0.06260960403359932,0.011975400670320241,0.01311535927495369,0.040967604443027855,0.05239036718120868,0.011644457349011733,0.01302137434788286,0.08551974995270917,0.0999686421341119,0.2700726795673414,
1000,base5,2,145,1,,1137.1611154569546,exchangeable_varying_sigma,0.18,fixed,0.18,0.18,fixed,0.18,1.0,sin,0.0,-0.03727396953435682,0.07817026147948296,0.10585484516555817,0.05109665076250028,0.05182659585710537,0.08052500295316675,0.10978322333412374,0.03892745526910944,0.0412360771495831,0.24586326822054916,0.29119798953118364,0.03727396953435682,
1000,base5,2,145,1,,1139.7064510090277,exchangeable_varying_sigma,0.18,fixed,0.18,0.18,fixed,0.18,1.0,sin,0.3,-0.16501307806689558,0.07740191441771385,0.10353593417928673,0.03481063635098286,0.038425091241463226,0.07969593990500122,0.10790508536673057,0.0324482651010287,0.03938293650337142,0.2618711753179624,0.3067601223383699,0.16501307806689558,
1000,base5,2,145,1,,1106.0763420690782,exchangeable_varying_sigma,0.18,fixed,0.18,0.18,fixed,0.18,1.0,sin,0.6,-0.31972746349772646,0.0771795455081717,0.10331340007594636,0.038441985247049115,0.041841820398520475,0.0777935250064835,0.10599004581809775,0.03492036371562446,0.041356212571010804,0.26688429165398053,0.3128080006998228,0.31972746349772646,
1000,base5,2,145,1,,1119.6123149859486,exchangeable_varying_sigma,0.18,fixed,0.18,0.18,fixed,0.18,1.0,sin,0.9,-0.47490599035828424,0.07676612124486544,0.10296690666919761,0.04155943293586166,0.044411787745467536,0.07371675389431918,0.1020076292044877,0.03572544566724775,0.04053458218138457,0.2691275051641681,0.3155823277627978,0.47490599035828424,
1000,base6,2,145,1,,1168.4606182929128,exchangeable_varying_sigma,0.18,fixed,0.18,0.18,fixed,0.18,1.0,sin,0.0,0.018776664025277837,0.060537162573329625,0.07940773645034156,0.036725841764108466,0.0406743311845192,0.06096193001698954,0.07994132892922133,0.029966781532042575,0.031895119699865866,0.21234810190621753,0.23858781330356263,0.018776664025277837,
1000,base6,2,145,1,,1065.3417333220132,exchangeable_varying_sigma,0.18,fixed,0.18,0.18,fixed,0.18,1.0,sin,0.3,-0.10106561482461557,0.06183929577117854,0.08201760963664076,0.04398695167735786,0.047398430526975344,0.06173720669393014,0.0820334682813477,0.04445676112779284,0.04882412278278857,0.21751136168144888,0.2406356803865548,0.10106561482461557,
1000,base6,2,145,1,,1138.960573554039,exchangeable_varying_sigma,0.18,fixed,0.18,0.18,fixed,0.18,1.0,sin,0.6,-0.2108564803139562,0.062050485504097794,0.08217207315117994,0.04658026265307896,0.05045159741884668,0.05919602206033601,0.07899072157952325,0.04715953383026672,0.0523713105769023,0.2163001493677407,0.24218495824208183,0.2108564803139562,
1000,base6,2,145,1,,1120.7233761710813,exchangeable_varying_sigma,0.18,fixed,0.18,0.18,fixed,0.18,1.0,sin,0.9,-0.3190502988452699,0.062346598319738114,0.08226630715282483,0.048025421677777624,0.05252539824567568,0.05375696898377296,0.07201776911534054,0.04685036167105783,0.05291279682782428,0.2160914574866834,0.24588260215388008,0.3190502988452699,
2000,base5,2,145,1,,4543.813673731056,exchangeable_varying_sigma,0.18,fixed,0.18,0.18,fixed,0.18,1.0,sin,0.0,-0.028703659411461285,0.0622504293092762,0.08686693142871889,0.015441620212109347,0.015990739134173256,0.06527150719150324,0.09282231567326543,0.01393284517603019,0.015714497510272117,0.4251866864535095,0.5914081277616557,0.028703659411461285,
2000,base5,2,145,1,,4668.278969534091,exchangeable_varying_sigma,0.18,fixed,0.18,0.18,fixed,0.18,1.0,sin,0.3,-0.15382246274700656,0.06290810975905642,0.08849562954929054,0.014499593239741898,0.01900934894914637,0.06499311920428821,0.09345458880408637,0.011664812054827264,0.01536102393569563,0.4234968058774552,0.5663347328377875,0.15382246274700656,
2000,base5,2,145,1,,4348.046276162029,exchangeable_varying_sigma,0.18,fixed,0.18,0.18,fixed,0.18,1.0,sin,0.6,-0.2905131725517826,0.06307449737661128,0.08871758096366043,0.01591632570741125,0.020404575340801548,0.0635663545212403,0.09204919602515584,0.012689447678397595,0.015890820722552216,0.4252994296730127,0.561825861831002,0.2905131725517826,
2000,base5,2,145,1,,4423.274395621964,exchangeable_varying_sigma,0.18,fixed,0.18,0.18,fixed,0.18,1.0,sin,0.9,-0.4274394935405094,0.06318266973853533,0.08894768786332348,0.017454149101389524,0.02185590076570758,0.060779644973535885,0.08955487965918835,0.01378574910748373,0.016342528770608,0.4258972032852999,0.5552125393359938,0.4274394935405094,
2000,base6,2,145,1,,4415.105758344987,exchangeable_varying_sigma,0.18,fixed,0.18,0.18,fixed,0.18,1.0,sin,0.0,-0.02512228652686636,0.044632000025643,0.05722967111911043,0.006239280303304895,0.007524664390369281,0.04515486975551221,0.05786717034107555,0.006586522954115243,0.00768762145288859,0.0722198123348191,0.08160466392808681,0.02512228652686636,
2000,base6,2,145,1,,4552.3602105199825,exchangeable_varying_sigma,0.18,fixed,0.18,0.18,fixed,0.18,1.0,sin,0.3,-0.05183338504183593,0.046916876809105626,0.059891421250226375,0.016780458999191172,0.019424535234309363,0.04695721694691857,0.060023384956942885,0.01454802463702111,0.016267506680504057,0.061339551575736125,0.07376211478263066,0.05183338504183593,
2000,base6,2,145,1,,4164.571081520058,exchangeable_varying_sigma,0.18,fixed,0.18,0.18,fixed,0.18,1.0,sin,0.6,-0.13388573604595966,0.047029837432006096,0.05998402969007521,0.01858134444705778,0.021351738739230523,0.04497574280071015,0.057615047977512795,0.015404088852747161,0.016944717575475395,0.06229856015609839,0.07620572817261624,0.13388573604595966,
2000,base6,2,145,1,,4256.968164157937,exchangeable_varying_sigma,0.18,fixed,0.18,0.18,fixed,0.18,1.0,sin,0.9,-0.22117647792821182,0.04706939426431838,0.059957682021455454,0.02047690271421325,0.023399214399172804,0.04050641873431867,0.051943316850935804,0.01644744395842855,0.01794210173156786,0.06716548127556976,0.08267273046199607,0.22117647792821182,
1000,base5,3,146,1,,1047.441486214986,exchangeable_varying_sigma,0.18,fixed,0.18,0.18,fixed,0.18,1.0,sin,0.0,0.09759409564780931,0.0751080587075758,0.10388817490241026,0.019217441850147815,0.02458606316365044,0.07728931253160803,0.1078412854663276,0.02168169456226743,0.025660402325651352,0.2456797051259092,0.3222908152495521,0.09759409564780931,
1000,base5,3,146,1,,1152.2762700460153,exchangeable_varying_sigma,0.18,fixed,0.18,0.18,fixed,0.18,1.0,sin,0.3,-0.1367873349433156,0.07906180591676654,0.10821943195355391,0.01874305304598653,0.02868585460300806,0.08068543897417232,0.11132083958196622,0.01681164318510482,0.02211921080901346,0.20609688266409876,0.2549382508552172,0.1367873349433156,
1000,base5,3,146,1,,1101.7799648049986,exchangeable_varying_sigma,0.18,fixed,0.18,0.18,fixed,0.18,1.0,sin,0.6,-0.29645846707635365,0.07964740985481736,0.10852799984496694,0.020810430712748712,0.030983505015126492,0.07867137362223665,0.10889515537246267,0.01877698598504203,0.023492412365431998,0.20729392255958487,0.2602627832500073,0.29645846707635365,
1000,base5,3,146,1,,1104.7494613960152,exchangeable_varying_sigma,0.18,fixed,0.18,0.18,fixed,0.18,1.0,sin,0.9,-0.4637054695753724,0.08004333377066435,0.10859630966567851,0.023010772215532396,0.03327176019146703,0.07474817434719004,0.10417354918932156,0.02098903381011301,0.025167243953677792,0.21322739603805918,0.2732385624255799,0.4637054695753724,
1000,base6,3,146,1,,1174.6436857050285,exchangeable_varying_sigma,0.18,fixed,0.18,0.18,fixed,0.18,1.0,sin,0.0,0.0918383985469379,0.058239716464935844,0.07856717700749247,0.020450090394027565,0.02290916992248756,0.05903011144478438,0.07969017809134823,0.02113517998932779,0.02217839666127249,0.1996436178476713,0.22465686190841083,0.0918383985469379,
1000,base6,3,146,1,,1080.1713881660253,exchangeable_varying_sigma,0.18,fixed,0.18,0.18,fixed,0.18,1.0,sin,0.3,-0.07379306487599777,0.06533045686077346,0.08823500379411503,0.014245420574445375,0.019430880915487923,0.06530497799370201,0.08826850798007428,0.013001470187779293,0.013885153869630872,0.22051866104794804,0.23864114064398587,0.07379306487599777,
1000,base6,3,146,1,,1094.3123077469645,exchangeable_varying_sigma,0.18,fixed,0.18,0.18,fixed,0.18,1.0,sin,0.6,-0.18297112706896634,0.06539543384288565,0.08890059011154088,0.01631279824120431,0.022104097164219995,0.062209421094654244,0.08445158313258389,0.013847081146725213,0.01529216655993859,0.21491558333249564,0.23330884425471474,0.18297112706896634,
1000,base6,3,146,1,,1182.9867768810363,exchangeable_varying_sigma,0.18,fixed,0.18,0.18,fixed,0.18,1.0,sin,0.9,-0.2974386705278117,0.0651933329492978,0.08925776515587741,0.018513139743987675,0.024826144450179787,0.05548780592402166,0.07645043531169207,0.015192906534566814,0.017589336923138278,0.20843973981725294,0.22690702593426362,0.2974386705278117,
2000,base5,3,146,1,,3883.7422224660404,exchangeable_varying_sigma,0.18,fixed,0.18,0.18,fixed,0.18,1.0,sin,0.0,-0.019473460692905196,0.06464396474298202,0.08757288462610228,0.011992403661390955,0.01418003785894202,0.06759867704066172,0.09298372231297672,0.008994333170245672,0.010064709685049456,0.4183681958917942,0.5442740655651483,0.019473460692905196,
2000,base5,3,146,1,,4502.038505075034,exchangeable_varying_sigma,0.18,fixed,0.18,0.18,fixed,0.18,1.0,sin,0.3,-0.12901436346751552,0.06482539676212264,0.08740653150916286,0.023227871767075747,0.027314393234240602,0.06786839105209762,0.09279699660540419,0.019784246975439082,0.024100745095995007,0.4116210910556855,0.5344098273101546,0.12901436346751552,
2000,base5,3,146,1,,4487.845802264987,exchangeable_varying_sigma,0.18,fixed,0.18,0.18,fixed,0.18,1.0,sin,0.6,-0.254941796590678,0.06467235771989398,0.08745598481061616,0.024676578833316976,0.029632063067272636,0.0664393326390376,0.0917499427585289,0.021700225456299307,0.026002106760226244,0.4084550716276462,0.5308873113725425,0.254941796590678,
2000,base5,3,146,1,,4009.909474733053,exchangeable_varying_sigma,0.18,fixed,0.18,0.18,fixed,0.18,1.0,sin,0.9,-0.38049224663681935,0.06443688351282942,0.08759730205121968,0.026265060804381568,0.0322899192471526,0.06322089782806257,0.08966097211348549,0.02426341431173437,0.0286226300671847,0.404784125244938,0.5266871467653901,0.38049224663681935,
2000,base6,3,146,1,,4494.15499211906,exchangeable_varying_sigma,0.18,fixed,0.18,0.18,fixed,0.18,1.0,sin,0.0,-0.045727759983010444,0.045667561870171104,0.05763273616451382,0.003933166073731537,0.004268638221826749,0.04648048575432465,0.058643472102308025,0.005665839175501064,0.006897601445833378,0.06943138965629513,0.0847299076798867,0.045727759983010444,
2000,base6,3,146,1,,4222.625956890057,exchangeable_varying_sigma,0.18,fixed,0.18,0.18,fixed,0.18,1.0,sin,0.3,-0.0678855275415759,0.044045370960887495,0.056298633982364954,0.013278415449335723,0.016541309515494783,0.04460162027757081,0.057020793699855785,0.013776979051773663,0.01809103795855903,0.09265090661367495,0.11558530774073644,0.0678855275415759,
2000,base6,3,146,1,,4865.00466312503,exchangeable_varying_sigma,0.18,fixed,0.18,0.18,fixed,0.18,1.0,sin,0.6,-0.13406725577066814,0.04403494118297626,0.056172375367223075,0.01476566865740589,0.018759988934405492,0.04285847115097007,0.05482407884453933,0.015418392190815991,0.020174116445240628,0.09370379346194756,0.11711065291962236,0.13406725577066814,
2000,base6,3,146,1,,4983.161518443958,exchangeable_varying_sigma,0.18,fixed,0.18,0.18,fixed,0.18,1.0,sin,0.9,-0.19754189795592048,0.04401431591640355,0.05613808716420087,0.016230216267378417,0.021309763054441364,0.03909857669205876,0.050394549772139426,0.017642375150637338,0.02314150634535328,0.09366432656887277,0.1178766086956421,0.19754189795592048,
1000,base5,0,147,1,,1031.099011086044,exchangeable_varying_sigma,0.18,fixed,0.18,0.18,fixed,0.18,1.0,sin,0.0,-0.05116445585484982,0.07783375694791804,0.10412313065350118,0.028525562832558762,0.03259869059027025,0.08070758713487043,0.10844427877484328,0.03478047624349709,0.036584151635078554,0.2314717492150828,0.27514980135802963,0.05116445585484982,
1000,base5,0,147,1,,1140.875825235038,exchangeable_varying_sigma,0.18,fixed,0.18,0.18,fixed,0.18,1.0,sin,0.3,-0.14347547944183453,0.07540513851375025,0.10202897449916874,0.012198835110473205,0.01423902735783877,0.07693698314386818,0.1051999944971833,0.009813508675495936,0.015458827746696215,0.2348543622537089,0.29237014161135444,0.14347547944183453,
1000,base5,0,147,1,,1156.4072650820017,exchangeable_varying_sigma,0.18,fixed,0.18,0.18,fixed,0.18,1.0,sin,0.6,-0.30159347695718763,0.07558302157790178,0.10227881144338775,0.013966882227686522,0.016103297477953464,0.07513743847363713,0.10341663574595435,0.010520701618918021,0.016920128880685625,0.23640408785164851,0.2939199124001252,0.30159347695718763,
1000,base5,0,147,1,,1149.6446215179749,exchangeable_varying_sigma,0.18,fixed,0.18,0.18,fixed,0.18,1.0,sin,0.9,-0.460646664292504,0.07603290928847381,0.10273663644242413,0.01583199488215048,0.01805749054887174,0.07210511660029938,0.1000081335926036,0.013566501262536751,0.01959516008601178,0.24034613706778252,0.2983909030214647,0.460646664292504,
1000,base6,0,147,1,,1079.7990816710517,exchangeable_varying_sigma,0.18,fixed,0.18,0.18,fixed,0.18,1.0,sin,0.0,-0.038673032281817676,0.06302830938328449,0.08488275342535216,0.021235056585749673,0.022431614642019846,0.06353655811508258,0.0854571385191482,0.024854312856453536,0.026825620610438493,0.19540558241928307,0.2123882694738546,0.038673032281817676,
1000,base6,0,147,1,,1118.1417640569853,exchangeable_varying_sigma,0.18,fixed,0.18,0.18,fixed,0.18,1.0,sin,0.3,-0.13955836148502762,0.05969420183049561,0.08050484339118881,0.028314372808763116,0.029476425462511203,0.059412300655255684,0.08013412062922327,0.025995348361915194,0.02649495393112135,0.1732468431544254,0.19155268935982867,0.13955836148502762,
1000,base6,0,147,1,,1135.5227456249995,exchangeable_varying_sigma,0.18,fixed,0.18,0.18,fixed,0.18,1.0,sin,0.6,-0.24227882966003472,0.05963664344768086,0.08042718663183611,0.030196223938917133,0.031517391391662694,0.05690462828572482,0.07675372428655595,0.02525468968336178,0.026186254363876504,0.18051678173919689,0.19915350392568737,0.24227882966003472,
1000,base6,0,147,1,,1164.1257094299654,exchangeable_varying_sigma,0.18,fixed,0.18,0.18,fixed,0.18,1.0,sin,0.9,-0.3380031912180772,0.05969191040511245,0.08051265709525643,0.03164020128829112,0.03333906833803086,0.05137401810165101,0.06971724675251377,0.023501365532267615,0.025670372721593396,0.18988477821157676,0.20879969317525351,0.3380031912180772,
2000,base5,0,147,1,,4369.403679076931,exchangeable_varying_sigma,0.18,fixed,0.18,0.18,fixed,0.18,1.0,sin,0.0,0.0025442542953523915,0.06302416572055496,0.08682670045095205,0.023631885493946167,0.025200369804742353,0.0657525019493535,0.09188965735221669,0.01784590058625836,0.01948924055964118,0.3647395561963744,0.49504926393111814,0.0025442542953523915,
2000,base5,0,147,1,,4276.53484225506,exchangeable_varying_sigma,0.18,fixed,0.18,0.18,fixed,0.18,1.0,sin,0.3,-0.11137223037634647,0.06336069039403563,0.086010093983064,0.02290805060302134,0.027607301271580273,0.0656708130651303,0.0905212128119461,0.016801958795580968,0.021007602283681422,0.3744347349088403,0.5029753732678696,0.11137223037634647,
2000,base5,0,147,1,,4183.7999367449665,exchangeable_varying_sigma,0.18,fixed,0.18,0.18,fixed,0.18,1.0,sin,0.6,-0.2480697744892299,0.06328293524613592,0.08581292191217461,0.02524035171507824,0.029653225701155705,0.06410718313511429,0.08925860188788037,0.018194500733615837,0.02273724814608244,0.3825375011931803,0.5112625620830393,0.2480697744892299,
2000,base5,0,147,1,,4491.465190439951,exchangeable_varying_sigma,0.18,fixed,0.18,0.18,fixed,0.18,1.0,sin,0.9,-0.38727225462746206,0.06321585666756142,0.08562786194351103,0.027270804426844708,0.031379688333942876,0.06105658992243241,0.08703432784657296,0.019694337354368013,0.02369701108515,0.3907441305533849,0.5196970551526059,0.38727225462746206,
2000,base6,0,147,1,,4384.214722670964,exchangeable_varying_sigma,0.18,fixed,0.18,0.18,fixed,0.18,1.0,sin,0.0,-0.005722961614682421,0.046060974559516014,0.05875948823454502,0.012289471701724605,0.016610203669273696,0.0466303436322083,0.059492515460897614,0.009323753683687278,0.014018849138982683,0.057138382541712475,0.06962470477041743,0.005722961614682421,
2000,base6,0,147,1,,4500.979184517055,exchangeable_varying_sigma,0.18,fixed,0.18,0.18,fixed,0.18,1.0,sin,0.3,-0.05549950223652997,0.04406372676502691,0.055972409352838266,0.024810124564228958,0.026427217714854016,0.0442004736939139,0.05605207969489514,0.020047156572347458,0.021953777781377207,0.06130842040917869,0.0725619264285116,0.05549950223652997,
2000,base6,0,147,1,,4349.030389746069,exchangeable_varying_sigma,0.18,fixed,0.18,0.18,fixed,0.18,1.0,sin,0.6,-0.13526247071203618,0.04397872424822336,0.05578950537545873,0.02714242567628322,0.028811647578428398,0.04234337105943152,0.05369295300779776,0.022933127749397292,0.024670690990347504,0.061342955203923966,0.07400429737727429,0.13526247071203618,
2000,base6,0,147,1,,4621.942865841906,exchangeable_varying_sigma,0.18,fixed,0.18,0.18,fixed,0.18,1.0,sin,0.9,-0.21463582771667655,0.04402020012902205,0.05571505560122541,0.029172878388049384,0.030923908347308075,0.038752456234833796,0.04934003375128936,0.025473405007646194,0.027016048858378168,0.059838242719633054,0.07431714678391231,0.21463582771667655,
1000,base5,1,148,1,,985.2611357399728,exchangeable_varying_sigma,0.18,fixed,0.18,0.18,fixed,0.18,1.0,sin,0.0,-0.0020500794674970617,0.07679994458309854,0.10547583479121221,0.025264069813890955,0.03034011099262529,0.07898134489259093,0.10929071820720046,0.01496093609078361,0.018265331478388228,0.2367376805946459,0.28821527254458174,0.0020500794674970617,
1000,base5,1,148,1,,1191.411822665017,exchangeable_varying_sigma,0.18,fixed,0.18,0.18,fixed,0.18,1.0,sin,0.3,-0.15140332262522785,0.07631818719884695,0.10301912247502279,0.016896337061781425,0.019349300496667825,0.07876058812974776,0.10761545062095097,0.018353063864196995,0.02149736097194706,0.2771611044413878,0.34051431343249094,0.15140332262522785,
1000,base5,1,148,1,,1189.9381738730008,exchangeable_varying_sigma,0.18,fixed,0.18,0.18,fixed,0.18,1.0,sin,0.6,-0.3078140865182406,0.0761554315464868,0.10264964954394508,0.018605074483509287,0.021013594014595325,0.07662744082179862,0.10531554120159836,0.02213676934332781,0.025518073161184904,0.2834241728430161,0.3467275593787154,0.3078140865182406,
1000,base5,1,148,1,,1144.3940386730246,exchangeable_varying_sigma,0.18,fixed,0.18,0.18,fixed,0.18,1.0,sin,0.9,-0.46608589746635315,0.07599217904041236,0.10219159046511646,0.02092041034647335,0.0239596191651225,0.07267452350769876,0.10121056020609177,0.026939278572077563,0.031058110745999696,0.29119908030488423,0.3549432492348124,0.46608589746635315,
1000,base6,1,148,1,,1075.5985701829195,exchangeable_varying_sigma,0.18,fixed,0.18,0.18,fixed,0.18,1.0,sin,0.0,0.02076516251397588,0.05888114803335958,0.07794272877377235,0.022674807662531465,0.024915101670434665,0.05933605890402193,0.07844024102448795,0.01852341640608124,0.021688757217058922,0.19397805400937665,0.21710749963883164,0.02076516251397588,
1000,base6,1,148,1,,1078.0413978419965,exchangeable_varying_sigma,0.18,fixed,0.18,0.18,fixed,0.18,1.0,sin,0.3,-0.1309534161109178,0.058312349487138114,0.07683406683193572,0.006032873385409865,0.006167146400034117,0.05820012732951882,0.0769778075586608,0.010958004611249267,0.011751650312916917,0.21634518964701852,0.23655768889447515,0.1309534161109178,
1000,base6,1,148,1,,1201.5096790220123,exchangeable_varying_sigma,0.18,fixed,0.18,0.18,fixed,0.18,1.0,sin,0.6,-0.22843858490178093,0.05815772133586712,0.07658662434690801,0.007157045186090921,0.007771530107725401,0.05532557018287948,0.07372219787968641,0.012015803703738615,0.01354211852046397,0.22346169885973813,0.2459364871945489,0.22843858490178093,
1000,base6,1,148,1,,1191.48469686904,exchangeable_varying_sigma,0.18,fixed,0.18,0.18,fixed,0.18,1.0,sin,0.9,-0.3235382780402337,0.05785236334061877,0.07624532523088993,0.01144718707002762,0.011484779976950365,0.04955682022426432,0.06677121008539222,0.016240023492540584,0.018073296841436635,0.22925544268921147,0.25493502913164423,0.3235382780402337,
2000,base5,1,148,1,,4141.855001528049,exchangeable_varying_sigma,0.18,fixed,0.18,0.18,fixed,0.18,1.0,sin,0.0,0.036926270331412825,0.06633228104615943,0.09206717274044716,0.016240819605134682,0.01710172641619358,0.06952806851109468,0.09827833343307275,0.010333469633154374,0.010692621314843118,0.39037319694003486,0.5240276341016453,0.036926270331412825,
2000,base5,1,148,1,,4346.716859126929,exchangeable_varying_sigma,0.18,fixed,0.18,0.18,fixed,0.18,1.0,sin,0.3,-0.12725418137702302,0.06485107314785477,0.09006648606759088,0.023081705029001795,0.025205460793518285,0.06695710817122394,0.09515623435662528,0.019704612499452975,0.021457115226971295,0.3581213892031717,0.48189223063689046,0.12725418137702302,
2000,base5,1,148,1,,4292.76827462099,exchangeable_varying_sigma,0.18,fixed,0.18,0.18,fixed,0.18,1.0,sin,0.6,-0.26258563553136033,0.06519244651870369,0.09029538492595728,0.024419963872490152,0.02627211283979749,0.06533588855533427,0.09367950833431216,0.019864820243891315,0.021608156188722395,0.35860324918375014,0.48014460949341664,0.26258563553136033,
2000,base5,1,148,1,,4574.697987093008,exchangeable_varying_sigma,0.18,fixed,0.18,0.18,fixed,0.18,1.0,sin,0.9,-0.40005900328176286,0.06565764753246627,0.09058322840562788,0.025537628109268448,0.026995782644203284,0.06250879714941675,0.09132197481491446,0.019784538864608375,0.021466621117191016,0.3603760644439179,0.47990511937627534,0.40005900328176286,
2000,base6,1,148,1,,4364.64682501799,exchangeable_varying_sigma,0.18,fixed,0.18,0.18,fixed,0.18,1.0,sin,0.0,0.037865004402211966,0.046188509224680305,0.05944281818334017,0.010552841642037236,0.01122200539275983,0.04669596416086532,0.060110847214408035,0.009603934638679007,0.010177620536514498,0.05046768293705049,0.06564014894385346,0.037865004402211966,
2000,base6,1,148,1,,4462.661301339045,exchangeable_varying_sigma,0.18,fixed,0.18,0.18,fixed,0.18,1.0,sin,0.3,-0.06862729538885293,0.04550740094531023,0.05897829367401901,0.014194391816227905,0.018100574343956656,0.044916195573602366,0.058421216156505654,0.013714192298207015,0.017186130257249247,0.07349175181868961,0.08382037567011212,0.06862729538885293,
2000,base6,1,148,1,,4677.122656514053,exchangeable_varying_sigma,0.18,fixed,0.18,0.18,fixed,0.18,1.0,sin,0.6,-0.14554924023882482,0.04586469051345946,0.05930646447224693,0.014858968915260895,0.019607173560742285,0.042734630827740094,0.05549887250399496,0.01322769228730139,0.017668944346794224,0.0793003600283066,0.08869229782651729,0.14554924023882482,
2000,base6,1,148,1,,4868.373347376008,exchangeable_varying_sigma,0.18,fixed,0.18,0.18,fixed,0.18,1.0,sin,0.9,-0.22256493006155953,0.04624092549478781,0.05962017297349749,0.015275871288243384,0.020927111145199507,0.038816133370507835,0.05037214459085884,0.012184922133359505,0.017947919805763927,0.08427068461255302,0.09332249412641212,0.22256493006155953,
1000,base5,2,149,1,,1198.8681141089182,exchangeable_varying_sigma,0.18,fixed,0.18,0.18,fixed,0.18,1.0,sin,0.0,-0.01927600256624183,0.07725389974945183,0.10307819987413354,0.04903868759593258,0.05109874284910278,0.08042157088504821,0.10837584364503809,0.04929745003314151,0.05427770734291559,0.2779012522470711,0.3661486140570983,0.01927600256624183,
1000,base5,2,149,1,,1223.310798718012,exchangeable_varying_sigma,0.18,fixed,0.18,0.18,fixed,0.18,1.0,sin,0.3,-0.14147269978853103,0.07729805911525901,0.1044195109097836,0.035480498487591286,0.04234718136596541,0.08059547147123947,0.11021074896604031,0.04664369030160935,0.049942579394977496,0.2882275115294517,0.3692905840114596,0.14147269978853103,
1000,base5,2,149,1,,1137.547803951078,exchangeable_varying_sigma,0.18,fixed,0.18,0.18,fixed,0.18,1.0,sin,0.6,-0.2912857712586286,0.07661755129380093,0.10334533990776491,0.04025884030484528,0.04780381300370752,0.07809413564599146,0.10735312226494227,0.051166757284093395,0.05547770465439278,0.2868278964093825,0.36255911615930914,0.2912857712586286,
1000,base5,2,149,1,,1249.8698877410498,exchangeable_varying_sigma,0.18,fixed,0.18,0.18,fixed,0.18,1.0,sin,0.9,-0.438481989772901,0.07562726093685923,0.10211210636597418,0.04437169247731321,0.05296176360666758,0.07319974992381571,0.10233507909617555,0.054155711448295854,0.06005586300841721,0.28678380907269446,0.3565292754839736,0.438481989772901,
1000,base6,2,149,1,,1110.5400704300264,exchangeable_varying_sigma,0.18,fixed,0.18,0.18,fixed,0.18,1.0,sin,0.0,-0.017275111594615238,0.06333610050802187,0.0840514013935527,0.033318187035360325,0.0386240343666798,0.06401570177461184,0.08481369415900997,0.035977692535247296,0.04212829144696979,0.21042851007457972,0.2255276131618372,0.017275111594615238,
1000,base6,2,149,1,,1140.7561783950077,exchangeable_varying_sigma,0.18,fixed,0.18,0.18,fixed,0.18,1.0,sin,0.3,-0.10157387682804506,0.06247638789245546,0.08213596307257123,0.0512009990481629,0.05333904252831434,0.06296796599230609,0.08339099053062879,0.053554333154990225,0.05528226470802598,0.1948253588477038,0.21424514587418061,0.10157387682804506,
1000,base6,2,149,1,,1079.409474103013,exchangeable_varying_sigma,0.18,fixed,0.18,0.18,fixed,0.18,1.0,sin,0.6,-0.19653880002145674,0.061686413920460315,0.0808359849225465,0.05597934086541631,0.058624340222681606,0.05942418293281876,0.0789006647155825,0.05778312115166999,0.0599547342558905,0.1983060276777409,0.21916856444503371,0.19653880002145674,
1000,base6,2,149,1,,1080.3900131449336,exchangeable_varying_sigma,0.18,fixed,0.18,0.18,fixed,0.18,1.0,sin,0.9,-0.2862320836668606,0.060380473030131415,0.07936131090531133,0.06009219303788689,0.06346736570746929,0.052103413928550925,0.06959273846697946,0.05990906145992174,0.06289318729623058,0.20144888246829817,0.22513045025807854,0.2862320836668606,
2000,base5,2,149,1,,4123.755179281114,exchangeable_varying_sigma,0.18,fixed,0.18,0.18,fixed,0.18,1.0,sin,0.0,0.008229900660865612,0.06350560759111369,0.08748872677333097,0.009872538689762372,0.011162297226073523,0.06625025995619159,0.09278903808688145,0.012837737048505715,0.014509233043539228,0.36966562876412307,0.48471412108325806,0.008229900660865612,
2000,base5,2,149,1,,4266.015721854987,exchangeable_varying_sigma,0.18,fixed,0.18,0.18,fixed,0.18,1.0,sin,0.3,-0.12817358431162224,0.06410282310384155,0.08911788149917674,0.01754707765762653,0.023208914989166794,0.06634173234071482,0.09398764195022999,0.01241280647817998,0.01701280974403713,0.37342966018303186,0.49859602106022916,0.12817358431162224,
2000,base5,2,149,1,,4254.00858660799,exchangeable_varying_sigma,0.18,fixed,0.18,0.18,fixed,0.18,1.0,sin,0.6,-0.2561900113953712,0.06381728182086181,0.08891148081839562,0.017895828388332785,0.023445609559213543,0.06425987734244412,0.09202701729468751,0.012949483309573379,0.016312137118610712,0.3734888259202919,0.5006346816904199,0.2561900113953712,
2000,base5,2,149,1,,4716.6160624580225,exchangeable_varying_sigma,0.18,fixed,0.18,0.18,fixed,0.18,1.0,sin,0.9,-0.3838641628918855,0.06348270330728134,0.08867897560357407,0.018285882246151353,0.02332679511600978,0.060406155351353706,0.08880125991826196,0.013068313915909735,0.015319783521846169,0.37535049043366553,0.5029171194709244,0.3838641628918855,
2000,base6,2,149,1,,4429.72177561291,exchangeable_varying_sigma,0.18,fixed,0.18,0.18,fixed,0.18,1.0,sin,0.0,-0.011732630478441305,0.04435418597440513,0.05615062074189567,0.0038506205966395146,0.004429535025466834,0.04478298524078763,0.05671676742248639,0.00388154175376737,0.004796306063339203,0.06474941316376749,0.0726789442041277,0.011732630478441305,
2000,base6,2,149,1,,4499.143038552022,exchangeable_varying_sigma,0.18,fixed,0.18,0.18,fixed,0.18,1.0,sin,0.3,-0.06634077446731793,0.04607507592213579,0.05865255565547897,0.013017924182867874,0.017491842542782684,0.045697636733518746,0.05844089353134666,0.014004033643363112,0.01603472907962628,0.06537662491312349,0.07418766474940082,0.06634077446731793,
2000,base6,2,149,1,,4560.652759246994,exchangeable_varying_sigma,0.18,fixed,0.18,0.18,fixed,0.18,1.0,sin,0.6,-0.13600745006617065,0.045950681346522845,0.0584349666568348,0.01369115071426065,0.01787901522296335,0.04323832531781932,0.0554040482350198,0.01528171553228215,0.016599111062324673,0.06014558322181727,0.06897442789624049,0.13600745006617065,
2000,base6,2,149,1,,4903.454415860004,exchangeable_varying_sigma,0.18,fixed,0.18,0.18,fixed,0.18,1.0,sin,0.9,-0.20672304206582848,0.04566623178813569,0.05819761856481389,0.014190235892175204,0.017978950657328636,0.03827804693522744,0.04930407686019296,0.016642680563680318,0.01724591959642372,0.05460998726682872,0.06381562626644104,0.20672304206582848,
1000,base5,0,150,1,,1109.3321607392281,exchangeable_varying_sigma,0.18,fixed,0.18,0.18,fixed,0.18,1.0,sin,0.0,-0.017910232512413696,0.0804095469803637,0.10893109625570305,0.03336559642333757,0.04162168743781428,0.08441089690399572,0.11530731486882337,0.023180806629031825,0.029527332811382423,0.29052779241009113,0.3636099111797365,0.017910232512413696,
1000,base5,0,150,1,,1151.743150393013,exchangeable_varying_sigma,0.18,fixed,0.18,0.18,fixed,0.18,1.0,sin,0.3,-0.16086347956232905,0.08232767855125135,0.11173498692513557,0.031378765656068924,0.04184226523965187,0.08471420165020294,0.11627041089305956,0.023798837335513384,0.02853017957399773,0.26202045262260565,0.32035992359217347,0.16086347956232905,
1000,base5,0,150,1,,1207.1290570269339,exchangeable_varying_sigma,0.18,fixed,0.18,0.18,fixed,0.18,1.0,sin,0.6,-0.3263674604859093,0.0822514156147902,0.11139850550995924,0.03656970786398028,0.04838176949605283,0.082313850221716,0.11343771783561805,0.028886384460851594,0.03457292645083448,0.259937852481405,0.31298367986385717,0.3263674604859093,
1000,base5,0,150,1,,1080.5446312902495,exchangeable_varying_sigma,0.18,fixed,0.18,0.18,fixed,0.18,1.0,sin,0.9,-0.4941320309538315,0.08193573143631223,0.11065499342574615,0.04194472937621588,0.05555362650737264,0.07772116383960813,0.1082809090111942,0.034683547751705374,0.04203109707973443,0.258272111056006,0.3053969815023941,0.4941320309538315,
1000,base6,0,150,1,,986.6434481209144,exchangeable_varying_sigma,0.18,fixed,0.18,0.18,fixed,0.18,1.0,sin,0.0,-0.000743212180223067,0.06035621026107067,0.08028013516888861,0.03655564709420654,0.04717227593664285,0.06127024203724266,0.081405832814899,0.03192135760748341,0.038668213707758255,0.2489337409145853,0.2726219649219173,0.000743212180223067,
1000,base6,0,150,1,,1211.1367270671763,exchangeable_varying_sigma,0.18,fixed,0.18,0.18,fixed,0.18,1.0,sin,0.3,-0.09624862301384504,0.06239519747137592,0.08281708727373376,0.03520739401311124,0.03737924505106674,0.0620959638940487,0.08276875778290203,0.03171453182734646,0.03276033144053151,0.26122536332279256,0.2828605181105246,0.09624862301384504,
1000,base6,0,150,1,,1186.7856700741686,exchangeable_varying_sigma,0.18,fixed,0.18,0.18,fixed,0.18,1.0,sin,0.6,-0.2022568525142468,0.06266834845333304,0.0831538779247536,0.04039833622102215,0.043156951561394874,0.05920238566605524,0.07922863739394649,0.03755965016977686,0.03863183982289635,0.2628021825336884,0.2887962857089908,0.2022568525142468,
1000,base6,0,150,1,,1096.8568342183717,exchangeable_varying_sigma,0.18,fixed,0.18,0.18,fixed,0.18,1.0,sin,0.9,-0.3097672915258951,0.06273039948984697,0.08345280776236715,0.04577335773325805,0.04947506957577568,0.0530247516660667,0.07158791768417333,0.04436974289261861,0.04609667573909228,0.263237042503412,0.2953612665343191,0.3097672915258951,
2000,base5,0,150,1,,4507.100308574736,exchangeable_varying_sigma,0.18,fixed,0.18,0.18,fixed,0.18,1.0,sin,0.0,-0.03756048988216152,0.06588000979795763,0.08993196657900732,0.019503166052103282,0.026312952897257665,0.0691140505909768,0.09556318873719133,0.021300591796134277,0.02730440833224899,0.42575437571027136,0.5425068837187903,0.03756048988216152,
2000,base5,0,150,1,,4939.882253955118,exchangeable_varying_sigma,0.18,fixed,0.18,0.18,fixed,0.18,1.0,sin,0.3,-0.17441168708413304,0.06640459295552772,0.08894890742028246,0.0055190498639493685,0.006519444482336293,0.06840702516006113,0.09349216714785508,0.01394538791693592,0.01612038178580333,0.41302814035674346,0.54492869501497,0.17441168708413304,
2000,base5,0,150,1,,4616.3252386082895,exchangeable_varying_sigma,0.18,fixed,0.18,0.18,fixed,0.18,1.0,sin,0.6,-0.3006260249947186,0.06668391218896431,0.08919278006092403,0.00763118714796375,0.008298076029578643,0.06655931400399157,0.09182672841047827,0.016141196368713973,0.01851534774146761,0.40354669087827094,0.5333536296892415,0.3006260249947186,
2000,base5,0,150,1,,5133.601884783246,exchangeable_varying_sigma,0.18,fixed,0.18,0.18,fixed,0.18,1.0,sin,0.9,-0.4213718084418343,0.06703630037071705,0.08961716327130953,0.010068322868975993,0.0105293053616025,0.06322801134156245,0.08910224198748039,0.01828704931279708,0.020890121709143877,0.3911913412939777,0.5185011257621838,0.4213718084418343,
2000,base6,0,150,1,,4512.826993003953,exchangeable_varying_sigma,0.18,fixed,0.18,0.18,fixed,0.18,1.0,sin,0.0,-0.013360082686275815,0.046839066079526884,0.060421170034066725,0.015220403684257061,0.021071386065731876,0.04718835996666569,0.06089596098609933,0.01596879435634993,0.02128580390423444,0.04449814420913634,0.06523406964088786,0.013360082686275815,
2000,base6,0,150,1,,4054.7424505986273,exchangeable_varying_sigma,0.18,fixed,0.18,0.18,fixed,0.18,1.0,sin,0.3,-0.07178374325649511,0.04494034596995547,0.05779432569622748,0.007945236878700218,0.009876854995405226,0.04481163675565444,0.05768154090210555,0.01126993570982035,0.015318876835157653,0.04549286556698272,0.06669529026660358,0.07178374325649511,
2000,base6,0,150,1,,4247.52348583797,exchangeable_varying_sigma,0.18,fixed,0.18,0.18,fixed,0.18,1.0,sin,0.6,-0.14162434275508407,0.04489610272614569,0.05785782828965221,0.010057374162710561,0.011815356348712459,0.04276409120363865,0.05510002011323126,0.013494301262152786,0.017372726166786836,0.044377325127759916,0.06532089499048939,0.14162434275508407,
2000,base6,0,150,1,,4505.030943739228,exchangeable_varying_sigma,0.18,fixed,0.18,0.18,fixed,0.18,1.0,sin,0.9,-0.20936012613001498,0.04487781293716214,0.058072839797019264,0.012494509883725899,0.014151327692579839,0.038364876227097125,0.049576313562045116,0.015765257243050973,0.019333457545744316,0.043284375849884975,0.06518433333663665,0.20936012613001498,
1000,base5,1,151,1,,1035.4469904601574,exchangeable_varying_sigma,0.18,fixed,0.18,0.18,fixed,0.18,1.0,sin,0.0,0.02695695971234291,0.07481772037216362,0.10214096582104788,0.014222901772192514,0.018184379557932208,0.0774042773981805,0.10689786492886151,0.014536693598065198,0.01791228176972769,0.24845741958265713,0.32380506772491735,0.02695695971234291,
1000,base5,1,151,1,,1077.078663662076,exchangeable_varying_sigma,0.18,fixed,0.18,0.18,fixed,0.18,1.0,sin,0.3,-0.17979642832895693,0.07445872501639964,0.10245278863931963,0.034867455249049994,0.03990521379743865,0.07620981731126497,0.10601967289180725,0.032086866629764385,0.03673145006146662,0.23349900363041642,0.27950219096620965,0.17979642832895693,
1000,base5,1,151,1,,1168.4632515097037,exchangeable_varying_sigma,0.18,fixed,0.18,0.18,fixed,0.18,1.0,sin,0.6,-0.3223084246273915,0.07482688938510343,0.10279184588730454,0.037328538461847985,0.0437565011353666,0.07437817849607704,0.10413293925609371,0.03623862283160338,0.040223781054127244,0.2380377662356619,0.2829309989271007,0.3223084246273915,
1000,base5,1,151,1,,1088.4149867217056,exchangeable_varying_sigma,0.18,fixed,0.18,0.18,fixed,0.18,1.0,sin,0.9,-0.4605047810954792,0.07535734825825657,0.103311616123607,0.03943220766338394,0.04784591147040555,0.0705751707820075,0.10057999309222346,0.040524564759888304,0.04397931035677883,0.2449025877232822,0.2898359106358612,0.4605047810954792,
1000,base6,1,151,1,,951.1593892700039,exchangeable_varying_sigma,0.18,fixed,0.18,0.18,fixed,0.18,1.0,sin,0.0,0.022642031833829897,0.061611297724639004,0.07971535775946129,0.0065157651963918956,0.008310521833859875,0.06219011394860022,0.08033219053273845,0.00911997205549843,0.010249215210072759,0.1601152106705094,0.18141998969052686,0.022642031833829897,
1000,base6,1,151,1,,1239.7149280342273,exchangeable_varying_sigma,0.18,fixed,0.18,0.18,fixed,0.18,1.0,sin,0.3,-0.14527384681841146,0.059573762661470346,0.07697149529954163,0.03804067690216287,0.044192055248483186,0.05935410648821781,0.0768180308078113,0.03830667758454287,0.04216808518826066,0.1896726045572177,0.21241064733051088,0.14527384681841146,
1000,base6,1,151,1,,1203.397527369205,exchangeable_varying_sigma,0.18,fixed,0.18,0.18,fixed,0.18,1.0,sin,0.6,-0.2353024513772875,0.05948857498908897,0.07673851324702599,0.04154711430324069,0.04897241183544055,0.056343251747196746,0.07270360974837503,0.042033037083148456,0.04565066917048895,0.20405366125878888,0.22569562384957098,0.2353024513772875,
1000,base6,1,151,1,,1019.1861081211828,exchangeable_varying_sigma,0.18,fixed,0.18,0.18,fixed,0.18,1.0,sin,0.9,-0.3166762667064277,0.05946482008978883,0.0765363962377574,0.04494591852585694,0.05403316457146871,0.05008963375554169,0.06440118222385977,0.045833158354047526,0.049446309069408355,0.21892823571543749,0.23916195703504095,0.3166762667064277,
2000,base5,1,151,1,,5369.549197094049,exchangeable_varying_sigma,0.18,fixed,0.18,0.18,fixed,0.18,1.0,sin,0.0,0.021628330559649744,0.0615042940136081,0.08504080547140883,0.017424534443755996,0.018210031348657705,0.06402899692452108,0.09085072038876918,0.01748618555035608,0.0207692647498227,0.3620923563608188,0.5100036504737455,0.021628330559649744,
2000,base5,1,151,1,,4746.601869254839,exchangeable_varying_sigma,0.18,fixed,0.18,0.18,fixed,0.18,1.0,sin,0.3,-0.11484574689203625,0.06126487494929899,0.08411602611342592,0.02792411321955951,0.030337427542616053,0.06354109096420169,0.08979543703558515,0.02773120136644236,0.03192344659179083,0.3841060454976498,0.5306525995739624,0.11484574689203625,
2000,base5,1,151,1,,4551.1370228640735,exchangeable_varying_sigma,0.18,fixed,0.18,0.18,fixed,0.18,1.0,sin,0.6,-0.2476503608351036,0.06116402351190305,0.08410754420357942,0.02985818367483506,0.03207278803398854,0.06192737548282734,0.08863137487334259,0.030243731571873017,0.03472951483942378,0.3846341505808775,0.5314436536252876,0.2476503608351036,
2000,base5,1,151,1,,4858.121602259111,exchangeable_varying_sigma,0.18,fixed,0.18,0.18,fixed,0.18,1.0,sin,0.9,-0.37954373879349645,0.06099271809403484,0.08413721061452002,0.03131805214936095,0.03324431752878705,0.05863062962384729,0.08634464362838719,0.03200768097224452,0.0365949475301806,0.3839232070463288,0.5297877071939819,0.37954373879349645,
2000,base6,1,151,1,,4103.050154931843,exchangeable_varying_sigma,0.18,fixed,0.18,0.18,fixed,0.18,1.0,sin,0.0,0.015993651723651848,0.04432435558312938,0.05639741489892657,0.01587070427598944,0.017509805834726232,0.04496516619033598,0.05718357981271187,0.015310019594599114,0.01781378155826636,0.08426031122054829,0.10668367778826128,0.015993651723651848,
2000,base6,1,151,1,,4335.576872414909,exchangeable_varying_sigma,0.18,fixed,0.18,0.18,fixed,0.18,1.0,sin,0.3,-0.07761993661823402,0.045281641632086436,0.05758710767876925,0.02947794338732615,0.03112161481432669,0.04518982535918464,0.05752178319633937,0.029447010782017335,0.03157690522488494,0.0777806938234683,0.09548820428379337,0.07761993661823402,
2000,base6,1,151,1,,4434.459244976286,exchangeable_varying_sigma,0.18,fixed,0.18,0.18,fixed,0.18,1.0,sin,0.6,-0.15270435789019998,0.045553602433977575,0.057898461059412994,0.03141201384260123,0.0329169638196632,0.043222852213453004,0.055112423887960164,0.03161703983090822,0.03374076627066808,0.07900680362184705,0.09601146559183701,0.15270435789019998,
2000,base6,1,151,1,,4479.160198062193,exchangeable_varying_sigma,0.18,fixed,0.18,0.18,fixed,0.18,1.0,sin,0.9,-0.22767338853365926,0.045982315897636225,0.05831337900887227,0.032871882317127454,0.03417986194432155,0.03917762296888306,0.05018700601416392,0.0330016572358896,0.03498845541446878,0.07965129070556091,0.09602379876643728,0.22767338853365926,
1000,base5,2,152,1,,1294.3615826671012,exchangeable_varying_sigma,0.18,fixed,0.18,0.18,fixed,0.18,1.0,sin,0.0,0.024365571263310695,0.08415898409353896,0.11581487730932774,0.02783982965238832,0.03702596836536343,0.08752865541112678,0.12132743318301058,0.02969262999511388,0.040155698850702325,0.3005506916047664,0.38503374367485904,0.024365571263310695,
1000,base5,2,152,1,,1246.8700808449648,exchangeable_varying_sigma,0.18,fixed,0.18,0.18,fixed,0.18,1.0,sin,0.3,-0.18898591726760672,0.08316132909906174,0.11550654849939063,0.03920148750669253,0.05037131255125178,0.08469786158196305,0.11898628115434953,0.04502420508259483,0.05432577400573239,0.29214166435365574,0.375710304201077,0.18898591726760672,
1000,base5,2,152,1,,1273.0648860591464,exchangeable_varying_sigma,0.18,fixed,0.18,0.18,fixed,0.18,1.0,sin,0.6,-0.3441726785593458,0.08440006104488575,0.1173796351800424,0.043646666111864574,0.053865144652833374,0.08354482000140082,0.1182229425151494,0.05019605382853637,0.05879155122082924,0.28784182721352924,0.3727427573760547,0.3441726785593458,
1000,base5,2,152,1,,1254.876369369682,exchangeable_varying_sigma,0.18,fixed,0.18,0.18,fixed,0.18,1.0,sin,0.9,-0.4920137235336041,0.08595316294446156,0.11965248673443314,0.047987319525322314,0.05712795479643361,0.0811246524323096,0.11609754306926921,0.05502217300598011,0.0623804232746026,0.2819364423256449,0.36587380197640396,0.4920137235336041,
1000,base6,2,152,1,,1173.9639822598547,exchangeable_varying_sigma,0.18,fixed,0.18,0.18,fixed,0.18,1.0,sin,0.0,0.043086683644906414,0.06608537313861464,0.09063462263176678,0.02025715977054654,0.03133038495150246,0.0667574182680741,0.09160494577240748,0.023116746086248363,0.033444123564502555,0.20895456658856698,0.23102525208156885,0.043086683644906414,
1000,base6,2,152,1,,1213.6678447849117,exchangeable_varying_sigma,0.18,fixed,0.18,0.18,fixed,0.18,1.0,sin,0.3,-0.0721046746426344,0.06348222497812293,0.08961904217318813,0.03457014603147909,0.04005982288775453,0.062489688342230766,0.08820647587256907,0.034223372168401295,0.04174392722885573,0.15523217906575582,0.17429078699944672,0.0721046746426344,
1000,base6,2,152,1,,1105.784606340807,exchangeable_varying_sigma,0.18,fixed,0.18,0.18,fixed,0.18,1.0,sin,0.6,-0.1786355075593124,0.06430352240836475,0.09178227647975166,0.03901532463664978,0.04407433581877231,0.05980081107599683,0.08538287078739719,0.03830964571166273,0.04568529477153772,0.15262632174245,0.17126682338458557,0.1786355075593124,
1000,base6,2,152,1,,1074.212395787239,exchangeable_varying_sigma,0.18,fixed,0.18,0.18,fixed,0.18,1.0,sin,0.9,-0.28251394010523,0.06522731355704711,0.0942982235388149,0.043355978050108324,0.047939675358416235,0.05407376448634715,0.07870167772692546,0.0418005797061928,0.048564942652278634,0.15456117482275716,0.1728486364555555,0.28251394010523,
2000,base5,2,152,1,,4899.044710990973,exchangeable_varying_sigma,0.18,fixed,0.18,0.18,fixed,0.18,1.0,sin,0.0,0.01763205624450334,0.06489622262987989,0.08960380555806577,0.01842826947523754,0.018645474608025476,0.06762308559689173,0.0946298174295138,0.012006020464851663,0.013619118887803575,0.3684185885924304,0.4838676591407439,0.01763205624450334,
2000,base5,2,152,1,,4837.015999038704,exchangeable_varying_sigma,0.18,fixed,0.18,0.18,fixed,0.18,1.0,sin,0.3,-0.10175637639054211,0.06494326038830327,0.0897239443605229,0.021559175525334345,0.0270936284224603,0.06773926278472396,0.09503775029378637,0.020341085086485453,0.024752534080988247,0.40507706046980557,0.5430220703957989,0.10175637639054211,
2000,base5,2,152,1,,4951.13741751574,exchangeable_varying_sigma,0.18,fixed,0.18,0.18,fixed,0.18,1.0,sin,0.6,-0.2412918590941795,0.0648423828133556,0.08950564840857611,0.02430342260226656,0.029806828321448525,0.0661343642064957,0.09347576770182667,0.022049935713077853,0.026282334241545205,0.40952149381060743,0.54981971218755,0.2412918590941795,
2000,base5,2,152,1,,4662.7614484257065,exchangeable_varying_sigma,0.18,fixed,0.18,0.18,fixed,0.18,1.0,sin,0.9,-0.38445953505240527,0.06471351974680199,0.08920507480962744,0.02694336606960268,0.03232694094033195,0.06316120948347644,0.09075192459381319,0.022987033795387316,0.027012210108879994,0.41532975474988676,0.5569066930829866,0.38445953505240527,
2000,base6,2,152,1,,4726.962182968855,exchangeable_varying_sigma,0.18,fixed,0.18,0.18,fixed,0.18,1.0,sin,0.0,0.020046467963894487,0.044934885755614426,0.057919188725582965,0.01126732138032549,0.01468959335826679,0.0454511137022128,0.058609029968887366,0.009016218728700814,0.011685029913398407,0.05698922446166091,0.07570219166048614,0.020046467963894487,
2000,base6,2,152,1,,4028.608802108094,exchangeable_varying_sigma,0.18,fixed,0.18,0.18,fixed,0.18,1.0,sin,0.3,-0.07584478832780808,0.045486734511079596,0.05830457926773512,0.02872012362024641,0.03248668197670699,0.045677805346602936,0.05852071379932387,0.026824941815836043,0.03206144014233951,0.06607302684337482,0.08719180206589038,0.07584478832780808,
2000,base6,2,152,1,,4774.66726314323,exchangeable_varying_sigma,0.18,fixed,0.18,0.18,fixed,0.18,1.0,sin,0.6,-0.14800569174981087,0.04537363810217554,0.05804839858005349,0.03146437069717982,0.03513466771785815,0.04346481320778239,0.05568536481539389,0.028435641853500962,0.03369852659454289,0.07185514732847807,0.09292271542839355,0.14800569174981087,
2000,base6,2,152,1,,4729.482133990619,exchangeable_varying_sigma,0.18,fixed,0.18,0.18,fixed,0.18,1.0,sin,0.9,-0.21893871065053716,0.045190711962431934,0.05768889252643194,0.034104314164516855,0.03756040693255139,0.03885631429816574,0.050044494364695345,0.02904691445243543,0.033986826830153465,0.07866817204582162,0.0992293121402068,0.21893871065053716,
1000,base5,0,123,1,,1671.7617133689346,exchangeable_varying_sigma,0.18,fixed,0.18,0.18,fixed,0.18,1.0,sin2,0.0,0.05969587346696918,0.07552965960992002,0.10189752054670378,0.024988862337526965,0.033622716869993005,0.07915544933395509,0.1076971623528798,0.022280516386878793,0.02678626781189571,0.23580413512814022,0.33458539915893276,0.05969587346696918,
1000,base5,0,123,1,,1733.6306337889982,exchangeable_varying_sigma,0.18,fixed,0.18,0.18,fixed,0.18,1.0,sin2,0.3,-0.13873106495678406,0.07196308915429601,0.09642985841828257,0.03169320546933227,0.03305210054117408,0.07554541207446075,0.10261836849767215,0.03989348524674313,0.04090223068290576,0.2673989040088777,0.37449053796654924,0.13873106495678406,
1000,base5,0,123,1,,1518.14763124194,exchangeable_varying_sigma,0.18,fixed,0.18,0.18,fixed,0.18,1.0,sin2,0.6,-0.3080763256464671,0.0717688851109861,0.09616660171044274,0.03177726531838415,0.03319843263903153,0.07409138377341289,0.1017207370932861,0.041106377950551054,0.042353967973448196,0.26976017580547174,0.374726614641059,0.3080763256464671,
1000,base5,0,123,1,,1269.08449431404,exchangeable_varying_sigma,0.18,fixed,0.18,0.18,fixed,0.18,1.0,sin2,0.9,-0.48028183092600274,0.07171171877545986,0.09602775672328896,0.031329134298306666,0.032990984148535164,0.07118749131774076,0.09995570616605633,0.04073642263054841,0.04243353527528579,0.2725576201204255,0.3758897609285616,0.48028183092600274,
1000,base6,0,123,1,,988.7739023249596,exchangeable_varying_sigma,0.18,fixed,0.18,0.18,fixed,0.18,1.0,sin2,0.0,-0.013789566881319942,0.05573848313457246,0.07242312672914092,0.01819285768609516,0.0219367460659195,0.05645446888284703,0.07331813415981527,0.01881668425555287,0.023617540486278503,0.11326884008068563,0.1505384547828355,0.013789566881319942,
1000,base6,0,123,1,,1024.7682298580185,exchangeable_varying_sigma,0.18,fixed,0.18,0.18,fixed,0.18,1.0,sin2,0.3,-0.15454631262085178,0.054163836469013724,0.07063023578999712,0.013137202170557014,0.01747140398726887,0.05449606988390411,0.07076446359563943,0.01571632801993461,0.019705774537219743,0.14808061701669709,0.18329813459127012,0.15454631262085178,
1000,base6,0,123,1,,998.3332503939746,exchangeable_varying_sigma,0.18,fixed,0.18,0.18,fixed,0.18,1.0,sin2,0.6,-0.25463204814411006,0.054232559736998774,0.07066281186617024,0.012614064286934998,0.0184235723658434,0.05220145003732991,0.06786718493393654,0.017695435869971715,0.020791751306696905,0.1516847929695442,0.18800243286127932,0.25463204814411006,
1000,base6,0,123,1,,1346.07661912404,exchangeable_varying_sigma,0.18,fixed,0.18,0.18,fixed,0.18,1.0,sin2,0.9,-0.34860183346386275,0.054394600525580684,0.07089743963344057,0.013116040845046945,0.01916946076277231,0.04752329997958234,0.06246268951876124,0.01920206754923745,0.02121336127555886,0.15448157494264841,0.1906921033845852,0.34860183346386275,
2000,base5,0,123,1,,4660.154883903917,exchangeable_varying_sigma,0.18,fixed,0.18,0.18,fixed,0.18,1.0,sin2,0.0,-0.04365346977337605,0.060766101767788905,0.08504381700393149,0.009610675682942924,0.012338826173975028,0.0644933492803797,0.09219236567393627,0.013786909540281125,0.01695745635109244,0.3751962839296247,0.5280066033219931,0.04365346977337605,
2000,base5,0,123,1,,4932.247031838866,exchangeable_varying_sigma,0.18,fixed,0.18,0.18,fixed,0.18,1.0,sin2,0.3,-0.2090187949065131,0.06172173764479614,0.08461943869806239,0.014000204239324993,0.01594397373528489,0.06526149708517887,0.09136534207424299,0.011387582611579489,0.012602425134922752,0.3679091484899104,0.5234045798423818,0.2090187949065131,
2000,base5,0,123,1,,6627.248904217966,exchangeable_varying_sigma,0.18,fixed,0.18,0.18,fixed,0.18,1.0,sin2,0.6,-0.35720221444635497,0.061923634875549076,0.08467192301308678,0.014789299643863829,0.017015747399551914,0.0641904964516457,0.09040305121431076,0.013246864165059768,0.0145269555817951,0.3633888314400058,0.5166404124548375,0.35720221444635497,
2000,base5,0,123,1,,6608.092392986873,exchangeable_varying_sigma,0.18,fixed,0.18,0.18,fixed,0.18,1.0,sin2,0.9,-0.5019047573209743,0.06218776461712895,0.08470906760474844,0.015528565649990195,0.01814549964105092,0.06222547679354514,0.08875658872178349,0.015150518460978368,0.016463224976807914,0.35763629701519767,0.5081435745103497,0.5019047573209743,
2000,base6,0,123,1,,6778.406013742089,exchangeable_varying_sigma,0.18,fixed,0.18,0.18,fixed,0.18,1.0,sin2,0.0,-0.016188986785038925,0.04284258942942933,0.053642256022444025,0.003843100826609075,0.00419592623019365,0.04362800517265627,0.05458347330994313,0.005827089968363633,0.00631263734604702,0.0920136860252948,0.10741339708255822,0.016188986785038925,
2000,base6,0,123,1,,3903.0862176180817,exchangeable_varying_sigma,0.18,fixed,0.18,0.18,fixed,0.18,1.0,sin2,0.3,-0.0856342921899235,0.042042870699298886,0.05318433962384262,0.009589341082553576,0.01060832880715235,0.04233891871572553,0.0535176575064713,0.01068593518869676,0.01103546435619797,0.08857583143707401,0.10703863682885922,0.0856342921899235,
2000,base6,0,123,1,,4529.661364539061,exchangeable_varying_sigma,0.18,fixed,0.18,0.18,fixed,0.18,1.0,sin2,0.6,-0.16699255510122124,0.042059449129111144,0.05316495507373448,0.010879186490135972,0.0120797792815271,0.04073487831498183,0.05164263006604689,0.011859354460792504,0.012510245304109224,0.0879429457534768,0.10658783287334718,0.16699255510122124,
2000,base6,0,123,1,,4994.625044457149,exchangeable_varying_sigma,0.18,fixed,0.18,0.18,fixed,0.18,1.0,sin2,0.9,-0.24985921435489933,0.04210894144877125,0.05305957736904853,0.012102210583088219,0.013549245775352223,0.03757652595587723,0.04804320754743727,0.013137528848820468,0.01434592085842174,0.08817257484174218,0.10679154883691411,0.24985921435489933,
1000,base5,1,124,1,,1268.2760593179846,exchangeable_varying_sigma,0.18,fixed,0.18,0.18,fixed,0.18,1.0,sin2,0.0,-0.012091977561140891,0.07353815639972473,0.10263734508563006,0.024985045551063567,0.026573524638521084,0.07728241197360072,0.10911810212258354,0.023241978787878342,0.026725176759253188,0.25600810046684563,0.3588157388397503,0.012091977561140891,
1000,base5,1,124,1,,1626.2532034390606,exchangeable_varying_sigma,0.18,fixed,0.18,0.18,fixed,0.18,1.0,sin2,0.3,-0.2132491586266983,0.07540557983612423,0.10251859078198113,0.022250812627593458,0.02752537510679387,0.07872340728762317,0.10835233605637232,0.026726155834211673,0.03254660434257308,0.2549237946535595,0.35608342228214496,0.2132491586266983,
1000,base5,1,124,1,,1447.589719702024,exchangeable_varying_sigma,0.18,fixed,0.18,0.18,fixed,0.18,1.0,sin2,0.6,-0.3854937900080724,0.0756458454651339,0.10273093276020842,0.023847671116963426,0.030158589883969064,0.0776486560076535,0.10749225752927345,0.029438155079140382,0.035951162019305385,0.255939456040214,0.3584351198615399,0.3854937900080724,
1000,base5,1,124,1,,1328.0492427010322,exchangeable_varying_sigma,0.18,fixed,0.18,0.18,fixed,0.18,1.0,sin2,0.9,-0.5556866210058915,0.07574545190823115,0.10297937211325263,0.026815409516988575,0.032676037886401596,0.07527501777355745,0.10586558400908437,0.03143537251157216,0.038394344370996196,0.2576339587544456,0.36072486386270947,0.5556866210058915,
1000,base6,1,124,1,,999.4138380569639,exchangeable_varying_sigma,0.18,fixed,0.18,0.18,fixed,0.18,1.0,sin2,0.0,0.028114800411726103,0.05273604272984086,0.06849986944079141,0.013605222967770753,0.018803997907927902,0.0535046971048276,0.06953776295597955,0.013838227939052594,0.01957144295256547,0.17385392511767897,0.20041602792105395,0.028114800411726103,
1000,base6,1,124,1,,1344.5035121219698,exchangeable_varying_sigma,0.18,fixed,0.18,0.18,fixed,0.18,1.0,sin2,0.3,-0.10675550566695441,0.05193570635202026,0.06696356567620748,0.021619030556878582,0.030894123712973447,0.05202034143784635,0.0670396730660083,0.023253652630129767,0.03375082980658213,0.17295333493566495,0.20167457058478577,0.10675550566695441,
1000,base6,1,124,1,,1306.4382573650219,exchangeable_varying_sigma,0.18,fixed,0.18,0.18,fixed,0.18,1.0,sin2,0.6,-0.21612100372626375,0.05188521481773321,0.0672044888800827,0.023215889046248855,0.03378883279304677,0.05003164708305562,0.06471669255092335,0.024626131843095755,0.035405867836012475,0.17118475008630765,0.20180203309337966,0.21612100372626375,
1000,base6,1,124,1,,996.328421123093,exchangeable_varying_sigma,0.18,fixed,0.18,0.18,fixed,0.18,1.0,sin2,0.9,-0.3254761051262607,0.05167479149072866,0.06752214194615919,0.025722820761254456,0.03655710009747587,0.04606057088728896,0.06023001286980483,0.024622405459029023,0.03585573448665513,0.16956343825843348,0.2030109346604802,0.3254761051262607,
2000,base5,1,124,1,,6916.15362419188,exchangeable_varying_sigma,0.18,fixed,0.18,0.18,fixed,0.18,1.0,sin2,0.0,-0.06494990830838578,0.06289592104455326,0.08780073588447021,0.01196806887503031,0.014902582170279583,0.06639463274008711,0.09434150270521877,0.005845935493412169,0.007139865234280621,0.3832245153507943,0.5425009799848709,0.06494990830838578,
2000,base5,1,124,1,,6418.42039514496,exchangeable_varying_sigma,0.18,fixed,0.18,0.18,fixed,0.18,1.0,sin2,0.3,-0.19302530683566388,0.06271229373183038,0.08773358280962235,0.017635813246841867,0.023653682260395235,0.06548667100431729,0.09330982342461386,0.015520928640343365,0.021338753770022135,0.36850751975635443,0.5122936748795303,0.19302530683566388,
2000,base5,1,124,1,,4451.65561272786,exchangeable_varying_sigma,0.18,fixed,0.18,0.18,fixed,0.18,1.0,sin2,0.6,-0.340062569407714,0.06251546074376635,0.08764988809962648,0.01804604196416197,0.024322005362987134,0.0642772614917518,0.09219087351378276,0.015567004349521657,0.02198858822138378,0.36880215597632193,0.508102936301425,0.340062569407714,
2000,base5,1,124,1,,3875.234344093129,exchangeable_varying_sigma,0.18,fixed,0.18,0.18,fixed,0.18,1.0,sin2,0.9,-0.48737856540894336,0.06219080146210051,0.08750465022903268,0.01824262301923002,0.02493321286951167,0.06201389963467903,0.09045800489645545,0.014701917647221063,0.02231579706679735,0.369794075197279,0.5038849865418384,0.48737856540894336,
2000,base6,1,124,1,,6163.050250547007,exchangeable_varying_sigma,0.18,fixed,0.18,0.18,fixed,0.18,1.0,sin2,0.0,-0.0317155660063562,0.043587860121045215,0.05378189145212467,0.006037885439652502,0.006731289182352422,0.04403058426245581,0.05429735468061031,0.007125202325326735,0.00719709491019084,0.09600095534727035,0.10527809455804354,0.0317155660063562,
2000,base6,1,124,1,,5570.670488227857,exchangeable_varying_sigma,0.18,fixed,0.18,0.18,fixed,0.18,1.0,sin2,0.3,-0.09242237881217488,0.042249567932319015,0.05300259052693568,0.018441737260236457,0.02054201563784527,0.042246148826039026,0.05298704698212771,0.01804341486378558,0.02006426740538908,0.09205366335752348,0.09952322036755655,0.09242237881217488,
2000,base6,1,124,1,,6210.426228838973,exchangeable_varying_sigma,0.18,fixed,0.18,0.18,fixed,0.18,1.0,sin2,0.6,-0.1720494925801932,0.04210700965324478,0.05279291273744441,0.020024381279705128,0.021887776522806646,0.040636899218262176,0.05098408749944361,0.020186956885116458,0.02181035329605991,0.09564181002955968,0.10274647279724791,0.1720494925801932,
2000,base6,1,124,1,,5999.800369754899,exchangeable_varying_sigma,0.18,fixed,0.18,0.18,fixed,0.18,1.0,sin2,0.9,-0.2520684822963898,0.04179417303704226,0.05242733673585193,0.021660545928531116,0.02323168552743751,0.037458969007495346,0.04756121090371288,0.023041346811769475,0.0240913951917682,0.09959151355984373,0.10696228565809637,0.2520684822963898,
1000,base5,2,125,1,,1709.028991586063,exchangeable_varying_sigma,0.18,fixed,0.18,0.18,fixed,0.18,1.0,sin2,0.0,0.028056124207158188,0.07249964136452286,0.0983705423316039,0.02963383045584078,0.036138062746718866,0.07532775878853364,0.10388559699671329,0.02177854005409101,0.02841451371432784,0.2337770428064858,0.3514320302820739,0.028056124207158188,
1000,base5,2,125,1,,1106.5722181400051,exchangeable_varying_sigma,0.18,fixed,0.18,0.18,fixed,0.18,1.0,sin2,0.3,-0.09394077611339305,0.07268949503387845,0.0988506905659335,0.03659384327441442,0.04163037454539972,0.07533457889373424,0.10387046536006948,0.01810143143340992,0.01911079185835058,0.23830260616680918,0.34390477100402334,0.09394077611339305,
1000,base5,2,125,1,,1070.781702719978,exchangeable_varying_sigma,0.18,fixed,0.18,0.18,fixed,0.18,1.0,sin2,0.6,-0.2572135226699271,0.07254826139761962,0.09843441397371865,0.03651448838499918,0.0432986233364794,0.07313983802933112,0.10147324366755978,0.016095869604283858,0.018725883103720833,0.2374123402096454,0.34317439245268294,0.2572135226699271,
1000,base5,2,125,1,,1211.0421210780041,exchangeable_varying_sigma,0.18,fixed,0.18,0.18,fixed,0.18,1.0,sin2,0.9,-0.4215853542302178,0.07234368200573242,0.09768668124417734,0.03576559638239901,0.045521286880112685,0.06902437133161124,0.0974278314409535,0.013205975801022674,0.020497510609672732,0.23582618745255104,0.34154768292921056,0.4215853542302178,
1000,base6,2,125,1,,1224.2686353299068,exchangeable_varying_sigma,0.18,fixed,0.18,0.18,fixed,0.18,1.0,sin2,0.0,0.001487873814755124,0.05604058614473667,0.07024504026321077,0.018233437548447,0.01960654609657689,0.05647524717282343,0.0706693449252456,0.017640344549427173,0.019888868918512676,0.12785623900859502,0.15430546481166202,0.001487873814755124,
1000,base6,2,125,1,,1292.8962128219428,exchangeable_varying_sigma,0.18,fixed,0.18,0.18,fixed,0.18,1.0,sin2,0.3,-0.06460505687423204,0.05547200184848828,0.07066115041802065,0.02090271274583469,0.02361455466482477,0.05527444497311284,0.07047670083104544,0.017278827868591057,0.01897124196062969,0.14042040603748523,0.17011704704631828,0.06460505687423204,
1000,base6,2,125,1,,1685.7374281800585,exchangeable_varying_sigma,0.18,fixed,0.18,0.18,fixed,0.18,1.0,sin2,0.6,-0.1703024593179065,0.05514263112390896,0.07028983285198266,0.020823357856421226,0.025724362470972994,0.052509627605539684,0.06718248642255055,0.016271839582484154,0.01856153511379181,0.1425345583545608,0.1720276511277453,0.1703024593179065,
1000,base6,2,125,1,,1394.5490768420277,exchangeable_varying_sigma,0.18,fixed,0.18,0.18,fixed,0.18,1.0,sin2,0.9,-0.2792795150827082,0.05448161630413132,0.06953848937812543,0.021933333473840466,0.028566105632129253,0.04669320793250149,0.06080131851228075,0.014395919524857609,0.01905020757260393,0.14566005547801736,0.17507130766017898,0.2792795150827082,
2000,base5,2,125,1,,6174.473857834004,exchangeable_varying_sigma,0.18,fixed,0.18,0.18,fixed,0.18,1.0,sin2,0.0,0.02549160724004567,0.0627159191408624,0.08702798628071606,0.0075527762264055165,0.009429076166957914,0.06588782284774804,0.09342207076687845,0.011384636536662676,0.01381810487862651,0.3558793419477039,0.5001827379405677,0.02549160724004567,
2000,base5,2,125,1,,3926.4636735781096,exchangeable_varying_sigma,0.18,fixed,0.18,0.18,fixed,0.18,1.0,sin2,0.3,-0.13149571040631317,0.061181498426963916,0.08483963056833332,0.021860210990398338,0.025740056167402263,0.06420899681962988,0.0915939969220987,0.015092252695363767,0.020830034435947588,0.3653418968140306,0.5202750950120147,0.13149571040631317,
2000,base5,2,125,1,,6408.167956572957,exchangeable_varying_sigma,0.18,fixed,0.18,0.18,fixed,0.18,1.0,sin2,0.6,-0.27908376623945214,0.06123466048601813,0.08478643358947478,0.024491378476143327,0.02885373159293616,0.06310893772417239,0.09109723858224206,0.01694376895736091,0.023337664575591062,0.36340711358737454,0.5198829297489342,0.27908376623945214,
2000,base5,2,125,1,,5510.1233526759315,exchangeable_varying_sigma,0.18,fixed,0.18,0.18,fixed,0.18,1.0,sin2,0.9,-0.42605377542323314,0.06132834697406855,0.08481389747841205,0.02761003643030288,0.03241108727396329,0.06107813212072454,0.09002452916131977,0.019379580795221646,0.026914534198949354,0.36161501684697533,0.5189548025467944,0.42605377542323314,
2000,base6,2,125,1,,4884.379696782911,exchangeable_varying_sigma,0.18,fixed,0.18,0.18,fixed,0.18,1.0,sin2,0.0,0.02050768448025347,0.04371478894422189,0.05430368702846594,0.011381989794750885,0.017943296446414625,0.04439726979867833,0.055193434654385455,0.012648039379252504,0.019164624690209995,0.09724785673569178,0.10819109546020382,0.02050768448025347,
2000,base6,2,125,1,,6074.961418886902,exchangeable_varying_sigma,0.18,fixed,0.18,0.18,fixed,0.18,1.0,sin2,0.3,-0.08264228185700384,0.04106341587655876,0.05181416052527709,0.016132948861907664,0.018253535903078225,0.04143551497836908,0.052355393382290255,0.013198236574543665,0.015213529415143,0.08759325509588076,0.09756613632840139,0.08264228185700384,
2000,base6,2,125,1,,4505.8710469580255,exchangeable_varying_sigma,0.18,fixed,0.18,0.18,fixed,0.18,1.0,sin2,0.6,-0.16525848293056433,0.04123716348052797,0.05177951078103967,0.018764116347651932,0.021066007265487362,0.04008331377118645,0.050629178938864546,0.014673042059168667,0.01668713889593267,0.0888832502985858,0.09919978846279642,0.16525848293056433,
2000,base6,2,125,1,,4916.5427563940175,exchangeable_varying_sigma,0.18,fixed,0.18,0.18,fixed,0.18,1.0,sin2,0.9,-0.2465401140791299,0.04153889326656444,0.05188492293446901,0.02188277430181154,0.024391954909042113,0.03721447536318851,0.04710529175342148,0.017395670205894914,0.01928767071353616,0.09152784416778204,0.1023279377922492,0.2465401140791299,
1000,base5,3,126,1,,1680.5440591459628,exchangeable_varying_sigma,0.18,fixed,0.18,0.18,fixed,0.18,1.0,sin2,0.0,0.03944714893966755,0.07187141972757992,0.09561387529445954,0.01595108318787697,0.017812137312769535,0.07531476346386762,0.10119591684241494,0.01235993067069592,0.015200712265138082,0.22327715888780186,0.30499865133181997,0.03944714893966755,
1000,base5,3,126,1,,1611.6095184710575,exchangeable_varying_sigma,0.18,fixed,0.18,0.18,fixed,0.18,1.0,sin2,0.3,-0.17590140687449063,0.07128649706921383,0.09651933192837697,0.017347733544663027,0.026194236247124896,0.07403046973044868,0.10146195767805587,0.016751792206550653,0.02476206881419983,0.20809954143233003,0.2798243499088251,0.17590140687449063,
1000,base5,3,126,1,,1780.4091882110806,exchangeable_varying_sigma,0.18,fixed,0.18,0.18,fixed,0.18,1.0,sin2,0.6,-0.3433427548077499,0.07102807575409194,0.096236639676591,0.018145259297461136,0.027719999556356234,0.07220088375972318,0.09968894977317648,0.016736041685245756,0.025967047330788886,0.2073765629209503,0.28166692230707974,0.3433427548077499,
1000,base5,3,126,1,,1881.2619921310106,exchangeable_varying_sigma,0.18,fixed,0.18,0.18,fixed,0.18,1.0,sin2,0.9,-0.5110195024318305,0.07068011003321911,0.09581152736242082,0.019556979732838098,0.02889090335700482,0.06910720633050962,0.09675781327021105,0.015422544086505091,0.026177726826141043,0.20857036089792638,0.2864128211969515,0.5110195024318305,
1000,base6,3,126,1,,1611.1394485300407,exchangeable_varying_sigma,0.18,fixed,0.18,0.18,fixed,0.18,1.0,sin2,0.0,0.06119544069139059,0.053372465949963845,0.0705079648722566,0.01720297347176386,0.02052373476809865,0.0540153220800454,0.07134956885051487,0.016129007988312988,0.019694774993875144,0.1412890700130018,0.1670058700938323,0.06119544069139059,
1000,base6,3,126,1,,1678.8542583590606,exchangeable_varying_sigma,0.18,fixed,0.18,0.18,fixed,0.18,1.0,sin2,0.3,-0.09427066178513233,0.05710758393337482,0.07407477519602565,0.02892404979839283,0.030505486294742486,0.057494200474169505,0.07419751478954019,0.029279963098312378,0.031282302651036965,0.13917209967865785,0.17755974134510408,0.09427066178513233,
1000,base6,3,126,1,,1232.4652447560802,exchangeable_varying_sigma,0.18,fixed,0.18,0.18,fixed,0.18,1.0,sin2,0.6,-0.2047596615736405,0.05668818811206883,0.07382657839478336,0.029769230521346196,0.03190582388940654,0.05508113566610766,0.07138394518998369,0.02943139038674286,0.03198743139888972,0.14200479080205614,0.1817418120867301,0.2047596615736405,
1000,base6,3,126,1,,1799.9214296770515,exchangeable_varying_sigma,0.18,fixed,0.18,0.18,fixed,0.18,1.0,sin2,0.9,-0.31637738820757055,0.05604101545826005,0.07336362244304313,0.02983791740272082,0.03274171286718379,0.050032999724011686,0.06581575432508735,0.02848758915721139,0.031871026449685085,0.14524442633560436,0.18563992325972808,0.31637738820757055,
2000,base5,3,126,1,,6865.137874573935,exchangeable_varying_sigma,0.18,fixed,0.18,0.18,fixed,0.18,1.0,sin2,0.0,0.002106289152680784,0.06179009687767753,0.08552440686947535,0.006483679387636707,0.008416929832495071,0.06486258141930402,0.09150247922279862,0.00805101112296043,0.00895910668760163,0.36940399934826756,0.5128144059993726,0.002106289152680784,
2000,base5,3,126,1,,3807.606943345163,exchangeable_varying_sigma,0.18,fixed,0.18,0.18,fixed,0.18,1.0,sin2,0.3,-0.0997875167543894,0.06151060179981436,0.0850949075755994,0.022676927218957005,0.0269765185544273,0.06447258591617676,0.09101595832712572,0.014512708744826852,0.021038010141189754,0.3796975719439375,0.5262731280936856,0.0997875167543894,
2000,base5,3,126,1,,5368.58797837398,exchangeable_varying_sigma,0.18,fixed,0.18,0.18,fixed,0.18,1.0,sin2,0.6,-0.24848779953569156,0.06126711483914115,0.08491021433276912,0.024066647265766433,0.02833398641765687,0.06309954152015981,0.08994070097152364,0.015273534340797756,0.02143910821747587,0.3892238127421779,0.5356547605948679,0.24848779953569156,
2000,base5,3,126,1,,4135.675684128888,exchangeable_varying_sigma,0.18,fixed,0.18,0.18,fixed,0.18,1.0,sin2,0.9,-0.4019592287936854,0.0608560517778535,0.08454847683674377,0.0252672609208065,0.029340999996870062,0.0603900264569562,0.0880591297452467,0.016014467972963353,0.021259517029306313,0.40084498453793166,0.5486195290190744,0.4019592287936854,
2000,base6,3,126,1,,3938.588336932007,exchangeable_varying_sigma,0.18,fixed,0.18,0.18,fixed,0.18,1.0,sin2,0.0,-0.016745083031488067,0.044515855585895436,0.05467909970499614,0.006079124438211306,0.0073016649275094185,0.04511432463193609,0.0555014793191808,0.005633709263932113,0.006064312832366466,0.07544079670811635,0.08752929847990037,0.016745083031488067,
2000,base6,3,126,1,,4504.22651589592,exchangeable_varying_sigma,0.18,fixed,0.18,0.18,fixed,0.18,1.0,sin2,0.3,-0.060143809937804965,0.04463876933376957,0.05587716871724762,0.019226728575567065,0.02302640060219319,0.04431306903178877,0.055358400706001815,0.017654621466164644,0.021912509930494265,0.07963564963218096,0.09383971637792558,0.060143809937804965,
2000,base6,3,126,1,,6198.668150590034,exchangeable_varying_sigma,0.18,fixed,0.18,0.18,fixed,0.18,1.0,sin2,0.6,-0.14553224579666385,0.04458358730834542,0.05601020088264077,0.020234283546696707,0.024345133168156417,0.04220758999845252,0.052949906353797774,0.018576186565327835,0.02312599093339161,0.08263874081367777,0.09702323435637047,0.14553224579666385,
2000,base6,3,126,1,,6823.7360908370465,exchangeable_varying_sigma,0.18,fixed,0.18,0.18,fixed,0.18,1.0,sin2,0.9,-0.23459302483352173,0.04445428711148883,0.05603831035790342,0.02096766563966926,0.025312729156359234,0.038371695182889444,0.04876279346434659,0.019864427286531372,0.023855248274068888,0.08656069192861394,0.10151727586853633,0.23459302483352173,
1000,base5,0,127,1,,1622.9184907060117,exchangeable_varying_sigma,0.18,fixed,0.18,0.18,fixed,0.18,1.0,sin2,0.0,-0.028113002375497603,0.07516658529833839,0.10291802534931263,0.019108893014300105,0.024959789588736153,0.07815394742565508,0.10845761298340006,0.016304417989319336,0.01695571149364193,0.27439067939208506,0.39549163541819776,0.028113002375497603,
1000,base5,0,127,1,,1561.119316851953,exchangeable_varying_sigma,0.18,fixed,0.18,0.18,fixed,0.18,1.0,sin2,0.3,-0.1240463318947799,0.07375187358793078,0.10204138681444432,0.036336073085954865,0.03884071819125354,0.07638936934071007,0.10735069686720544,0.03204163345212785,0.034224373638350535,0.2761776329398324,0.4053736889947206,0.1240463318947799,
1000,base5,0,127,1,,1561.6331450080033,exchangeable_varying_sigma,0.18,fixed,0.18,0.18,fixed,0.18,1.0,sin2,0.6,-0.2913886572022134,0.07360940521282675,0.10182801624891685,0.038937424546529265,0.042549608103805515,0.07458634237196635,0.10579159412415841,0.033253156761040376,0.035951691031727524,0.2821833722380921,0.410731581212738,0.2913886572022134,
1000,base5,0,127,1,,1617.3426055959426,exchangeable_varying_sigma,0.18,fixed,0.18,0.18,fixed,0.18,1.0,sin2,0.9,-0.46137443458195004,0.07358382157057047,0.10145310161407482,0.04091356094452253,0.04604569274346724,0.0714762504322788,0.10295486500745422,0.03339748498891108,0.036958937401106784,0.2889129566248171,0.41583950898689936,0.46137443458195004,
1000,base6,0,127,1,,1570.3355386550538,exchangeable_varying_sigma,0.18,fixed,0.18,0.18,fixed,0.18,1.0,sin2,0.0,-0.05705164182640992,0.05687157156916508,0.07268393509434261,0.02408313832658543,0.02468294596552074,0.056985882512859035,0.07300827496180536,0.018794333121218643,0.01910623994980984,0.07797614180403244,0.09332990643943946,0.05705164182640992,
1000,base6,0,127,1,,1616.249598313123,exchangeable_varying_sigma,0.18,fixed,0.18,0.18,fixed,0.18,1.0,sin2,0.3,-0.06777037304986913,0.05636484853444481,0.07277935567943394,0.03042708075554587,0.038976634952994894,0.055739984717503584,0.07218183785432017,0.02971451283968435,0.03756728913763332,0.06347992639014402,0.07282262125728255,0.06777037304986913,
1000,base6,0,127,1,,1594.360533575993,exchangeable_varying_sigma,0.18,fixed,0.18,0.18,fixed,0.18,1.0,sin2,0.6,-0.17902469533551474,0.056057922937905354,0.07259291435088937,0.03374574319569347,0.0433516553371843,0.053062623722950945,0.06918031264901017,0.03129980225136769,0.040146921814224835,0.059714554144186575,0.06862240420409256,0.17902469533551474,
1000,base6,0,127,1,,1582.0614804150537,exchangeable_varying_sigma,0.18,fixed,0.18,0.18,fixed,0.18,1.0,sin2,0.9,-0.291544553685981,0.05557051613305553,0.07222492605870676,0.036983705053389174,0.047677998175182125,0.047691204108693756,0.06338136312096711,0.033744781186399106,0.04267839691699259,0.057238917284415616,0.06711867496253973,0.291544553685981,
2000,base5,0,127,1,,6378.531241460005,exchangeable_varying_sigma,0.18,fixed,0.18,0.18,fixed,0.18,1.0,sin2,0.0,0.014118326818340056,0.06378364713783037,0.08983456872533997,0.013912404343157408,0.01414608527182346,0.06738260183675684,0.09736388797271629,0.011825319769776299,0.013168001710159622,0.40286269454889395,0.5764389669152363,0.014118326818340056,
2000,base5,0,127,1,,6396.081637145951,exchangeable_varying_sigma,0.18,fixed,0.18,0.18,fixed,0.18,1.0,sin2,0.3,-0.10175264028301553,0.06271900613045303,0.08782140673331061,0.0102231067956534,0.013136779497612393,0.06571158724659013,0.09480740430052148,0.00782432711614156,0.011514411997842358,0.40250915502898066,0.5521106730276755,0.10175264028301553,
2000,base5,0,127,1,,6384.681213571923,exchangeable_varying_sigma,0.18,fixed,0.18,0.18,fixed,0.18,1.0,sin2,0.6,-0.2576618590406247,0.06262705819510012,0.0876651494970698,0.011198750373077895,0.014147563233879973,0.06434788459661284,0.09381180644527493,0.008276883200052376,0.012520060346851433,0.4085702981981357,0.5539364586857338,0.2576618590406247,
2000,base5,0,127,1,,6407.845146293985,exchangeable_varying_sigma,0.18,fixed,0.18,0.18,fixed,0.18,1.0,sin2,0.9,-0.41625917725047556,0.062438377012992353,0.08752232052398617,0.01263829283115439,0.015424016617977451,0.06188426594844826,0.09214245832488697,0.009513825967447237,0.0138235768228712,0.41549655760476195,0.5556624098803461,0.41625917725047556,
2000,base6,0,127,1,,6497.522775497986,exchangeable_varying_sigma,0.18,fixed,0.18,0.18,fixed,0.18,1.0,sin2,0.0,0.018629556611310407,0.044428152445581445,0.05601957546396126,0.010748004942437578,0.0129948816637581,0.04507976670973072,0.05673644091601683,0.009775820243417416,0.011525907793934554,0.09647013234852969,0.11147359051904482,0.018629556611310407,
2000,base6,0,127,1,,6421.550099368906,exchangeable_varying_sigma,0.18,fixed,0.18,0.18,fixed,0.18,1.0,sin2,0.3,-0.029651092278540347,0.04204660183044319,0.052886064778376464,0.007855600383998046,0.008349930974477825,0.04247027608378383,0.05344445840530079,0.006255703894986447,0.007127423517045242,0.0852936380095992,0.09938890539656516,0.029651092278540347,
2000,base6,0,127,1,,6576.701382914092,exchangeable_varying_sigma,0.18,fixed,0.18,0.18,fixed,0.18,1.0,sin2,0.6,-0.11913161179229342,0.041869576308866396,0.05267457612845752,0.009260905393052438,0.009769840126890746,0.041092285819422265,0.05176950739226487,0.006382630331724662,0.007334281648240719,0.07585198786909084,0.091177561380046,0.11913161179229342,
2000,base6,0,127,1,,6428.058164117159,exchangeable_varying_sigma,0.18,fixed,0.18,0.18,fixed,0.18,1.0,sin2,0.9,-0.2123658432921467,0.041665226711906686,0.05249055372648476,0.010894144064792166,0.011453601112474857,0.03791255920358064,0.048237284302214904,0.0064525886603127025,0.007446570009548622,0.066999657780442,0.08464728739295085,0.2123658432921467,
1000,base5,1,128,1,,1601.0103104000445,exchangeable_varying_sigma,0.18,fixed,0.18,0.18,fixed,0.18,1.0,sin2,0.0,0.03988156684900602,0.0715161692245666,0.09644975720821557,0.026220347214128276,0.029629815042363165,0.0747981039109399,0.1016531679119907,0.0253531436070438,0.02831864277460657,0.2754746880416051,0.4056050873777984,0.03988156684900602,
1000,base5,1,128,1,,1633.404789722059,exchangeable_varying_sigma,0.18,fixed,0.18,0.18,fixed,0.18,1.0,sin2,0.3,-0.16217946168575317,0.07014093538635242,0.0952333004013598,0.023576101973192515,0.027133556445035147,0.07321932308709601,0.10053911476436951,0.03471905622765811,0.03855705785831322,0.25687068128311763,0.3678265135288043,0.16217946168575317,
1000,base5,1,128,1,,1513.3486452058423,exchangeable_varying_sigma,0.18,fixed,0.18,0.18,fixed,0.18,1.0,sin2,0.6,-0.3258329127465554,0.07018531233449968,0.09520736583981601,0.024796950632914122,0.028650834333411448,0.07213765617946814,0.09952327943884173,0.03720767386270554,0.04214159351941073,0.25472320873906756,0.3647280600726991,0.3258329127465554,
1000,base5,1,128,1,,1564.2508682969492,exchangeable_varying_sigma,0.18,fixed,0.18,0.18,fixed,0.18,1.0,sin2,0.9,-0.4886190062881077,0.07044359896625949,0.09536438103392073,0.025509881589992275,0.02948066321770626,0.06991872393097988,0.09759434177260465,0.03903437807641834,0.04498298683591632,0.25463145325136943,0.36395883445097255,0.4886190062881077,
1000,base6,1,128,1,,1604.4927431670949,exchangeable_varying_sigma,0.18,fixed,0.18,0.18,fixed,0.18,1.0,sin2,0.0,0.02167342049582426,0.05506723417524715,0.07099341732428918,0.022332662061791006,0.0282990871602519,0.0560036933742006,0.07217453048151364,0.022461761812464398,0.02865335114837593,0.12025240853144972,0.14128175976624843,0.02167342049582426,
1000,base6,1,128,1,,1556.1758396041114,exchangeable_varying_sigma,0.18,fixed,0.18,0.18,fixed,0.18,1.0,sin2,0.3,-0.13009656438128867,0.05629208909704842,0.07363574520117329,0.02718772372857771,0.02826106038234156,0.05622697217235883,0.07385772895807774,0.03030039020380787,0.030934924068494962,0.11757593459064263,0.14012148373037808,0.13009656438128867,
1000,base6,1,128,1,,1570.5850006439723,exchangeable_varying_sigma,0.18,fixed,0.18,0.18,fixed,0.18,1.0,sin2,0.6,-0.23248478782800397,0.05646021226651002,0.07348857781748241,0.028727641804691006,0.02977798235891732,0.05406731993152293,0.07104331365156863,0.03155707684184429,0.032034864581678,0.1202384232368699,0.1431981954270613,0.23248478782800397,
1000,base6,1,128,1,,1602.1549266430084,exchangeable_varying_sigma,0.18,fixed,0.18,0.18,fixed,0.18,1.0,sin2,0.9,-0.33257678936756874,0.056744653887211664,0.07335019269377624,0.029587411836280414,0.030573532182136303,0.04960981126693759,0.06526825128184345,0.03110416418446925,0.03146676786719602,0.12190226913797998,0.145086634612745,0.33257678936756874,
2000,base5,1,128,1,,6448.636689932086,exchangeable_varying_sigma,0.18,fixed,0.18,0.18,fixed,0.18,1.0,sin2,0.0,0.0017687586297760432,0.06135852719788386,0.08470511307772878,0.01904090078773943,0.0214032324847777,0.06522443607367426,0.09155875953191356,0.015046593394779956,0.01660967350748464,0.44713417019868035,0.6222069138155693,0.0017687586297760432,
2000,base5,1,128,1,,6433.3330798759125,exchangeable_varying_sigma,0.18,fixed,0.18,0.18,fixed,0.18,1.0,sin2,0.3,-0.15537239692240878,0.06125815112429536,0.08482338068990941,0.011904697444908949,0.01688943706887425,0.06419360759992987,0.09082155461344815,0.014627406096146212,0.017628455743373947,0.4167678068517152,0.5824667795993377,0.15537239692240878,
2000,base5,1,128,1,,6333.767785428092,exchangeable_varying_sigma,0.18,fixed,0.18,0.18,fixed,0.18,1.0,sin2,0.6,-0.302360693206807,0.06117835334484141,0.08463305404551608,0.013352786285207377,0.018588328416820663,0.06304426994761562,0.08991698361572616,0.016054393756506538,0.019668248757203088,0.4123050185544027,0.5751217017650008,0.302360693206807,
2000,base5,1,128,1,,6365.043299287092,exchangeable_varying_sigma,0.18,fixed,0.18,0.18,fixed,0.18,1.0,sin2,0.9,-0.44844071187430523,0.060965814854161526,0.08435420640301945,0.014842869041991558,0.020175301906665326,0.06084906435786062,0.08827838746195184,0.01735630282237592,0.02166326809481477,0.4085786339487753,0.5683873068279413,0.44844071187430523,
2000,base6,1,128,1,,6643.815845889039,exchangeable_varying_sigma,0.18,fixed,0.18,0.18,fixed,0.18,1.0,sin2,0.0,-0.013516055788780902,0.043676659137075594,0.05427764599870754,0.013959817656676227,0.014725215061782449,0.04447813311241106,0.05515572497282558,0.012878474745689789,0.013650791526909413,0.1089241860878905,0.12352666294021752,0.013516055788780902,
2000,base6,1,128,1,,6303.914457770996,exchangeable_varying_sigma,0.18,fixed,0.18,0.18,fixed,0.18,1.0,sin2,0.3,-0.09017792628705418,0.04242191982816669,0.05323406616297856,0.016699738597633643,0.0183820494008138,0.043270109721323786,0.05427693491218648,0.017185373912069618,0.018533384085523005,0.11359727304910007,0.1290524040504499,0.09017792628705418,
2000,base6,1,128,1,,6560.073399493005,exchangeable_varying_sigma,0.18,fixed,0.18,0.18,fixed,0.18,1.0,sin2,0.6,-0.16475219313406791,0.042173851730848845,0.05295497043570029,0.01843386941627309,0.020337735064585277,0.041868480417153804,0.052665226934482834,0.01916256303879972,0.02073895161041898,0.11181743037031024,0.12608569965728328,0.16475219313406791,
2000,base6,1,128,1,,6414.457288403064,exchangeable_varying_sigma,0.18,fixed,0.18,0.18,fixed,0.18,1.0,sin2,0.9,-0.2363054152799916,0.04173467836039174,0.05257707800996716,0.01992395217305816,0.022102105366233245,0.03870164449423073,0.049237358896647536,0.020594565018042535,0.022657904193465958,0.10926707785036749,0.12265864014255312,0.2363054152799916,
1000,base5,2,129,1,,1634.6591128308792,exchangeable_varying_sigma,0.18,fixed,0.18,0.18,fixed,0.18,1.0,sin2,0.0,0.011076731287771095,0.07363208112303253,0.09870203200793823,0.027612965827366776,0.03115507833703545,0.07694603025355011,0.10449036009100048,0.02205235992243479,0.027707949974496097,0.25570883620695983,0.338462996951032,0.011076731287771095,
1000,base5,2,129,1,,1596.3461725600064,exchangeable_varying_sigma,0.18,fixed,0.18,0.18,fixed,0.18,1.0,sin2,0.3,-0.22896185675422642,0.07478972068829386,0.09992265449810002,0.02204565731963784,0.025609694510030815,0.07842785140262139,0.1058478624008045,0.02070138109380114,0.025555885395716196,0.22896693372058402,0.30075658633688473,0.22896185675422642,
1000,base5,2,129,1,,1640.05243723304,exchangeable_varying_sigma,0.18,fixed,0.18,0.18,fixed,0.18,1.0,sin2,0.6,-0.38744636861389387,0.07383265863849116,0.09907522599714746,0.023638494624112563,0.027184422373314795,0.076708365832491,0.10448878781203765,0.021913995888871426,0.02562892694379315,0.2198490759637708,0.2854143081963808,0.38744636861389387,
1000,base5,2,129,1,,1576.0641840652097,exchangeable_varying_sigma,0.18,fixed,0.18,0.18,fixed,0.18,1.0,sin2,0.9,-0.54033889634442,0.07259928895980433,0.09797958037394557,0.024679163856056785,0.028696387957952218,0.07327382863474897,0.10173760671055702,0.02210909393864459,0.02462938418678525,0.20979986780634144,0.2687895257562846,0.54033889634442,
1000,base6,2,129,1,,1581.2508044098504,exchangeable_varying_sigma,0.18,fixed,0.18,0.18,fixed,0.18,1.0,sin2,0.0,0.009278187643785909,0.05287260708879596,0.06678791613363605,0.02247598053134206,0.026926679502842287,0.053541163810934614,0.06768446465557398,0.021935694348060947,0.026467988383567308,0.11468612562558932,0.1426115983847668,0.009278187643785909,
1000,base6,2,129,1,,1554.770410564961,exchangeable_varying_sigma,0.18,fixed,0.18,0.18,fixed,0.18,1.0,sin2,0.3,-0.16775528062526304,0.054750074931833335,0.06981435561754747,0.023516306942480192,0.02585999611767157,0.05519855093753108,0.07017547098937255,0.022870536275808373,0.024801165781432922,0.1503334724890334,0.1750067607385182,0.16775528062526304,
1000,base6,2,129,1,,1590.20770468493,exchangeable_varying_sigma,0.18,fixed,0.18,0.18,fixed,0.18,1.0,sin2,0.6,-0.2573951765810146,0.05405432554363399,0.06914374654772401,0.0251091442469545,0.02794099752816476,0.05305647290886733,0.0676188769203147,0.02429841372198456,0.026166893717119458,0.16310195924282098,0.19074687047965158,0.2573951765810146,
1000,base6,2,129,1,,1564.3061532480642,exchangeable_varying_sigma,0.18,fixed,0.18,0.18,fixed,0.18,1.0,sin2,0.9,-0.33764534369936594,0.053089785063258066,0.06834210432356426,0.026149813478901107,0.03002172332452939,0.048519432869978375,0.06227006640448051,0.02429746623787904,0.026711167021009063,0.17418261813899402,0.20530578681960365,0.33764534369936594,
2000,base5,2,129,1,,6265.694484177977,exchangeable_varying_sigma,0.18,fixed,0.18,0.18,fixed,0.18,1.0,sin2,0.0,-0.0018133987007441902,0.061981584718343814,0.08600431844492783,0.020591527626936793,0.028504452231963382,0.0652041963260637,0.09207418755516918,0.014849010624015058,0.023140664792459055,0.3585095353971065,0.4969442038623619,0.0018133987007441902,
2000,base5,2,129,1,,6261.780786958989,exchangeable_varying_sigma,0.18,fixed,0.18,0.18,fixed,0.18,1.0,sin2,0.3,-0.1160014440219107,0.06234075967812696,0.08649211073590553,0.0247090430719826,0.026116577770401474,0.06527523779848025,0.09252232027593232,0.025742275662735514,0.027006796944755856,0.38443724418952446,0.5411309641406322,0.1160014440219107,
2000,base5,2,129,1,,6191.875381726073,exchangeable_varying_sigma,0.18,fixed,0.18,0.18,fixed,0.18,1.0,sin2,0.6,-0.2680982075627011,0.06231796146757403,0.0864833775982877,0.02719754426061441,0.028656440382960797,0.0640164928551696,0.09156430704360147,0.02819050588720179,0.02966720094378337,0.38857672413146516,0.5421308566607547,0.2680982075627011,
2000,base5,2,129,1,,6239.876629349776,exchangeable_varying_sigma,0.18,fixed,0.18,0.18,fixed,0.18,1.0,sin2,0.9,-0.4255164485241873,0.06218022775225117,0.0863524162908621,0.029331170294978365,0.0308861656412127,0.06162990984957927,0.08981910424806036,0.03009089072354304,0.03154946852405984,0.3955396899462594,0.5448387764966737,0.4255164485241873,
2000,base6,2,129,1,,6389.179371084087,exchangeable_varying_sigma,0.18,fixed,0.18,0.18,fixed,0.18,1.0,sin2,0.0,0.017951934252744845,0.043127816999307,0.05390112526588301,0.012315984309767644,0.015921906389985238,0.04358624634981678,0.05452801779680518,0.011410315734535645,0.015530660745567377,0.09053561076280855,0.1027857417545182,0.017951934252744845,
2000,base6,2,129,1,,6495.40724287089,exchangeable_varying_sigma,0.18,fixed,0.18,0.18,fixed,0.18,1.0,sin2,0.3,-0.0745577011910728,0.043246272942583576,0.05439675199647346,0.025196864092087712,0.029471311615656085,0.04337272479372784,0.05452490379999838,0.025292299502385818,0.030695613005392544,0.08764415986557164,0.10317939210612352,0.0745577011910728,
2000,base6,2,129,1,,6419.044596676948,exchangeable_varying_sigma,0.18,fixed,0.18,0.18,fixed,0.18,1.0,sin2,0.6,-0.15488481029273582,0.04321156859310855,0.054398795226191864,0.02768536528072238,0.03217235621071969,0.041688020382867945,0.05268830720053882,0.027721409546348885,0.03366842032986951,0.08408106290637181,0.09900817137396789,0.15488481029273582,
2000,base6,2,129,1,,6236.513013840886,exchangeable_varying_sigma,0.18,fixed,0.18,0.18,fixed,0.18,1.0,sin2,0.9,-0.2359373541793508,0.0430600332486448,0.054210251120784154,0.02981899131508617,0.03442920197230402,0.03826549982340719,0.04894986425670361,0.029438312637109165,0.035648271194382845,0.0798898640593608,0.09393940329491668,0.2359373541793508,
1000,base5,3,130,1,,1572.8345619030297,exchangeable_varying_sigma,0.18,fixed,0.18,0.18,fixed,0.18,1.0,sin2,0.0,-0.05580278654597033,0.07126807136196867,0.09486420046777341,0.02501059697272892,0.029070042255043886,0.07477689272905898,0.10132974840558157,0.023687400590557656,0.02980900375205651,0.2724022337764181,0.39530851854738847,0.05580278654597033,
1000,base5,3,130,1,,1594.2677472380456,exchangeable_varying_sigma,0.18,fixed,0.18,0.18,fixed,0.18,1.0,sin2,0.3,-0.19683126640819937,0.0747088502199346,0.09952321620628632,0.013225946582457931,0.015484871449135736,0.07766652881413844,0.10512096017205348,0.016464984721352674,0.017355594789855256,0.25977514223866466,0.37235961933977435,0.19683126640819937,
1000,base5,3,130,1,,1482.1485610271338,exchangeable_varying_sigma,0.18,fixed,0.18,0.18,fixed,0.18,1.0,sin2,0.6,-0.3666433746594056,0.07502492914388986,0.09993278297699855,0.015890575978391983,0.017533663815079068,0.0762949073391372,0.10341668807840956,0.019685015560925306,0.02050513541972805,0.26093916715513465,0.3771433887307286,0.3666433746594056,
1000,base5,3,130,1,,1599.4046160529833,exchangeable_varying_sigma,0.18,fixed,0.18,0.18,fixed,0.18,1.0,sin2,0.9,-0.5374372831541654,0.07512367920750186,0.10009043497681913,0.01808217179016286,0.019105769181418517,0.0734011966127017,0.10046827060023938,0.022590755247901342,0.023424000129980596,0.262027516873439,0.3825678327780852,0.5374372831541654,
1000,base6,3,130,1,,1578.3897512019612,exchangeable_varying_sigma,0.18,fixed,0.18,0.18,fixed,0.18,1.0,sin2,0.0,0.0030675059020663377,0.05573099287417194,0.07150521556227461,0.02347741075766302,0.026736607901326724,0.05640794497699762,0.072298594416771,0.019225840430893426,0.02285914188932171,0.13082059619341116,0.16634406842130028,0.0030675059020663377,
1000,base6,3,130,1,,1583.481670360081,exchangeable_varying_sigma,0.18,fixed,0.18,0.18,fixed,0.18,1.0,sin2,0.3,-0.10623326852899254,0.057793169621696325,0.07479311690869152,0.03374474349962876,0.03784094009981278,0.057412165903362684,0.07455443704088033,0.03477888453694791,0.04096390331572472,0.13635656373163568,0.17165141556248026,0.10623326852899254,
1000,base6,3,130,1,,1619.998945184052,exchangeable_varying_sigma,0.18,fixed,0.18,0.18,fixed,0.18,1.0,sin2,0.6,-0.22589176805651057,0.05797381383551646,0.07513838850572833,0.036409372895561884,0.0403537160222945,0.05488912526659381,0.07146293333203746,0.038165790516665535,0.044204315863190874,0.1251434286554246,0.15978135090969647,0.22589176805651057,
1000,base6,3,130,1,,1560.1645376838278,exchangeable_varying_sigma,0.18,fixed,0.18,0.18,fixed,0.18,1.0,sin2,0.9,-0.35120466872854006,0.05780149953768611,0.07505410711963918,0.038600968707334066,0.04237009660672186,0.050310755579981166,0.06566534449300802,0.040882572435097936,0.04666641001835634,0.11163619305815184,0.1457162338089042,0.35120466872854006,
2000,base5,3,130,1,,6401.765334723052,exchangeable_varying_sigma,0.18,fixed,0.18,0.18,fixed,0.18,1.0,sin2,0.0,-0.004692865732943045,0.061189259808403465,0.08353908835588171,0.01236108444245397,0.014154018090610114,0.06481320812278395,0.09034197509236574,0.012415532183910963,0.01596217717119987,0.3737729251601466,0.5310086339194655,0.004692865732943045,
2000,base5,3,130,1,,6318.755417347187,exchangeable_varying_sigma,0.18,fixed,0.18,0.18,fixed,0.18,1.0,sin2,0.3,-0.16370638917175565,0.060275013130159344,0.0821266656465414,0.00890335508288545,0.01251195313370663,0.06337144983878056,0.08849461092264943,0.01060907252352683,0.013689606545611984,0.35758728439689597,0.4980267622294427,0.16370638917175565,
2000,base5,3,130,1,,6431.092041188851,exchangeable_varying_sigma,0.18,fixed,0.18,0.18,fixed,0.18,1.0,sin2,0.6,-0.3106764031544194,0.060315250630889085,0.08220325517584805,0.008755357607701492,0.012654785925663284,0.06235737127100515,0.0879687931059321,0.010919743622226086,0.013587388882766258,0.35667069534548795,0.4973758785263653,0.3106764031544194,
2000,base5,3,130,1,,6325.118385127978,exchangeable_varying_sigma,0.18,fixed,0.18,0.18,fixed,0.18,1.0,sin2,0.9,-0.45618238881881645,0.060346516703537655,0.0823281556006814,0.008614285598668087,0.01284394437555513,0.0604329205156457,0.08695290330559168,0.011310029495793905,0.013564345756892502,0.35609210466623153,0.4968106593452299,0.45618238881881645,
2000,base6,3,130,1,,6531.18775097793,exchangeable_varying_sigma,0.18,fixed,0.18,0.18,fixed,0.18,1.0,sin2,0.0,0.0033196127006942635,0.04279014833575093,0.054133646918561665,0.004871711807488521,0.00684329006738364,0.04361823599859855,0.055021888718554984,0.006214154154246365,0.008533560814885644,0.08050170906536172,0.09123917770842765,0.0033196127006942635,
2000,base6,3,130,1,,6452.317848609993,exchangeable_varying_sigma,0.18,fixed,0.18,0.18,fixed,0.18,1.0,sin2,0.3,-0.09971808822601091,0.04218424030618883,0.052685377753545384,0.004655958218481027,0.005148474751987491,0.04259386115391534,0.05300536732491649,0.0037996130208985957,0.003950381203941881,0.09498294059071764,0.10679903640038493,0.09971808822601091,
2000,base6,3,130,1,,6497.080783277983,exchangeable_varying_sigma,0.18,fixed,0.18,0.18,fixed,0.18,1.0,sin2,0.6,-0.1809578604251575,0.04230314326065029,0.052975668605791344,0.004875163975159441,0.005468675197930242,0.04126811216196515,0.05148476706564461,0.003782357628610955,0.004125782499960964,0.09460688440858554,0.10666856630377279,0.1809578604251575,
2000,base6,3,130,1,,6300.753533597104,exchangeable_varying_sigma,0.18,fixed,0.18,0.18,fixed,0.18,1.0,sin2,0.9,-0.2591234753906476,0.042538983038060016,0.05340045834189822,0.005022718910828755,0.00578473690204578,0.03857517761757254,0.048671015295642155,0.0037317236468478177,0.004868776067700412,0.09344110193346895,0.10562546288458306,0.2591234753906476,
1000,base5,0,131,1,,1297.6662748290692,exchangeable_varying_sigma,0.18,fixed,0.18,0.18,fixed,0.18,1.0,sin2,0.0,0.013145465828984937,0.07195992191060561,0.09593746728162038,0.02107520476901352,0.025103923658754062,0.07540414804675838,0.10154499214704188,0.020834624364277396,0.02337648313254393,0.24575894532487705,0.34531525150411446,0.013145465828984937,
1000,base5,0,131,1,,1643.0709018490743,exchangeable_varying_sigma,0.18,fixed,0.18,0.18,fixed,0.18,1.0,sin2,0.3,-0.11006861672390672,0.0740706174321566,0.09633341368557896,0.03259012316709052,0.03516399712457826,0.07729447574996728,0.1018443064410543,0.03409630730611796,0.03583933672155236,0.22940625566870004,0.30728718506401126,0.11006861672390672,
1000,base5,0,131,1,,1608.9672388460021,exchangeable_varying_sigma,0.18,fixed,0.18,0.18,fixed,0.18,1.0,sin2,0.6,-0.2765070150739186,0.07447371554361887,0.09684652663207577,0.03377814110881072,0.03589013940335147,0.07588399113729603,0.10064929482885107,0.03375081948435503,0.034899144624511096,0.22445883321510024,0.2962249901505213,0.2765070150739186,
1000,base5,0,131,1,,1807.8321350698825,exchangeable_varying_sigma,0.18,fixed,0.18,0.18,fixed,0.18,1.0,sin2,0.9,-0.44458921077335545,0.0748602372687969,0.09744237795160512,0.03391434251819268,0.035627496131467394,0.07313670036559279,0.09822008466746188,0.03099695015088244,0.03165535896740353,0.21917764174565477,0.2841930365291394,0.44458921077335545,
1000,base6,0,131,1,,1756.963840086013,exchangeable_varying_sigma,0.18,fixed,0.18,0.18,fixed,0.18,1.0,sin2,0.0,-0.014438881509399992,0.05604888935500343,0.07443580838326967,0.017102453839858797,0.021357553876655562,0.05682344746177344,0.07524492007185939,0.016520782964236258,0.02183822137645133,0.1424424855284036,0.1784659081695866,0.014438881509399992,
1000,base6,0,131,1,,1402.93541749008,exchangeable_varying_sigma,0.18,fixed,0.18,0.18,fixed,0.18,1.0,sin2,0.3,-0.04971717564817335,0.0580429948046028,0.07585889813054919,0.01975640741117654,0.020116581060126194,0.057808995100442746,0.07560057968692832,0.021031773218848096,0.021364731163416636,0.16221803196711682,0.197402806070561,0.04971717564817335,
1000,base6,0,131,1,,1424.3019793010317,exchangeable_varying_sigma,0.18,fixed,0.18,0.18,fixed,0.18,1.0,sin2,0.6,-0.15958926077781715,0.05811778247478025,0.07634923076211395,0.020944425352896312,0.02136279520145192,0.055322525228108446,0.07288708995876332,0.020913611564636586,0.0211128345581383,0.16000996485177302,0.19462625016235852,0.15958926077781715,
1000,base6,0,131,1,,1386.6357622230425,exchangeable_varying_sigma,0.18,fixed,0.18,0.18,fixed,0.18,1.0,sin2,0.9,-0.2750483839332031,0.05786922976160764,0.07676307785638699,0.02108062676227722,0.02163886766512258,0.05009110861846913,0.06705312267718698,0.017909761923887157,0.018177475366991783,0.1562080865703437,0.19078573549793312,0.2750483839332031,
2000,base5,0,131,1,,6514.378548146924,exchangeable_varying_sigma,0.18,fixed,0.18,0.18,fixed,0.18,1.0,sin2,0.0,0.027260936071360164,0.06208541519355753,0.08420356264563783,0.015951213619127436,0.016931104622796542,0.06576343664695623,0.09067790700308853,0.012483424870121662,0.013858928492040621,0.3977075697246305,0.5368388178690517,0.027260936071360164,
2000,base5,0,131,1,,6032.642463270109,exchangeable_varying_sigma,0.18,fixed,0.18,0.18,fixed,0.18,1.0,sin2,0.3,-0.13006833985745206,0.06286286607466891,0.0863690564607597,0.020965107739336658,0.024406859767581283,0.06608910336630362,0.09244735481983864,0.016367039359440977,0.017139508773479736,0.3938401188994616,0.533725703407716,0.13006833985745206,
2000,base5,0,131,1,,5961.861902381992,exchangeable_varying_sigma,0.18,fixed,0.18,0.18,fixed,0.18,1.0,sin2,0.6,-0.2874073049907979,0.06315014709764676,0.08648810393122176,0.022107971314815622,0.02566138400610386,0.06500505177417266,0.09141873696473854,0.017261456220665383,0.018036240502599336,0.3955753930842124,0.5374966103738411,0.2874073049907979,
2000,base5,0,131,1,,5901.777121048886,exchangeable_varying_sigma,0.18,fixed,0.18,0.18,fixed,0.18,1.0,sin2,0.9,-0.4446429855244458,0.06347315226454113,0.08658647005641766,0.023065271131744225,0.02689307019595637,0.06300053122300094,0.08954370014796179,0.01801228765731966,0.019138815760206162,0.395600056106098,0.540487318486814,0.4446429855244458,
2000,base6,0,131,1,,3535.378615566995,exchangeable_varying_sigma,0.18,fixed,0.18,0.18,fixed,0.18,1.0,sin2,0.0,0.0072627676504988855,0.04435746183009705,0.054604905020451996,0.00904784526816374,0.00949657601362729,0.04527210402765218,0.055671472056864235,0.007790735674240046,0.008949679328897495,0.0975508452833314,0.11614282649578755,0.0072627676504988855,
2000,base6,0,131,1,,6755.553593422053,exchangeable_varying_sigma,0.18,fixed,0.18,0.18,fixed,0.18,1.0,sin2,0.3,-0.059776281795844155,0.045449179890989955,0.0569549004179383,0.016972312502108344,0.017721142454471556,0.04570306734059584,0.057328361043020915,0.013968108475098828,0.014936856584199035,0.09101533549084762,0.11013006282166665,0.059776281795844155,
2000,base6,0,131,1,,4968.733657239005,exchangeable_varying_sigma,0.18,fixed,0.18,0.18,fixed,0.18,1.0,sin2,0.6,-0.15370028225266053,0.045421912943113756,0.05690116132573692,0.018115176077590223,0.019170048066115775,0.04388946221391841,0.05517844318784071,0.014189404259210087,0.015728561275255973,0.09258044135832247,0.11237087990468908,0.15370028225266053,
2000,base6,0,131,1,,4674.575822032057,exchangeable_varying_sigma,0.18,fixed,0.18,0.18,fixed,0.18,1.0,sin2,0.9,-0.25091768749371823,0.04522327565699328,0.056721969063799844,0.019072475894516522,0.020602695955321656,0.040100191933226094,0.050732897782668554,0.014488993905436592,0.017093993174455677,0.09518697725935842,0.11528459739071041,0.25091768749371823,
1000,base5,1,132,1,,1652.503379469039,exchangeable_varying_sigma,0.18,fixed,0.18,0.18,fixed,0.18,1.0,sin2,0.0,-0.0627178068077165,0.07305415704476771,0.10061917054300809,0.02082739100061337,0.02299253521933546,0.07643200541366812,0.10639127970916519,0.015747531449479102,0.01862331716274122,0.26060196307240485,0.3634473210442565,0.0627178068077165,
1000,base5,1,132,1,,1571.5728277990129,exchangeable_varying_sigma,0.18,fixed,0.18,0.18,fixed,0.18,1.0,sin2,0.3,-0.16999721807916393,0.06996732279899258,0.09602429378560147,0.02011478525949452,0.026523448801962984,0.072801078409751,0.10135179538211041,0.020961289968285876,0.026521644256889604,0.301263537667103,0.4369713490276591,0.16999721807916393,
1000,base5,1,132,1,,1660.7499774440657,exchangeable_varying_sigma,0.18,fixed,0.18,0.18,fixed,0.18,1.0,sin2,0.6,-0.3398426131294243,0.07038951667988132,0.09651581514187078,0.02062419005429096,0.02700608528249595,0.07174137277535439,0.10029622428381793,0.022842831474159206,0.02877841885218746,0.30381550998520623,0.4383490987461705,0.3398426131294243,
1000,base5,1,132,1,,1758.2926765179727,exchangeable_varying_sigma,0.18,fixed,0.18,0.18,fixed,0.18,1.0,sin2,0.9,-0.5091802664865768,0.07099358116086583,0.09720506925113548,0.02012789695473992,0.02637213126950325,0.0693967476594592,0.09827556946439144,0.023251865060479687,0.029593056537617568,0.30566625695362876,0.4385692333546124,0.5091802664865768,
1000,base6,1,132,1,,1610.265652995091,exchangeable_varying_sigma,0.18,fixed,0.18,0.18,fixed,0.18,1.0,sin2,0.0,-0.007412606769431765,0.05775637938869586,0.07459612684906355,0.015849909584190094,0.017758719390837462,0.05854507502255351,0.07553304506994851,0.013779275552375805,0.015125402743797924,0.1158202931960954,0.15899915967297415,0.007412606769431765,
1000,base6,1,132,1,,1381.1200912881177,exchangeable_varying_sigma,0.18,fixed,0.18,0.18,fixed,0.18,1.0,sin2,0.3,-0.1015756671429742,0.05378676237667026,0.07026874836808808,0.029825036458202878,0.03588496422963305,0.05409089501749485,0.07054720497362914,0.031089016572601602,0.03713962400951006,0.10798020055775268,0.15378985658720815,0.1015756671429742,
1000,base6,1,132,1,,1614.1494181118906,exchangeable_varying_sigma,0.18,fixed,0.18,0.18,fixed,0.18,1.0,sin2,0.6,-0.21414426259739722,0.05438601097750116,0.07104542152929355,0.031200572519091058,0.03675032185144678,0.05212732160510394,0.06787894620288779,0.03308378832888417,0.03855888486349773,0.11012375153504146,0.15711799477941607,0.21414426259739722,
1000,base6,1,132,1,,1561.5638337549753,exchangeable_varying_sigma,0.18,fixed,0.18,0.18,fixed,0.18,1.0,sin2,0.9,-0.32575834927129954,0.05525384730613356,0.07202322392805491,0.031778693603871686,0.03650276781967167,0.047943658340110745,0.06250120477734994,0.03346970101302295,0.03822179081255711,0.11282027810417379,0.16051162744789316,0.32575834927129954,
2000,base5,1,132,1,,6267.697128950851,exchangeable_varying_sigma,0.18,fixed,0.18,0.18,fixed,0.18,1.0,sin2,0.0,0.004262376755026217,0.05972399436846527,0.08503151488618489,0.017532186290467253,0.02131661981006297,0.0635219982288268,0.09271986212075492,0.019145035527299598,0.020669493973437928,0.41350126995513253,0.5825608706734027,0.004262376755026217,
2000,base5,1,132,1,,6324.285206698114,exchangeable_varying_sigma,0.18,fixed,0.18,0.18,fixed,0.18,1.0,sin2,0.3,-0.12787867640760325,0.060292112241030864,0.08601052414324005,0.010521921363880776,0.012339285758408732,0.06326719951621855,0.09273744795546918,0.012145721856741773,0.013203008156167276,0.4049103854253596,0.5658368018498166,0.12787867640760325,
2000,base5,1,132,1,,5445.445388545981,exchangeable_varying_sigma,0.18,fixed,0.18,0.18,fixed,0.18,1.0,sin2,0.6,-0.27751744859836525,0.06037984051715619,0.08599856912302757,0.011473937151212546,0.013459651665622158,0.062131974610078015,0.0917076477754007,0.012668913960128952,0.013572667972422594,0.4088004515752886,0.5670944720640873,0.27751744859836525,
2000,base5,1,132,1,,5501.974729040172,exchangeable_varying_sigma,0.18,fixed,0.18,0.18,fixed,0.18,1.0,sin2,0.9,-0.42854392701878,0.060512135575296035,0.08591158000262811,0.012372377452621194,0.014862759136628451,0.06004505970614149,0.08989374717072329,0.013353970725473133,0.014192193835273386,0.41375590295004144,0.5701164313909285,0.42854392701878,
2000,base6,1,132,1,,3753.834986187052,exchangeable_varying_sigma,0.18,fixed,0.18,0.18,fixed,0.18,1.0,sin2,0.0,0.016502271371176512,0.04313093264343095,0.05352378129144696,0.016800064112573038,0.018386798315337214,0.043787297367081646,0.05427415479248281,0.018302749475398034,0.01970543355051565,0.09700068345604303,0.10662324601916344,0.016502271371176512,
2000,base6,1,132,1,,4050.811637413921,exchangeable_varying_sigma,0.18,fixed,0.18,0.18,fixed,0.18,1.0,sin2,0.3,-0.047952947105649235,0.04241221057925161,0.05388726065471223,0.008217290878575395,0.011150569104601172,0.0429273954760322,0.05449224777839141,0.008317637846895681,0.010837192789012084,0.1068731590394272,0.11804842672163494,0.047952947105649235,
2000,base6,1,132,1,,3804.7913379480597,exchangeable_varying_sigma,0.18,fixed,0.18,0.18,fixed,0.18,1.0,sin2,0.6,-0.13052744126442123,0.04234047708189513,0.05385321486133697,0.009182220812013059,0.012915907792747192,0.04132317532745938,0.052634561454235194,0.008867326750913257,0.011465121716406597,0.11104525631122704,0.12212967894049874,0.13052744126442123,
2000,base6,1,132,1,,5690.322383789811,exchangeable_varying_sigma,0.18,fixed,0.18,0.18,fixed,0.18,1.0,sin2,0.9,-0.21709867937874805,0.042284770016828455,0.05368154412323867,0.01021917454937138,0.014819434006863143,0.037936286749867834,0.048669398574318325,0.009366487268731488,0.012544493413538025,0.11636482898096011,0.12756589056707945,0.21709867937874805,
1000,base5,2,133,1,,1466.146717801923,exchangeable_varying_sigma,0.18,fixed,0.18,0.18,fixed,0.18,1.0,sin2,0.0,0.03225116273542655,0.07340947049063362,0.09934768893511477,0.010890190038714193,0.011238252270850544,0.07762092650320108,0.10607613760936645,0.011859527866692698,0.016317260809593427,0.2285484879051443,0.32101034842591847,0.03225116273542655,
1000,base5,2,133,1,,1526.5085830900352,exchangeable_varying_sigma,0.18,fixed,0.18,0.18,fixed,0.18,1.0,sin2,0.3,-0.08700076670292803,0.07116570663095305,0.09627457041929013,0.018295828197354008,0.025765955232673575,0.07480338663350859,0.10245071643342507,0.027225844002037855,0.03258348562175,0.244240314493653,0.33908935609203167,0.08700076670292803,
1000,base5,2,133,1,,1672.9167383569293,exchangeable_varying_sigma,0.18,fixed,0.18,0.18,fixed,0.18,1.0,sin2,0.6,-0.2448457831833578,0.07074576252425685,0.09580458815661334,0.02131875974265654,0.028012846076414057,0.07280915100042819,0.10042828980103496,0.029608184673561966,0.035097337952306365,0.24203338073992836,0.3343622940277999,0.2448457831833578,
1000,base5,2,133,1,,1706.1062293439172,exchangeable_varying_sigma,0.18,fixed,0.18,0.18,fixed,0.18,1.0,sin2,0.9,-0.4002571350823312,0.07026705944329267,0.09528244706745606,0.02536657557583931,0.030565803391595304,0.06935651820427072,0.09700000915552362,0.030663715097392408,0.036566383774743555,0.2376626499978717,0.32654659968761285,0.4002571350823312,
1000,base6,2,133,1,,1457.2595785469748,exchangeable_varying_sigma,0.18,fixed,0.18,0.18,fixed,0.18,1.0,sin2,0.0,0.04599435983418389,0.05700614262540419,0.07433941444045043,0.01848848539275469,0.01938509252621296,0.05809730336722427,0.07563459439109117,0.016492262967664068,0.017777798307248623,0.1377646831386417,0.18502672200899817,0.04599435983418389,
1000,base6,2,133,1,,1610.5298160340171,exchangeable_varying_sigma,0.18,fixed,0.18,0.18,fixed,0.18,1.0,sin2,0.3,-0.041840514819698194,0.05253507699420076,0.06713027482141204,0.014715271391002788,0.018212262356161853,0.05297631663063043,0.06808313366907658,0.018579292972950523,0.02221712660439115,0.12972727500595532,0.1675827100692424,0.041840514819698194,
1000,base6,2,133,1,,1582.2117616129108,exchangeable_varying_sigma,0.18,fixed,0.18,0.18,fixed,0.18,1.0,sin2,0.6,-0.15379336602118204,0.051962807241828314,0.06640476907439678,0.015360636836238312,0.02000387895073572,0.05003913294004227,0.06457116870984884,0.018553111979453057,0.023516549876861033,0.12254278697722808,0.1581043689380968,0.15379336602118204,
1000,base6,2,133,1,,1704.018377786968,exchangeable_varying_sigma,0.18,fixed,0.18,0.18,fixed,0.18,1.0,sin2,0.9,-0.27341434355982897,0.05137361516327599,0.0657591142348306,0.017768280221799437,0.022255256353549503,0.04434544035856825,0.05806047933768137,0.01914218298518923,0.02463613395266228,0.11393741271439267,0.14747161193308247,0.27341434355982897,
2000,base5,2,133,1,,6326.817896193126,exchangeable_varying_sigma,0.18,fixed,0.18,0.18,fixed,0.18,1.0,sin2,0.0,-0.013947087059667605,0.05985229799374733,0.08305075856125138,0.012234669695855405,0.01329922928511834,0.06341895562893968,0.0899193891200858,0.01106976363961834,0.014361257663517507,0.353748304965887,0.5003181676511809,0.013947087059667605,
2000,base5,2,133,1,,5651.290515804896,exchangeable_varying_sigma,0.18,fixed,0.18,0.18,fixed,0.18,1.0,sin2,0.3,-0.18642235082807906,0.05993721454610004,0.08348702636732729,0.0081972043742706,0.01019867390335879,0.06309846793086572,0.0899522954061829,0.009839654116996693,0.011354553664259949,0.3624035959172048,0.494387537269751,0.18642235082807906,
2000,base5,2,133,1,,6015.415426476859,exchangeable_varying_sigma,0.18,fixed,0.18,0.18,fixed,0.18,1.0,sin2,0.6,-0.3292064988772034,0.06001860857925035,0.08362976074612742,0.008757052715940294,0.010743911217022135,0.0619226881954673,0.08894338951499649,0.010737671038555635,0.012146455340913532,0.36052639619232185,0.4883799075100763,0.3292064988772034,
2000,base5,2,133,1,,5681.65440352587,exchangeable_varying_sigma,0.18,fixed,0.18,0.18,fixed,0.18,1.0,sin2,0.9,-0.4695157932416909,0.06010759077649476,0.08376987417875174,0.009347155255353262,0.0113854605965013,0.059688198375632884,0.08726285039538205,0.01160477388529177,0.01293307375145293,0.35879344522461265,0.4822989129421987,0.4695157932416909,
2000,base6,2,133,1,,3849.714921171777,exchangeable_varying_sigma,0.18,fixed,0.18,0.18,fixed,0.18,1.0,sin2,0.0,0.004008548055556005,0.04094557294091922,0.05171192096139694,0.011308624261022304,0.014851105696547897,0.04153610719672498,0.05234991785190149,0.010809414955984115,0.013812933143156054,0.08396599492125802,0.09355245415976941,0.004008548055556005,
2000,base6,2,133,1,,6106.144029047107,exchangeable_varying_sigma,0.18,fixed,0.18,0.18,fixed,0.18,1.0,sin2,0.3,-0.08723758343004603,0.04309008943828611,0.05407475058882022,0.007358538087348904,0.008452341051511904,0.04319853893131924,0.053893540542551105,0.007587196248499323,0.008533309330329681,0.08227435957145281,0.09255908460036358,0.08723758343004603,
2000,base6,2,133,1,,3903.8688372178003,exchangeable_varying_sigma,0.18,fixed,0.18,0.18,fixed,0.18,1.0,sin2,0.6,-0.1672783539580408,0.043300020328539475,0.05443310333287074,0.007773208838331852,0.008993736733603472,0.04157652048278854,0.05184431070763958,0.0074516744776022825,0.008273152010698703,0.07592616435646295,0.08555950091428147,0.1672783539580408,
2000,base6,2,133,1,,6088.497024253942,exchangeable_varying_sigma,0.18,fixed,0.18,0.18,fixed,0.18,1.0,sin2,0.9,-0.2483418344673557,0.043589672243700354,0.05478974725129789,0.008178673733953035,0.009741398299124975,0.038317004317306134,0.04809721776929879,0.00751326208719702,0.008417413360320324,0.0707326158326632,0.0800301510640442,0.2483418344673557,
1000,base5,3,134,1,,1625.4067693410907,exchangeable_varying_sigma,0.18,fixed,0.18,0.18,fixed,0.18,1.0,sin2,0.0,0.07692452229943503,0.06937028900410964,0.09419273818767948,0.013435311180441362,0.016481573737488705,0.0723918794699687,0.09994778911553653,0.013189360313565338,0.01706092067191404,0.2288087697875623,0.3288620850050928,0.07692452229943503,
1000,base5,3,134,1,,1552.9380794391036,exchangeable_varying_sigma,0.18,fixed,0.18,0.18,fixed,0.18,1.0,sin2,0.3,-0.1141702560369098,0.06964665162594556,0.0942307416698175,0.02008967501010825,0.023385798062708345,0.07238345500071612,0.09937126066864241,0.022270785638088098,0.025133466753582787,0.22175864471219744,0.30365365518106563,0.1141702560369098,
1000,base5,3,134,1,,1352.9097593929619,exchangeable_varying_sigma,0.18,fixed,0.18,0.18,fixed,0.18,1.0,sin2,0.6,-0.2805763249702091,0.06953073062157053,0.09406754600398101,0.0213161151507322,0.025147051705417416,0.0708103746687158,0.09792611589065536,0.02473952045132577,0.027397557379193204,0.21901965057313602,0.2976074667953413,0.2805763249702091,
1000,base5,3,134,1,,1673.0380698610097,exchangeable_varying_sigma,0.18,fixed,0.18,0.18,fixed,0.18,1.0,sin2,0.9,-0.4477362714058652,0.06937620019618947,0.09385756232805552,0.02219644268316487,0.026599777275358626,0.06782239523487733,0.09523998115559947,0.027201536188010328,0.02950056325630983,0.21529710170932384,0.2898130877615014,0.4477362714058652,
1000,base6,3,134,1,,1536.6443620678037,exchangeable_varying_sigma,0.18,fixed,0.18,0.18,fixed,0.18,1.0,sin2,0.0,0.051521135845116126,0.05486474063227116,0.06950845727218108,0.017398808996132872,0.018346372697897875,0.055787033014378325,0.07076073327136428,0.01909653100437915,0.02172911791285253,0.15334070527601454,0.1893523287390103,0.051521135845116126,
1000,base6,3,134,1,,1684.165788562037,exchangeable_varying_sigma,0.18,fixed,0.18,0.18,fixed,0.18,1.0,sin2,0.3,-0.08844102319130015,0.053809226804933684,0.06851418852155453,0.019130852681306154,0.02388511640975933,0.05374343401218159,0.06871859450506242,0.018072126107493286,0.022875612557260363,0.16088588055436098,0.18807988556316044,0.08844102319130015,
1000,base6,3,134,1,,1287.1227585871238,exchangeable_varying_sigma,0.18,fixed,0.18,0.18,fixed,0.18,1.0,sin2,0.6,-0.20106325220030297,0.053607832015384,0.06799106527178088,0.019710596540152114,0.025746072658095944,0.05139295078147835,0.06569649324924351,0.018384107228815838,0.02408864486427962,0.15843290008444824,0.18267304283058536,0.20106325220030297,
1000,base6,3,134,1,,1600.782646732172,exchangeable_varying_sigma,0.18,fixed,0.18,0.18,fixed,0.18,1.0,sin2,0.9,-0.3167376015788116,0.053268876645403224,0.06731496096443512,0.020334328793347956,0.02734179470663068,0.04665344143797732,0.05980460370975863,0.017504328529383523,0.024373309380054626,0.15531189900131642,0.17734053180708648,0.3167376015788116,
2000,base5,3,134,1,,5239.257139401976,exchangeable_varying_sigma,0.18,fixed,0.18,0.18,fixed,0.18,1.0,sin2,0.0,0.00800829340989076,0.06364839255716069,0.08904685060334559,0.01980061820924689,0.02233924648825858,0.06720217612382635,0.09608982548074244,0.019714572343217898,0.02111036798121932,0.37623853777520044,0.5293032076916002,0.00800829340989076,
2000,base5,3,134,1,,5867.562684276141,exchangeable_varying_sigma,0.18,fixed,0.18,0.18,fixed,0.18,1.0,sin2,0.3,-0.15262983330837987,0.06204998471633562,0.0884175914973845,0.021090674922010694,0.026338868848907362,0.06551780732324033,0.0954550110126609,0.021184532274291873,0.024174813154852537,0.40602744866024226,0.5802927592637915,0.15262983330837987,
2000,base5,3,134,1,,5601.46607238194,exchangeable_varying_sigma,0.18,fixed,0.18,0.18,fixed,0.18,1.0,sin2,0.6,-0.3029273625548831,0.06199382456074438,0.08847159465597554,0.022930025261832965,0.028572206172668063,0.06442960638800224,0.09466644349033276,0.023022017226062647,0.026273604418362854,0.40662677800492597,0.5831566116928605,0.3029273625548831,
2000,base5,3,134,1,,5762.468673410127,exchangeable_varying_sigma,0.18,fixed,0.18,0.18,fixed,0.18,1.0,sin2,0.9,-0.45455782559505575,0.061920684131482585,0.08853811492431583,0.02453551394945397,0.03081341248351299,0.06217223397325466,0.09315383595285538,0.023991309377470627,0.027845275537126558,0.40877617328777455,0.587059033922767,0.45455782559505575,
2000,base6,3,134,1,,5828.561459746212,exchangeable_varying_sigma,0.18,fixed,0.18,0.18,fixed,0.18,1.0,sin2,0.0,0.02789291333316773,0.042513832194000276,0.05324579076981493,0.017306900375281875,0.019704123806712933,0.04324690318116994,0.05410939426293055,0.016074452715905088,0.018765993768345278,0.12037906222445525,0.13681501286573247,0.02789291333316773,
2000,base6,3,134,1,,5659.575115895132,exchangeable_varying_sigma,0.18,fixed,0.18,0.18,fixed,0.18,1.0,sin2,0.3,-0.12618267358790952,0.043898109372316564,0.05548732217839792,0.020378954370023433,0.022014432974592785,0.04397665476825222,0.05545875949734056,0.02077142418503297,0.022782817727352078,0.12202863733359173,0.13798709725034683,0.12618267358790952,
2000,base6,3,134,1,,4054.178733231034,exchangeable_varying_sigma,0.18,fixed,0.18,0.18,fixed,0.18,1.0,sin2,0.6,-0.2042032205400668,0.044112839409935004,0.05584038703114978,0.02229832457074002,0.02421025043103001,0.04239612099255825,0.053555726893274674,0.022671850400958288,0.024802442108721214,0.13134817911295116,0.14816992614264032,0.2042032205400668,
2000,base6,3,134,1,,5591.372814801987,exchangeable_varying_sigma,0.18,fixed,0.18,0.18,fixed,0.18,1.0,sin2,0.9,-0.2777703762540029,0.04443011275320862,0.056244578817511,0.023988488513368267,0.026197488709731716,0.03926454286811467,0.04995695124098361,0.023346088977705515,0.0257154635255279,0.140026186013692,0.15818079150338601,0.2777703762540029,
1000,base5,0,135,1,,1494.5742730750935,exchangeable_varying_sigma,0.18,fixed,0.18,0.18,fixed,0.18,1.0,sin2,0.0,0.05538250479948589,0.07040678606744163,0.09370574015292812,0.029585802092417318,0.03395430991804308,0.07399249072834578,0.09967233582893135,0.020342157852948323,0.025701965106546428,0.2867840742442732,0.3937437493415844,0.05538250479948589,
1000,base5,0,135,1,,1519.5028964650119,exchangeable_varying_sigma,0.18,fixed,0.18,0.18,fixed,0.18,1.0,sin2,0.3,-0.11035084200384518,0.07276678872785572,0.09694228956968882,0.03022675567187788,0.03297234665536814,0.07609468347287607,0.10281808763425862,0.02551153466728591,0.030453433392605787,0.28548703359858446,0.3983999750842799,0.11035084200384518,
1000,base5,0,135,1,,475.0162283410318,exchangeable_varying_sigma,0.18,fixed,0.18,0.18,fixed,0.18,1.0,sin2,0.6,-0.280760297343577,0.07309017673105365,0.09719765463537855,0.033342160449741365,0.03562631772895591,0.07474799028992814,0.10165117474343754,0.028317362883082453,0.032716868083435616,0.2849742875678029,0.3992289167170752,0.280760297343577,
1000,base5,0,135,1,,1569.9841978451004,exchangeable_varying_sigma,0.18,fixed,0.18,0.18,fixed,0.18,1.0,sin2,0.9,-0.4541635730947983,0.07336745808365014,0.09736597006236657,0.036978849853565476,0.0389232153166922,0.07193258938339982,0.09917191772207282,0.03179416781513994,0.03517359362366651,0.2837844775914744,0.3995737639232297,0.4541635730947983,
1000,base6,0,135,1,,1373.4993103119778,exchangeable_varying_sigma,0.18,fixed,0.18,0.18,fixed,0.18,1.0,sin2,0.0,0.011619573369466736,0.05447574741574258,0.06956916825129392,0.017328642202761174,0.02500909105959396,0.05549466970954125,0.07084709881252725,0.019873847246644816,0.027233763293550723,0.11136919052362144,0.15064773083803543,0.011619573369466736,
1000,base6,0,135,1,,1412.7031569570536,exchangeable_varying_sigma,0.18,fixed,0.18,0.18,fixed,0.18,1.0,sin2,0.3,-0.09893937289651417,0.056849332540341975,0.07198230606742982,0.01759205482148525,0.019402344153114873,0.056550726465380736,0.07168584805552675,0.014858125489674176,0.015568230845204317,0.11931943954654409,0.1533377075653443,0.09893937289651417,
1000,base6,0,135,1,,1404.7323805969208,exchangeable_varying_sigma,0.18,fixed,0.18,0.18,fixed,0.18,1.0,sin2,0.6,-0.2114973725640586,0.057432409941962186,0.07242243042548073,0.019665206149570402,0.02250353279064895,0.05413135359984264,0.06880026582066502,0.01587154142793959,0.017096403455453487,0.11682964661371992,0.15085694341556924,0.2114973725640586,
1000,base6,0,135,1,,1386.257255410077,exchangeable_varying_sigma,0.18,fixed,0.18,0.18,fixed,0.18,1.0,sin2,0.9,-0.32642588565878405,0.05795020707034274,0.0728000144799325,0.021811127600528377,0.025997867262630855,0.04919079523942672,0.06291605513478321,0.017381506637124886,0.019472715867871304,0.11350543145907696,0.1486580280341505,0.32642588565878405,
2000,base5,0,135,1,,5813.177460024017,exchangeable_varying_sigma,0.18,fixed,0.18,0.18,fixed,0.18,1.0,sin2,0.0,-0.007585517711224314,0.06001780080422517,0.08405584997972444,0.019282273776478343,0.020487121193163545,0.06368561361002607,0.09079542437986172,0.017859294682715993,0.018165882444140063,0.40148878944773275,0.5567012008963151,0.007585517711224314,
2000,base5,0,135,1,,5791.461308183032,exchangeable_varying_sigma,0.18,fixed,0.18,0.18,fixed,0.18,1.0,sin2,0.3,-0.1508705153197034,0.06208689930124615,0.08478978283833663,0.010972743287957526,0.011802070211065064,0.06512555508193599,0.09106079771344937,0.011245096784233966,0.01203809737388542,0.39188372186101195,0.5538224785464912,0.1508705153197034,
2000,base5,0,135,1,,2605.1618081430206,exchangeable_varying_sigma,0.18,fixed,0.18,0.18,fixed,0.18,1.0,sin2,0.6,-0.30014210368254224,0.06222155492786604,0.08479808562360298,0.013219693673686639,0.013839808259106868,0.06367183583811438,0.0899227248746539,0.012511947121154193,0.013518796300780794,0.39344120948040606,0.5538576180844387,0.30014210368254224,
2000,base5,0,135,1,,5931.818836831953,exchangeable_varying_sigma,0.18,fixed,0.18,0.18,fixed,0.18,1.0,sin2,0.9,-0.4481636879611336,0.06231598142103329,0.08480086396370795,0.015671441273707898,0.01624333477607807,0.06119622113626125,0.08811814471790773,0.013677407426022886,0.014959296599635668,0.393809119474236,0.5515941579596028,0.4481636879611336,
2000,base6,0,135,1,,5022.516889741062,exchangeable_varying_sigma,0.18,fixed,0.18,0.18,fixed,0.18,1.0,sin2,0.0,-0.011576686408119971,0.04152238198747036,0.054013931397765766,0.017489027200962348,0.0194641285109808,0.04218996550241388,0.05486416751943802,0.016218821282689172,0.018818430235276316,0.08209884663976458,0.09214343566051672,0.011576686408119971,
2000,base6,0,135,1,,5024.253373736981,exchangeable_varying_sigma,0.18,fixed,0.18,0.18,fixed,0.18,1.0,sin2,0.3,-0.07912137738591307,0.04287160430681117,0.05359807827876564,0.01148196028645379,0.012241327386976864,0.042755937170184305,0.05343540276670983,0.010808896186983719,0.012214612448177188,0.09621006691325548,0.10419299056232288,0.07912137738591307,
2000,base6,0,135,1,,3711.934042875073,exchangeable_varying_sigma,0.18,fixed,0.18,0.18,fixed,0.18,1.0,sin2,0.6,-0.1634686616007145,0.04302660846375321,0.05376388212328878,0.013728910672180128,0.01486172088058209,0.041169967588968105,0.05160744105060927,0.011701465477384376,0.013656955961831852,0.09551089082522142,0.10384790017206146,0.1634686616007145,
2000,base6,0,135,1,,5193.126578675001,exchangeable_varying_sigma,0.18,fixed,0.18,0.18,fixed,0.18,1.0,sin2,0.9,-0.24920943426189268,0.04328682724399562,0.05399355607230531,0.01618065827220469,0.017783741543109105,0.038084129546930315,0.04828029906865337,0.012772778045047062,0.015599123718514605,0.09477334484629506,0.10344341856620179,0.24920943426189268,
1000,base5,1,136,1,,1540.5104515369749,exchangeable_varying_sigma,0.18,fixed,0.18,0.18,fixed,0.18,1.0,sin2,0.0,0.015574534606208138,0.07405373507726211,0.1004602446109065,0.03088754752307639,0.035711101378441044,0.07838229170295577,0.10748574958440177,0.026241355786741735,0.027970979948267277,0.30188783032022354,0.4243065643864068,0.015574534606208138,
1000,base5,1,136,1,,1565.339442847995,exchangeable_varying_sigma,0.18,fixed,0.18,0.18,fixed,0.18,1.0,sin2,0.3,-0.20573105322436586,0.07060034852320739,0.09697824818632537,0.008652518256592606,0.010412894369662607,0.07405284380852396,0.10298812060727779,0.009846921431217459,0.012118649495558347,0.2527468873188031,0.3443219056438143,0.20573105322436586,
1000,base5,1,136,1,,448.2742381369462,exchangeable_varying_sigma,0.18,fixed,0.18,0.18,fixed,0.18,1.0,sin2,0.6,-0.3676336895660306,0.07075749019558546,0.09710839197353179,0.010902474667814091,0.013251330474687044,0.07275281878881479,0.10170075568452683,0.010900752856873086,0.01244286543689594,0.24311832770017888,0.33229384914768223,0.3676336895660306,
1000,base5,1,136,1,,1596.468708514003,exchangeable_varying_sigma,0.18,fixed,0.18,0.18,fixed,0.18,1.0,sin2,0.9,-0.5227151337704503,0.07131173692266034,0.09748292625404015,0.01391824985925448,0.01736090867585398,0.07042577211796659,0.09952133953178995,0.011023489517993854,0.01248846949320719,0.23171712711311454,0.3179638324411144,0.5227151337704503,
1000,base6,1,136,1,,637.1142134940019,exchangeable_varying_sigma,0.18,fixed,0.18,0.18,fixed,0.18,1.0,sin2,0.0,0.008436038333203371,0.05542549113532697,0.07113419447860117,0.021069032788017278,0.025752724384268195,0.056317551528152814,0.07213593978324814,0.01871249364056196,0.021792498667671446,0.1398938331165458,0.1850787186291162,0.008436038333203371,
1000,base6,1,136,1,,1376.6797422950622,exchangeable_varying_sigma,0.18,fixed,0.18,0.18,fixed,0.18,1.0,sin2,0.3,-0.11540040715256622,0.05408129030434153,0.07029409349598208,0.009219753075880188,0.010113367982711742,0.05405559429466902,0.07044916008609972,0.009924422189382859,0.011076370254389435,0.11710957197529429,0.1482023134085946,0.11540040715256622,
1000,base6,1,136,1,,1405.7513282389846,exchangeable_varying_sigma,0.18,fixed,0.18,0.18,fixed,0.18,1.0,sin2,0.6,-0.2180576253407437,0.05436480038061189,0.07044657707740809,0.010456240323829774,0.012649353745774247,0.05204819330579426,0.06803780194186378,0.010143665212168529,0.011586367816908225,0.12170727567465046,0.15166974023501897,0.2180576253407437,
1000,base6,1,136,1,,1392.4004695619224,exchangeable_varying_sigma,0.18,fixed,0.18,0.18,fixed,0.18,1.0,sin2,0.9,-0.3142759098329432,0.054766400163143845,0.07079027530312285,0.014248188386687177,0.016325510795666427,0.04796549969617713,0.06343549279647076,0.009836713605039155,0.012466627328719162,0.12952182477209737,0.1586927864487029,0.3142759098329432,
2000,base5,1,136,1,,5758.134008022957,exchangeable_varying_sigma,0.18,fixed,0.18,0.18,fixed,0.18,1.0,sin2,0.0,0.025627739553747614,0.0602052312107904,0.0847229327301247,0.019507952265321732,0.023721523827289575,0.06351980136171534,0.09139684682710887,0.01922633429496276,0.02310194612912693,0.39000062569509114,0.5281941660862932,0.025627739553747614,
2000,base5,1,136,1,,5733.667911052005,exchangeable_varying_sigma,0.18,fixed,0.18,0.18,fixed,0.18,1.0,sin2,0.3,-0.12257599434351596,0.06263498730947593,0.08592171191575738,0.01077829465297886,0.012898003906376462,0.06529994497879504,0.09213342874829074,0.006617209505477978,0.009610641576757154,0.3578866326915272,0.5028857938711625,0.12257599434351596,
2000,base5,1,136,1,,2582.3496419150615,exchangeable_varying_sigma,0.18,fixed,0.18,0.18,fixed,0.18,1.0,sin2,0.6,-0.26687072188727506,0.06255772488545029,0.08571714378827153,0.012682259173280364,0.014956019093876153,0.06415620104117527,0.09127744126057538,0.007472421887900843,0.011282948522162231,0.3618338787870047,0.5018011467980729,0.26687072188727506,
2000,base5,1,136,1,,5960.567639342975,exchangeable_varying_sigma,0.18,fixed,0.18,0.18,fixed,0.18,1.0,sin2,0.9,-0.41365936212882054,0.062256081809570235,0.08537092330035866,0.014807782858462737,0.01713288852594308,0.06170290840911468,0.08955186247331885,0.009498333700656003,0.013267828488510498,0.36836363004211525,0.5015663423697813,0.41365936212882054,
2000,base6,1,136,1,,4881.8514366840245,exchangeable_varying_sigma,0.18,fixed,0.18,0.18,fixed,0.18,1.0,sin2,0.0,-0.012246946255002453,0.0422032230494481,0.054377740337273016,0.016883494999683515,0.021311082081745907,0.04252717542499311,0.05461141755419822,0.017838627775214708,0.021519740375675382,0.09541873393650752,0.10703156131207382,0.012246946255002453,
2000,base6,1,136,1,,4935.8169290379155,exchangeable_varying_sigma,0.18,fixed,0.18,0.18,fixed,0.18,1.0,sin2,0.3,-0.05678695753279395,0.044084933016567004,0.05551177278183089,0.011970953834874454,0.016543564423605488,0.04430739294099497,0.05559844457233766,0.010452025161953343,0.014876282003790002,0.08838659647868953,0.09782665448616064,0.05678695753279395,
2000,base6,1,136,1,,3387.633414849988,exchangeable_varying_sigma,0.18,fixed,0.18,0.18,fixed,0.18,1.0,sin2,0.6,-0.13966397969496985,0.04378333154477471,0.05506246064742877,0.013874918355177207,0.018616837185771142,0.04245793755828404,0.053296192532625526,0.012323785799663867,0.016870457758638505,0.08759340356244644,0.097040613979733,0.13966397969496985,
2000,base6,1,136,1,,5106.324407278909,exchangeable_varying_sigma,0.18,fixed,0.18,0.18,fixed,0.18,1.0,sin2,0.9,-0.22774547430868775,0.0432770980014372,0.05432644122646878,0.016000442040362717,0.02073875914078469,0.038632478326730245,0.04888231934072883,0.014803462884704799,0.01902469471607124,0.08794846518802825,0.09850446226676339,0.22774547430868775,
1000,base5,2,137,1,,1556.2784307219554,exchangeable_varying_sigma,0.18,fixed,0.18,0.18,fixed,0.18,1.0,sin2,0.0,0.03276928743257249,0.07134238111964947,0.09638044278084659,0.015622016114337417,0.01879377935863456,0.07453698879699842,0.10175756674584689,0.01975563860193094,0.02193804127820398,0.24980774208247536,0.35772034986519874,0.03276928743257249,
1000,base5,2,137,1,,1540.7471254429547,exchangeable_varying_sigma,0.18,fixed,0.18,0.18,fixed,0.18,1.0,sin2,0.3,-0.1554638101299302,0.07325410329140855,0.09894517212173742,0.023689577435387577,0.03356687090919378,0.0761117974530179,0.10437434503536548,0.027896813531280346,0.03237404269906916,0.25936594025217496,0.37755310093388644,0.1554638101299302,
1000,base5,2,137,1,,421.03189844696317,exchangeable_varying_sigma,0.18,fixed,0.18,0.18,fixed,0.18,1.0,sin2,0.6,-0.3126445914849765,0.07309095422267688,0.09854599390371611,0.026919698181085125,0.03697431654097786,0.0741899183257149,0.10247372945750154,0.030991919433895745,0.034743082803723374,0.26294331375948293,0.3840941207584496,0.3126445914849765,
1000,base5,2,137,1,,1598.2012080400018,exchangeable_varying_sigma,0.18,fixed,0.18,0.18,fixed,0.18,1.0,sin2,0.9,-0.4713183800235622,0.07271945437284064,0.0979281126700786,0.031156731005351712,0.04100356639561316,0.07088917018373969,0.09932868181817386,0.03469002262446538,0.03836485596433318,0.2685184015328232,0.39475115046126946,0.4713183800235622,
1000,base6,2,137,1,,592.9837030509952,exchangeable_varying_sigma,0.18,fixed,0.18,0.18,fixed,0.18,1.0,sin2,0.0,0.0441415697410546,0.05512516717146466,0.07296214296127136,0.021826886154811764,0.022577269898006964,0.05583291231893122,0.07390477031075843,0.028108312587366707,0.02816561156664178,0.10052200688249621,0.12649162329267583,0.0441415697410546,
1000,base6,2,137,1,,670.100146071054,exchangeable_varying_sigma,0.18,fixed,0.18,0.18,fixed,0.18,1.0,sin2,0.3,-0.07457242127064792,0.0534749307999688,0.07032785030961347,0.019353328340025733,0.022254856016700696,0.053425583583135816,0.06965360372296132,0.02058770536672505,0.022098134938826394,0.09524847106318717,0.12181907111456021,0.07457242127064792,
1000,base6,2,137,1,,1386.4432853839826,exchangeable_varying_sigma,0.18,fixed,0.18,0.18,fixed,0.18,1.0,sin2,0.6,-0.1812060936543849,0.053057548219302815,0.06999276807609843,0.0209064871974651,0.024505477343113754,0.05070834985420764,0.06612547884036324,0.021592089134625125,0.022722383836169185,0.08842417298510492,0.11118876678884673,0.1812060936543849,
1000,base6,2,137,1,,1410.5127148719039,exchangeable_varying_sigma,0.18,fixed,0.18,0.18,fixed,0.18,1.0,sin2,0.9,-0.2923345682732049,0.052522193463266274,0.06964753817769853,0.022094731194284012,0.027328799491827177,0.045147778448479864,0.05995214448759852,0.021847486789414866,0.023631779567492173,0.080780818148914,0.09897499156616457,0.2923345682732049,
2000,base5,2,137,1,,5716.5930352779105,exchangeable_varying_sigma,0.18,fixed,0.18,0.18,fixed,0.18,1.0,sin2,0.0,0.00018103332935323518,0.061607928270272234,0.08693544676347746,0.01014197272184797,0.010547365487370284,0.06445593889854753,0.09325476702896592,0.009496704713723464,0.010867791789783199,0.3576766220036086,0.5146568751359926,0.00018103332935323518,
2000,base5,2,137,1,,5837.592697807006,exchangeable_varying_sigma,0.18,fixed,0.18,0.18,fixed,0.18,1.0,sin2,0.3,-0.0999673915770444,0.06001224316616327,0.08376181147820191,0.017334279458466856,0.02276491367505561,0.0627175613897988,0.09055936152546043,0.01594414779301022,0.019389855349328494,0.3626619928094349,0.5187970483909029,0.0999673915770444,
2000,base5,2,137,1,,4848.0020429830765,exchangeable_varying_sigma,0.18,fixed,0.18,0.18,fixed,0.18,1.0,sin2,0.6,-0.24923744004710585,0.05998249931126961,0.08348792294233454,0.018417659518084092,0.023856899668200943,0.061480299086429456,0.08971918089530372,0.016848341917378037,0.02005376685072269,0.3679171764464176,0.5211141934611453,0.24923744004710585,
2000,base5,2,137,1,,5893.362206541002,exchangeable_varying_sigma,0.18,fixed,0.18,0.18,fixed,0.18,1.0,sin2,0.9,-0.40288907760890047,0.05989331516452787,0.08311664726856241,0.01936869523455713,0.024681421488124522,0.05906725363973545,0.08804510241439405,0.017582737235584095,0.020175670092143144,0.3748590926157509,0.5241651043355108,0.40288907760890047,
2000,base6,2,137,1,,4926.135152446921,exchangeable_varying_sigma,0.18,fixed,0.18,0.18,fixed,0.18,1.0,sin2,0.0,-0.025127187602171086,0.04405417280378518,0.05511179797636593,0.005713554399463167,0.0062144702656848835,0.044616542366238666,0.05573424023835231,0.004839680435056171,0.006097076230608441,0.09674749424170964,0.10600322665898584,0.025127187602171086,
2000,base6,2,137,1,,4990.8206005640095,exchangeable_varying_sigma,0.18,fixed,0.18,0.18,fixed,0.18,1.0,sin2,0.3,-0.05443590212272714,0.04136770396800047,0.05186102525703237,0.01796178944758703,0.022424047367696136,0.04195890841135086,0.052559059639832754,0.017157986968895422,0.021520540673186636,0.11275362457672622,0.12418678977826812,0.05443590212272714,
2000,base6,2,137,1,,4694.264757739031,exchangeable_varying_sigma,0.18,fixed,0.18,0.18,fixed,0.18,1.0,sin2,0.6,-0.13665073751937612,0.04124832839173615,0.05174277187763602,0.019045169507205945,0.023699984726127173,0.040617558226769226,0.050978517095114924,0.017949246888828402,0.022343156914695298,0.10844626315441389,0.12045695743798984,0.13665073751937612,
2000,base6,2,137,1,,5193.051858184044,exchangeable_varying_sigma,0.18,fixed,0.18,0.18,fixed,0.18,1.0,sin2,0.9,-0.21927163076257028,0.04100092080121653,0.051587285788869425,0.019996205223675595,0.02468735460419029,0.0374516534948163,0.047616284426032926,0.018523760369449707,0.022523817633001667,0.10261308957684616,0.11535345873103259,0.21927163076257028,
1000,base5,3,138,1,,1505.3238693360472,exchangeable_varying_sigma,0.18,fixed,0.18,0.18,fixed,0.18,1.0,sin2,0.0,-0.06128746139632056,0.07563029907093265,0.10204858304905014,0.015415511609356725,0.017488289796583824,0.07882896433795797,0.10766941087724599,0.017617265619062294,0.01829339181088016,0.2807303820705856,0.3920041676691165,0.06128746139632056,
1000,base5,3,138,1,,1544.138721509953,exchangeable_varying_sigma,0.18,fixed,0.18,0.18,fixed,0.18,1.0,sin2,0.3,-0.18154471211625367,0.07279166463108974,0.09767623538233457,0.02555832084019978,0.027268370846685628,0.07606278563854184,0.10407761723034534,0.018541679728990068,0.021160689037081026,0.2862113057243101,0.4085484725679035,0.18154471211625367,
1000,base5,3,138,1,,1583.3374311530497,exchangeable_varying_sigma,0.18,fixed,0.18,0.18,fixed,0.18,1.0,sin2,0.6,-0.3439123648239311,0.07238018922873543,0.09692616318216041,0.02602468083340384,0.027494210271445708,0.07425572725896863,0.10239278497739611,0.019486540776916583,0.021910405497396052,0.280653101375028,0.39929236814628866,0.3439123648239311,
1000,base5,3,138,1,,1564.051161050913,exchangeable_varying_sigma,0.18,fixed,0.18,0.18,fixed,0.18,1.0,sin2,0.9,-0.5039660798588459,0.07196967708742945,0.09613740287507234,0.026153914186080318,0.027547921719104883,0.07099676217615834,0.09940457115566245,0.01877823929192851,0.021021273774792005,0.2746944618752563,0.38919126027196355,0.5039660798588459,
1000,base6,3,138,1,,654.1684660629835,exchangeable_varying_sigma,0.18,fixed,0.18,0.18,fixed,0.18,1.0,sin2,0.0,-0.04468217603365282,0.05771245963787188,0.07504270222698112,0.008574108011434295,0.010342862587985337,0.058586336124665274,0.07598881345662908,0.008618015099103316,0.009354971121116593,0.13125326969413903,0.16391904163891302,0.04468217603365282,
1000,base6,3,138,1,,1411.1269814560656,exchangeable_varying_sigma,0.18,fixed,0.18,0.18,fixed,0.18,1.0,sin2,0.3,-0.13440206049896194,0.05514104782741283,0.07176631030037853,0.017438544282038462,0.020612477195980257,0.05611542732377269,0.07330437982580042,0.01969739257482489,0.020683403428586402,0.14047376504590645,0.17563969361045315,0.13440206049896194,
1000,base6,3,138,1,,1380.9411134360125,exchangeable_varying_sigma,0.18,fixed,0.18,0.18,fixed,0.18,1.0,sin2,0.6,-0.23177595231835024,0.05452860478467077,0.07074023957861207,0.018009918122375138,0.021383882926072354,0.05382788523670244,0.07041992603575892,0.02090006531347345,0.021481297771552936,0.14419901167318325,0.17734838191624488,0.23177595231835024,
1000,base6,3,138,1,,604.3925552020082,exchangeable_varying_sigma,0.18,fixed,0.18,0.18,fixed,0.18,1.0,sin2,0.9,-0.32682814027331164,0.05369960974283988,0.06952782983246754,0.018302034713379503,0.02221951389153045,0.04862946664378302,0.06422997412304415,0.020819475152196176,0.021094736751973153,0.14642759106447512,0.17681359617510337,0.32682814027331164,
2000,base5,3,138,1,,5747.128078203066,exchangeable_varying_sigma,0.18,fixed,0.18,0.18,fixed,0.18,1.0,sin2,0.0,-0.03853739869337077,0.0629773398847821,0.08718761860207178,0.009053137640646802,0.01299541561911788,0.06624393602505872,0.09367723176376785,0.006457829880387456,0.007077789745538647,0.43227817806651814,0.6109765987529678,0.03853739869337077,
2000,base5,3,138,1,,5758.83197650197,exchangeable_varying_sigma,0.18,fixed,0.18,0.18,fixed,0.18,1.0,sin2,0.3,-0.1984040812429519,0.06336644673468965,0.08757446128664331,0.01510737232922163,0.01632199110920842,0.0662950460549762,0.0937953246649055,0.015908213802399873,0.018990438578823484,0.41107005344110736,0.5920103648408492,0.1984040812429519,
2000,base5,3,138,1,,2466.7660747870104,exchangeable_varying_sigma,0.18,fixed,0.18,0.18,fixed,0.18,1.0,sin2,0.6,-0.34775990348189045,0.06347204305183483,0.08752111660009446,0.01610005644167116,0.017050043635331344,0.0650165537467068,0.09264134371968633,0.015493600698863033,0.019264036957057813,0.4079159939812097,0.5869780911148209,0.34775990348189045,
2000,base5,3,138,1,,5891.923641778994,exchangeable_varying_sigma,0.18,fixed,0.18,0.18,fixed,0.18,1.0,sin2,0.9,-0.4968446269134481,0.06339875125085678,0.08732329142119817,0.01709262767795708,0.017799932962287802,0.0625706663318598,0.09050078934481977,0.014773898391405194,0.018967501455804444,0.40723143145108054,0.5811303512245402,0.4968446269134481,
2000,base6,3,138,1,,4930.58051287604,exchangeable_varying_sigma,0.18,fixed,0.18,0.18,fixed,0.18,1.0,sin2,0.0,-0.008440336144770336,0.04406552385451837,0.05462279512764265,0.013328380895117592,0.015905805716360112,0.04451080916518897,0.05511448608037035,0.012681588113446662,0.013843088555258402,0.08370170222096952,0.10265222352675082,0.008440336144770336,
2000,base6,3,138,1,,3314.743710594019,exchangeable_varying_sigma,0.18,fixed,0.18,0.18,fixed,0.18,1.0,sin2,0.3,-0.07151997320461592,0.045044857753787526,0.05665569408167611,0.006324173476402878,0.006920031126785995,0.044941853315073596,0.056874605296065646,0.007723258270859262,0.00891231011951211,0.08940622880951227,0.10298322590890908,0.07151997320461592,
2000,base6,3,138,1,,5043.063833683031,exchangeable_varying_sigma,0.18,fixed,0.18,0.18,fixed,0.18,1.0,sin2,0.6,-0.15543691381490599,0.045153288387759505,0.05661500442655009,0.006797732253681965,0.007613428526467698,0.04320519457784245,0.05480353731839283,0.00788537692663431,0.008651125176707726,0.09301099981532818,0.10586810256271285,0.15543691381490599,
2000,base6,3,138,1,,5198.982172788004,exchangeable_varying_sigma,0.18,fixed,0.18,0.18,fixed,0.18,1.0,sin2,0.9,-0.24338842163880037,0.04491334752701113,0.056340983673997175,0.007119293262290369,0.008509955101967951,0.039362727183677684,0.05051131677002796,0.0078001460594072924,0.00865819980035609,0.0973334881811966,0.11023875926487763,0.24338842163880037,
1000,base5,0,139,1,,1293.4950219589518,exchangeable_varying_sigma,0.18,fixed,0.18,0.18,fixed,0.18,1.0,sin2,0.0,-0.021119873995062807,0.07324104716317811,0.0981679469252622,0.02901472090504481,0.030235881447167174,0.07669034210239223,0.10402123523598715,0.025444279286362434,0.02973190728831807,0.25543290432504306,0.35079721784788137,0.021119873995062807,
1000,base5,0,139,1,,1510.947965438012,exchangeable_varying_sigma,0.18,fixed,0.18,0.18,fixed,0.18,1.0,sin2,0.3,-0.1332223515015553,0.0730947236197278,0.09720901192412512,0.014187993813796401,0.01851282378386771,0.07578260586185458,0.10212603915276398,0.013030711578215698,0.014159806281865943,0.2708649841938888,0.37502265466775214,0.1332223515015553,
1000,base5,0,139,1,,1045.1000177250244,exchangeable_varying_sigma,0.18,fixed,0.18,0.18,fixed,0.18,1.0,sin2,0.6,-0.2928221590790214,0.07346762353889104,0.09762769493258727,0.015353714635918364,0.019625624869940708,0.07477383085246377,0.1013037662075009,0.014170207920750993,0.014943991202788415,0.2752958446374346,0.3807064670023842,0.2928221590790214,
1000,base5,0,139,1,,1158.9469978410052,exchangeable_varying_sigma,0.18,fixed,0.18,0.18,fixed,0.18,1.0,sin2,0.9,-0.4557935231983922,0.07378848511599147,0.09810304729709866,0.016025747654661637,0.020295236157370874,0.07249443461979381,0.09951439140965576,0.01467251005552625,0.015155021390432531,0.2814575884312996,0.38802650895147955,0.4557935231983922,
1000,base6,0,139,1,,1042.1572078239406,exchangeable_varying_sigma,0.18,fixed,0.18,0.18,fixed,0.18,1.0,sin2,0.0,-0.024284945479814073,0.05848331176064295,0.07683050735792907,0.02613704302951468,0.027487977903674483,0.059355545145237186,0.07802776650749882,0.024270744510474937,0.025622458228164138,0.11011136613371206,0.14944392328471384,0.024284945479814073,
1000,base6,0,139,1,,959.4090217630146,exchangeable_varying_sigma,0.18,fixed,0.18,0.18,fixed,0.18,1.0,sin2,0.3,-0.06490206458422329,0.05510354295492693,0.0718647914400636,0.013813542571984194,0.015840995187549785,0.05484851267765175,0.0719563774724171,0.011650573979543388,0.013204352917852961,0.10302902306144429,0.13385929213974035,0.06490206458422329,
1000,base6,0,139,1,,1178.0582054810366,exchangeable_varying_sigma,0.18,fixed,0.18,0.18,fixed,0.18,1.0,sin2,0.6,-0.1716034865998014,0.055087774009122834,0.07149029677479624,0.014979263394104436,0.017252686012808088,0.05218299811295751,0.06848184925577584,0.012809525057602217,0.014223576003768034,0.10179578549842687,0.12840009942456723,0.1716034865998014,
1000,base6,0,139,1,,1155.292890629964,exchangeable_varying_sigma,0.18,fixed,0.18,0.18,fixed,0.18,1.0,sin2,0.9,-0.2830149120606593,0.054872498128874306,0.07083384064830293,0.015651296412845822,0.01814991571292047,0.04711660735918891,0.06202860421942452,0.013432677125765347,0.014861498184696464,0.10085286836261703,0.1238533263172356,0.2830149120606593,
2000,base5,0,139,1,,5821.291197198909,exchangeable_varying_sigma,0.18,fixed,0.18,0.18,fixed,0.18,1.0,sin2,0.0,0.05462667035538605,0.06194382931722033,0.08641393947482218,0.011564117902922333,0.014525726122481415,0.06547595542250034,0.09383907041637499,0.011121423171197437,0.013569580518353785,0.41928050570421665,0.5934185458765779,0.05462667035538605,
2000,base5,0,139,1,,3803.514046541066,exchangeable_varying_sigma,0.18,fixed,0.18,0.18,fixed,0.18,1.0,sin2,0.3,-0.15614422714822324,0.06317980628137733,0.08740851667514977,0.015719239725969086,0.018612455800497557,0.06601636623214588,0.09398611128077305,0.014034844016276637,0.015437122464165893,0.36374688610323735,0.521850920928149,0.15614422714822324,
2000,base5,0,139,1,,4243.458305469016,exchangeable_varying_sigma,0.18,fixed,0.18,0.18,fixed,0.18,1.0,sin2,0.6,-0.30713936998426306,0.06335112860063033,0.08742309410053341,0.016204891756639556,0.019588072807426693,0.06505818436936207,0.0934268156416703,0.014634939932877428,0.016105167845085363,0.35895057400777614,0.5185523357700345,0.30713936998426306,
2000,base5,0,139,1,,3780.9908471259987,exchangeable_varying_sigma,0.18,fixed,0.18,0.18,fixed,0.18,1.0,sin2,0.9,-0.4578978771741879,0.06348365739018219,0.08740026719153143,0.016604473239066525,0.02047170472441945,0.06313288373623069,0.09216847195876748,0.015147629772176846,0.016553222474250583,0.35543106575588784,0.5161710403467311,0.4578978771741879,
2000,base6,0,139,1,,3430.2120492450194,exchangeable_varying_sigma,0.18,fixed,0.18,0.18,fixed,0.18,1.0,sin2,0.0,-0.004293545555779842,0.04384276513608191,0.05492734221715504,0.010850542850051631,0.012379820834391885,0.04442144084306782,0.05555203412227949,0.011963508722294972,0.012730620249932788,0.10035535277478999,0.11061964431972116,0.004293545555779842,
2000,base6,0,139,1,,3354.834987235954,exchangeable_varying_sigma,0.18,fixed,0.18,0.18,fixed,0.18,1.0,sin2,0.3,-0.07243735294879258,0.04263777657282741,0.053207913919306446,0.010411720790501788,0.01561211203961152,0.04305629984447443,0.053760792326099455,0.010875458750377043,0.01351960875851953,0.09575888427864182,0.1071083645346258,0.07243735294879258,
2000,base6,0,139,1,,3349.218975387048,exchangeable_varying_sigma,0.18,fixed,0.18,0.18,fixed,0.18,1.0,sin2,0.6,-0.15446622943343075,0.042566858771476715,0.053131132839993864,0.010840540632769832,0.016902733937852275,0.04179640416743145,0.05243545541544685,0.011929301366015402,0.014816875955729576,0.09964737786344945,0.11187961006949776,0.15446622943343075,
2000,base6,0,139,1,,6308.332431059913,exchangeable_varying_sigma,0.18,fixed,0.18,0.18,fixed,0.18,1.0,sin2,0.9,-0.23537870595252086,0.042521621160749125,0.05305732471624192,0.011261817574325775,0.018092052740728615,0.03887899360919141,0.0493609210997719,0.012778222854348334,0.01613631398949288,0.1045855770550809,0.11844652576354317,0.23537870595252086,
1000,base5,1,140,1,,1099.3243040420348,exchangeable_varying_sigma,0.18,fixed,0.18,0.18,fixed,0.18,1.0,sin2,0.0,0.015593206201784476,0.07153900471699323,0.09661466880568459,0.006892231117343717,0.01139585841246528,0.0750608055333966,0.10276229990018954,0.01106348175399885,0.01407306737481877,0.25039429862626544,0.3524300912069514,0.015593206201784476,
1000,base5,1,140,1,,1099.45353753597,exchangeable_varying_sigma,0.18,fixed,0.18,0.18,fixed,0.18,1.0,sin2,0.3,-0.1890463393219634,0.06968567081792845,0.09440329710237132,0.021652200038017905,0.02550941008497448,0.07244266176740534,0.09967628608744841,0.019338451865985845,0.025116811742121586,0.23997778477689877,0.3520304009533122,0.1890463393219634,
1000,base5,1,140,1,,1239.5695090549998,exchangeable_varying_sigma,0.18,fixed,0.18,0.18,fixed,0.18,1.0,sin2,0.6,-0.34771507006182967,0.06980758012239724,0.0944293746998562,0.02284771536836655,0.026622586924747567,0.07096217428722244,0.0980544169501055,0.020054336498655345,0.024937451026308868,0.23852785510897578,0.3501117019047127,0.34771507006182967,
1000,base5,1,140,1,,1145.390527504962,exchangeable_varying_sigma,0.18,fixed,0.18,0.18,fixed,0.18,1.0,sin2,0.9,-0.5035592027094808,0.0702207541138969,0.09467238149363442,0.02332694757314374,0.026882713996610835,0.06855392309827513,0.09558070907420267,0.019870572035449008,0.023169509728458756,0.2375046074452175,0.3479785919410679,0.5035592027094808,
1000,base6,1,140,1,,1225.0092979479814,exchangeable_varying_sigma,0.18,fixed,0.18,0.18,fixed,0.18,1.0,sin2,0.0,0.042554288584148926,0.05804032600496206,0.07416626775621138,0.006519858199259723,0.006730302154038143,0.058801959609302075,0.07489726593717567,0.004900942005015549,0.006293971160225387,0.13336366761419607,0.16364428897704345,0.042554288584148926,
1000,base6,1,140,1,,1087.0753876840463,exchangeable_varying_sigma,0.18,fixed,0.18,0.18,fixed,0.18,1.0,sin2,0.3,-0.11291058401746679,0.05381870038373586,0.06945262611964301,0.023552017017065968,0.027636887263541698,0.05392526276665467,0.06945463771552987,0.023975993863578432,0.028122335650080925,0.10419049691960953,0.13590360398994486,0.11291058401746679,
1000,base6,1,140,1,,1004.7881519219372,exchangeable_varying_sigma,0.18,fixed,0.18,0.18,fixed,0.18,1.0,sin2,0.6,-0.2154768923607887,0.0533592933527913,0.06884024068759437,0.024747532347413503,0.02864280662483945,0.051237961951566095,0.06608058257173673,0.024466133468937806,0.028688085479121484,0.10569701436607722,0.13736035794548476,0.2154768923607887,
1000,base6,1,140,1,,1274.6409596899757,exchangeable_varying_sigma,0.18,fixed,0.18,0.18,fixed,0.18,1.0,sin2,0.9,-0.31391257307382736,0.05294949802088519,0.06826824252619414,0.02522676455219275,0.028720770005125372,0.04620463647854037,0.05995090757614989,0.02411307762552513,0.02817294644482488,0.11287495644991458,0.14161458065525329,0.31391257307382736,
2000,base5,1,140,1,,5553.043268807,exchangeable_varying_sigma,0.18,fixed,0.18,0.18,fixed,0.18,1.0,sin2,0.0,-0.015513921305759393,0.062244386133532774,0.08555490935243333,0.016200790595836095,0.01710860627358392,0.06587191561517278,0.09273294268183277,0.013133962012574302,0.01338308341144612,0.4104579400412098,0.5832167428374684,0.015513921305759393,
2000,base5,1,140,1,,3859.9399231009884,exchangeable_varying_sigma,0.18,fixed,0.18,0.18,fixed,0.18,1.0,sin2,0.3,-0.13721273902453038,0.06107316144637699,0.08466335067644135,0.0063260000095953645,0.007386660476923272,0.06432578115053397,0.09131264442613672,0.0066264299015939415,0.007211451907171143,0.38810245640663493,0.5457850065742744,0.13721273902453038,
2000,base5,1,140,1,,4871.926745653036,exchangeable_varying_sigma,0.18,fixed,0.18,0.18,fixed,0.18,1.0,sin2,0.6,-0.28517443442485874,0.061036533124864734,0.08462453541636786,0.006735044612451946,0.007975350322565713,0.06323752514064879,0.09037311314832848,0.007731489381502338,0.008229589048791319,0.38974183220652814,0.5459207976234751,0.28517443442485874,
2000,base5,1,140,1,,3748.6654754199553,exchangeable_varying_sigma,0.18,fixed,0.18,0.18,fixed,0.18,1.0,sin2,0.9,-0.43387337170527557,0.06095893705574533,0.08461282074185417,0.007090679675133341,0.008404099401092829,0.061037387436052803,0.08882151656725962,0.008843248819496469,0.009314045192057797,0.3918233296291559,0.546325309896622,0.43387337170527557,
2000,base6,1,140,1,,5577.033242831938,exchangeable_varying_sigma,0.18,fixed,0.18,0.18,fixed,0.18,1.0,sin2,0.0,-0.02000526166729814,0.04278087004795891,0.053252052632797975,0.011397720682848722,0.013148508432395529,0.043359692178007565,0.05391781944966649,0.010661356565118574,0.01148514132369637,0.10301967315722106,0.1173239870912218,0.02000526166729814,
2000,base6,1,140,1,,3264.063387528993,exchangeable_varying_sigma,0.18,fixed,0.18,0.18,fixed,0.18,1.0,sin2,0.3,-0.0670552203546978,0.042866447363436144,0.05342914702908262,0.009587500862862863,0.010913780492394403,0.04291575281438317,0.05357808243364847,0.008672029865195094,0.010471022715694623,0.0933788916803552,0.1105082759779243,0.0670552203546978,
2000,base6,1,140,1,,7062.449802772957,exchangeable_varying_sigma,0.18,fixed,0.18,0.18,fixed,0.18,1.0,sin2,0.6,-0.15240308215924908,0.042923522585466396,0.05343469005027071,0.010325876949089652,0.011664133753041941,0.04137573448992925,0.051645465751296235,0.009597675730562846,0.011264911564178843,0.09003144923506959,0.10663612742251552,0.15240308215924908,
2000,base6,1,140,1,,3382.803423646954,exchangeable_varying_sigma,0.18,fixed,0.18,0.18,fixed,0.18,1.0,sin2,0.9,-0.24119477018409208,0.04294461641924809,0.053464309401477214,0.010871572071398161,0.012194709492900642,0.03818689876482083,0.048050102953932576,0.010444279765701878,0.011717469589923613,0.08709537128763806,0.1031827934235839,0.24119477018409208,
1000,base5,2,141,1,,1119.9276131660445,exchangeable_varying_sigma,0.18,fixed,0.18,0.18,fixed,0.18,1.0,sin2,0.0,-0.06317927255780464,0.07475090323788053,0.10059936664720885,0.014445925960950179,0.017325219203893617,0.07846941963720015,0.10627393739325351,0.007583740138678241,0.00974571628666865,0.2754092923691844,0.3815705982084191,0.06317927255780464,
1000,base5,2,141,1,,1118.6302976359148,exchangeable_varying_sigma,0.18,fixed,0.18,0.18,fixed,0.18,1.0,sin2,0.3,-0.14021212653090867,0.0763040463564551,0.10216845797043844,0.02003809272619117,0.02156309604795484,0.07906982361475112,0.10708427327315938,0.01680358454439146,0.01886511598659795,0.2954315698215164,0.4049654833300751,0.14021212653090867,
1000,base5,2,141,1,,1227.4834754829062,exchangeable_varying_sigma,0.18,fixed,0.18,0.18,fixed,0.18,1.0,sin2,0.6,-0.31756398587962886,0.07674935455822528,0.1025212001893337,0.02211379227277413,0.023577908842137604,0.07776640477433319,0.10586006081574208,0.017174374157390843,0.01921219049845046,0.2996383193847126,0.4111866832083903,0.31756398587962886,
1000,base5,2,141,1,,1103.5373208640376,exchangeable_varying_sigma,0.18,fixed,0.18,0.18,fixed,0.18,1.0,sin2,0.9,-0.4971586855307947,0.07717797833577601,0.10272879212299807,0.02425063197924887,0.026014666422442156,0.07520406846343168,0.10326598472449017,0.01705760234330811,0.019724442999698787,0.30377432781198954,0.4181946373480629,0.4971586855307947,
1000,base6,2,141,1,,965.6840250400128,exchangeable_varying_sigma,0.18,fixed,0.18,0.18,fixed,0.18,1.0,sin2,0.0,-0.06193674096271801,0.05702805291907549,0.07519504117301702,0.008289477744006568,0.010529329694920797,0.057592944758687294,0.07590138808642848,0.006482421914069197,0.008047333952819218,0.10750465372396824,0.12832418313396352,0.06193674096271801,
1000,base6,2,141,1,,1012.2996035310207,exchangeable_varying_sigma,0.18,fixed,0.18,0.18,fixed,0.18,1.0,sin2,0.3,-0.057958122826674285,0.057163292048969035,0.07773601539386545,0.021766468752701384,0.024413798216628643,0.05729565025475001,0.0781080200852287,0.021665345735598196,0.024062542577281836,0.10796604497082565,0.1374973032209194,0.057958122826674285,
1000,base6,2,141,1,,1176.3862794339657,exchangeable_varying_sigma,0.18,fixed,0.18,0.18,fixed,0.18,1.0,sin2,0.6,-0.1736690336900938,0.057299484780585705,0.07793962877033195,0.023842168299283012,0.02677705473305835,0.05535390567432335,0.07591180233770398,0.022682943644887155,0.024663620275625586,0.10344898890860713,0.13368461820183383,0.1736690336900938,
1000,base6,2,141,1,,1038.3705792470137,exchangeable_varying_sigma,0.18,fixed,0.18,0.18,fixed,0.18,1.0,sin2,0.9,-0.29466668407981345,0.057516299985708244,0.07779938412759174,0.025979008005758614,0.02954572301622216,0.05111138732205739,0.0704546508910749,0.023409642382908297,0.025253558892646043,0.10111156861974874,0.1294163722140506,0.29466668407981345,
2000,base5,2,141,1,,5460.180798505899,exchangeable_varying_sigma,0.18,fixed,0.18,0.18,fixed,0.18,1.0,sin2,0.0,0.047746155085472954,0.0613550969278445,0.08449494229809215,0.012627595567104535,0.013938651488084349,0.06570152719147329,0.09195367058610361,0.015181631713229712,0.017596698051785462,0.45320790121547955,0.6336572943826668,0.047746155085472954,
2000,base5,2,141,1,,3615.051474216045,exchangeable_varying_sigma,0.18,fixed,0.18,0.18,fixed,0.18,1.0,sin2,0.3,-0.14138788511821446,0.06103932336075721,0.08434103712830646,0.007395435384650539,0.010267059058169796,0.06457830796730772,0.0913518864517288,0.010098122893199613,0.011605745753111137,0.4294082667396745,0.5998490072617546,0.14138788511821446,
2000,base5,2,141,1,,4988.05169122701,exchangeable_varying_sigma,0.18,fixed,0.18,0.18,fixed,0.18,1.0,sin2,0.6,-0.2939338935819904,0.061188088920811394,0.08450655031617903,0.00788316443101722,0.010933152901396768,0.06361617007865228,0.09101633268906464,0.010802435560123697,0.012419167015200076,0.42294284460839365,0.591727786018436,0.2939338935819904,
2000,base5,2,141,1,,3722.0785828290973,exchangeable_varying_sigma,0.18,fixed,0.18,0.18,fixed,0.18,1.0,sin2,0.9,-0.4423129122818951,0.06147771277582636,0.08479050171880939,0.0081936102543744,0.011560185967440174,0.061751773681649656,0.09027156975621212,0.010841912800276632,0.012553690679899528,0.4150325146253728,0.5819465470992212,0.4423129122818951,
2000,base6,2,141,1,,5774.911055763951,exchangeable_varying_sigma,0.18,fixed,0.18,0.18,fixed,0.18,1.0,sin2,0.0,0.017695050830167505,0.042465917351433444,0.0532386306257714,0.00950723963166096,0.011616339904477135,0.04340349387378756,0.054336337916632275,0.010571557181737551,0.012929168909780242,0.10763932311080239,0.12045557411921491,0.017695050830167505,
2000,base6,2,141,1,,6467.005434705992,exchangeable_varying_sigma,0.18,fixed,0.18,0.18,fixed,0.18,1.0,sin2,0.3,-0.08064303734747677,0.042628908266140644,0.05310238643049861,0.010515791320092865,0.010866269597473019,0.043202992746080006,0.05383520869314333,0.012320685475602638,0.012476268748462244,0.12276643761266721,0.1339316191100195,0.08064303734747677,
2000,base6,2,141,1,,6927.704760857043,exchangeable_varying_sigma,0.18,fixed,0.18,0.18,fixed,0.18,1.0,sin2,0.6,-0.16770329652411958,0.04261599373093131,0.053141663179452715,0.01100352036645924,0.011496496779503028,0.04177450141842442,0.052228531658149016,0.01328181748057311,0.013478643974975174,0.12414318560907071,0.13489317916727245,0.16770329652411958,
2000,base6,2,141,1,,3377.915267837001,exchangeable_varying_sigma,0.18,fixed,0.18,0.18,fixed,0.18,1.0,sin2,0.9,-0.25516705036245313,0.04259082570964826,0.05324751994613022,0.011313966189818891,0.011995359814737937,0.0385812321838351,0.04890726150390148,0.013667990339540748,0.014108158913984996,0.12412488302726875,0.1345716230960919,0.25516705036245313,
1000,base5,3,142,1,,1275.7970268479548,exchangeable_varying_sigma,0.18,fixed,0.18,0.18,fixed,0.18,1.0,sin2,0.0,-0.01730846751814479,0.0719285356879994,0.09724284847983239,0.04646577785745003,0.05764277343242142,0.07442512271995236,0.10140812137552048,0.040979581819455005,0.0530329623131512,0.21791853009844697,0.2928906085524187,0.01730846751814479,
1000,base5,3,142,1,,1218.8486608770909,exchangeable_varying_sigma,0.18,fixed,0.18,0.18,fixed,0.18,1.0,sin2,0.3,-0.14794153578851443,0.06955830354288593,0.09390470692107447,0.01575231071877839,0.018503680572798897,0.07196828959327069,0.09847716978564214,0.014528144287406897,0.01887524334411732,0.21918470251874736,0.3065977356715907,0.14794153578851443,
1000,base5,3,142,1,,1098.0532663279446,exchangeable_varying_sigma,0.18,fixed,0.18,0.18,fixed,0.18,1.0,sin2,0.6,-0.3054744375967339,0.06903014946301114,0.0931639487957066,0.018248814660746737,0.019789797392099323,0.07024866315512403,0.09718766341779912,0.016599205787088983,0.021733966165005846,0.21987515326599236,0.3079741410155715,0.3054744375967339,
1000,base5,3,142,1,,1427.3826148289954,exchangeable_varying_sigma,0.18,fixed,0.18,0.18,fixed,0.18,1.0,sin2,0.9,-0.46325017063852014,0.068478889934658,0.09240408559744324,0.02113898411090681,0.022251380546884848,0.06711622204360512,0.094564602216314,0.021394993710100257,0.026601326173389016,0.22167082466847518,0.31008406016882567,0.46325017063852014,
1000,base6,3,142,1,,1055.9323729920434,exchangeable_varying_sigma,0.18,fixed,0.18,0.18,fixed,0.18,1.0,sin2,0.0,-0.04098870056860968,0.05615786219318413,0.07204666216383293,0.03483276300324872,0.04639114751489061,0.05685334854334476,0.07282378070898664,0.030619507613248845,0.043858946284436186,0.11121650611585522,0.13073970638202528,0.04098870056860968,
1000,base6,3,142,1,,1187.2873938620323,exchangeable_varying_sigma,0.18,fixed,0.18,0.18,fixed,0.18,1.0,sin2,0.3,-0.10410703273238014,0.05198562096673197,0.06673190931323332,0.01081437716110456,0.014304200102936185,0.052077194153562205,0.0670136308074945,0.01410967802494456,0.01631232599643142,0.10720845146898736,0.13174320892068628,0.10410703273238014,
1000,base6,3,142,1,,1145.7730097370222,exchangeable_varying_sigma,0.18,fixed,0.18,0.18,fixed,0.18,1.0,sin2,0.6,-0.20511054073662371,0.05172688148997968,0.06616719833570424,0.013639022821609365,0.018163146839487495,0.049909869507307913,0.0644964354041454,0.016135415045186147,0.018486733188207694,0.10961568937717568,0.13708155678697143,0.20511054073662371,
1000,base6,3,142,1,,962.6510696189944,exchangeable_varying_sigma,0.18,fixed,0.18,0.18,fixed,0.18,1.0,sin2,0.9,-0.3085194564899766,0.05148541383693675,0.06579776443201456,0.018501302303952916,0.022936196745869455,0.04561310026479404,0.05952610065711722,0.020776854352271473,0.022450911487416403,0.1097759068478979,0.14150923443490898,0.3085194564899766,
2000,base5,3,142,1,,3831.800436999998,exchangeable_varying_sigma,0.18,fixed,0.18,0.18,fixed,0.18,1.0,sin2,0.0,0.04092784637077531,0.06006231563490337,0.08409709754246726,0.02788422192158739,0.03160906907080857,0.0635879693942395,0.09050587760999784,0.022050284050727426,0.026514077728517323,0.3952375503382185,0.5427127466079262,0.04092784637077531,
2000,base5,3,142,1,,6189.374058765941,exchangeable_varying_sigma,0.18,fixed,0.18,0.18,fixed,0.18,1.0,sin2,0.3,-0.12765609643297687,0.061104436262364406,0.08604577476038934,0.01647267185795867,0.024302609883396185,0.06443113055493614,0.09242913018364383,0.016637429415712557,0.02222347110340369,0.39146019864603715,0.5465407398425854,0.12765609643297687,
2000,base5,3,142,1,,5470.434350847965,exchangeable_varying_sigma,0.18,fixed,0.18,0.18,fixed,0.18,1.0,sin2,0.6,-0.28560370837745036,0.06093754179374961,0.08595073324928681,0.016358486818777426,0.02425118836798065,0.0632869766928551,0.0914691428441025,0.017252708573689574,0.02266961466141027,0.3918031266298902,0.5420131709475697,0.28560370837745036,
2000,base5,3,142,1,,3759.3498771759914,exchangeable_varying_sigma,0.18,fixed,0.18,0.18,fixed,0.18,1.0,sin2,0.9,-0.4479676470192361,0.060709704049325235,0.0857449118825738,0.016180433240156722,0.024047604355724915,0.06104038638888287,0.08961366734839744,0.017265828399113975,0.022417808629119587,0.3930529355640094,0.5377418598202284,0.4479676470192361,
2000,base6,3,142,1,,6440.160587936058,exchangeable_varying_sigma,0.18,fixed,0.18,0.18,fixed,0.18,1.0,sin2,0.0,0.03276549166497707,0.04243975713583931,0.05354622723033508,0.011722350197854281,0.014881017161109025,0.043232484676192326,0.054525003657988534,0.011036606270869831,0.014432143521823992,0.10654581783376484,0.11599265393520858,0.03276549166497707,
2000,base6,3,142,1,,3375.3902418949874,exchangeable_varying_sigma,0.18,fixed,0.18,0.18,fixed,0.18,1.0,sin2,0.3,-0.07382245935667928,0.04355200020674375,0.0544893486443918,0.01892849831648183,0.021268107511238307,0.04432495483495357,0.055356968255661394,0.01831652234789452,0.021552106650676833,0.11922879942489281,0.12906837443258307,0.07382245935667928,
2000,base6,3,142,1,,3794.2176506899996,exchangeable_varying_sigma,0.18,fixed,0.18,0.18,fixed,0.18,1.0,sin2,0.6,-0.15972879355230363,0.04322938557242046,0.05422103394837164,0.02102170217074653,0.023028878824850312,0.04272946014072983,0.05352315664400607,0.01956899907406731,0.022752526039857227,0.11961404094600799,0.1289137863700724,0.15972879355230363,
2000,base6,3,142,1,,5817.606847819989,exchangeable_varying_sigma,0.18,fixed,0.18,0.18,fixed,0.18,1.0,sin2,0.9,-0.24540137720589283,0.042745656771355854,0.05380261716663474,0.023019386781958834,0.024750110658352895,0.03904392795238748,0.04938588031850104,0.020586518519950775,0.023516719723131012,0.11925664370883987,0.1283229618589301,0.24540137720589283,
1000,base5,0,143,1,,1178.8741585420212,exchangeable_varying_sigma,0.18,fixed,0.18,0.18,fixed,0.18,1.0,sin2,0.0,0.040426149476500695,0.07288437869183356,0.0981623586108593,0.014740104050885189,0.017352847283594885,0.07591034449112403,0.10341741822598195,0.026616728338872714,0.031128461506807557,0.24723901492432684,0.3655502735145059,0.040426149476500695,
1000,base5,0,143,1,,1121.5833637310425,exchangeable_varying_sigma,0.18,fixed,0.18,0.18,fixed,0.18,1.0,sin2,0.3,-0.19526481803610843,0.07316557404656798,0.10047470556111972,0.027152454640413104,0.0329503572578074,0.07592386135088222,0.10568030293614392,0.021880112482402514,0.02825879484644376,0.26020221888919576,0.37615585140313207,0.19526481803610843,
1000,base5,0,143,1,,1104.4748836769722,exchangeable_varying_sigma,0.18,fixed,0.18,0.18,fixed,0.18,1.0,sin2,0.6,-0.36549772579079653,0.07298842784982558,0.10037158633485016,0.03138642575821035,0.03773681010267735,0.07434127247358487,0.10396892155489403,0.026202311532815548,0.03362749352042739,0.2599624247322183,0.3756355547599496,0.36549772579079653,
1000,base5,0,143,1,,1161.8108126600273,exchangeable_varying_sigma,0.18,fixed,0.18,0.18,fixed,0.18,1.0,sin2,0.9,-0.5342885624373817,0.07276506898419553,0.10016531809027077,0.03597824942666483,0.04292634895775753,0.07142247592159885,0.10094237648176804,0.031734741914734355,0.04030734206856277,0.2583769947440597,0.3729246664833247,0.5342885624373817,
1000,base6,0,143,1,,1043.8339660789352,exchangeable_varying_sigma,0.18,fixed,0.18,0.18,fixed,0.18,1.0,sin2,0.0,0.05011055409228558,0.05344155440312734,0.06868936746989343,0.004641493058201496,0.005980755344613806,0.05378945865478463,0.06912045378114715,0.005140668042242974,0.007130222061064823,0.11867841104314128,0.1521801957857569,0.05011055409228558,
1000,base6,0,143,1,,1055.9486079289345,exchangeable_varying_sigma,0.18,fixed,0.18,0.18,fixed,0.18,1.0,sin2,0.3,-0.07453743137131982,0.05533857339128231,0.07149466684838116,0.026696603705722216,0.03380627850692725,0.05534404173248504,0.07149981243999173,0.026004062659298333,0.03317969208351146,0.13368833998150204,0.16355634699057844,0.07453743137131982,
1000,base6,0,143,1,,1062.551656063064,exchangeable_varying_sigma,0.18,fixed,0.18,0.18,fixed,0.18,1.0,sin2,0.6,-0.18936630779166974,0.05524793550629777,0.07154120426273092,0.03093057482351838,0.038421579708665006,0.05292669344653613,0.06866957023935037,0.02915191315488988,0.037073311024916934,0.1380162965441966,0.16710362822855282,0.18936630779166974,
1000,base6,0,143,1,,1035.7873143149773,exchangeable_varying_sigma,0.18,fixed,0.18,0.18,fixed,0.18,1.0,sin2,0.9,-0.30746287343002765,0.055228884086840214,0.07155950442469458,0.035522398491970475,0.04347750102920914,0.04806819488031447,0.06293003168046367,0.0331346252916995,0.0418362267798651,0.14244854872763585,0.1716071203771117,0.30746287343002765,
2000,base5,0,143,1,,4607.098341276986,exchangeable_varying_sigma,0.18,fixed,0.18,0.18,fixed,0.18,1.0,sin2,0.0,0.01953912773113309,0.060389224401466,0.08576487297260346,0.007386050375829789,0.009565621409934558,0.06345989352463584,0.09226691462100667,0.00743873369886372,0.007651344860322494,0.3718360712008356,0.5174589083661593,0.01953912773113309,
2000,base5,0,143,1,,4248.269401113037,exchangeable_varying_sigma,0.18,fixed,0.18,0.18,fixed,0.18,1.0,sin2,0.3,-0.12307756162116135,0.0613291005631545,0.08563143506144057,0.016250040149944467,0.01871913488742925,0.06424577825030277,0.09231716491025348,0.011383858119649093,0.011817625736866974,0.37581894173213926,0.5350648620850621,0.12307756162116135,
2000,base5,0,143,1,,4280.113415220054,exchangeable_varying_sigma,0.18,fixed,0.18,0.18,fixed,0.18,1.0,sin2,0.6,-0.27369772169475814,0.06136592791042816,0.0854747498652917,0.016692006306165907,0.01962687491244748,0.06307068154465144,0.09134060341873605,0.011944851940225959,0.012457468201316867,0.37576276241115414,0.5325316385727062,0.27369772169475814,
2000,base5,0,143,1,,4537.8998990820255,exchangeable_varying_sigma,0.18,fixed,0.18,0.18,fixed,0.18,1.0,sin2,0.9,-0.42721646753406156,0.061242623677814675,0.08518278071592207,0.016861811563087165,0.020494335149425752,0.0607454613557515,0.08960077720422265,0.011742890843140452,0.01256363794758364,0.3769614480044402,0.5306539514853107,0.42721646753406156,
2000,base6,0,143,1,,4536.140271261102,exchangeable_varying_sigma,0.18,fixed,0.18,0.18,fixed,0.18,1.0,sin2,0.0,0.014979855356819238,0.041972038176446465,0.05263837196819169,0.011418282092942322,0.014131773193411128,0.04263304486621814,0.0534623580770324,0.008811041314762402,0.01160941646939037,0.09972617366630032,0.11324862885702021,0.014979855356819238,
2000,base6,0,143,1,,4921.141271940083,exchangeable_varying_sigma,0.18,fixed,0.18,0.18,fixed,0.18,1.0,sin2,0.3,-0.07058413057433255,0.04347237253078329,0.054293779001348755,0.009852035888592542,0.013578192272377144,0.043325180617152625,0.054167028088222303,0.011925537070744813,0.014387899809340375,0.10679674160361605,0.11876048440044035,0.07058413057433255,
2000,base6,0,143,1,,4910.176857221988,exchangeable_varying_sigma,0.18,fixed,0.18,0.18,fixed,0.18,1.0,sin2,0.6,-0.15260366490625443,0.04345973426430436,0.05429362309235576,0.010543430878877796,0.014687214475751631,0.04146151787042589,0.05199287798575296,0.012579517762911496,0.014874538676081817,0.10621413640885294,0.11748106921224846,0.15260366490625443,
2000,base6,0,143,1,,5342.354467783938,exchangeable_varying_sigma,0.18,fixed,0.18,0.18,fixed,0.18,1.0,sin2,0.9,-0.23681501670320437,0.04326072723177708,0.054149456297758594,0.011219142278901889,0.015883379323458714,0.03795718662963761,0.047905151718989944,0.01292872423828631,0.01500160643080725,0.10532938510304125,0.11595936759266723,0.23681501670320437,
1000,base5,1,144,1,,1179.0447834050283,exchangeable_varying_sigma,0.18,fixed,0.18,0.18,fixed,0.18,1.0,sin2,0.0,0.04483349114579278,0.06916761291487387,0.09306180166525949,0.020576634571713576,0.028537498661208017,0.07277924079639535,0.09947566286180576,0.012717394493287876,0.021382419901302886,0.23519855878735635,0.30492761815388536,0.04483349114579278,
1000,base5,1,144,1,,1090.3779521209653,exchangeable_varying_sigma,0.18,fixed,0.18,0.18,fixed,0.18,1.0,sin2,0.3,-0.08024247048833544,0.0685733288025,0.09073933594578225,0.02336988179447798,0.025984772066769912,0.07142979309414581,0.09615205473695727,0.021514129515786212,0.024144130516588824,0.23717823085925244,0.31689963773887037,0.08024247048833544,
1000,base5,1,144,1,,1097.155401101918,exchangeable_varying_sigma,0.18,fixed,0.18,0.18,fixed,0.18,1.0,sin2,0.6,-0.2437436671007815,0.06852260696872504,0.09062603153105267,0.024940257608803307,0.02730448309923578,0.06948594416660225,0.09425549161453774,0.02099043141033438,0.024673565985403437,0.2344359055039626,0.3141952972845957,0.2437436671007815,
1000,base5,1,144,1,,1150.6456164600095,exchangeable_varying_sigma,0.18,fixed,0.18,0.18,fixed,0.18,1.0,sin2,0.9,-0.41099368468553066,0.06831506251385142,0.090361790790409,0.026689083534150282,0.028725962820669814,0.06608252499824553,0.09116531153488079,0.018601386867849914,0.024231608813940434,0.2318313534771375,0.31186323233455804,0.41099368468553066,
1000,base6,1,144,1,,1005.8031995049678,exchangeable_varying_sigma,0.18,fixed,0.18,0.18,fixed,0.18,1.0,sin2,0.0,0.01164109123609185,0.053487626880788695,0.06950765375964388,0.019949671674658054,0.024579909830435148,0.054165524451835534,0.07035631722241631,0.021600215099412373,0.025061136089026635,0.09433996500113051,0.1325276002388011,0.01164109123609185,
1000,base6,1,144,1,,1095.3256961409934,exchangeable_varying_sigma,0.18,fixed,0.18,0.18,fixed,0.18,1.0,sin2,0.3,-0.06731874894254108,0.05416717677766002,0.06991589897152824,0.021767090413852247,0.02380956698854809,0.05369110030782952,0.06921144785158931,0.014884318180886452,0.020138270529049738,0.09913986629359929,0.13800313517852547,0.06731874894254108,
1000,base6,1,144,1,,1108.4891674300889,exchangeable_varying_sigma,0.18,fixed,0.18,0.18,fixed,0.18,1.0,sin2,0.6,-0.17737168080997434,0.05418454111448746,0.06991961197902194,0.02347062793597443,0.025284695537956516,0.05113922312986682,0.06602964151054802,0.01717905118487764,0.021294691171331016,0.09403164149209871,0.13069731573189247,0.17737168080997434,
1000,base6,1,144,1,,995.7270487899659,exchangeable_varying_sigma,0.18,fixed,0.18,0.18,fixed,0.18,1.0,sin2,0.9,-0.2896359003449944,0.05403999403819923,0.0697001970558929,0.02512348739442244,0.026839697481461002,0.046270050331690425,0.06030229981655291,0.019918560736736285,0.022444027628465833,0.08837251574377464,0.12343269985740515,0.2896359003449944,
2000,base5,1,144,1,,4460.769534029998,exchangeable_varying_sigma,0.18,fixed,0.18,0.18,fixed,0.18,1.0,sin2,0.0,0.04420477844979504,0.0610680790166505,0.08346004292693714,0.02150355558145753,0.022595141359271126,0.0646439611479335,0.09016807079735238,0.02051672933150514,0.021672701232897523,0.37516781741350885,0.5157239137659773,0.04420477844979504,
2000,base5,1,144,1,,4204.37012360699,exchangeable_varying_sigma,0.18,fixed,0.18,0.18,fixed,0.18,1.0,sin2,0.3,-0.18244066168371365,0.062453850183730855,0.08611894324230504,0.00634948643847931,0.006515037369116377,0.0654149990017047,0.0921861905511658,0.007757539335249558,0.0091560989283292,0.36021242077416943,0.4888836505209295,0.18244066168371365,
2000,base5,1,144,1,,4296.146884925081,exchangeable_varying_sigma,0.18,fixed,0.18,0.18,fixed,0.18,1.0,sin2,0.6,-0.3311845583815802,0.062474377757281915,0.08624107813563645,0.006169156303834203,0.006643830496365948,0.06422135964740201,0.09126185641976713,0.008590683296194196,0.010187843438252886,0.3595611407197439,0.4894445327312922,0.3311845583815802,
2000,base5,1,144,1,,4332.575613107998,exchangeable_varying_sigma,0.18,fixed,0.18,0.18,fixed,0.18,1.0,sin2,0.9,-0.4791800228873843,0.06236714370959303,0.0862773249593603,0.005980812012590819,0.00733250072980589,0.0618662847264789,0.08960867648245643,0.010844548844596208,0.01174886440690032,0.3598712344525569,0.49186828809743516,0.4791800228873843,
2000,base6,1,144,1,,4816.688348188065,exchangeable_varying_sigma,0.18,fixed,0.18,0.18,fixed,0.18,1.0,sin2,0.0,0.054691447568128285,0.04160299935099693,0.05155871831545565,0.012352779973765826,0.013381855607237371,0.042445279530128534,0.05252384084043779,0.011499719173773196,0.012508456780548344,0.11382994581008749,0.1267365234428697,0.054691447568128285,
2000,base6,1,144,1,,4851.218333006953,exchangeable_varying_sigma,0.18,fixed,0.18,0.18,fixed,0.18,1.0,sin2,0.3,-0.11724498642298331,0.04498980209464482,0.056555273371287754,0.005940884545875935,0.00698912125308162,0.04465755182507433,0.056103867066628385,0.007111574151187322,0.007972651522070029,0.08823910046567288,0.09858115622568318,0.11724498642298331,
2000,base6,1,144,1,,4353.699689373025,exchangeable_varying_sigma,0.18,fixed,0.18,0.18,fixed,0.18,1.0,sin2,0.6,-0.20340362959651648,0.04530615433315583,0.056921617642915465,0.00743242293570659,0.008700971552720168,0.04289818183709629,0.05395760692059863,0.008122610610393183,0.009288485451954683,0.08722581718039953,0.09691523387053376,0.20340362959651648,
2000,base6,1,144,1,,3933.294847226003,exchangeable_varying_sigma,0.18,fixed,0.18,0.18,fixed,0.18,1.0,sin2,0.9,-0.28925853710039406,0.04562445423591538,0.05721607805017455,0.0090328751242989,0.010604949832646973,0.03951329820031089,0.04993838157527124,0.009601145406226724,0.011107572284740337,0.0867203924911797,0.09607659558295932,0.28925853710039406,
1000,base5,2,145,1,,1223.936217873008,exchangeable_varying_sigma,0.18,fixed,0.18,0.18,fixed,0.18,1.0,sin2,0.0,-0.0535938462532756,0.07206565537641854,0.09789178411673181,0.04477317874657956,0.045096943890343674,0.07464976658515633,0.10265600543502307,0.0350774421504811,0.03821943414389931,0.2312327285642463,0.3277473680999915,0.0535938462532756,
1000,base5,2,145,1,,1087.6678267939715,exchangeable_varying_sigma,0.18,fixed,0.18,0.18,fixed,0.18,1.0,sin2,0.3,-0.1806654627486907,0.07090400130163754,0.0951760161221426,0.031251632207675045,0.03341814602533963,0.07344219132903168,0.1003577541408172,0.027088566701649816,0.03288556897545813,0.2338989872635756,0.3212512327213588,0.1806654627486907,
1000,base5,2,145,1,,1089.3152938949643,exchangeable_varying_sigma,0.18,fixed,0.18,0.18,fixed,0.18,1.0,sin2,0.6,-0.3466604470085109,0.07071891996389604,0.09497237493711044,0.034547981735590635,0.036487580459445175,0.07207053516639071,0.0991603040881536,0.029070834023398606,0.03443938560919019,0.23714979129627015,0.3257103908287971,0.3466604470085109,
1000,base5,2,145,1,,1196.0098759459797,exchangeable_varying_sigma,0.18,fixed,0.18,0.18,fixed,0.18,1.0,sin2,0.9,-0.5127428671137171,0.07040832593099468,0.09471538592029588,0.03738459487994468,0.03886605923529786,0.06923479439686055,0.0967548280390564,0.02966173316433808,0.03371014850101042,0.23935117698307362,0.3293165035361708,0.5127428671137171,
1000,base6,2,145,1,,1029.9288025089772,exchangeable_varying_sigma,0.18,fixed,0.18,0.18,fixed,0.18,1.0,sin2,0.0,0.0010580898720068473,0.054823627334983194,0.06984537319245537,0.030402369748185845,0.034212114115947316,0.05516438251419208,0.07021648887366227,0.02661159399772127,0.02938469377405446,0.10891634964661077,0.14223597608771338,0.0010580898720068473,
1000,base6,2,145,1,,1107.1881370460615,exchangeable_varying_sigma,0.18,fixed,0.18,0.18,fixed,0.18,1.0,sin2,0.3,-0.09807133140298491,0.05554214050321251,0.0712979039959692,0.036461909642450496,0.04079790103534604,0.055385244300696725,0.0712457132088673,0.03980945374916392,0.04347940640524863,0.10922501896893391,0.13970884083784035,0.09807133140298491,
1000,base6,2,145,1,,1086.4596464959905,exchangeable_varying_sigma,0.18,fixed,0.18,0.18,fixed,0.18,1.0,sin2,0.6,-0.21334195108953335,0.05577621916437476,0.07140610065533796,0.03868193868550232,0.04355979490913232,0.053506617974274695,0.06906712203590457,0.042115914468037474,0.04652005293066878,0.10560535046427044,0.1368838674029912,0.21334195108953335,
1000,base6,2,145,1,,1079.201161667006,exchangeable_varying_sigma,0.18,fixed,0.18,0.18,fixed,0.18,1.0,sin2,0.9,-0.32785714690717926,0.05603829146039526,0.07150470467958904,0.039985902585225414,0.045509092550542266,0.049490658437798686,0.06426856517634916,0.04183099297553916,0.047047222342238064,0.10373737573074995,0.13565969914154358,0.32785714690717926,
2000,base5,2,145,1,,4491.642450383981,exchangeable_varying_sigma,0.18,fixed,0.18,0.18,fixed,0.18,1.0,sin2,0.0,-0.02903002403543773,0.05919791535179716,0.0839519088356364,0.013388919022454732,0.014475401274305801,0.062572746537514,0.09102364158241072,0.011854971548575066,0.013044132515890476,0.42941347439809047,0.6168071878897329,0.02903002403543773,
2000,base5,2,145,1,,4377.138359881006,exchangeable_varying_sigma,0.18,fixed,0.18,0.18,fixed,0.18,1.0,sin2,0.3,-0.17001951550963004,0.060011522401089375,0.08569937832105012,0.01332660054227966,0.018118051253457734,0.06265436677639813,0.09193894240996643,0.01009280348641925,0.0133901505159486,0.42889842400864325,0.5998847952061085,0.17001951550963004,
2000,base5,2,145,1,,4323.670869625988,exchangeable_varying_sigma,0.18,fixed,0.18,0.18,fixed,0.18,1.0,sin2,0.6,-0.32375666173801937,0.06012416323510992,0.08583423818701695,0.01442018200944005,0.01910876910274909,0.06161070687516495,0.0909353774130324,0.01107703395017498,0.013915769349966627,0.4340905546756755,0.5975423864734944,0.32375666173801937,
2000,base5,2,145,1,,4449.456429018988,exchangeable_varying_sigma,0.18,fixed,0.18,0.18,fixed,0.18,1.0,sin2,0.9,-0.47813162989036545,0.06020597019466392,0.08597023910718644,0.015578055354130566,0.02006419988734786,0.05967172545053508,0.08928735412084494,0.012148257656357117,0.014407128076514385,0.4387576559476512,0.5934687447532446,0.47813162989036545,
2000,base6,2,145,1,,5154.433810208924,exchangeable_varying_sigma,0.18,fixed,0.18,0.18,fixed,0.18,1.0,sin2,0.0,-0.023968851015392964,0.04188152137181752,0.05271424577564522,0.006372958309203425,0.00733618797755275,0.04243410481025476,0.05330792144533525,0.006021776661492992,0.006907112773123373,0.10464426454294912,0.11825668737091191,0.023968851015392964,
2000,base6,2,145,1,,4942.686485928949,exchangeable_varying_sigma,0.18,fixed,0.18,0.18,fixed,0.18,1.0,sin2,0.3,-0.056168968317514695,0.043849322633215504,0.05524808952697716,0.014589168507837244,0.01732079503893889,0.04410384377828809,0.05551042456940675,0.014369799200087352,0.016394187725969213,0.09620072214236455,0.10869765738402791,0.056168968317514695,
2000,base6,2,145,1,,5818.09008794406,exchangeable_varying_sigma,0.18,fixed,0.18,0.18,fixed,0.18,1.0,sin2,0.6,-0.1475829621963457,0.043900447609896566,0.055263400004065925,0.016011633481046242,0.018798311848081974,0.04260593610827125,0.053770752041633424,0.01515032345434407,0.01702022637383127,0.09637218922980643,0.10991157103941733,0.1475829621963457,
2000,base6,2,145,1,,5336.670745108975,exchangeable_varying_sigma,0.18,fixed,0.18,0.18,fixed,0.18,1.0,sin2,0.9,-0.24450501423687543,0.04396484280283748,0.05518000834983822,0.01750170942515454,0.020337844829832384,0.03932245061613004,0.04984919152859282,0.016095245970684555,0.01794119083413253,0.09794680028473073,0.11343686258728312,0.24450501423687543,
1000,base5,3,146,1,,1165.2761482940987,exchangeable_varying_sigma,0.18,fixed,0.18,0.18,fixed,0.18,1.0,sin2,0.0,0.08456299334536191,0.07005403033484932,0.09641928211088975,0.019624415221976943,0.022747095125129624,0.07251687956659847,0.10113328918767786,0.017578083230145092,0.021442114397280533,0.23539452029448135,0.34549102706123186,0.08456299334536191,
1000,base5,3,146,1,,1147.9928712910041,exchangeable_varying_sigma,0.18,fixed,0.18,0.18,fixed,0.18,1.0,sin2,0.3,-0.16764874729171236,0.07319124862976835,0.09998943852721155,0.014951400968511191,0.022190872455530124,0.07551769364713679,0.10426327553409794,0.01676036759148107,0.022210735916205898,0.2001445535416318,0.2789199861155179,0.16764874729171236,
1000,base5,3,146,1,,1094.9553300790722,exchangeable_varying_sigma,0.18,fixed,0.18,0.18,fixed,0.18,1.0,sin2,0.6,-0.33840999261808286,0.0736131799350805,0.10008635582426814,0.016591605288414066,0.023644615867772223,0.07408222894643507,0.10261383219765068,0.018622916069293408,0.02356612728719135,0.2031879639014271,0.2866633615490679,0.33840999261808286,
1000,base5,3,146,1,,1215.0642630020157,exchangeable_varying_sigma,0.18,fixed,0.18,0.18,fixed,0.18,1.0,sin2,0.9,-0.5147618296766503,0.07387024345801625,0.09997598230801508,0.018397819189471254,0.02516439123168279,0.07122591952559747,0.0994724626426272,0.02065849010337402,0.02507270087679613,0.20911724545615337,0.3003907168082536,0.5147618296766503,
1000,base6,3,146,1,,1082.476883620955,exchangeable_varying_sigma,0.18,fixed,0.18,0.18,fixed,0.18,1.0,sin2,0.0,0.08365666262548845,0.05296509525465707,0.06906293258515216,0.017894919411439225,0.018537694189276206,0.05363757958206165,0.07010969016571732,0.018690437959963474,0.020403102975470575,0.141148372736645,0.16343424450162022,0.08365666262548845,
1000,base6,3,146,1,,1138.611014842987,exchangeable_varying_sigma,0.18,fixed,0.18,0.18,fixed,0.18,1.0,sin2,0.3,-0.09538228169690124,0.058901455634487926,0.0768465917584157,0.010453768496967136,0.013342998497349516,0.05918812833223761,0.07742513709225254,0.01222688286447314,0.012813321186483205,0.15179412827345612,0.17788285207069282,0.09538228169690124,
1000,base6,3,146,1,,1198.8839827930788,exchangeable_varying_sigma,0.18,fixed,0.18,0.18,fixed,0.18,1.0,sin2,0.6,-0.20667116909609162,0.0588913609970587,0.07721273389153016,0.012093972816870135,0.015439824583676721,0.05675582852627157,0.07466142856999843,0.012868388337659187,0.013924856873426865,0.156183551267326,0.181282734195522,0.20667116909609162,
1000,base6,3,146,1,,1112.650896177045,exchangeable_varying_sigma,0.18,fixed,0.18,0.18,fixed,0.18,1.0,sin2,0.9,-0.32085374349285534,0.058521119985691615,0.07731522645890095,0.013950194958358877,0.017711415756019127,0.05163054893530779,0.06890406738646361,0.01369279728683491,0.015780570366032722,0.15998031884153158,0.1835012374893174,0.32085374349285534,
2000,base5,3,146,1,,4806.606589567033,exchangeable_varying_sigma,0.18,fixed,0.18,0.18,fixed,0.18,1.0,sin2,0.0,-0.018564782701156444,0.06190502178290927,0.0850842402329076,0.01135265584449234,0.01416161405853576,0.06518305385724524,0.0913923105532754,0.00676901017402351,0.00806125660706569,0.41875843152927356,0.5606088385073326,0.018564782701156444,
2000,base5,3,146,1,,4443.20191468508,exchangeable_varying_sigma,0.18,fixed,0.18,0.18,fixed,0.18,1.0,sin2,0.3,-0.1496460191211963,0.06199208468111704,0.08463203408744023,0.023735486331531205,0.028061518456328025,0.06546633888189402,0.09104919441369824,0.017315148320857357,0.02009256704214966,0.40437541385601716,0.5480554603849989,0.1496460191211963,
2000,base5,3,146,1,,4136.853003554046,exchangeable_varying_sigma,0.18,fixed,0.18,0.18,fixed,0.18,1.0,sin2,0.6,-0.2923125633893954,0.06189759863252077,0.08471567028055414,0.025172267020688616,0.03027423806688739,0.06444753071909594,0.09047351563927859,0.019028911973422477,0.021769160013946548,0.40034742563611997,0.5442534239161113,0.2923125633893954,
2000,base5,3,146,1,,4596.279768074979,exchangeable_varying_sigma,0.18,fixed,0.18,0.18,fixed,0.18,1.0,sin2,0.9,-0.43436451614268806,0.061714780402106026,0.08489737726172282,0.026720145986847313,0.03274715468444226,0.062171742045238926,0.08931538004377235,0.021252971986513366,0.024026834595409607,0.39628489463545935,0.5402088283796226,0.43436451614268806,
2000,base6,3,146,1,,3764.5423305350123,exchangeable_varying_sigma,0.18,fixed,0.18,0.18,fixed,0.18,1.0,sin2,0.0,-0.041418063295685655,0.04321215118535662,0.05364955653282926,0.004504125532388853,0.005492434980490975,0.04399294647885844,0.05456264800001422,0.004978719143651639,0.005842001421841254,0.09949532924739964,0.11560358998219876,0.041418063295685655,
2000,base6,3,146,1,,5465.739119710983,exchangeable_varying_sigma,0.18,fixed,0.18,0.18,fixed,0.18,1.0,sin2,0.3,-0.08231607107231176,0.041640691974676486,0.05219609447462454,0.013500916187629317,0.016669726488667495,0.04228041224022281,0.052979790261858395,0.012243220443372227,0.015611825576724837,0.10610167985735348,0.1282973880951918,0.08231607107231176,
2000,base6,3,146,1,,4941.843859083019,exchangeable_varying_sigma,0.18,fixed,0.18,0.18,fixed,0.18,1.0,sin2,0.6,-0.15576706194268097,0.04166701536348767,0.05218331242134903,0.01493769687678631,0.018821140546071657,0.040985187317911106,0.05156197781463559,0.013617725916822032,0.017350064256792187,0.10431092795667546,0.1284947120684264,0.15576706194268097,
2000,base6,3,146,1,,4003.7947317500366,exchangeable_varying_sigma,0.18,fixed,0.18,0.18,fixed,0.18,1.0,sin2,0.9,-0.22568282901950598,0.0416671846468432,0.05228483495509345,0.016485575842944314,0.021230296954443353,0.03820871589266144,0.048786234992175874,0.015383265015316047,0.019846489886456948,0.10172681091733114,0.12817958690725106,0.22568282901950598,
1000,base5,0,147,1,,1009.6901929749874,exchangeable_varying_sigma,0.18,fixed,0.18,0.18,fixed,0.18,1.0,sin2,0.0,-0.04275020641559429,0.07204079757173681,0.09597215836545289,0.025072905369676796,0.0289320885982815,0.07508162606465699,0.1008471532630412,0.03149259795218917,0.032988859975886485,0.2194366916080805,0.3075896501985067,0.04275020641559429,
1000,base5,0,147,1,,1142.4905866989866,exchangeable_varying_sigma,0.18,fixed,0.18,0.18,fixed,0.18,1.0,sin2,0.3,-0.1604724318062481,0.07006997044580553,0.09431493570325374,0.008920348300386877,0.012634868888965917,0.0720286254283378,0.09837169837165567,0.008969163096034849,0.016158803562341405,0.2266877923404548,0.33966871795414416,0.1604724318062481,
1000,base5,0,147,1,,1161.2282640869962,exchangeable_varying_sigma,0.18,fixed,0.18,0.18,fixed,0.18,1.0,sin2,0.6,-0.32999895865431517,0.07027619090449931,0.0945137079049768,0.010169649284416493,0.014055639574214265,0.07074020853881573,0.09729821007801934,0.010833911918596298,0.017841400395476336,0.2269653175889965,0.3406873476196955,0.32999895865431517,
1000,base5,0,147,1,,1169.0215990750585,exchangeable_varying_sigma,0.18,fixed,0.18,0.18,fixed,0.18,1.0,sin2,0.9,-0.5001198293149672,0.07072764468476042,0.09488394454550662,0.011626634940898967,0.015639765320712224,0.06860772614657899,0.09523831400129806,0.013049178268359107,0.020310313897462084,0.2288648104249826,0.3435046056247524,0.5001198293149672,
1000,base6,0,147,1,,1070.2784349669237,exchangeable_varying_sigma,0.18,fixed,0.18,0.18,fixed,0.18,1.0,sin2,0.0,-0.030322293775568,0.0571914765938121,0.07458265647144398,0.017782399122867235,0.01947065398087216,0.05774408942995099,0.07518102785843575,0.02068324356316814,0.022885659999499583,0.11495322291851937,0.16091049834727517,0.030322293775568,
1000,base6,0,147,1,,1109.988668177044,exchangeable_varying_sigma,0.18,fixed,0.18,0.18,fixed,0.18,1.0,sin2,0.3,-0.14558447619906736,0.05419732995003744,0.0706089583942455,0.024369711624310925,0.025318963484188033,0.05408246926937022,0.07058316162966989,0.02451632177351401,0.025219925125075312,0.09485873910333414,0.12787065364630582,0.14558447619906736,
1000,base6,0,147,1,,1122.8994495670777,exchangeable_varying_sigma,0.18,fixed,0.18,0.18,fixed,0.18,1.0,sin2,0.6,-0.253530725852801,0.054104257651958934,0.07049970476051663,0.025982942054200348,0.02713003636104321,0.052206957123379444,0.06823687704091332,0.02421988491045171,0.025367454052763836,0.10052034835317679,0.13531379217694647,0.253530725852801,
1000,base6,0,147,1,,1156.4940249829087,exchangeable_varying_sigma,0.18,fixed,0.18,0.18,fixed,0.18,1.0,sin2,0.9,-0.3545081423211017,0.054054877211383225,0.07052379166847951,0.027254363280820204,0.028787535151103404,0.04802641177556643,0.06333448256784345,0.0231937501980857,0.025455381108969097,0.10763615734222493,0.14457330115200293,0.3545081423211017,
2000,base5,0,147,1,,4241.815103641013,exchangeable_varying_sigma,0.18,fixed,0.18,0.18,fixed,0.18,1.0,sin2,0.0,0.004408219369638598,0.06016006798103606,0.08396663899737954,0.019162357939848718,0.020792486873584873,0.06318798430488573,0.08981649311411287,0.01674454747017015,0.017738399670996847,0.3821692416029217,0.5312854002805917,0.004408219369638598,
2000,base5,0,147,1,,4356.147440353059,exchangeable_varying_sigma,0.18,fixed,0.18,0.18,fixed,0.18,1.0,sin2,0.3,-0.12413294118365917,0.06062448768182992,0.08350576950965868,0.017711218873321638,0.024316338607423583,0.06337652356146421,0.08887153622074412,0.014374022268940995,0.0182981159323139,0.3908073177861163,0.5365641035783985,0.12413294118365917,
2000,base5,0,147,1,,4037.4306112990016,exchangeable_varying_sigma,0.18,fixed,0.18,0.18,fixed,0.18,1.0,sin2,0.6,-0.27770924321450646,0.06059805309297809,0.0834352669600445,0.019332142337428415,0.02594518231310851,0.06224598270206298,0.08809380035607658,0.015496485548084193,0.019603858224157233,0.397813792469555,0.5439205239185472,0.27770924321450646,
2000,base5,0,147,1,,4521.739794811932,exchangeable_varying_sigma,0.18,fixed,0.18,0.18,fixed,0.18,1.0,sin2,0.9,-0.43441873838799516,0.06058047982129398,0.08337478921856833,0.020956606766658614,0.027326819272437387,0.06007460474263095,0.08674724798578824,0.016686034002250716,0.02018760065363041,0.4044124438128774,0.551908333134304,0.43441873838799516,
2000,base6,0,147,1,,4416.382996739005,exchangeable_varying_sigma,0.18,fixed,0.18,0.18,fixed,0.18,1.0,sin2,0.0,-0.0009556453665235428,0.043199658791285095,0.05417518718764172,0.008879327683856464,0.012871591769678479,0.04374136962746573,0.05485630157597518,0.008759421024718966,0.012832411350293867,0.0897148360433343,0.09948767137380199,0.0009556453665235428,
2000,base6,0,147,1,,4421.986445309012,exchangeable_varying_sigma,0.18,fixed,0.18,0.18,fixed,0.18,1.0,sin2,0.3,-0.06084506685222138,0.04183777670856895,0.05240026699434368,0.01939582256833075,0.021689130068202996,0.04200520291646724,0.052535112698057974,0.019710624422662554,0.021559404941981674,0.0993866282931157,0.11377917195064643,0.06084506685222138,
2000,base6,0,147,1,,4337.042302882066,exchangeable_varying_sigma,0.18,fixed,0.18,0.18,fixed,0.18,1.0,sin2,0.6,-0.15022737739331937,0.041849070980848016,0.05237234460583951,0.02123421629863481,0.023615137126212257,0.04067548293009566,0.05092899287395226,0.022364829379795753,0.02400793138558582,0.09755884248256631,0.11250095310444165,0.15022737739331937,
2000,base6,0,147,1,,4557.766718980973,exchangeable_varying_sigma,0.18,fixed,0.18,0.18,fixed,0.18,1.0,sin2,0.9,-0.24037532061004252,0.041957220096145185,0.05242318848009616,0.02285868072786329,0.02534649333251561,0.03804438228392456,0.04805117628075556,0.024693762783556894,0.026195085888764073,0.09515150385453551,0.1101927296343834,0.24037532061004252,
1000,base5,1,148,1,,1023.9863023390062,exchangeable_varying_sigma,0.18,fixed,0.18,0.18,fixed,0.18,1.0,sin2,0.0,-0.0037865137626766914,0.07174532632158144,0.09902981843613864,0.02115321786424257,0.026704807516318447,0.07414503685949796,0.10380835723401356,0.011781481536122851,0.01582977101105892,0.22786543989612099,0.3205247233471071,0.0037865137626766914,
1000,base5,1,148,1,,1176.2651439319598,exchangeable_varying_sigma,0.18,fixed,0.18,0.18,fixed,0.18,1.0,sin2,0.3,-0.15826030752004347,0.07126867082750098,0.09675827613726547,0.01597902159883474,0.01826248780791907,0.07402130713761257,0.10224451662879681,0.020375887284941524,0.02316856654874272,0.26205147422737746,0.3716220959257337,0.15826030752004347,
1000,base5,1,148,1,,1170.3467895518988,exchangeable_varying_sigma,0.18,fixed,0.18,0.18,fixed,0.18,1.0,sin2,0.6,-0.32719402556915345,0.07118209548866174,0.09654358552724206,0.0168615559618083,0.019285418208896506,0.07234679276873968,0.10054251894246237,0.022435596000039332,0.026374241379217914,0.26542551987418384,0.3745300706830739,0.32719402556915345,
1000,base5,1,148,1,,1196.9626132550184,exchangeable_varying_sigma,0.18,fixed,0.18,0.18,fixed,0.18,1.0,sin2,0.9,-0.4983553205050796,0.07102944486562279,0.09628229624462048,0.018052445845303244,0.021184734963894468,0.06934016055839982,0.0977190594589411,0.026296849500786673,0.03056265301720129,0.27022816384139614,0.3791531168821489,0.4983553205050796,
1000,base6,1,148,1,,1158.8970709959976,exchangeable_varying_sigma,0.18,fixed,0.18,0.18,fixed,0.18,1.0,sin2,0.0,0.015607270650403503,0.05387266486916946,0.06918708925561991,0.01856395571288305,0.01995056957885389,0.054247295121154594,0.0695439830735774,0.01682968601145096,0.01943367758094038,0.12245746813334966,0.15179935048541504,0.015607270650403503,
1000,base6,1,148,1,,1156.9554520660313,exchangeable_varying_sigma,0.18,fixed,0.18,0.18,fixed,0.18,1.0,sin2,0.3,-0.12456031371479215,0.053111058384157105,0.06803159691203173,0.008631724623138132,0.009603437526060923,0.0529621190349887,0.0680115393353893,0.008934656916587097,0.009519277979988234,0.12874989871926165,0.1597240257552156,0.12456031371479215,
1000,base6,1,148,1,,1162.8450052159606,exchangeable_varying_sigma,0.18,fixed,0.18,0.18,fixed,0.18,1.0,sin2,0.6,-0.22894393174036443,0.053030521964269134,0.0678941268590783,0.008894868979744092,0.009605064583385024,0.050772934954158855,0.06549505562290396,0.00980736646970179,0.011410591652067882,0.12906092733244087,0.1589317080723885,0.22894393174036443,
1000,base6,1,148,1,,1153.2560629229993,exchangeable_varying_sigma,0.18,fixed,0.18,0.18,fixed,0.18,1.0,sin2,0.9,-0.33318251485624384,0.0527856358677382,0.0676869605962022,0.009070627457958558,0.010594356239478152,0.04633866864962144,0.0604339619489907,0.014811706538676639,0.015833976783083063,0.12856486586211707,0.15701296481472662,0.33318251485624384,
2000,base5,1,148,1,,4242.805378660909,exchangeable_varying_sigma,0.18,fixed,0.18,0.18,fixed,0.18,1.0,sin2,0.0,0.03427005529526806,0.06327365194837895,0.08907053359307474,0.016434882865051625,0.017187424457132464,0.06694629646273392,0.09650230597979613,0.009903510865586801,0.010514742691492666,0.3974813324201718,0.5597249717940205,0.03427005529526806,
2000,base5,1,148,1,,4329.201077408041,exchangeable_varying_sigma,0.18,fixed,0.18,0.18,fixed,0.18,1.0,sin2,0.3,-0.15140072786050934,0.062014004668737695,0.08715500257576879,0.021905479298577002,0.023887899208896536,0.06498258549682628,0.09386083134741979,0.017231304516316284,0.018760254073652862,0.3815351014777056,0.5269525232028364,0.15140072786050934,
2000,base5,1,148,1,,4321.424949083943,exchangeable_varying_sigma,0.18,fixed,0.18,0.18,fixed,0.18,1.0,sin2,0.6,-0.30056575389806794,0.0622567811532889,0.0872961999704313,0.023208472110272646,0.024934087195200235,0.06383142462978109,0.09290511742190143,0.017537995172615686,0.018924934189417018,0.38214146080030675,0.5254088170118858,0.30056575389806794,
2000,base5,1,148,1,,4654.243438321981,exchangeable_varying_sigma,0.18,fixed,0.18,0.18,fixed,0.18,1.0,sin2,0.9,-0.45112051166177797,0.06261423517333069,0.08749698769178073,0.024335246541575678,0.025690982631079374,0.061885829265074965,0.09145535236283868,0.017631200230438196,0.01884880352938483,0.38374312767649993,0.5248779876391336,0.45112051166177797,
2000,base6,1,148,1,,4266.062138866051,exchangeable_varying_sigma,0.18,fixed,0.18,0.18,fixed,0.18,1.0,sin2,0.0,0.03445301846754504,0.04324191265486344,0.054667197431316,0.010492211458366596,0.010978092101525066,0.043815514359184675,0.05531555012559805,0.009259961313952986,0.009942626964964629,0.0838274442989616,0.09505245543035874,0.03445301846754504,
2000,base6,1,148,1,,4258.807183181052,exchangeable_varying_sigma,0.18,fixed,0.18,0.18,fixed,0.18,1.0,sin2,0.3,-0.0852864965334311,0.042308398256568146,0.05387821678876894,0.013364285840596166,0.017059269790073276,0.0423206795300823,0.05394393658287443,0.011075605762623439,0.014887743276516579,0.1105508446800163,0.12236163981728303,0.0852864965334311,
2000,base6,1,148,1,,4805.800902202027,exchangeable_varying_sigma,0.18,fixed,0.18,0.18,fixed,0.18,1.0,sin2,0.6,-0.16662858753469295,0.042584777227501994,0.05408223281811071,0.01405548671336912,0.018520116607873286,0.04074282414400863,0.051969027075168234,0.011279129183338413,0.015481275220223242,0.11605769104334371,0.12815339213515548,0.16662858753469295,
2000,base6,1,148,1,,4784.070679713972,exchangeable_varying_sigma,0.18,fixed,0.18,0.18,fixed,0.18,1.0,sin2,0.9,-0.24658329988268268,0.042895075646913486,0.054294706083647414,0.014240307289116502,0.0198382949381326,0.03792835136880218,0.04864450770462379,0.011807770143204888,0.015977276602044115,0.12089378173596516,0.13341931732984674,0.24658329988268268,
1000,base5,2,149,1,,1121.600580504979,exchangeable_varying_sigma,0.18,fixed,0.18,0.18,fixed,0.18,1.0,sin2,0.0,-0.01567541914999007,0.07162839515096632,0.09551165062126549,0.04340006794627249,0.045343764102047775,0.0751619903576019,0.10181067750122165,0.04442858595678634,0.0488767098989588,0.27217772617187397,0.40352778552907237,0.01567541914999007,
1000,base5,2,149,1,,1111.3236786669586,exchangeable_varying_sigma,0.18,fixed,0.18,0.18,fixed,0.18,1.0,sin2,0.3,-0.14584133586510045,0.07117259453600214,0.09593819374968766,0.03078071464846094,0.037069613889056136,0.07475482706102023,0.10265132646972408,0.03888965366809927,0.04321563198997893,0.27402712603104046,0.4000138930707765,0.14584133586510045,
1000,base5,2,149,1,,1111.3886676999973,exchangeable_varying_sigma,0.18,fixed,0.18,0.18,fixed,0.18,1.0,sin2,0.6,-0.3123074123839231,0.07064416855032858,0.09523242980165543,0.034877704186234065,0.041637064521601645,0.07286900054897785,0.10079479708732934,0.04273964910578111,0.04817778868779275,0.2710131678249553,0.39281540808682924,0.3123074123839231,
1000,base5,2,149,1,,1183.4992720891023,exchangeable_varying_sigma,0.18,fixed,0.18,0.18,fixed,0.18,1.0,sin2,0.9,-0.47789692160369357,0.06994115269095581,0.0944474404517041,0.03829687403817594,0.04586224483232698,0.06937041056916944,0.09769155824139893,0.04533591177724226,0.052505582306624145,0.2693244898077311,0.3858017935595735,0.47789692160369357,
1000,base6,2,149,1,,1121.571691387915,exchangeable_varying_sigma,0.18,fixed,0.18,0.18,fixed,0.18,1.0,sin2,0.0,-0.012571592479439212,0.05726127261744421,0.07349332190423993,0.027679567385701487,0.0322799759062766,0.05790051155818191,0.07422018894079854,0.030459260926258613,0.03678435263848342,0.13657702247996215,0.17350196570232157,0.012571592479439212,
1000,base6,2,149,1,,1124.958730126964,exchangeable_varying_sigma,0.18,fixed,0.18,0.18,fixed,0.18,1.0,sin2,0.3,-0.10095898612751847,0.05580459564251822,0.07117073420717263,0.04650121520903179,0.04853713870128914,0.05634089187683644,0.07225228584731866,0.04663082501337454,0.04846003975486935,0.12365813281620851,0.1599393501030438,0.10095898612751847,
1000,base6,2,149,1,,1175.7453738199547,exchangeable_varying_sigma,0.18,fixed,0.18,0.18,fixed,0.18,1.0,sin2,0.6,-0.20519852255702503,0.05524942962811975,0.07032130297968825,0.05059820474680825,0.052952662007773134,0.05358779910827586,0.0690000967758613,0.05020917525404771,0.05236943633750693,0.12016051903058414,0.15662890716178302,0.20519852255702503,
1000,base6,2,149,1,,1048.5542446249165,exchangeable_varying_sigma,0.18,fixed,0.18,0.18,fixed,0.18,1.0,sin2,0.9,-0.3062902393830257,0.05444929550693593,0.0694050762957229,0.05401737459874775,0.05686377173972879,0.048101503589259256,0.06255783579679089,0.05201585010395257,0.054781393192521136,0.11630823411402694,0.15365765532256914,0.3062902393830257,
2000,base5,2,149,1,,4214.166551511968,exchangeable_varying_sigma,0.18,fixed,0.18,0.18,fixed,0.18,1.0,sin2,0.0,0.012702253320347003,0.06060002327631378,0.08468690462608898,0.010145785988530442,0.012093979552950659,0.06374206588396572,0.09106163731120272,0.012153799470985646,0.014486733639074737,0.3789918634125449,0.5189750289551578,0.012702253320347003,
2000,base5,2,149,1,,4310.10753098398,exchangeable_varying_sigma,0.18,fixed,0.18,0.18,fixed,0.18,1.0,sin2,0.3,-0.14546950115651003,0.060982091283417666,0.08591615362639034,0.015610263746886358,0.019837757963685244,0.06376930244032573,0.09202840528386534,0.011986165748596345,0.015023973734522657,0.3847298461355687,0.5298523570686152,0.14546950115651003,
2000,base5,2,149,1,,4442.6567091849865,exchangeable_varying_sigma,0.18,fixed,0.18,0.18,fixed,0.18,1.0,sin2,0.6,-0.28995531707471184,0.060764154939576175,0.08580914775716914,0.01585065654372088,0.019893104779838657,0.062200292553650116,0.09068592598090472,0.012484072499836879,0.014433121427038013,0.38461271323130763,0.5306083993097728,0.28995531707471184,
2000,base5,2,149,1,,4804.4585098410025,exchangeable_varying_sigma,0.18,fixed,0.18,0.18,fixed,0.18,1.0,sin2,0.9,-0.4337714948527361,0.060480368188022396,0.08567280273140512,0.015903976598332537,0.01965206528046662,0.059450116393571874,0.08858293799344719,0.012773138036734993,0.013663874768884175,0.3852896854347184,0.5314763237498783,0.4337714948527361,
2000,base6,2,149,1,,4437.45941491297,exchangeable_varying_sigma,0.18,fixed,0.18,0.18,fixed,0.18,1.0,sin2,0.0,-0.006122544502875294,0.041636013052521986,0.05179382184037717,0.003522016618140167,0.0039017806401569037,0.04206091911113611,0.05228076203918451,0.0035382420860484848,0.004627393076279117,0.09460932909385752,0.10690500884838221,0.006122544502875294,
2000,base6,2,149,1,,4369.781531700981,exchangeable_varying_sigma,0.18,fixed,0.18,0.18,fixed,0.18,1.0,sin2,0.3,-0.07535629051749473,0.043049953422725405,0.05377835819806866,0.012424445982821775,0.014840252890203577,0.042862759674792326,0.05365112262821468,0.012555170254667014,0.01449209817352991,0.09107909427398185,0.10502968483900978,0.07535629051749473,
2000,base6,2,149,1,,4424.038714733906,exchangeable_varying_sigma,0.18,fixed,0.18,0.18,fixed,0.18,1.0,sin2,0.6,-0.1527340659337698,0.04298826474416547,0.053676359771233376,0.01315001255179804,0.015179974442617391,0.0409459351157921,0.05146245198318279,0.013659981278545022,0.01492051500450909,0.08891221546426237,0.1031952261160795,0.1527340659337698,
2000,base6,2,149,1,,4729.220935181016,exchangeable_varying_sigma,0.18,fixed,0.18,0.18,fixed,0.18,1.0,sin2,0.9,-0.2310587115899353,0.04278349907424509,0.05353107224809292,0.013748438403826738,0.015310109613626822,0.03723646295394607,0.04728881498761311,0.01481633144956726,0.015339871449292098,0.08636154869032692,0.10131746440788794,0.2310587115899353,
1000,base5,0,150,1,,945.8675848641433,exchangeable_varying_sigma,0.18,fixed,0.18,0.18,fixed,0.18,1.0,sin2,0.0,-0.01701615923016731,0.07456795867084576,0.1008395318888252,0.025414675328872427,0.0333811279641776,0.07865290829884565,0.10770282005202328,0.021558480035490615,0.026677157525359704,0.276763833634609,0.39326407586737155,0.01701615923016731,
1000,base5,0,150,1,,1013.6150318314321,exchangeable_varying_sigma,0.18,fixed,0.18,0.18,fixed,0.18,1.0,sin2,0.3,-0.1603415284959449,0.07658210195120767,0.10374443634545852,0.027321036456542824,0.037547675374729556,0.07925489026079846,0.10907689423731447,0.021084460284555684,0.024343430312650488,0.25503714247623605,0.35655999108467873,0.1603415284959449,
1000,base5,0,150,1,,1087.930337504018,exchangeable_varying_sigma,0.18,fixed,0.18,0.18,fixed,0.18,1.0,sin2,0.6,-0.3394375485820642,0.07654217594899834,0.1035905845600241,0.03092101237345149,0.04263000589613118,0.07737007560451885,0.10704671860861785,0.024188277281910114,0.02911941894469887,0.25176673013268924,0.3481635792788922,0.3394375485820642,
1000,base5,0,150,1,,1171.0381160639226,exchangeable_varying_sigma,0.18,fixed,0.18,0.18,fixed,0.18,1.0,sin2,0.9,-0.5225663978795354,0.07628706210956898,0.10310225911092222,0.034796508193821823,0.04807143034647633,0.07391130358321106,0.10349264992129417,0.028083293648636987,0.03496576101027419,0.24914959477621013,0.33911419299364215,0.5225663978795354,
1000,base6,0,150,1,,1009.6411464810371,exchangeable_varying_sigma,0.18,fixed,0.18,0.18,fixed,0.18,1.0,sin2,0.0,0.0018930340330367181,0.05464667103572466,0.07004227105678791,0.031234278098770357,0.038256150182106874,0.05526133712024975,0.07085462898688318,0.02967423308158361,0.03609061912290117,0.13749306994872018,0.15930441288681468,0.0018930340330367181,
1000,base6,0,150,1,,1158.060088824015,exchangeable_varying_sigma,0.18,fixed,0.18,0.18,fixed,0.18,1.0,sin2,0.3,-0.08770151944309693,0.05684213616575486,0.07311003229694817,0.03082522942497623,0.03271502569322016,0.05659871830032916,0.07298751246462885,0.02823002273659425,0.02978693539058259,0.14933149095939918,0.17177067859962317,0.08770151944309693,
1000,base6,0,150,1,,1352.9624981041998,exchangeable_varying_sigma,0.18,fixed,0.18,0.18,fixed,0.18,1.0,sin2,0.6,-0.2015422002815216,0.057209497905640054,0.07357738697527116,0.03474964073049286,0.037144605757864484,0.054368033842940366,0.07042868469631751,0.03333670907546152,0.034721816662555645,0.14697485322996034,0.16732204186457778,0.2015422002815216,
1000,base6,0,150,1,,1426.4314984306693,exchangeable_varying_sigma,0.18,fixed,0.18,0.18,fixed,0.18,1.0,sin2,0.9,-0.3200170573733464,0.05742481144212287,0.07400217123487023,0.038625136550863,0.04181462817409857,0.049719535225225465,0.06505468360177503,0.03926619607002074,0.04100173231968846,0.1432707982160624,0.16237153134279836,0.3200170573733464,
2000,base5,0,150,1,,4920.170801426284,exchangeable_varying_sigma,0.18,fixed,0.18,0.18,fixed,0.18,1.0,sin2,0.0,-0.041857254641868576,0.06275493823616206,0.08663417862035017,0.01896794470421287,0.02460712020655834,0.06637140912187503,0.09307146056637021,0.018400047260840213,0.02387852417427671,0.42993270485260643,0.5681686554089144,0.041857254641868576,
2000,base5,0,150,1,,4608.530204277951,exchangeable_varying_sigma,0.18,fixed,0.18,0.18,fixed,0.18,1.0,sin2,0.3,-0.19535929087802723,0.06350537346811642,0.0861142705083794,0.005392074315017231,0.006624037707647927,0.06602997714836221,0.09163763367080482,0.013179531482123238,0.014390857315359301,0.41900203949449144,0.5705253315588432,0.19535929087802723,
2000,base5,0,150,1,,4756.263743738178,exchangeable_varying_sigma,0.18,fixed,0.18,0.18,fixed,0.18,1.0,sin2,0.6,-0.33613202364223654,0.06372448436115183,0.08624662226619387,0.0064945082243773045,0.00813070771455016,0.06466492395149323,0.09048788891586855,0.015249452737457328,0.01666563625857814,0.40966495298921257,0.5618173968800904,0.33613202364223654,
2000,base5,0,150,1,,4570.18172433367,exchangeable_varying_sigma,0.18,fixed,0.18,0.18,fixed,0.18,1.0,sin2,0.9,-0.4715702982807551,0.06393876933720472,0.08648120207199066,0.008226604852840408,0.009973033964072283,0.06228741785562675,0.08870430581972123,0.017312719631989937,0.018967112592185857,0.398317274161425,0.5507212976606539,0.4715702982807551,
2000,base6,0,150,1,,5061.665350934956,exchangeable_varying_sigma,0.18,fixed,0.18,0.18,fixed,0.18,1.0,sin2,0.0,-0.016076218378960238,0.043531878259648764,0.0550146035191037,0.014003116505543506,0.018918399745967124,0.043889306437435674,0.05546459459119142,0.01358616814198213,0.017717163941621313,0.07920867049060934,0.09416888207183738,0.016076218378960238,
2000,base6,0,150,1,,4348.428650653921,exchangeable_varying_sigma,0.18,fixed,0.18,0.18,fixed,0.18,1.0,sin2,0.3,-0.0854508070425056,0.04239767978857991,0.05312648212451504,0.009708463734882128,0.012095790123563151,0.042302848792284894,0.053151959362527645,0.0096815251640531,0.012943383992612831,0.08098239915454031,0.0975054908265803,0.0854508070425056,
2000,base6,0,150,1,,4106.784372404218,exchangeable_varying_sigma,0.18,fixed,0.18,0.18,fixed,0.18,1.0,sin2,0.6,-0.16038397950250532,0.042366954855650785,0.053098779124335874,0.010287698301384929,0.013722588698319752,0.04068814879815265,0.05131417606712559,0.011692207206742924,0.014750435855876175,0.08179529367454004,0.09878613776635306,0.16038397950250532,
2000,base6,0,150,1,,4337.479786532931,exchangeable_varying_sigma,0.18,fixed,0.18,0.18,fixed,0.18,1.0,sin2,0.9,-0.23247808115646162,0.04233989719451769,0.0531418311850202,0.011118190947665113,0.015605477234711595,0.037359217971253945,0.04758685796420536,0.013836072736016128,0.016593464429229435,0.08252640828144278,0.10017106168148404,0.23247808115646162,
1000,base5,1,151,1,,1097.7622967292555,exchangeable_varying_sigma,0.18,fixed,0.18,0.18,fixed,0.18,1.0,sin2,0.0,0.026273672150041012,0.0696675036599514,0.09644650926726366,0.01448835430282372,0.01676107881305893,0.07237418132799146,0.10197671866244616,0.01555349539825815,0.01809624578100651,0.234579908745457,0.3525367694339262,0.026273672150041012,
1000,base5,1,151,1,,1145.500982673373,exchangeable_varying_sigma,0.18,fixed,0.18,0.18,fixed,0.18,1.0,sin2,0.3,-0.1854853327939093,0.06882129910847834,0.09581498444234653,0.0278585389307537,0.032321349226071654,0.07092333029854117,0.10041165736726346,0.026252867931046586,0.031128357310681476,0.20973387831221652,0.3063403147853238,0.1854853327939093,
1000,base5,1,151,1,,1073.117748238612,exchangeable_varying_sigma,0.18,fixed,0.18,0.18,fixed,0.18,1.0,sin2,0.6,-0.3426246649182047,0.06912727081286126,0.09604287926794186,0.029448341121214444,0.03495507724654573,0.06965507671358744,0.09925601452282382,0.029738725953362424,0.03399984423998781,0.21115594266939292,0.30521143214342267,0.3426246649182047,
1000,base5,1,151,1,,1128.9283076589927,exchangeable_varying_sigma,0.18,fixed,0.18,0.18,fixed,0.18,1.0,sin2,0.9,-0.4958667732226422,0.06963956863286651,0.09641356342316815,0.030713165154310926,0.03777950448127401,0.06708674936543912,0.09712226463396821,0.03335595773034654,0.037044687961441725,0.21446003697685206,0.30701560002244976,0.4958667732226422,
1000,base6,1,151,1,,1156.7360060960054,exchangeable_varying_sigma,0.18,fixed,0.18,0.18,fixed,0.18,1.0,sin2,0.0,0.01706965587422469,0.05647290394470484,0.0713524662899997,0.0064544119998313915,0.006989168286512084,0.05667380468854799,0.07158931680404086,0.008735501917940008,0.009318395709416961,0.10140305988790627,0.1328472889471992,0.01706965587422469,
1000,base6,1,151,1,,1246.3203256367706,exchangeable_varying_sigma,0.18,fixed,0.18,0.18,fixed,0.18,1.0,sin2,0.3,-0.1474098308431634,0.053852591966030906,0.067798965428804,0.03082740168404527,0.036578289933274645,0.05368350659475369,0.06775938056855677,0.035294164184506344,0.0400319750766596,0.09626068296902493,0.12546268689778103,0.1474098308431634,
1000,base6,1,151,1,,1052.7502380595542,exchangeable_varying_sigma,0.18,fixed,0.18,0.18,fixed,0.18,1.0,sin2,0.6,-0.2441308782560364,0.05375071903280458,0.06758676279176656,0.033561723688265876,0.04023766562326666,0.051398704315535754,0.0647815935583419,0.03849465708290874,0.04308344144034018,0.10715957269760108,0.13731775855096784,0.2441308782560364,
1000,base6,1,151,1,,1163.2519035590813,exchangeable_varying_sigma,0.18,fixed,0.18,0.18,fixed,0.18,1.0,sin2,0.9,-0.3314459025779719,0.05372963243147874,0.067426162005147,0.0362655057523473,0.04414109147283525,0.046720735441508135,0.058958121159691686,0.04177249446623932,0.046293717358863805,0.11959761723943206,0.15169580148802156,0.3314459025779719,
2000,base5,1,151,1,,4572.038870709017,exchangeable_varying_sigma,0.18,fixed,0.18,0.18,fixed,0.18,1.0,sin2,0.0,0.017547537359233697,0.058594065226118944,0.0821550489177151,0.014143076421264916,0.015252939991730897,0.06141407595958598,0.08903565390532149,0.01551537247833959,0.01875318991903376,0.3842187370010669,0.5523361704791288,0.017547537359233697,
2000,base5,1,151,1,,4500.602792635094,exchangeable_varying_sigma,0.18,fixed,0.18,0.18,fixed,0.18,1.0,sin2,0.3,-0.1298315785062325,0.058214757247303996,0.08133277987498205,0.02430672812894083,0.025820875431777163,0.0608866564271719,0.08822402951759585,0.022745377851397186,0.027146575608044402,0.39394422876449064,0.5606296308352788,0.1298315785062325,
2000,base5,1,151,1,,4736.338705766946,exchangeable_varying_sigma,0.18,fixed,0.18,0.18,fixed,0.18,1.0,sin2,0.6,-0.27908092300647114,0.05814033404519745,0.08128172974517463,0.02584467161034562,0.02721276347174995,0.05970512322501419,0.0874961411323005,0.02475937515959767,0.029413886307407298,0.39324767750624756,0.559719310049408,0.27908092300647114,
2000,base5,1,151,1,,4678.086441678926,exchangeable_varying_sigma,0.18,fixed,0.18,0.18,fixed,0.18,1.0,sin2,0.9,-0.42751383459662295,0.05800240238919364,0.08124500037663425,0.026943944955559546,0.028135024385607277,0.05741668069369728,0.08606513219262452,0.026201404178363058,0.030841056368927724,0.39139477086031577,0.5570022666551794,0.42751383459662295,
2000,base6,1,151,1,,4308.224477448035,exchangeable_varying_sigma,0.18,fixed,0.18,0.18,fixed,0.18,1.0,sin2,0.0,0.011333883410654064,0.04179075445005587,0.05223847649886409,0.012589246253499109,0.014132701718827044,0.04228982316053015,0.0528309409834471,0.01260131069346579,0.015186988653382636,0.11285002939869787,0.122372142185307,0.011333883410654064,
2000,base6,1,151,1,,4328.700241802726,exchangeable_varying_sigma,0.18,fixed,0.18,0.18,fixed,0.18,1.0,sin2,0.3,-0.08650788152814276,0.04253097268997467,0.053043300872224364,0.025860558296708552,0.027002354149962174,0.042403860976666964,0.05302407843768694,0.025811693935425872,0.02785872733649563,0.10647891408014579,0.11768115936174593,0.08650788152814276,
2000,base6,1,151,1,,4671.977716360707,exchangeable_varying_sigma,0.18,fixed,0.18,0.18,fixed,0.18,1.0,sin2,0.6,-0.17009876627805343,0.04276280985277448,0.0532513785293264,0.027398501778113094,0.028470366474561172,0.040880606335524455,0.05131392372089655,0.027722182135639373,0.029659420548147627,0.1055250023564104,0.1175047105623031,0.17009876627805343,
2000,base6,1,151,1,,4706.824610749725,exchangeable_varying_sigma,0.18,fixed,0.18,0.18,fixed,0.18,1.0,sin2,0.9,-0.25361601842140213,0.04304313485161184,0.05353124732518869,0.028497775123327185,0.029502889004200995,0.03787701271559505,0.047978838978420556,0.029012556335284406,0.030672394873980335,0.10380099145701491,0.11654549114531687,0.25361601842140213,
1000,base5,2,152,1,,1066.52162568504,exchangeable_varying_sigma,0.18,fixed,0.18,0.18,fixed,0.18,1.0,sin2,0.0,0.01838327286249696,0.07741336030877129,0.1063721949648083,0.02412271427254456,0.03129477158110975,0.08109856960050228,0.11249700425022865,0.0279793726965106,0.03689389380862848,0.2898999847868664,0.4240887082629095,0.01838327286249696,
1000,base5,2,152,1,,1166.1253450009972,exchangeable_varying_sigma,0.18,fixed,0.18,0.18,fixed,0.18,1.0,sin2,0.3,-0.2052967410904078,0.07735395108001547,0.10694092279881183,0.031980812879144616,0.04382761532690977,0.07941461336015807,0.11149185669948997,0.04145502712293822,0.04995628990496691,0.2777399393780498,0.4093332810475103,0.2052967410904078,
1000,base5,2,152,1,,1132.0984831792302,exchangeable_varying_sigma,0.18,fixed,0.18,0.18,fixed,0.18,1.0,sin2,0.6,-0.3702665947910221,0.07827847845331952,0.1080492527840711,0.035479281328434864,0.046367196460379144,0.07864852254896247,0.1109448532096696,0.0448912175356605,0.05410351733228431,0.2735504929527593,0.40618030340678957,0.3702665947910221,
1000,base5,2,152,1,,1112.7698801001534,exchangeable_varying_sigma,0.18,fixed,0.18,0.18,fixed,0.18,1.0,sin2,0.9,-0.5280418969526217,0.0794550855019548,0.10937969835606665,0.03888940926056414,0.048653882402815846,0.07690283861678938,0.10944828203459567,0.04933229553957297,0.05745711512616501,0.26746323523544674,0.399464055396866,0.5280418969526217,
1000,base6,2,152,1,,993.7326347790658,exchangeable_varying_sigma,0.18,fixed,0.18,0.18,fixed,0.18,1.0,sin2,0.0,0.03046872737034411,0.05931987497192114,0.0781056315706605,0.01654004439070314,0.024519930690699486,0.059791153001689065,0.07875290979673405,0.020927173521284426,0.030282044724233438,0.11763683837755955,0.1447024639596786,0.03046872737034411,
1000,base6,2,152,1,,966.9824874689803,exchangeable_varying_sigma,0.18,fixed,0.18,0.18,fixed,0.18,1.0,sin2,0.3,-0.08725815231426498,0.0576862868094499,0.07780603182423039,0.02734947140393268,0.032882793042037235,0.05707118542276112,0.07723289076367235,0.030664342690146756,0.037294400930277076,0.10758474966963259,0.12720671507891151,0.08725815231426498,
1000,base6,2,152,1,,985.7703167502768,exchangeable_varying_sigma,0.18,fixed,0.18,0.18,fixed,0.18,1.0,sin2,0.6,-0.19349644767247537,0.05814593698547734,0.07907615377388179,0.030847939853221817,0.03586680742973321,0.0548618463903046,0.0750016216461617,0.034443871799295755,0.040881303224674766,0.11366555333783401,0.13097882042477027,0.19349644767247537,
1000,base6,2,152,1,,937.2262381529436,exchangeable_varying_sigma,0.18,fixed,0.18,0.18,fixed,0.18,1.0,sin2,0.9,-0.2963306793050089,0.05865784408828364,0.08050899355410326,0.0342580677853499,0.038680085264981186,0.05012441033429373,0.06980315270335224,0.037602139638898385,0.0435011451248025,0.12057806082228534,0.13636061667979,0.2963306793050089,
2000,base5,2,152,1,,3911.531417087186,exchangeable_varying_sigma,0.18,fixed,0.18,0.18,fixed,0.18,1.0,sin2,0.0,0.019791658503598375,0.062068516505900145,0.08670553189042823,0.014945438163580738,0.015196959928239405,0.06528845134805017,0.09275539604797078,0.009884214769287802,0.011767981979582101,0.3758707399845054,0.5228182142449893,0.019791658503598375,
2000,base5,2,152,1,,5170.1182416677475,exchangeable_varying_sigma,0.18,fixed,0.18,0.18,fixed,0.18,1.0,sin2,0.3,-0.12045529176964276,0.06224771367433108,0.08687673667781767,0.018567844549493992,0.022930218662277433,0.06565677523334801,0.09333366547879196,0.018036961916220035,0.021380816403125637,0.41053277656749815,0.5737127756176473,0.12045529176964276,
2000,base5,2,152,1,,4413.901377038099,exchangeable_varying_sigma,0.18,fixed,0.18,0.18,fixed,0.18,1.0,sin2,0.6,-0.2745926313951464,0.062176467405556025,0.08673565382699541,0.020950310422863383,0.0252424068039888,0.06452042807476634,0.09238358802116019,0.019521303239090043,0.022690292432037747,0.41565362300293485,0.5788590386935712,0.2745926313951464,
2000,base5,2,152,1,,4431.031658970285,exchangeable_varying_sigma,0.18,fixed,0.18,0.18,fixed,0.18,1.0,sin2,0.9,-0.43194818575389504,0.062109761624808746,0.08654300108997036,0.023245850341181,0.027403234129785875,0.06246640149218094,0.09072472970430731,0.020379923901583732,0.023382180195163832,0.4219732744444019,0.5842596961592895,0.43194818575389504,
2000,base6,2,152,1,,4598.9614041866735,exchangeable_varying_sigma,0.18,fixed,0.18,0.18,fixed,0.18,1.0,sin2,0.0,0.018780324172267642,0.04227583020286559,0.053431570340832006,0.007936157427578985,0.01154995029884702,0.04285219788991116,0.05413756544481952,0.008433501098550053,0.010669462091267694,0.08284775655206102,0.09955626932694873,0.018780324172267642,
2000,base6,2,152,1,,4799.4105989011005,exchangeable_varying_sigma,0.18,fixed,0.18,0.18,fixed,0.18,1.0,sin2,0.3,-0.08744079134632643,0.042685803241038565,0.05366915673320601,0.025728792644407583,0.028678416114404106,0.043114305345506476,0.054177025629029346,0.02405992609788364,0.028645330293605532,0.09265942401244606,0.11089687099789598,0.08744079134632643,
2000,base6,2,152,1,,4620.536530669313,exchangeable_varying_sigma,0.18,fixed,0.18,0.18,fixed,0.18,1.0,sin2,0.6,-0.1657719623107174,0.042563350246460456,0.053478940304814954,0.02811125851777657,0.03094302089387509,0.04141440803709235,0.05219432554172572,0.02553471456228179,0.030118282876262448,0.09739731738150609,0.11582121925859873,0.1657719623107174,
2000,base6,2,152,1,,4249.984581147786,exchangeable_varying_sigma,0.18,fixed,0.18,0.18,fixed,0.18,1.0,sin2,0.9,-0.2422909300469095,0.042401235811282544,0.05322098250173907,0.03040679843609259,0.033026724452325414,0.037941733804075825,0.04835475505957022,0.026251602346897593,0.030517499259739712,0.10192329515959246,0.12043510104784894,0.2422909300469095,
