n_subject,coef_type,rep,seed,success,error_message,elapsed_seconds,covariance_mode,signal_bandwidth_input,signal_bandwidth_method,best_signal_bandwidth,variance_bandwidth_input,variance_bandwidth_method,best_variance_bandwidth,sigma2_true,sigma2_function,a_eval_mode,a_eval_selected_points,rho_true,rho_error,miae_iid,rmise_iid,beta_mae_iid,beta_rmse_iid,miae_final,rmise_final,beta_mae_final,beta_rmse_final,sigma2_miae,sigma2_rmise,rho_abs_error,Sigma_fro_error
2000,base2,0,123,1,,1388.5343113959534,exchangeable_varying_sigma,0.18,fixed,0.18,0.18,fixed,0.18,1.0,sin,anchor_grid,500,0.6,-0.13348764542080843,0.03567327344824005,0.047940982341686575,0.026127827155144917,0.03490175331917311,0.03138835874664555,0.041919978388357156,0.027488874464174765,0.034270846365607247,0.19224793850172076,0.2215287440935615,0.13348764542080843,
2000,base2,0,123,1,,1391.94934982399,exchangeable_varying_sigma,0.18,fixed,0.18,0.18,fixed,0.18,1.0,sin,anchor_grid,500,0.9,-0.21442754614176185,0.03652695603486785,0.04908858340964292,0.028765509649192403,0.03882262079254026,0.024825666602160634,0.03341428803720074,0.03122089399426782,0.03794366294463692,0.19002459502374247,0.22070768316826814,0.21442754614176185,
2000,base4,0,123,1,,1394.7792186740553,exchangeable_varying_sigma,0.18,fixed,0.18,0.18,fixed,0.18,1.0,mixed,anchor_grid,500,0.9,-0.2024988894157248,0.03463799801093417,0.0488632275514884,0.027668408183369728,0.04046655715230206,0.020984447405084476,0.030786907231923174,0.0308758627337183,0.04008460069850209,0.22313776323376647,0.2676967786137216,0.2024988894157248,
2000,base2,0,123,1,,1395.0600714159664,exchangeable_varying_sigma,0.18,fixed,0.18,0.18,fixed,0.18,1.0,sin,anchor_grid,500,0.0,-0.03626611666128309,0.0352672995271566,0.04685771149754734,0.02340406412985538,0.024120290193179413,0.0354697459575517,0.04713485676768286,0.024084627764314886,0.024667853753384483,0.21935393899691388,0.25532904621001995,0.03626611666128309,
2000,base4,0,123,1,,1460.361959079979,exchangeable_varying_sigma,0.18,fixed,0.18,0.18,fixed,0.18,1.0,mixed,anchor_grid,500,0.0,-0.022396059726422824,0.034207435145425125,0.04762004279950977,0.024945591536048445,0.02525034289379058,0.034206158457116415,0.047687143210455835,0.023657208897814863,0.023873141558870648,0.24802975525438578,0.2966709871693571,0.022396059726422824,
2000,base4,0,123,1,,1472.9175244390499,exchangeable_varying_sigma,0.18,fixed,0.18,0.18,fixed,0.18,1.0,mixed,anchor_grid,500,0.6,-0.12653495666633185,0.0339217266853669,0.04782632924768887,0.02572808966554843,0.036373946449963175,0.02878518183844672,0.04095281190997374,0.028980752329780438,0.03666107457309104,0.22295393589946744,0.2644471071905752,0.12653495666633185,
2000,base4,0,123,1,,1473.6295270649716,exchangeable_varying_sigma,0.18,fixed,0.18,0.18,fixed,0.18,1.0,mixed,anchor_grid,500,0.3,-0.05093220156131417,0.03342480012190513,0.04704354161850983,0.023789926740705084,0.032287533200750534,0.032108054501146004,0.04525084866273066,0.02613843219483676,0.032893131887887395,0.22658300440723989,0.2657201946316816,0.05093220156131417,
2000,base2,0,123,1,,1502.2814624670427,exchangeable_varying_sigma,0.18,fixed,0.18,0.18,fixed,0.18,1.0,sin,anchor_grid,500,0.3,-0.053878459392920075,0.035125218384183296,0.04706485275425192,0.02337758278359231,0.030903922202625608,0.03417874729431959,0.04555939188836335,0.023748360229856866,0.030395561488859347,0.19791867027140028,0.22608753543877227,0.053878459392920075,
2000,base5,0,123,1,,1214.4236186640337,exchangeable_varying_sigma,0.18,fixed,0.18,0.18,fixed,0.18,1.0,mixed,anchor_grid,500,0.9,-0.5111612688778364,0.06738798570101105,0.09113008581636342,0.03645883859756145,0.04262798945990266,0.06657856263746474,0.09244619684499121,0.029619716772141383,0.036474351782589766,0.5668325295481427,0.7491007596353882,0.5111612688778364,
2000,base5,0,123,1,,1311.6974346400239,exchangeable_varying_sigma,0.18,fixed,0.18,0.18,fixed,0.18,1.0,mixed,anchor_grid,500,0.6,-0.3315653313673269,0.06697761828284325,0.09061333417598337,0.032394972679391176,0.03820350794561319,0.0687189366737415,0.09445202242549575,0.025173508520192192,0.031840567248557675,0.5618809945029655,0.7435322612768395,0.3315653313673269,
2000,base5,0,123,1,,1368.5746668030042,exchangeable_varying_sigma,0.18,fixed,0.18,0.18,fixed,0.18,1.0,mixed,anchor_grid,500,0.3,-0.15318849161012538,0.06670301527822413,0.09023670079371623,0.028681358901319134,0.03393501847709687,0.06986751644853328,0.0956073795026627,0.021705391510448063,0.027690092701755268,0.5555443292909019,0.7362265014776568,0.15318849161012538,
2000,base5,0,123,1,,1441.7870001409901,exchangeable_varying_sigma,0.18,fixed,0.18,0.18,fixed,0.18,1.0,mixed,anchor_grid,500,0.0,-0.009422325895040584,0.06769528630047435,0.09104703400266122,0.018046772515575793,0.02154412719978761,0.07133615802282713,0.09714969130916278,0.017619789621374116,0.021758174225403333,0.5399961005997354,0.7100294603267944,0.009422325895040584,
5000,base2,0,123,1,,3063.159001603024,exchangeable_varying_sigma,0.18,fixed,0.18,0.18,fixed,0.18,1.0,sin,anchor_grid,500,0.6,-0.06956002854737575,0.022430859433664838,0.028763524043435684,0.005402943304081018,0.006643881626560941,0.01977666504185131,0.025329051263453493,0.004789093892337615,0.00596487103138243,0.06268945828111397,0.08832384039668653,0.06956002854737575,
5000,base2,0,123,1,,3193.624361417955,exchangeable_varying_sigma,0.18,fixed,0.18,0.18,fixed,0.18,1.0,sin,anchor_grid,500,0.9,-0.10223050173665738,0.022409905492535954,0.028822151510732842,0.0060052112170882604,0.007428759425504674,0.015491189865749318,0.019835189243439987,0.005221540714776124,0.006984622549330879,0.06319376119523312,0.08910679472775157,0.10223050173665738,
5000,base2,0,123,1,,3262.455118953949,exchangeable_varying_sigma,0.18,fixed,0.18,0.18,fixed,0.18,1.0,sin,anchor_grid,500,0.0,-0.0065289627239931754,0.02183190664554535,0.028242298263239922,0.009140428629685754,0.009863502589929778,0.021965240054818914,0.028416439824242242,0.009023805941256097,0.010675262856847258,0.05272738363279555,0.0774201652103223,0.0065289627239931754,
5000,base2,0,123,1,,3354.6087278790073,exchangeable_varying_sigma,0.18,fixed,0.18,0.18,fixed,0.18,1.0,sin,anchor_grid,500,0.3,-0.03687337319102002,0.022386603658623862,0.028703457313395235,0.0048879743430487455,0.00591173395808375,0.02180797516624329,0.02798505853684036,0.00445040955128824,0.005471074354708319,0.06195945843522147,0.08714384541406238,0.03687337319102002,
5000,base4,0,123,1,,2970.1292779030045,exchangeable_varying_sigma,0.18,fixed,0.18,0.18,fixed,0.18,1.0,mixed,anchor_grid,500,0.0,-0.01174990325233433,0.019404509582946976,0.025947385784842122,0.008692932934939723,0.010708281546485746,0.019432931942411642,0.0259483701789468,0.00799782249785913,0.010022185248660696,0.09641638486620163,0.11997090634698104,0.01174990325233433,
2000,base3,1,124,1,,1350.6851873629494,exchangeable_varying_sigma,0.18,fixed,0.18,0.18,fixed,0.18,1.0,sin2,anchor_grid,500,0.0,0.04418390962207995,0.04637485865334988,0.057520995721230664,0.007424596121015134,0.008545708951674847,0.04785492967556782,0.05942869527206157,0.008638232563702386,0.009317324875836742,0.12472725746456247,0.14595284730391242,0.04418390962207995,
2000,base3,1,124,1,,1239.818570354022,exchangeable_varying_sigma,0.18,fixed,0.18,0.18,fixed,0.18,1.0,sin2,anchor_grid,500,0.6,-0.2513374845546099,0.04861029725566298,0.06042236588166432,0.009942418608316086,0.012262125688274412,0.04789007614239909,0.059701037028006554,0.007917979910079032,0.008893727684793183,0.10448627566968319,0.1209660872014434,0.2513374845546099,
5000,base4,0,123,1,,3201.4288043979323,exchangeable_varying_sigma,0.18,fixed,0.18,0.18,fixed,0.18,1.0,mixed,anchor_grid,500,0.6,-0.05412747272314056,0.019412705991626224,0.02629798699808227,0.004797453172883978,0.006253341271842454,0.016380950430554084,0.022120264583621905,0.004154915526730696,0.005159841343295879,0.10739572312117011,0.13600055098430627,0.05412747272314056,
2000,base3,1,124,1,,1451.726839749026,exchangeable_varying_sigma,0.18,fixed,0.18,0.18,fixed,0.18,1.0,sin2,anchor_grid,500,0.3,-0.12383464421465853,0.048664329621701724,0.06035981830644035,0.00952870531862382,0.011987588108857366,0.04935406399284493,0.061324202881742104,0.0077616601785458345,0.008731498545125676,0.10724282080528329,0.12386637096983534,0.12383464421465853,
5000,base4,0,123,1,,3366.082103469991,exchangeable_varying_sigma,0.18,fixed,0.18,0.18,fixed,0.18,1.0,mixed,anchor_grid,500,0.9,-0.08036127950983696,0.019252971088617496,0.02623558284318116,0.005739889380434335,0.00722478422214811,0.010674849136708835,0.01442211318443088,0.005563115533258611,0.006473177278466881,0.10752119803868383,0.13761475950472163,0.08036127950983696,
5000,base4,0,123,1,,3412.906796888914,exchangeable_varying_sigma,0.18,fixed,0.18,0.18,fixed,0.18,1.0,mixed,anchor_grid,500,0.3,-0.02816227968475371,0.019485893923149478,0.026309247076479456,0.004001480139567012,0.0053573431482117325,0.01881811177625019,0.025349094565953918,0.0033128291031398055,0.004449461430784115,0.10684317183515946,0.13389599361210433,0.02816227968475371,
2000,base3,1,124,1,,1523.2552447220078,exchangeable_varying_sigma,0.18,fixed,0.18,0.18,fixed,0.18,1.0,sin2,anchor_grid,500,0.9,-0.3806336005973179,0.04847518690377628,0.06050317263536092,0.010273542663919236,0.012277847244044973,0.0451280293535683,0.05678024721983511,0.007426326158268257,0.008484644419237297,0.1025647589859949,0.11921473204621916,0.3806336005973179,
2000,base5,1,124,1,,1222.191231670091,exchangeable_varying_sigma,0.18,fixed,0.18,0.18,fixed,0.18,1.0,mixed,anchor_grid,500,0.3,-0.15551369120676892,0.06423131673627808,0.08918923998722816,0.011645765724018459,0.013141007010508002,0.06717274445964684,0.09515170986838097,0.005177877551762161,0.006574536823625006,0.5081876590462381,0.6664693153856255,0.15551369120676892,
5000,base5,0,123,1,,3203.5007255739765,exchangeable_varying_sigma,0.18,fixed,0.18,0.18,fixed,0.18,1.0,mixed,anchor_grid,500,0.3,-0.15613676805725024,0.05708587743498629,0.07885763444476701,0.007031751079475207,0.007087743550968188,0.06031838187350469,0.08564661081797617,0.004743599767727091,0.006102090359232575,0.7084313680147089,0.9598296960026762,0.15613676805725024,
5000,base5,0,123,1,,3235.5751846519997,exchangeable_varying_sigma,0.18,fixed,0.18,0.18,fixed,0.18,1.0,mixed,anchor_grid,500,0.6,-0.3113957600636665,0.05701532403386381,0.07887245162056333,0.007627477395479837,0.00768832393090229,0.05937162069831043,0.08499828869238067,0.005148463025999611,0.007250125675730303,0.7074390987755534,0.9593165813896046,0.3113957600636665,
2000,base5,1,124,1,,1441.877920710016,exchangeable_varying_sigma,0.18,fixed,0.18,0.18,fixed,0.18,1.0,mixed,anchor_grid,500,0.0,-0.016158189840751184,0.06523057231929257,0.0907173772439446,0.008097142816328826,0.009419159420813424,0.06870095409561827,0.09700224844127389,0.005768843457942999,0.00730590496185495,0.46387673864340184,0.615193137464717,0.016158189840751184,
2000,base5,1,124,1,,1525.2211488700705,exchangeable_varying_sigma,0.18,fixed,0.18,0.18,fixed,0.18,1.0,mixed,anchor_grid,500,0.6,-0.3220446994487783,0.06409072130480535,0.0889474637142516,0.01238771098804231,0.013909191116311623,0.06572771745172712,0.09372785440182947,0.005616066105506606,0.006756865538329598,0.5068212623944861,0.6686364659568869,0.3220446994487783,
2000,base5,1,124,1,,1480.0101790619083,exchangeable_varying_sigma,0.18,fixed,0.18,0.18,fixed,0.18,1.0,mixed,anchor_grid,500,0.9,-0.4893505456812507,0.06391738773477858,0.088690871857007,0.01313297255887673,0.014579386769908732,0.06315243189035194,0.09134162068861189,0.0062545190313703924,0.007053673786164799,0.5050535110805726,0.6716167677354161,0.4893505456812507,
5000,base5,0,123,1,,3661.718180388096,exchangeable_varying_sigma,0.18,fixed,0.18,0.18,fixed,0.18,1.0,mixed,anchor_grid,500,0.0,0.018854772152690383,0.056083834778469975,0.07792668135464632,0.013031015485461761,0.013524450564551862,0.05964426776826856,0.0849136508275226,0.010277058060498806,0.013209481331954598,0.7277299693905457,0.9846238156077949,0.018854772152690383,
5000,base5,0,123,1,,3507.0224795480026,exchangeable_varying_sigma,0.18,fixed,0.18,0.18,fixed,0.18,1.0,mixed,anchor_grid,500,0.9,-0.46689505060399006,0.056863882208527,0.07886524167757601,0.008239617208979866,0.008387315348475645,0.05758381340586173,0.08386718661847457,0.006569268972733799,0.008808663649250243,0.7072641299070445,0.959347450479776,0.46689505060399006,
5000,base3,1,124,1,,3008.221556843957,exchangeable_varying_sigma,0.18,fixed,0.18,0.18,fixed,0.18,1.0,sin2,anchor_grid,500,0.6,-0.20790710098410836,0.04085796035240209,0.05052313219730766,0.007678382925624172,0.00835116931482703,0.0414480353405722,0.051768875698745366,0.009269691590231138,0.00983007344262677,0.2465929658877399,0.2836753510271545,0.20790710098410836,
5000,base3,1,124,1,,3118.653039459954,exchangeable_varying_sigma,0.18,fixed,0.18,0.18,fixed,0.18,1.0,sin2,anchor_grid,500,0.3,-0.0935680801009359,0.04082712403909404,0.050525392690503435,0.006343134809463191,0.007037053992024355,0.04218590659664603,0.05251579758588098,0.00808027172321174,0.008776200423320616,0.2400865593766731,0.27827681760918244,0.0935680801009359,
2000,base2,2,125,1,,1236.5529365460388,exchangeable_varying_sigma,0.18,fixed,0.18,0.18,fixed,0.18,1.0,sin,anchor_grid,500,0.0,0.02415810250540369,0.03411327148210645,0.04568127968549305,0.011964437744189621,0.01714696953004689,0.03427497841714616,0.04593191819286584,0.01092426328600657,0.016825825871105617,0.21664848765885175,0.23558499647945216,0.02415810250540369,
5000,base3,1,124,1,,3222.293939522002,exchangeable_varying_sigma,0.18,fixed,0.18,0.18,fixed,0.18,1.0,sin2,anchor_grid,500,0.0,-0.003894715471406176,0.04001186659460757,0.04953699681567356,0.0123525006919247,0.01679788008800476,0.041591026815053306,0.05168995833546682,0.012123781240366172,0.015794328365903252,0.23409245371927623,0.2730909940728489,0.003894715471406176,
2000,base2,2,125,1,,1331.9753188820323,exchangeable_varying_sigma,0.18,fixed,0.18,0.18,fixed,0.18,1.0,sin,anchor_grid,500,0.6,-0.09967503083497486,0.034517614791922294,0.04673932634862469,0.02540812392636141,0.028960510980042327,0.03051474196526765,0.04132612958661922,0.021321684015261966,0.024552819150929193,0.20191455286081383,0.2213285124670702,0.09967503083497486,
2000,base2,2,125,1,,1397.523811417981,exchangeable_varying_sigma,0.18,fixed,0.18,0.18,fixed,0.18,1.0,sin,anchor_grid,500,0.3,-0.023107277886757704,0.034556062777711116,0.04694097751195656,0.022411749932366526,0.025703768238937465,0.033737434315703585,0.04582429638242263,0.01995528124485478,0.023222384088009626,0.2131412299957408,0.2317585467139128,0.023107277886757704,
5000,base3,1,124,1,,3256.5400220579468,exchangeable_varying_sigma,0.18,fixed,0.18,0.18,fixed,0.18,1.0,sin2,anchor_grid,500,0.9,-0.32418758804672854,0.040864532537305924,0.050499706761332155,0.009022989763774913,0.009658977558162814,0.04001791845071782,0.05044313149141796,0.010629290235537048,0.011072419764008034,0.2527426074147671,0.2887965645557476,0.32418758804672854,
2000,base2,2,125,1,,1640.464103557053,exchangeable_varying_sigma,0.18,fixed,0.18,0.18,fixed,0.18,1.0,sin,anchor_grid,500,0.9,-0.183266477095138,0.0343563761893959,0.04633741276134541,0.028355481829427126,0.03219472892618721,0.023369826122345137,0.03162840904307089,0.023144253013994337,0.025575582264367083,0.18960711756330287,0.21006650365172802,0.183266477095138,
2000,base4,2,125,1,,1153.7752845829818,exchangeable_varying_sigma,0.18,fixed,0.18,0.18,fixed,0.18,1.0,mixed,anchor_grid,500,0.3,-0.02398804399053267,0.03420613331094284,0.04820100726256872,0.02234838150637486,0.02516094418491111,0.03301704789719615,0.0465996656603652,0.021785623958032463,0.02428489436196717,0.24979027444356042,0.28474605071175113,0.02398804399053267,
2000,base4,2,125,1,,1263.7182623939589,exchangeable_varying_sigma,0.18,fixed,0.18,0.18,fixed,0.18,1.0,mixed,anchor_grid,500,0.0,0.025995350395755096,0.03225227770371446,0.04489593185628161,0.011427489824002657,0.016949812617443005,0.03228377532566271,0.045012666117104756,0.012839337777102916,0.01699106772595464,0.24582682740196785,0.2792002435273182,0.025995350395755096,
5000,base5,1,124,1,,3100.371462804964,exchangeable_varying_sigma,0.18,fixed,0.18,0.18,fixed,0.18,1.0,mixed,anchor_grid,500,0.3,-0.130261616667137,0.05541428419114364,0.07827945835865088,0.01590469600336762,0.018222434773015026,0.058492185256929466,0.08494694084549152,0.017301925027006976,0.01935645173534544,0.6870241971103489,0.9305431343659276,0.130261616667137,
2000,base4,2,125,1,,1238.7316123329801,exchangeable_varying_sigma,0.18,fixed,0.18,0.18,fixed,0.18,1.0,mixed,anchor_grid,500,0.6,-0.09602399762646363,0.03401594686880312,0.04779381275795069,0.025470082799077726,0.028418240547587004,0.029220210205576774,0.04135617743006468,0.023568228448484135,0.025898717049951985,0.2407420829417328,0.27678114300500883,0.09602399762646363,
5000,base5,1,124,1,,3163.8783018930117,exchangeable_varying_sigma,0.18,fixed,0.18,0.18,fixed,0.18,1.0,mixed,anchor_grid,500,0.9,-0.44718216007652895,0.05565003225703245,0.07828278623584764,0.017788023023055946,0.02097736512940421,0.05620378832549887,0.08355781993062861,0.021047695690944862,0.02289721959392821,0.7022134102101736,0.9455292449141587,0.44718216007652895,
5000,base5,1,124,1,,3317.6514240050456,exchangeable_varying_sigma,0.18,fixed,0.18,0.18,fixed,0.18,1.0,mixed,anchor_grid,500,0.6,-0.2875431289144747,0.05551803996624807,0.07828470367360543,0.016872915830379392,0.019578786313823877,0.057665843219317156,0.08444975760535145,0.01907281880258127,0.021014843900641674,0.6941967879692337,0.9377504072534154,0.2875431289144747,
5000,base5,1,124,1,,3468.9353354428895,exchangeable_varying_sigma,0.18,fixed,0.18,0.18,fixed,0.18,1.0,mixed,anchor_grid,500,0.0,0.02338520195678006,0.055646476021462034,0.0787775800717067,0.015650484872230058,0.017189437897707258,0.058976421143520065,0.08551058634029456,0.01685414147011094,0.017979231059926458,0.6872131416112739,0.9364490769233162,0.02338520195678006,
2000,base4,2,125,1,,1667.8182534979424,exchangeable_varying_sigma,0.18,fixed,0.18,0.18,fixed,0.18,1.0,mixed,anchor_grid,500,0.9,-0.1745685200950553,0.03364278865280508,0.047051571586135384,0.028634783959177665,0.03169108010251727,0.020548373588845415,0.029636389838234047,0.0251496284988328,0.027211410342964353,0.230446868188108,0.267449447093391,0.1745685200950553,
2000,base5,2,125,1,,1210.1405719480244,exchangeable_varying_sigma,0.18,fixed,0.18,0.18,fixed,0.18,1.0,mixed,anchor_grid,500,0.0,0.011125054254970476,0.06580077349314281,0.090466879218038,0.01814134586183469,0.0216947129436179,0.06910740294350497,0.09639056496939079,0.017240627473717268,0.020243378827889957,0.5156623797701354,0.6919900023061817,0.011125054254970476,
5000,base2,2,125,1,,3082.1139933599625,exchangeable_varying_sigma,0.18,fixed,0.18,0.18,fixed,0.18,1.0,sin,anchor_grid,500,0.3,-0.042274871632433875,0.021755178183508313,0.028036298712277443,0.004270605369112723,0.005176194610440233,0.0212815610651671,0.02750725334078877,0.0033031361486351996,0.005459507658126238,0.053286956852180864,0.07713416019744185,0.042274871632433875,
5000,base2,2,125,1,,3125.224345544004,exchangeable_varying_sigma,0.18,fixed,0.18,0.18,fixed,0.18,1.0,sin,anchor_grid,500,0.6,-0.0732227406243845,0.021825698719116743,0.028098549546661113,0.004957492498689875,0.005741158875481938,0.01940817255546879,0.02507512915754807,0.004096327710919334,0.006355225066104222,0.05512931608416279,0.07973209753965108,0.0732227406243845,
5000,base2,2,125,1,,3213.043766361894,exchangeable_varying_sigma,0.18,fixed,0.18,0.18,fixed,0.18,1.0,sin,anchor_grid,500,0.0,0.027317469160856006,0.021699556404963436,0.028065472928519353,0.006363947213653465,0.007442828079221612,0.021868887747181712,0.02829991258314304,0.0031945385196854026,0.0042395861724345224,0.04682173509661989,0.06986432510746475,0.027317469160856006,
2000,base5,2,125,1,,1362.9344164680224,exchangeable_varying_sigma,0.18,fixed,0.18,0.18,fixed,0.18,1.0,mixed,anchor_grid,500,0.3,-0.11946524022184704,0.06526602924034568,0.08897375474459802,0.015161028439298285,0.01743757884241753,0.06840227734049356,0.09486314703287585,0.014091049275126694,0.0166393240051651,0.5264868160076532,0.7251948889359512,0.11946524022184704,
5000,base2,2,125,1,,3210.0777474760544,exchangeable_varying_sigma,0.18,fixed,0.18,0.18,fixed,0.18,1.0,sin,anchor_grid,500,0.9,-0.10281507451410687,0.02186855227545242,0.028245117315922653,0.005688445739545939,0.006304914767322461,0.015274139121690854,0.01977179497483993,0.005162979231216086,0.007432332782428884,0.05665016319618943,0.08180532115021723,0.10281507451410687,
2000,base5,2,125,1,,1470.65968685993,exchangeable_varying_sigma,0.18,fixed,0.18,0.18,fixed,0.18,1.0,mixed,anchor_grid,500,0.6,-0.29334326536114264,0.06512165940636915,0.08881486024956745,0.017470638964514743,0.020274691465611488,0.06684686739072167,0.09353277685904501,0.014869806199340696,0.017826200531113355,0.529869246700376,0.7322713518643003,0.29334326536114264,
2000,base5,2,125,1,,1442.8047792620491,exchangeable_varying_sigma,0.18,fixed,0.18,0.18,fixed,0.18,1.0,mixed,anchor_grid,500,0.9,-0.4690499351685766,0.06488735843255801,0.08861540990859708,0.01958306620760651,0.02325642764869998,0.0640159283807121,0.09131012826042016,0.015175188955314209,0.01892520845366293,0.5328429604834961,0.737924271998681,0.4690499351685766,
5000,base4,2,125,1,,3010.6183574639726,exchangeable_varying_sigma,0.18,fixed,0.18,0.18,fixed,0.18,1.0,mixed,anchor_grid,500,0.3,-0.037058662902421435,0.019184110971519376,0.025644344878023202,0.004296542917110721,0.004944270234533928,0.018529802866043034,0.024866056226703383,0.004810459829632199,0.00540311598675898,0.08454511756043093,0.11326116069330726,0.037058662902421435,
2000,base3,3,126,1,,1219.6313977129757,exchangeable_varying_sigma,0.18,fixed,0.18,0.18,fixed,0.18,1.0,sin2,anchor_grid,500,0.3,-0.13816664928140285,0.04790532815644594,0.05967965090338209,0.020971115146754746,0.02265089033290793,0.04867917598093739,0.06066641427760082,0.027372559208325847,0.02778446256027359,0.10858024624972651,0.13222977141522654,0.13816664928140285,
5000,base4,2,125,1,,3154.9018775851,exchangeable_varying_sigma,0.18,fixed,0.18,0.18,fixed,0.18,1.0,mixed,anchor_grid,500,0.0,0.017003854199441216,0.01945068819355125,0.026023340389427992,0.0031360871053593697,0.0036607167238731086,0.019426358284219087,0.0260146533424872,0.003763165137166652,0.004154064853660029,0.07903796209082273,0.10220195116805472,0.017003854199441216,
2000,base3,3,126,1,,1362.518614311004,exchangeable_varying_sigma,0.18,fixed,0.18,0.18,fixed,0.18,1.0,sin2,anchor_grid,500,0.0,-0.004301422567522437,0.04841380171558547,0.05987687199089022,0.01376207511317934,0.014683362305538633,0.04955320653607934,0.06142840913699486,0.013135693347804761,0.01554262411637351,0.12412393027551723,0.14954175809976303,0.004301422567522437,
5000,base4,2,125,1,,3179.7633494730107,exchangeable_varying_sigma,0.18,fixed,0.18,0.18,fixed,0.18,1.0,mixed,anchor_grid,500,0.6,-0.06087641046152348,0.019164595737441857,0.0256129878270394,0.004733930762984229,0.005524558780454858,0.016186406451250194,0.021768137146338906,0.005348236650507501,0.006238811519031407,0.08738261672658129,0.11690965190044271,0.06087641046152348,
5000,base4,2,125,1,,3265.5316784949973,exchangeable_varying_sigma,0.18,fixed,0.18,0.18,fixed,0.18,1.0,mixed,anchor_grid,500,0.9,-0.08292776666502333,0.019145313606817756,0.02564631768318106,0.005531170717130995,0.006143056275593278,0.010530169051181867,0.014112066196669189,0.0058560473661024015,0.007160373941802356,0.09002977413032025,0.11987904708009238,0.08292776666502333,
2000,base3,3,126,1,,1476.1310626959894,exchangeable_varying_sigma,0.18,fixed,0.18,0.18,fixed,0.18,1.0,sin2,anchor_grid,500,0.6,-0.2624347812940086,0.04795543523433109,0.0597098030100549,0.02162386627541789,0.023713173779222878,0.04737953505117462,0.059129848639624415,0.02806559196895285,0.02847095723576371,0.10439002417608284,0.12742858149804928,0.2624347812940086,
2000,base3,3,126,1,,1513.223058769945,exchangeable_varying_sigma,0.18,fixed,0.18,0.18,fixed,0.18,1.0,sin2,anchor_grid,500,0.9,-0.38498045983585016,0.047980975996688956,0.05972361514901318,0.021654338072915294,0.024342236387015232,0.044874328247315215,0.0562578426232507,0.026885670823987046,0.027424557104913618,0.10127666437109559,0.12385144783905723,0.38498045983585016,
2000,base5,3,126,1,,1270.1299912410323,exchangeable_varying_sigma,0.18,fixed,0.18,0.18,fixed,0.18,1.0,mixed,anchor_grid,500,0.0,0.04365061473090888,0.06493254765840352,0.08754235670382476,0.020667243624264864,0.03071902641113205,0.06846198227860097,0.09374914397983278,0.020043145145403035,0.031094737542209597,0.5040621914994212,0.6733588739345521,0.04365061473090888,
5000,base5,2,125,1,,3135.6676407270133,exchangeable_varying_sigma,0.18,fixed,0.18,0.18,fixed,0.18,1.0,mixed,anchor_grid,500,0.0,0.02965640972099614,0.05577279051624768,0.07707711931536698,0.01247506245004773,0.015695511975285546,0.0595914560408686,0.08436377012787255,0.010587115719546458,0.011184725132133791,0.7543935487306411,1.0040591649552721,0.02965640972099614,
2000,base5,3,126,1,,1311.5400434670737,exchangeable_varying_sigma,0.18,fixed,0.18,0.18,fixed,0.18,1.0,mixed,anchor_grid,500,0.3,-0.16719759008574253,0.06607522241536269,0.08935797204451533,0.022780236569926393,0.027431782252658472,0.06914300245739295,0.09505815312127679,0.02809563638757058,0.033177817378695025,0.5271434838773555,0.7044826732841462,0.16719759008574253,
2000,base5,3,126,1,,1372.5539098400623,exchangeable_varying_sigma,0.18,fixed,0.18,0.18,fixed,0.18,1.0,mixed,anchor_grid,500,0.6,-0.34066221318215356,0.06605404069942372,0.08935525665974249,0.023769900556816423,0.028718023573944543,0.06776113487855301,0.09379766353306701,0.030003592318724098,0.0354640135531036,0.5261815922828338,0.7026492188652477,0.34066221318215356,
5000,base5,2,125,1,,3213.4469304559752,exchangeable_varying_sigma,0.18,fixed,0.18,0.18,fixed,0.18,1.0,mixed,anchor_grid,500,0.3,-0.15174935799025224,0.05517876822223673,0.07698287464828035,0.007531183880832376,0.011148449030398655,0.05881590590813457,0.08417119939208595,0.008659359707661657,0.01113773916629624,0.7462638991687579,0.9982440874908125,0.15174935799025224,
5000,base5,2,125,1,,3136.4136073900154,exchangeable_varying_sigma,0.18,fixed,0.18,0.18,fixed,0.18,1.0,mixed,anchor_grid,500,0.6,-0.30464673296473327,0.055169986795351025,0.07700637407667262,0.0077075209025192215,0.011522943449126622,0.058039731286359274,0.08364692345080373,0.009229370776597412,0.011549085273205459,0.7440977618773914,0.9965660590547856,0.30464673296473327,
5000,base5,2,125,1,,3203.9247594330227,exchangeable_varying_sigma,0.18,fixed,0.18,0.18,fixed,0.18,1.0,mixed,anchor_grid,500,0.9,-0.4570067501622049,0.055159544288341134,0.07707153099172145,0.007941899611666775,0.012086730795009371,0.05652810440431313,0.08273195388332323,0.009991876727515892,0.012263555921812424,0.7424683798594967,0.995366859537746,0.4570067501622049,
2000,base5,3,126,1,,1481.5493217130424,exchangeable_varying_sigma,0.18,fixed,0.18,0.18,fixed,0.18,1.0,mixed,anchor_grid,500,0.9,-0.5149625781823,0.06594764256066586,0.08925284398502172,0.023941759393342532,0.029431122423659126,0.06506361251129458,0.09141139504391625,0.030344704057345517,0.03646483414997724,0.525730529004344,0.7016422609599394,0.5149625781823,
5000,base3,3,126,1,,3053.5869067269377,exchangeable_varying_sigma,0.18,fixed,0.18,0.18,fixed,0.18,1.0,sin2,anchor_grid,500,0.0,-0.0049648901912847645,0.04051907470265773,0.05019314726821292,0.004992212081364578,0.006173812182236227,0.042104375590121076,0.05232694676201824,0.00587541597049801,0.006990667525235629,0.2229010224326426,0.2643530959554497,0.0049648901912847645,
5000,base3,3,126,1,,3003.113255879958,exchangeable_varying_sigma,0.18,fixed,0.18,0.18,fixed,0.18,1.0,sin2,anchor_grid,500,0.6,-0.2402244290367921,0.04080988265233204,0.05070375221606116,0.0066848991425501325,0.007080824434910477,0.04120102370568322,0.051699276698434805,0.0032785435999468926,0.0038812956787287103,0.21337733897681305,0.25258873254639846,0.2402244290367921,
2000,base2,4,127,1,,1253.3335581090068,exchangeable_varying_sigma,0.18,fixed,0.18,0.18,fixed,0.18,1.0,sin,anchor_grid,500,0.3,-0.07470685188126716,0.03605288231518882,0.048170695096915454,0.016478301615416746,0.01981053255340655,0.03556356781091813,0.04779573786553258,0.01358036482594406,0.01709581916902375,0.2306558886535513,0.24455969360478721,0.07470685188126716,
2000,base2,4,127,1,,1297.7197717910167,exchangeable_varying_sigma,0.18,fixed,0.18,0.18,fixed,0.18,1.0,sin,anchor_grid,500,0.6,-0.13380432226524902,0.03572279901669254,0.047633757494533774,0.018033851142115462,0.021904247466057295,0.03232579941692588,0.04347953068173739,0.015502733252884815,0.019243818135472594,0.23384576870171678,0.24987505432042476,0.13380432226524902,
5000,base3,3,126,1,,3242.8270646459423,exchangeable_varying_sigma,0.18,fixed,0.18,0.18,fixed,0.18,1.0,sin2,anchor_grid,500,0.3,-0.12969636355634853,0.04074962055465779,0.05068125007814202,0.006141696586613982,0.006576008248564835,0.04193445586284939,0.05244706742577179,0.003295991731616904,0.003816832168549393,0.21639801571138195,0.2562155399448649,0.12969636355634853,
2000,base2,4,127,1,,1540.4936677439837,exchangeable_varying_sigma,0.18,fixed,0.18,0.18,fixed,0.18,1.0,sin,anchor_grid,500,0.0,-0.0035899789410679286,0.03430583215634869,0.04678573216725502,0.01196467936773482,0.013987612741898324,0.03456511275580528,0.04720747473019531,0.011250047847109729,0.014064249296586461,0.1903885094203722,0.20586336676646388,0.0035899789410679286,
5000,base3,3,126,1,,3390.760825569043,exchangeable_varying_sigma,0.18,fixed,0.18,0.18,fixed,0.18,1.0,sin2,anchor_grid,500,0.9,-0.35015985902183855,0.040869388825829855,0.05069728733553948,0.007121625452164493,0.007505019676784668,0.039759515960130665,0.05027668396413455,0.0032463368869529163,0.0038602528438847383,0.21047850705926535,0.24902390076887174,0.35015985902183855,
2000,base2,4,127,1,,1473.1872155739693,exchangeable_varying_sigma,0.18,fixed,0.18,0.18,fixed,0.18,1.0,sin,anchor_grid,500,0.9,-0.19339222957915825,0.035082277392963414,0.04687408469256649,0.01969420263069352,0.02401601715651566,0.02452493007202707,0.033073522782121015,0.018169737776008554,0.021978695808415775,0.23424641150705017,0.2531332997511262,0.19339222957915825,
2000,base4,4,127,1,,1295.4865284129046,exchangeable_varying_sigma,0.18,fixed,0.18,0.18,fixed,0.18,1.0,mixed,anchor_grid,500,0.0,0.0013793428165154989,0.033099299618515404,0.04709600008701341,0.00911920339413061,0.01335655381512189,0.03319987956623514,0.047324373465660666,0.012546992092696052,0.015813165296976774,0.2356218551025164,0.2711599906811746,0.0013793428165154989,
2000,base4,4,127,1,,1189.013843038003,exchangeable_varying_sigma,0.18,fixed,0.18,0.18,fixed,0.18,1.0,mixed,anchor_grid,500,0.6,-0.13385846892565123,0.034524698467190806,0.047527863787279356,0.015724441316310095,0.017519885508286724,0.030727409237234868,0.04311450460510598,0.01753228366366555,0.01913051361403797,0.28097449157465954,0.3204108078806375,0.13385846892565123,
5000,base5,3,126,1,,3215.702340024058,exchangeable_varying_sigma,0.18,fixed,0.18,0.18,fixed,0.18,1.0,mixed,anchor_grid,500,0.3,-0.160139846894848,0.055315995861007654,0.07781763523260946,0.012276960770352757,0.013517143970307793,0.058614957815184686,0.08502037926477021,0.010180387791777518,0.011055151868742251,0.6847898509883752,0.956804479655945,0.160139846894848,
2000,base4,4,127,1,,1199.0161227619974,exchangeable_varying_sigma,0.18,fixed,0.18,0.18,fixed,0.18,1.0,mixed,anchor_grid,500,0.9,-0.18460812339515087,0.03389702948973481,0.046558054969977385,0.018119230764247457,0.019832639151426516,0.021678074972049693,0.031034417669779754,0.02109397746101399,0.022395846614984245,0.2859341227310772,0.3301958944075162,0.18460812339515087,
2000,base4,4,127,1,,1555.2430434300331,exchangeable_varying_sigma,0.18,fixed,0.18,0.18,fixed,0.18,1.0,mixed,anchor_grid,500,0.3,-0.080824866442652,0.03485405010477928,0.04825438882145804,0.013455490233938577,0.015265912214725542,0.034267941580256485,0.04781260292057477,0.014883645429349973,0.01652014509382395,0.2736319487885107,0.3087670186425718,0.080824866442652,
5000,base5,3,126,1,,3628.109435150982,exchangeable_varying_sigma,0.18,fixed,0.18,0.18,fixed,0.18,1.0,mixed,anchor_grid,500,0.0,-0.004499969481058448,0.05623879993907059,0.0785640182411488,0.006262077094249169,0.006656077661976114,0.05967929736230136,0.08561087663114916,0.0033877420354142262,0.003506287501211164,0.6839017389990717,0.9483570500062174,0.004499969481058448,
5000,base5,3,126,1,,3670.3655545359943,exchangeable_varying_sigma,0.18,fixed,0.18,0.18,fixed,0.18,1.0,mixed,anchor_grid,500,0.6,-0.313000782057544,0.055464488563836366,0.07797600997489053,0.013025633390483515,0.01432609275669803,0.0579167993209357,0.08475881530781033,0.01061363997914161,0.011660489515808647,0.6760571360911548,0.9529382796997217,0.313000782057544,
5000,base5,3,126,1,,3567.4690625690855,exchangeable_varying_sigma,0.18,fixed,0.18,0.18,fixed,0.18,1.0,mixed,anchor_grid,500,0.9,-0.4642854674635689,0.05569665818618022,0.07820977367286581,0.01376683353044067,0.015122271810161523,0.05653728476918884,0.08416142967503422,0.011041323810515952,0.01224441095678634,0.6669203949758363,0.9495140912702803,0.4642854674635689,
2000,base5,4,127,1,,1203.5629874909064,exchangeable_varying_sigma,0.18,fixed,0.18,0.18,fixed,0.18,1.0,mixed,anchor_grid,500,0.0,-0.002812762193727746,0.06535986030814755,0.08926348924477283,0.020883545369286285,0.021901610180752092,0.06902200722800383,0.09552662146616858,0.026145126772368937,0.026917291219047942,0.5409632039351365,0.7598435809603019,0.002812762193727746,
5000,base2,4,127,1,,3060.3915436820826,exchangeable_varying_sigma,0.18,fixed,0.18,0.18,fixed,0.18,1.0,sin,anchor_grid,500,0.3,-0.024212008260077134,0.02254732569117677,0.02945618083206008,0.014979825713993436,0.017137225426334318,0.022144924424866815,0.028808862113052006,0.013156888039106737,0.01659272994158761,0.062401528682121864,0.08842587955032477,0.024212008260077134,
5000,base2,4,127,1,,3091.1055556259817,exchangeable_varying_sigma,0.18,fixed,0.18,0.18,fixed,0.18,1.0,sin,anchor_grid,500,0.9,-0.09847675806588407,0.022131981997854704,0.028977935215590164,0.018690725646609285,0.020488194700118742,0.015661447693829083,0.0202493902066996,0.016353748365204007,0.019588973418191987,0.05707379565892868,0.08156843648900919,0.09847675806588407,
5000,base2,4,127,1,,3450.1350255860016,exchangeable_varying_sigma,0.18,fixed,0.18,0.18,fixed,0.18,1.0,sin,anchor_grid,500,0.0,0.01239964044812621,0.021373866596788305,0.027623707076303405,0.017131534569137297,0.018713718116300043,0.021546177315303686,0.027855011911866883,0.01580223631472691,0.01828850065184138,0.059710858365341145,0.08630227007809982,0.01239964044812621,
2000,base5,4,127,1,,1280.5653715950903,exchangeable_varying_sigma,0.18,fixed,0.18,0.18,fixed,0.18,1.0,mixed,anchor_grid,500,0.6,-0.3681045356704896,0.06635672655906917,0.09006766238055623,0.024566102798064288,0.03102926185858053,0.06876883653710385,0.09527839787423928,0.0215062919287186,0.02931017231910165,0.5361072820273575,0.7391685768356278,0.3681045356704896,
2000,base5,4,127,1,,1484.9182980529731,exchangeable_varying_sigma,0.18,fixed,0.18,0.18,fixed,0.18,1.0,mixed,anchor_grid,500,0.3,-0.19660772985111502,0.06655830264556166,0.09041219505983955,0.023033106520712554,0.029515609865659334,0.07010285099765418,0.09669567279936969,0.01955106994404507,0.02785617937280282,0.5340864306380627,0.7389637677821389,0.19660772985111502,
2000,base5,4,127,1,,1463.336360316025,exchangeable_varying_sigma,0.18,fixed,0.18,0.18,fixed,0.18,1.0,mixed,anchor_grid,500,0.9,-0.5385521158237001,0.06601933324024856,0.08962099428963809,0.02604412299652241,0.032568244250458,0.06602932619361243,0.09265236703976183,0.02339328421340338,0.03065931904506281,0.5389359272030233,0.7398131167754853,0.5385521158237001,
5000,base2,4,127,1,,4007.531462374027,exchangeable_varying_sigma,0.18,fixed,0.18,0.18,fixed,0.18,1.0,sin,anchor_grid,500,0.6,-0.05976325239729818,0.022395077249899597,0.02929488243888774,0.016878277226193658,0.018896480825110105,0.02009228500809595,0.026006808992224916,0.01475825500458565,0.01825537088333966,0.059627265552497144,0.08540084390942784,0.05976325239729818,
5000,base4,4,127,1,,2978.1363816520898,exchangeable_varying_sigma,0.18,fixed,0.18,0.18,fixed,0.18,1.0,mixed,anchor_grid,500,0.3,-0.014467439734994147,0.01910628620842494,0.025650332680473446,0.015113328243018698,0.017453821440682596,0.018324918837072268,0.024561189215990313,0.014106065807003826,0.016634458758680273,0.10505081471711074,0.12931513844183742,0.014467439734994147,
5000,base4,4,127,1,,3020.260103608016,exchangeable_varying_sigma,0.18,fixed,0.18,0.18,fixed,0.18,1.0,mixed,anchor_grid,500,0.9,-0.07503064874379839,0.019023503677406763,0.025424197651659767,0.01881880879695863,0.020977329609465873,0.010076096765034034,0.01341007986509185,0.017186058668744342,0.019543460870164953,0.09751454276783172,0.12086232544421853,0.07503064874379839,
5000,base4,4,127,1,,3133.39092029701,exchangeable_varying_sigma,0.18,fixed,0.18,0.18,fixed,0.18,1.0,mixed,anchor_grid,500,0.6,-0.043138900151402426,0.019091185583142017,0.025581257853236866,0.01699909294816697,0.019289995611276874,0.015814582744024877,0.021169464214495236,0.01566982765102451,0.01824540075869259,0.1015937240645859,0.12538826751530935,0.043138900151402426,
2000,base3,5,128,1,,1358.6942642120412,exchangeable_varying_sigma,0.18,fixed,0.18,0.18,fixed,0.18,1.0,sin2,anchor_grid,500,0.0,0.03650843464523778,0.04793181913654776,0.059945422159193885,0.01124856800257655,0.011911617372070195,0.04954917103849926,0.06207207333282592,0.00967474847404412,0.011043040379879656,0.12754880216176576,0.14852152238246527,0.03650843464523778,
2000,base3,5,128,1,,1477.7308934630128,exchangeable_varying_sigma,0.18,fixed,0.18,0.18,fixed,0.18,1.0,sin2,anchor_grid,500,0.3,-0.11236780792788079,0.04773994244258542,0.05979856807097547,0.01858248510418621,0.027048016272487093,0.049171603379010845,0.061739287199676265,0.015204368109976857,0.021461191986814118,0.1379411371161014,0.16025154842583714,0.11236780792788079,
5000,base4,4,127,1,,3669.2586338109104,exchangeable_varying_sigma,0.18,fixed,0.18,0.18,fixed,0.18,1.0,mixed,anchor_grid,500,0.0,0.006040011754212846,0.01886096098570539,0.025262276525312228,0.015959357289368425,0.017856475404512975,0.018845197365265843,0.025252869927654947,0.015542052536481527,0.01719651026703442,0.10763848064361636,0.13231034545233533,0.006040011754212846,
2000,base3,5,128,1,,1518.9859825890744,exchangeable_varying_sigma,0.18,fixed,0.18,0.18,fixed,0.18,1.0,sin2,anchor_grid,500,0.6,-0.24347728622088188,0.0477202678500076,0.05978584081106425,0.019193750772066337,0.028383746130896576,0.04795532575120663,0.06023176939919809,0.015919105246570295,0.02279444413960889,0.13829150646467656,0.1609475271203904,0.24347728622088188,
2000,base3,5,128,1,,1255.4946045969846,exchangeable_varying_sigma,0.18,fixed,0.18,0.18,fixed,0.18,1.0,sin2,anchor_grid,500,0.9,-0.37666120784405455,0.04762747778853171,0.05968453774422772,0.0193636375845352,0.029300653612853653,0.04570928422267562,0.05750189988352557,0.016169153886129634,0.023964549416553446,0.13853906543492395,0.16156533026144704,0.37666120784405455,
5000,base5,4,127,1,,3161.4438680119347,exchangeable_varying_sigma,0.18,fixed,0.18,0.18,fixed,0.18,1.0,mixed,anchor_grid,500,0.3,-0.1698178741642641,0.0573538992593087,0.0822708333182831,0.010150187684919765,0.014514610020788323,0.06076786260776946,0.08938138156291063,0.01234158967161847,0.01531082173825517,0.7460091572820964,1.001303839881102,0.1698178741642641,
5000,base5,4,127,1,,3209.076216884074,exchangeable_varying_sigma,0.18,fixed,0.18,0.18,fixed,0.18,1.0,mixed,anchor_grid,500,0.0,-0.017808733899534045,0.05722912386351227,0.08149937194321748,0.022472972258686746,0.02610585067944575,0.06104453237634392,0.08916464287818805,0.019607834298138144,0.023511220583493517,0.7535480381961092,1.0199787774803544,0.017808733899534045,
5000,base5,4,127,1,,3134.3242097879993,exchangeable_varying_sigma,0.18,fixed,0.18,0.18,fixed,0.18,1.0,mixed,anchor_grid,500,0.6,-0.32774455179629697,0.057267015372221564,0.0821656231393136,0.01079102226101089,0.0157279673965308,0.05978411293626269,0.0883789083239323,0.012796958998410712,0.01640334130356707,0.7487746144416006,1.003691189410586,0.32774455179629697,
2000,base5,5,128,1,,1446.1681900291005,exchangeable_varying_sigma,0.18,fixed,0.18,0.18,fixed,0.18,1.0,mixed,anchor_grid,500,0.0,0.0383855724553946,0.06641722770103158,0.09161245656185296,0.02913498930138718,0.03201042916734153,0.07014000324051652,0.09811268239803024,0.024621445461145586,0.027259598007840242,0.5522773322444127,0.7427591025425861,0.0383855724553946,
2000,base5,5,128,1,,1243.7286865189672,exchangeable_varying_sigma,0.18,fixed,0.18,0.18,fixed,0.18,1.0,mixed,anchor_grid,500,0.9,-0.5679071478325943,0.06933352191516202,0.09490678918771717,0.026642639813012334,0.027037402653675116,0.06942046538379625,0.09763110219997026,0.02158984383470791,0.021844922406894646,0.5167771598712918,0.7075196582643416,0.5679071478325943,
2000,base5,5,128,1,,1396.0897621889599,exchangeable_varying_sigma,0.18,fixed,0.18,0.18,fixed,0.18,1.0,mixed,anchor_grid,500,0.3,-0.22532708319396233,0.06916788640159198,0.09448122838700845,0.024935655428683576,0.025206794352680587,0.07259987889477071,0.10051978013839773,0.019727201531115124,0.02001014513766984,0.5234807715380753,0.7161048768593278,0.22532708319396233,
2000,base5,5,128,1,,1345.534124551923,exchangeable_varying_sigma,0.18,fixed,0.18,0.18,fixed,0.18,1.0,mixed,anchor_grid,500,0.6,-0.39785333977405873,0.06931355658787683,0.09473037661687325,0.02602949692302388,0.026263225998079634,0.07156673882293682,0.09955059176458866,0.0209788796817911,0.021086311049633048,0.5201692104035568,0.7119120972985115,0.39785333977405873,
5000,base5,4,127,1,,3180.6164494410623,exchangeable_varying_sigma,0.18,fixed,0.18,0.18,fixed,0.18,1.0,mixed,anchor_grid,500,0.9,-0.4872220753201428,0.057123801077615034,0.08197935674724614,0.012305193827642724,0.016886555486557764,0.05805241972167934,0.08689124353815035,0.013489817843051852,0.017257333170611806,0.7524716861092258,1.007220325797139,0.4872220753201428,
2000,base2,6,129,1,,1266.7133157199714,exchangeable_varying_sigma,0.18,fixed,0.18,0.18,fixed,0.18,1.0,sin,anchor_grid,500,0.0,-0.04213622772025711,0.03480138227032346,0.04608893542238822,0.014572629990629055,0.018303571729546154,0.03496183412632122,0.04629512623717807,0.01160080588663602,0.01682422837815511,0.24182909166605362,0.2565527080355637,0.04213622772025711,
5000,base3,5,128,1,,3193.6564999939874,exchangeable_varying_sigma,0.18,fixed,0.18,0.18,fixed,0.18,1.0,sin2,anchor_grid,500,0.0,0.0046787838965651985,0.041787644250367434,0.051560711473468836,0.00788634911318152,0.009043023179645284,0.04345342568430215,0.05374453656517328,0.0064505800068567765,0.007362830687413179,0.251864957574528,0.2826897506869169,0.0046787838965651985,
2000,base2,6,129,1,,1213.7178649180569,exchangeable_varying_sigma,0.18,fixed,0.18,0.18,fixed,0.18,1.0,sin,anchor_grid,500,0.9,-0.20173587147104144,0.034914437032323775,0.046766096001333815,0.011483140752174853,0.013208952804204591,0.02380610469532622,0.03257229068764114,0.008151498031234189,0.00838099227706837,0.20210366172720162,0.22363892569371768,0.20173587147104144,
2000,base2,6,129,1,,1228.7307760569965,exchangeable_varying_sigma,0.18,fixed,0.18,0.18,fixed,0.18,1.0,sin,anchor_grid,500,0.6,-0.12222474393096439,0.03456239364448801,0.04631217452248553,0.00922602127166297,0.011031714596601459,0.03023481154220951,0.040799435631926805,0.006850195552446869,0.007107771705946584,0.20877160351028065,0.23006806238110428,0.12222474393096439,
5000,base3,5,128,1,,2993.197363259038,exchangeable_varying_sigma,0.18,fixed,0.18,0.18,fixed,0.18,1.0,sin2,anchor_grid,500,0.9,-0.3519892062940082,0.04185353391842418,0.05122708416569993,0.005859285922641511,0.007828689016325469,0.04105984041822099,0.05113916842186367,0.006072270881143926,0.00733379815954282,0.22644867641127145,0.2563152781393663,0.3519892062940082,
2000,base2,6,129,1,,1359.2157774569932,exchangeable_varying_sigma,0.18,fixed,0.18,0.18,fixed,0.18,1.0,sin,anchor_grid,500,0.3,-0.04505218717024889,0.03432471305027728,0.04601896057972415,0.00727313010409017,0.009077312880378174,0.03319303679961822,0.04458984386527647,0.006191093092098754,0.007066088000549595,0.2177771882484059,0.2383699873310919,0.04505218717024889,
5000,base3,5,128,1,,3382.9446895810543,exchangeable_varying_sigma,0.18,fixed,0.18,0.18,fixed,0.18,1.0,sin2,anchor_grid,500,0.3,-0.13371601311433673,0.04204989170352756,0.05146786323424994,0.006038227000242674,0.007387543335594418,0.04339721527720731,0.05338199833588337,0.005879572910923947,0.006922349562905222,0.24125664583999318,0.271187387014127,0.13371601311433673,
5000,base3,5,128,1,,3359.029190012021,exchangeable_varying_sigma,0.18,fixed,0.18,0.18,fixed,0.18,1.0,sin2,anchor_grid,500,0.6,-0.24376762382401668,0.041987949874679006,0.05137163567468787,0.006060906120256837,0.007693968519886262,0.04263610823377521,0.052608275660367895,0.006188971979469576,0.00734394200570872,0.2340150620234628,0.26376631265658895,0.24376762382401668,
2000,base4,6,129,1,,1340.7622105419869,exchangeable_varying_sigma,0.18,fixed,0.18,0.18,fixed,0.18,1.0,mixed,anchor_grid,500,0.0,-0.030389013660443914,0.032790469099464266,0.04562955662684179,0.011544621216627277,0.015886022914415227,0.032843579196515364,0.045705210770256605,0.011638484032639174,0.014919775267126305,0.2742630025858599,0.3036127136599239,0.030389013660443914,
2000,base4,6,129,1,,1110.6136284610257,exchangeable_varying_sigma,0.18,fixed,0.18,0.18,fixed,0.18,1.0,mixed,anchor_grid,500,0.6,-0.11276457571195408,0.033192345121929895,0.04622961814177004,0.010356122524943806,0.012620965898869454,0.02779332042361142,0.039630887406918607,0.008285926419487527,0.010566389426162406,0.24049347314703862,0.2775221220121207,0.11276457571195408,
2000,base4,6,129,1,,1130.8024114579894,exchangeable_varying_sigma,0.18,fixed,0.18,0.18,fixed,0.18,1.0,mixed,anchor_grid,500,0.9,-0.18992478674196156,0.03365176008415053,0.04673945575578232,0.012295077067932703,0.014754373069873893,0.020275110144261043,0.029962429203731426,0.010027310041506116,0.01194206643986958,0.23263282429349208,0.2697479385271563,0.18992478674196156,
5000,base5,5,128,1,,3146.5660397839965,exchangeable_varying_sigma,0.18,fixed,0.18,0.18,fixed,0.18,1.0,mixed,anchor_grid,500,0.0,-0.034980615851541115,0.0555292811047159,0.0782691726935564,0.009032805467514629,0.012483359218320094,0.05920846861220347,0.08533630877042407,0.007144494993876246,0.00880051639352563,0.7518553768418796,1.0084107907166724,0.034980615851541115,
2000,base4,6,129,1,,1573.8993430850096,exchangeable_varying_sigma,0.18,fixed,0.18,0.18,fixed,0.18,1.0,mixed,anchor_grid,500,0.3,-0.0385430460849166,0.03280550467545716,0.0459028501343541,0.008918292086672552,0.010755138371657034,0.03113291764458641,0.04399228676335906,0.00822431854761671,0.00985119415788931,0.25041391869670326,0.2866780103446461,0.0385430460849166,
5000,base5,5,128,1,,3164.4153890580637,exchangeable_varying_sigma,0.18,fixed,0.18,0.18,fixed,0.18,1.0,mixed,anchor_grid,500,0.6,-0.357575418919102,0.05531777738974513,0.07823002782982122,0.016139623035438255,0.017284979885932507,0.05768329096007093,0.08420448670648589,0.017776667910028535,0.019337232302651414,0.7206622206392725,0.9818092205927673,0.357575418919102,
5000,base5,5,128,1,,3382.1436766670085,exchangeable_varying_sigma,0.18,fixed,0.18,0.18,fixed,0.18,1.0,mixed,anchor_grid,500,0.3,-0.20306807357826617,0.05527315708981209,0.07820642665008576,0.015490685989670488,0.016696630580959815,0.05853968648660539,0.08494177684786683,0.017076324193460238,0.018415289302075928,0.7285840769763737,0.9879547537337033,0.20306807357826617,
5000,base5,5,128,1,,3305.6313193540554,exchangeable_varying_sigma,0.18,fixed,0.18,0.18,fixed,0.18,1.0,mixed,anchor_grid,500,0.9,-0.509893881120348,0.05539610685662565,0.0782823489066572,0.016800162342483688,0.01781802143613146,0.0561728152181745,0.0830990140436364,0.018500827776473758,0.020132679364830132,0.7127567266571873,0.9757175623097618,0.509893881120348,
2000,base5,6,129,1,,1168.4160708260024,exchangeable_varying_sigma,0.18,fixed,0.18,0.18,fixed,0.18,1.0,mixed,anchor_grid,500,0.3,-0.16168294432204505,0.06597107227295432,0.08963531959003296,0.007629599192395392,0.008893186730974717,0.06840673578529713,0.09472093374722623,0.010599979643806434,0.011080195705830256,0.5093733658630477,0.6817713482989491,0.16168294432204505,
2000,base5,6,129,1,,1239.811005949974,exchangeable_varying_sigma,0.18,fixed,0.18,0.18,fixed,0.18,1.0,mixed,anchor_grid,500,0.0,-0.030491296677810847,0.06568530124517581,0.08988000788406034,0.01582455225273853,0.018677803464513285,0.06913238060855564,0.09578735636625227,0.009327396270467525,0.012993334920046942,0.48469322746103055,0.6519389306516176,0.030491296677810847,
5000,base2,6,129,1,,3017.3437371749897,exchangeable_varying_sigma,0.18,fixed,0.18,0.18,fixed,0.18,1.0,sin,anchor_grid,500,0.6,-0.06980172247676919,0.022215919347102982,0.02886941464644602,0.011511883614302693,0.011953527179405366,0.020401065352265255,0.026289126487993985,0.013017091344929455,0.013141561574247148,0.07780634692247933,0.0952460529952667,0.06980172247676919,
5000,base2,6,129,1,,3151.938310469035,exchangeable_varying_sigma,0.18,fixed,0.18,0.18,fixed,0.18,1.0,sin,anchor_grid,500,0.3,-0.03723333315102012,0.022378612875414542,0.029075525312409405,0.010926687072994323,0.011278779011695116,0.022231003867464908,0.028776101663737483,0.011638158330415399,0.011827765898781237,0.07467857518780811,0.0939393752003314,0.03723333315102012,
2000,base5,6,129,1,,1339.592998862965,exchangeable_varying_sigma,0.18,fixed,0.18,0.18,fixed,0.18,1.0,mixed,anchor_grid,500,0.6,-0.34004999466295627,0.0661923174217498,0.08979880404754764,0.009067429630665452,0.010592690833336096,0.0672245742833482,0.0935851473635287,0.011771577194401972,0.01217437317680572,0.5150871343575668,0.6894841368332542,0.34004999466295627,
5000,base2,6,129,1,,3204.737994941999,exchangeable_varying_sigma,0.18,fixed,0.18,0.18,fixed,0.18,1.0,sin,anchor_grid,500,0.9,-0.10181279491471884,0.022034554412375156,0.028596199821818824,0.011805166217939811,0.01238397198221514,0.015806210632517703,0.020443915064137595,0.014060268251087249,0.014161646134956211,0.0802903474361365,0.096702085851002,0.10181279491471884,
5000,base2,6,129,1,,3331.3605796910124,exchangeable_varying_sigma,0.18,fixed,0.18,0.18,fixed,0.18,1.0,sin,anchor_grid,500,0.0,-0.01532567065872048,0.02270654700092783,0.029191285848394827,0.007291240971207175,0.008417006636640733,0.022815033157281405,0.029323262340412583,0.007021272351170976,0.0081343579492205,0.07228857644327503,0.09022437430457969,0.01532567065872048,
2000,base5,6,129,1,,1400.2429732889868,exchangeable_varying_sigma,0.18,fixed,0.18,0.18,fixed,0.18,1.0,mixed,anchor_grid,500,0.9,-0.5211436258917057,0.06644417778359754,0.09004950313640375,0.010615530406499096,0.012628408977110844,0.06522010222191181,0.09175648762886267,0.013077268451870128,0.013630297682147251,0.5200444060647237,0.697248125745788,0.5211436258917057,
5000,base4,6,129,1,,2990.167705008993,exchangeable_varying_sigma,0.18,fixed,0.18,0.18,fixed,0.18,1.0,mixed,anchor_grid,500,0.3,-0.0414898440222678,0.019848278543575855,0.02681888853446569,0.010555324007871292,0.011405197591710357,0.019336151510672424,0.02619222871352999,0.011227656500916283,0.011553022717730226,0.11235350954232201,0.1367330557727246,0.0414898440222678,
5000,base4,6,129,1,,2915.5745664349524,exchangeable_varying_sigma,0.18,fixed,0.18,0.18,fixed,0.18,1.0,mixed,anchor_grid,500,0.6,-0.06515321582765543,0.019805479505921153,0.026600086042834814,0.011129029159386822,0.011959021381376805,0.01705151858161005,0.02301086952842918,0.012577024036451612,0.012807591689503692,0.11854163943323161,0.14279845842716038,0.06515321582765543,
2000,base3,7,130,1,,1263.852341643069,exchangeable_varying_sigma,0.18,fixed,0.18,0.18,fixed,0.18,1.0,sin2,anchor_grid,500,0.3,-0.09923467436454286,0.048823299870139315,0.06087151595261831,0.013473853452174278,0.01466514153201315,0.05014162750174739,0.06257635285893973,0.009098902806365994,0.01061639450543397,0.1221035827759954,0.14478011606775573,0.09923467436454286,
2000,base3,7,130,1,,1327.7721416639397,exchangeable_varying_sigma,0.18,fixed,0.18,0.18,fixed,0.18,1.0,sin2,anchor_grid,500,0.0,0.01904957959639322,0.04676380413509495,0.058152397777137724,0.006314751416372749,0.007115864311859048,0.0481559656272645,0.059941734627394654,0.009762099684577863,0.010436815877746064,0.11797664225677323,0.1395266910413569,0.01904957959639322,
2000,base3,7,130,1,,1288.3604474439053,exchangeable_varying_sigma,0.18,fixed,0.18,0.18,fixed,0.18,1.0,sin2,anchor_grid,500,0.6,-0.23855402013640947,0.048708191527310166,0.06086711153490715,0.014974392625189514,0.016244462213184735,0.04890419618828042,0.06124489768470033,0.009273112732466143,0.010704095675603861,0.12579901262903145,0.14975818953915315,0.23855402013640947,
5000,base4,6,129,1,,3130.5666074550245,exchangeable_varying_sigma,0.18,fixed,0.18,0.18,fixed,0.18,1.0,mixed,anchor_grid,500,0.9,-0.0861422169702244,0.019761109908601093,0.02631615325392954,0.01139757701328481,0.012189624600382929,0.011093249331471178,0.014839133700939307,0.01354502341963193,0.013707814831383286,0.12487836290500877,0.149172117851329,0.0861422169702244,
5000,base4,6,129,1,,3316.074147821055,exchangeable_varying_sigma,0.18,fixed,0.18,0.18,fixed,0.18,1.0,mixed,anchor_grid,500,0.0,-0.004062583250393919,0.01986229688382417,0.02659588319349318,0.0077240164811291645,0.009275060642970689,0.019863802541379313,0.02659326149083524,0.0076136765246633265,0.008770591594413242,0.1114356140805853,0.13402169258143568,0.004062583250393919,
2000,base3,7,130,1,,1412.332762386999,exchangeable_varying_sigma,0.18,fixed,0.18,0.18,fixed,0.18,1.0,sin2,anchor_grid,500,0.9,-0.38168786905189955,0.04850387569473243,0.060793756211236026,0.016272559819283383,0.0176523449382961,0.04638937337371824,0.05847744367643919,0.0094227504589397,0.01075690684349273,0.12904165830129113,0.15400948276160362,0.38168786905189955,
2000,base5,7,130,1,,1174.454465746996,exchangeable_varying_sigma,0.18,fixed,0.18,0.18,fixed,0.18,1.0,mixed,anchor_grid,500,0.3,-0.18222393502276518,0.0657031182861099,0.08815838312575547,0.013624486941152092,0.015331180588186742,0.06872309933458765,0.0935014323366046,0.009224126665053262,0.011318689012314781,0.5072565197614126,0.6732398024755606,0.18222393502276518,
5000,base5,6,129,1,,3039.5517162829638,exchangeable_varying_sigma,0.18,fixed,0.18,0.18,fixed,0.18,1.0,mixed,anchor_grid,500,0.0,0.0030340649977084995,0.05728674269326188,0.08121941024520059,0.010880565079274013,0.013985733221287898,0.060737220748119825,0.08840306277775575,0.009283919946717817,0.011925151594365522,0.6981642293207715,0.9514652578627407,0.0030340649977084995,
2000,base5,7,130,1,,1365.461346036056,exchangeable_varying_sigma,0.18,fixed,0.18,0.18,fixed,0.18,1.0,mixed,anchor_grid,500,0.0,-0.013765205109764625,0.06614513748077437,0.08938152012605585,0.018589417552568044,0.022347057329460705,0.06958305705181604,0.09546143836286695,0.01714477212190857,0.020853538724063904,0.5095132883040298,0.6826598955934889,0.013765205109764625,
5000,base5,6,129,1,,3108.0537692420185,exchangeable_varying_sigma,0.18,fixed,0.18,0.18,fixed,0.18,1.0,mixed,anchor_grid,500,0.3,-0.1431530806593914,0.056905782221941405,0.08037185900648863,0.018288846219114224,0.02103475707837407,0.06046596630128516,0.08785818293269981,0.01835475492897201,0.02025120735961964,0.6991360427782909,0.9460133097489015,0.1431530806593914,
5000,base5,6,129,1,,2873.288565550931,exchangeable_varying_sigma,0.18,fixed,0.18,0.18,fixed,0.18,1.0,mixed,anchor_grid,500,0.9,-0.45501781175769945,0.056387560234451836,0.08009489185450214,0.01913109922452494,0.021956164462188954,0.057911260331689085,0.0867702761508866,0.020150385313667446,0.02224179915969564,0.6950481328417847,0.9527135176798199,0.45501781175769945,
2000,base5,7,130,1,,1281.003268860979,exchangeable_varying_sigma,0.18,fixed,0.18,0.18,fixed,0.18,1.0,mixed,anchor_grid,500,0.6,-0.3526134817814227,0.0656640644139397,0.08820507362960081,0.014855718199542595,0.016561750503830606,0.06750510355349669,0.0924246383935815,0.01050690866375556,0.01200915029786288,0.5127244970201913,0.6775907703313012,0.3526134817814227,
5000,base5,6,129,1,,3165.88620884798,exchangeable_varying_sigma,0.18,fixed,0.18,0.18,fixed,0.18,1.0,mixed,anchor_grid,500,0.6,-0.2983553902646303,0.056683878384528444,0.08024087827444734,0.01886255137063536,0.021584653526718973,0.05966770792132699,0.08756933563550118,0.019429251731325425,0.021381551846016165,0.6965470374217383,0.9485002065801261,0.2983553902646303,
2000,base5,7,130,1,,1537.9605981450295,exchangeable_varying_sigma,0.18,fixed,0.18,0.18,fixed,0.18,1.0,mixed,anchor_grid,500,0.9,-0.5220081978417703,0.0655885043877373,0.08829672470664306,0.015977459384409975,0.017721385177579874,0.06519536805162893,0.09046631478070619,0.01178291106470239,0.012904226177516567,0.5163542485821092,0.6808772213329772,0.5220081978417703,
2000,base2,8,131,1,,1191.3909269879805,exchangeable_varying_sigma,0.18,fixed,0.18,0.18,fixed,0.18,1.0,sin,anchor_grid,500,0.0,-0.006686719904417713,0.03500868049466922,0.046315831718393936,0.004380051272421276,0.005947121149234264,0.035150749821046205,0.04656093947767379,0.0050714523369880665,0.005464475736693448,0.19548192729453837,0.21293389866976747,0.006686719904417713,
2000,base2,8,131,1,,1277.1249102939619,exchangeable_varying_sigma,0.18,fixed,0.18,0.18,fixed,0.18,1.0,sin,anchor_grid,500,0.3,-0.05637288190996842,0.03510285407077383,0.04747897303744088,0.011073435398707615,0.015210299279569134,0.0347376573654824,0.04714322282144399,0.012108999687299393,0.016634965493511095,0.21853489491013411,0.2362852468184637,0.05637288190996842,
2000,base2,8,131,1,,1201.0982808360131,exchangeable_varying_sigma,0.18,fixed,0.18,0.18,fixed,0.18,1.0,sin,anchor_grid,500,0.6,-0.12480311304668346,0.034825640867810495,0.04695088323640829,0.011603914743405483,0.016167970387174536,0.03170315504627107,0.043078248206844555,0.014277560961526659,0.019313346181933956,0.21991109301614434,0.23746102482219114,0.12480311304668346,
5000,base3,7,130,1,,3101.9808995379135,exchangeable_varying_sigma,0.18,fixed,0.18,0.18,fixed,0.18,1.0,sin2,anchor_grid,500,0.3,-0.09872571554895704,0.03977883778691419,0.04954512329289314,0.004716278610349289,0.005103847506593157,0.0413869786736942,0.05164897049533618,0.0037233171040372964,0.004154350336705392,0.22724769205062156,0.2668889100724714,0.09872571554895704,
5000,base3,7,130,1,,3126.18482300092,exchangeable_varying_sigma,0.18,fixed,0.18,0.18,fixed,0.18,1.0,sin2,anchor_grid,500,0.0,0.0016303732974651802,0.04032097611590932,0.049798604545608326,0.01296898388379536,0.014360785521992868,0.042256125204030895,0.05242906580842204,0.011865633310909729,0.014230731802461248,0.23512848592299168,0.2791769424498765,0.0016303732974651802,
5000,base3,7,130,1,,3264.965873115929,exchangeable_varying_sigma,0.18,fixed,0.18,0.18,fixed,0.18,1.0,sin2,anchor_grid,500,0.6,-0.20644420382974116,0.0397554887471938,0.04952145122239767,0.004752910887872108,0.005190869759547996,0.04076194282690586,0.05097836158633124,0.003801133590554173,0.004607391586364988,0.22566908995121307,0.2643317242051927,0.20644420382974116,
2000,base2,8,131,1,,1548.8005743930116,exchangeable_varying_sigma,0.18,fixed,0.18,0.18,fixed,0.18,1.0,sin,anchor_grid,500,0.9,-0.19517148039871712,0.03450418849642138,0.04632521667629885,0.013533975985557611,0.01735737069392013,0.024386355887287072,0.0331844221827906,0.01772353209797639,0.02279499480604394,0.22019037135198471,0.23738596050953198,0.19517148039871712,
5000,base3,7,130,1,,3556.776775395032,exchangeable_varying_sigma,0.18,fixed,0.18,0.18,fixed,0.18,1.0,sin2,anchor_grid,500,0.9,-0.3131642683281579,0.03978641171895756,0.049518931393190614,0.0048120051351989435,0.005446898536876755,0.0395512666115781,0.04976704432356528,0.003966312292251334,0.005350674476909551,0.22384892898392364,0.26177385289105115,0.3131642683281579,
5000,base5,7,130,1,,2941.643074063002,exchangeable_varying_sigma,0.18,fixed,0.18,0.18,fixed,0.18,1.0,mixed,anchor_grid,500,0.0,0.003550400541338425,0.05635122321347798,0.0781316879497224,0.008187468694129896,0.009094625389208461,0.059877945014775474,0.08486387663942781,0.005981570008392306,0.0076245985845339705,0.7015519104229002,0.9433915805582019,0.003550400541338425,
2000,base4,8,131,1,,1288.1843635489931,exchangeable_varying_sigma,0.18,fixed,0.18,0.18,fixed,0.18,1.0,mixed,anchor_grid,500,0.0,0.0021249825793026532,0.033351196085654004,0.045359721252218,0.005502075770080883,0.005896462226093633,0.03341848361717723,0.04555324934214423,0.0059044473299050965,0.0064678489280702006,0.22954705907891423,0.26042697505072393,0.0021249825793026532,
5000,base5,7,130,1,,3018.4966554689454,exchangeable_varying_sigma,0.18,fixed,0.18,0.18,fixed,0.18,1.0,mixed,anchor_grid,500,0.3,-0.163716195762625,0.0554377694995077,0.0781125395879882,0.01704467661015928,0.01848997571891356,0.05888326641771981,0.08476243173675536,0.01755603017563155,0.019332801654496093,0.7229578021010049,0.9620632331661267,0.163716195762625,
2000,base4,8,131,1,,1255.9948587459512,exchangeable_varying_sigma,0.18,fixed,0.18,0.18,fixed,0.18,1.0,mixed,anchor_grid,500,0.3,-0.05457881968997644,0.03347145397085503,0.04706606914533585,0.010294530068866922,0.013949884543737048,0.03290975048528651,0.04645154402419504,0.010426124333024811,0.01489607896065979,0.25656561735409156,0.29061056994696244,0.05457881968997644,
2000,base4,8,131,1,,1345.74017552007,exchangeable_varying_sigma,0.18,fixed,0.18,0.18,fixed,0.18,1.0,mixed,anchor_grid,500,0.6,-0.11499265400230324,0.03305626964194944,0.046441776558874444,0.010796305297456982,0.014945464018656103,0.029371717490405517,0.041812660818254486,0.012103565834639451,0.01680018711320139,0.25845172911391934,0.2920333980747042,0.11499265400230324,
5000,base5,7,130,1,,3245.7353088300442,exchangeable_varying_sigma,0.18,fixed,0.18,0.18,fixed,0.18,1.0,mixed,anchor_grid,500,0.9,-0.4730380783044028,0.05536821894998277,0.07798536641119452,0.018650084081676052,0.02041891139234999,0.05650210975301608,0.08297736666654752,0.01969685184223828,0.022161072068694866,0.7080316768556044,0.9442871260320375,0.4730380783044028,
5000,base5,7,130,1,,3327.3900749639142,exchangeable_varying_sigma,0.18,fixed,0.18,0.18,fixed,0.18,1.0,mixed,anchor_grid,500,0.6,-0.3192930186110033,0.055371724009496526,0.07805571830748871,0.017840725003469324,0.019424170526856833,0.05802999956000802,0.08409732125167127,0.01864185387653393,0.020714686346362164,0.7161529039798166,0.9540099891812956,0.3192930186110033,
2000,base4,8,131,1,,1445.1650098569226,exchangeable_varying_sigma,0.18,fixed,0.18,0.18,fixed,0.18,1.0,mixed,anchor_grid,500,0.9,-0.1767698483303164,0.03258654466781065,0.04569348000920534,0.01253269013544385,0.016200078884483163,0.020604570118827034,0.030239283458782497,0.014722314274191767,0.01950013526401533,0.25875221009717275,0.29163697461178856,0.1767698483303164,
5000,base2,8,131,1,,3045.0753194550052,exchangeable_varying_sigma,0.18,fixed,0.18,0.18,fixed,0.18,1.0,sin,anchor_grid,500,0.3,-0.04922799601379396,0.022399872101495574,0.02902214470051218,0.016328228090561447,0.017115257654324617,0.02196753173963608,0.028351122818113115,0.01478647105189386,0.016055667756675898,0.060204764234033335,0.07562444454779059,0.04922799601379396,
5000,base2,8,131,1,,3010.934820264927,exchangeable_varying_sigma,0.18,fixed,0.18,0.18,fixed,0.18,1.0,sin,anchor_grid,500,0.6,-0.08194175440813034,0.022455481362783213,0.029118011917192252,0.018240148377770896,0.01922624402973756,0.020085799160719727,0.025769495874239795,0.016105278806822276,0.017622550459374903,0.06311330187109614,0.07769345337862098,0.08194175440813034,
5000,base2,8,131,1,,3194.6612640960375,exchangeable_varying_sigma,0.18,fixed,0.18,0.18,fixed,0.18,1.0,sin,anchor_grid,500,0.0,-0.010045340343781042,0.02215385147817895,0.028566989591301925,0.012136817413720247,0.0150176286657345,0.022257410386566874,0.028710482527466535,0.010562587694372155,0.013681598901139154,0.06285373784370198,0.07890875004565995,0.010045340343781042,
2000,base5,8,131,1,,1175.252670780057,exchangeable_varying_sigma,0.18,fixed,0.18,0.18,fixed,0.18,1.0,mixed,anchor_grid,500,0.0,-0.022420179769123035,0.0660423485620233,0.0897998683452633,0.004933269583811906,0.005821555850387576,0.06952108661580901,0.09584996760388032,0.009528262424098169,0.010656685737566328,0.5214065794176659,0.7256508138439454,0.022420179769123035,
2000,base5,8,131,1,,1169.620722321095,exchangeable_varying_sigma,0.18,fixed,0.18,0.18,fixed,0.18,1.0,mixed,anchor_grid,500,0.3,-0.16856592717132107,0.06646839623708578,0.0909853078941933,0.010094160648688122,0.012811909721141837,0.06962427501083926,0.09689086307513126,0.012477116534419644,0.016106508396237267,0.5466929993578843,0.759239293783899,0.16856592717132107,
2000,base5,8,131,1,,1170.5450875810347,exchangeable_varying_sigma,0.18,fixed,0.18,0.18,fixed,0.18,1.0,mixed,anchor_grid,500,0.6,-0.3467614623904443,0.06613516112757939,0.09060163777419217,0.01253116907726698,0.014812297730971116,0.06808177559982508,0.09533011020343589,0.013341175100432298,0.018082275815556256,0.5470626005481262,0.7618481901045094,0.3467614623904443,
5000,base2,8,131,1,,3081.78528134292,exchangeable_varying_sigma,0.18,fixed,0.18,0.18,fixed,0.18,1.0,sin,anchor_grid,500,0.9,-0.11207535105503386,0.022622886087414706,0.02926660711776156,0.020074527833762693,0.02129363283432577,0.015677930094931996,0.02007313415908867,0.017220967793031353,0.019005928705796562,0.06649230291899072,0.08066258956190196,0.11207535105503386,
2000,base5,8,131,1,,1400.5210350459674,exchangeable_varying_sigma,0.18,fixed,0.18,0.18,fixed,0.18,1.0,mixed,anchor_grid,500,0.9,-0.5287318674298604,0.06580157791772832,0.09011567618719749,0.015444662008232982,0.01726362885551836,0.06530516409716189,0.09262918560767075,0.015451206812356857,0.02021529903986415,0.548563737914116,0.7656177355765427,0.5287318674298604,
2000,base3,9,132,1,,1233.5110969289672,exchangeable_varying_sigma,0.18,fixed,0.18,0.18,fixed,0.18,1.0,sin2,anchor_grid,500,0.3,-0.1455453829668868,0.04702072435183839,0.058563397720727835,0.012240911062735282,0.013796040602471969,0.04803936629838248,0.059796310009514866,0.012570478658098544,0.015874148723518788,0.13324813705774957,0.1563951736275251,0.1455453829668868,
2000,base3,9,132,1,,1309.6216594489524,exchangeable_varying_sigma,0.18,fixed,0.18,0.18,fixed,0.18,1.0,sin2,anchor_grid,500,0.0,-0.008902786934996177,0.04668098583231742,0.05838300189530911,0.015476332942873122,0.02007410131912061,0.04800771474009127,0.06013125942708898,0.016438063466288316,0.022483316749666117,0.1298707950482493,0.15662896560066805,0.008902786934996177,
5000,base4,8,131,1,,3033.8446976470295,exchangeable_varying_sigma,0.18,fixed,0.18,0.18,fixed,0.18,1.0,mixed,anchor_grid,500,0.0,-0.009969575906577589,0.019695470299286925,0.026447419290574592,0.012458098960247105,0.014581909583728177,0.019708409461716973,0.026440281857720672,0.012317071675624236,0.01422420443257609,0.09388659877119969,0.11052869001290967,0.009969575906577589,
5000,base4,8,131,1,,2940.2030788069824,exchangeable_varying_sigma,0.18,fixed,0.18,0.18,fixed,0.18,1.0,mixed,anchor_grid,500,0.9,-0.08481002513371105,0.0188775346923583,0.026032369497801366,0.018029860891481175,0.019979775961862116,0.01089578452268657,0.014571750882759938,0.017278121871987087,0.019600332701037327,0.09645218120725484,0.11281393060850858,0.08481002513371105,
2000,base3,9,132,1,,1313.4066912799608,exchangeable_varying_sigma,0.18,fixed,0.18,0.18,fixed,0.18,1.0,sin2,anchor_grid,500,0.6,-0.2756239312473943,0.04722619141336298,0.058801849213959985,0.013182065076839333,0.01546545268217708,0.046762874127685254,0.05829154461444801,0.013988884578753288,0.018336152466806293,0.1342981371307681,0.1573884262729075,0.2756239312473943,
5000,base4,8,131,1,,3110.198294834001,exchangeable_varying_sigma,0.18,fixed,0.18,0.18,fixed,0.18,1.0,mixed,anchor_grid,500,0.3,-0.03325770692192209,0.019237459582846488,0.0261672049578835,0.01454913672061095,0.01598275457950153,0.018888545823924605,0.025448845455036968,0.014479412758111695,0.016170618306720584,0.0901463058611839,0.10811545521760237,0.03325770692192209,
5000,base4,8,131,1,,3172.693195372005,exchangeable_varying_sigma,0.18,fixed,0.18,0.18,fixed,0.18,1.0,mixed,anchor_grid,500,0.6,-0.05996277500636693,0.01904819912902671,0.026088213422326204,0.01633231993336018,0.018009983927509642,0.016672933023293708,0.022358804831556618,0.015933855169455224,0.017926465778230333,0.09275834448229389,0.10993691050613753,0.05996277500636693,
2000,base3,9,132,1,,1575.3519966210006,exchangeable_varying_sigma,0.18,fixed,0.18,0.18,fixed,0.18,1.0,sin2,anchor_grid,500,0.9,-0.4036580984956223,0.047487243946191686,0.05913386111200314,0.01385902082862947,0.017116113842500075,0.04449924074890954,0.05574384875836066,0.015735365656803238,0.020906679992252826,0.13454558277001336,0.15737743841726576,0.4036580984956223,
2000,base5,9,132,1,,1242.4408888940234,exchangeable_varying_sigma,0.18,fixed,0.18,0.18,fixed,0.18,1.0,mixed,anchor_grid,500,0.3,-0.15666293409404963,0.0654772414933089,0.09150301384117161,0.02421433002529294,0.03370132488006163,0.06852658987259716,0.09772304242620788,0.021830107119039904,0.02648318460699351,0.5201513577896344,0.7194367837322866,0.15666293409404963,
2000,base5,9,132,1,,1300.4251469080336,exchangeable_varying_sigma,0.18,fixed,0.18,0.18,fixed,0.18,1.0,mixed,anchor_grid,500,0.0,0.04122246094671037,0.06539418548677134,0.090292531652163,0.033183868512240006,0.0387729544697106,0.06908524300326757,0.09708963562769493,0.027158461623926572,0.03185436846196014,0.5416002856119185,0.7566312152371548,0.04122246094671037,
5000,base5,8,131,1,,2975.6804745870177,exchangeable_varying_sigma,0.18,fixed,0.18,0.18,fixed,0.18,1.0,mixed,anchor_grid,500,0.0,-0.009401892745178863,0.05612380057268634,0.07930798463727427,0.011323474223801921,0.017673513678926257,0.05936034171164323,0.08597526372085862,0.009583219461521991,0.013323895281167581,0.7005037500740775,0.9354361080960031,0.009401892745178863,
5000,base5,8,131,1,,3130.9928400579374,exchangeable_varying_sigma,0.18,fixed,0.18,0.18,fixed,0.18,1.0,mixed,anchor_grid,500,0.6,-0.31665847646635614,0.056667657100994286,0.07983530518094278,0.017466944669805723,0.020294297008909955,0.05879178356774118,0.08549935235816188,0.01640658550094473,0.020165075592278738,0.6948145626971556,0.926584844881758,0.31665847646635614,
2000,base5,9,132,1,,1490.5808315399336,exchangeable_varying_sigma,0.18,fixed,0.18,0.18,fixed,0.18,1.0,mixed,anchor_grid,500,0.6,-0.3366476669343588,0.06564646247948748,0.09165369465291012,0.02541809906836312,0.03592941563234344,0.0672004647236642,0.09657072803878405,0.02415745741195198,0.02933536534174689,0.5199014176217356,0.7205761918836922,0.3366476669343588,
5000,base5,8,131,1,,3293.7953019359848,exchangeable_varying_sigma,0.18,fixed,0.18,0.18,fixed,0.18,1.0,mixed,anchor_grid,500,0.3,-0.16397757510516658,0.05665024109409034,0.07973780265436883,0.015683761457058354,0.01859880292950348,0.05967181076344437,0.08617279192044894,0.014905196726671635,0.018593083855842272,0.6962211843898826,0.9281069231388378,0.16397757510516658,
5000,base5,8,131,1,,3510.0353787820786,exchangeable_varying_sigma,0.18,fixed,0.18,0.18,fixed,0.18,1.0,mixed,anchor_grid,500,0.9,-0.46893874493056276,0.05668299458463681,0.07996651231904074,0.019164485627927136,0.02195745185413987,0.057063354258754674,0.08442014459172967,0.01779105022079476,0.021657270294453402,0.6933695165441233,0.9251290142372979,0.46893874493056276,
2000,base5,9,132,1,,1558.1896718679927,exchangeable_varying_sigma,0.18,fixed,0.18,0.18,fixed,0.18,1.0,mixed,anchor_grid,500,0.9,-0.5195799376889458,0.0657420880776145,0.09175502390228331,0.02626653113967045,0.038267352504318855,0.06484400471573369,0.09449830306774344,0.02644262920645153,0.03255804044901852,0.5196270839630106,0.7225106733343566,0.5195799376889458,
5000,base3,9,132,1,,3122.952245184919,exchangeable_varying_sigma,0.18,fixed,0.18,0.18,fixed,0.18,1.0,sin2,anchor_grid,500,0.3,-0.09261435791838696,0.0406675687123861,0.05023801120396504,0.008199606162555717,0.00999181522384781,0.041874305054323505,0.05205714298206423,0.007884715771592526,0.009140151062919618,0.2423680762105674,0.28018656196508357,0.09261435791838696,
5000,base3,9,132,1,,3186.4077628850937,exchangeable_varying_sigma,0.18,fixed,0.18,0.18,fixed,0.18,1.0,sin2,anchor_grid,500,0.0,-0.002855340378768115,0.040786889567400994,0.05073455004072576,0.012882960987127101,0.013475154559517118,0.04219107575984601,0.052656908675870306,0.013608547490585321,0.014545191765441024,0.23798545837132642,0.27450193847128795,0.002855340378768115,
5000,base3,9,132,1,,3084.3991279740585,exchangeable_varying_sigma,0.18,fixed,0.18,0.18,fixed,0.18,1.0,sin2,anchor_grid,500,0.6,-0.20532697333460642,0.04060729328392634,0.050153587885276275,0.009519116692038601,0.01113366639000995,0.041019580428849456,0.05129413950921847,0.008927007421056746,0.010030910022445601,0.24589554530794372,0.28277657696531144,0.20532697333460642,
5000,base3,9,132,1,,3111.3149940120056,exchangeable_varying_sigma,0.18,fixed,0.18,0.18,fixed,0.18,1.0,sin2,anchor_grid,500,0.9,-0.3195521739044066,0.04051136931833427,0.050043049012071295,0.010856286419581196,0.012315016004827433,0.03939836959391916,0.04993334763400718,0.010195487118180871,0.010975910582318341,0.24944841649565647,0.285461197389376,0.3195521739044066,
2000,base2,10,133,1,,1489.3255572959315,exchangeable_varying_sigma,0.18,fixed,0.18,0.18,fixed,0.18,1.0,sin,anchor_grid,500,0.0,-0.011112792967423325,0.035999807522102634,0.04866436067348668,0.02317934298534724,0.02648493694780748,0.036106646599668626,0.048841555470121256,0.0196647811923589,0.024060787481970856,0.2898830803288935,0.30005929081945887,0.011112792967423325,
2000,base2,10,133,1,,1460.0858487780206,exchangeable_varying_sigma,0.18,fixed,0.18,0.18,fixed,0.18,1.0,sin,anchor_grid,500,0.3,-0.07023007699913855,0.033620760083064256,0.04486267313749644,0.01068835495747189,0.012501967704776294,0.03319792233507045,0.0442467015276131,0.013059088399632213,0.015523908687176173,0.26774510300132853,0.2802479564258892,0.07023007699913855,
2000,base2,10,133,1,,1230.9441218560096,exchangeable_varying_sigma,0.18,fixed,0.18,0.18,fixed,0.18,1.0,sin,anchor_grid,500,0.6,-0.14364851542823576,0.03357560096663265,0.04498571474848894,0.012258510702664593,0.014169322177959,0.030414447009858594,0.04076556788701709,0.014419649335723012,0.01771517901265464,0.2725338662294505,0.28374343448226025,0.14364851542823576,
2000,base2,10,133,1,,1475.1473752059974,exchangeable_varying_sigma,0.18,fixed,0.18,0.18,fixed,0.18,1.0,sin,anchor_grid,500,0.9,-0.21485371547448495,0.03366214378399398,0.04541682519262707,0.013745426473690675,0.01583325609796398,0.02387621270965674,0.03237522040052198,0.015541576967314508,0.019622099218469923,0.27977849834826046,0.2899141731388668,0.21485371547448495,
5000,base5,9,132,1,,3018.447702081059,exchangeable_varying_sigma,0.18,fixed,0.18,0.18,fixed,0.18,1.0,mixed,anchor_grid,500,0.0,0.022763059753481255,0.05498840507819047,0.07842631407604846,0.01616152651293698,0.01782392983785821,0.058740875787522344,0.08632532095595627,0.0176276242882544,0.019365406640461505,0.7266286461347105,0.9931638795577042,0.022763059753481255,
5000,base5,9,132,1,,3032.794570545084,exchangeable_varying_sigma,0.18,fixed,0.18,0.18,fixed,0.18,1.0,mixed,anchor_grid,500,0.3,-0.13689015090939066,0.05558740438572192,0.07891259705632371,0.010308146193482137,0.010499802974339936,0.058916877269620936,0.0864615930354967,0.0121487203227513,0.012752227531985018,0.7156108696013233,0.9936706244090416,0.13689015090939066,
2000,base4,10,133,1,,1254.353240028955,exchangeable_varying_sigma,0.18,fixed,0.18,0.18,fixed,0.18,1.0,mixed,anchor_grid,500,0.6,-0.14430894206534106,0.03177370311042235,0.04444926602393801,0.014837588295961768,0.01600261906356522,0.02774839701252405,0.039266500757924615,0.01509966007176064,0.017840593913853845,0.30883657722257385,0.3284120563429787,0.14430894206534106,
2000,base4,10,133,1,,1322.5754529539263,exchangeable_varying_sigma,0.18,fixed,0.18,0.18,fixed,0.18,1.0,mixed,anchor_grid,500,0.3,-0.07786359099577916,0.03167672850442502,0.04412004722380848,0.013348459075486652,0.014520613758299515,0.030863589316004515,0.04315875461034129,0.013867304124817709,0.015749244226578328,0.30207636507800395,0.3220312498333333,0.07786359099577916,
5000,base5,9,132,1,,3252.41474586993,exchangeable_varying_sigma,0.18,fixed,0.18,0.18,fixed,0.18,1.0,mixed,anchor_grid,500,0.6,-0.29587321762499696,0.05560199599914908,0.07894632369221731,0.011891571639490922,0.012023171451734434,0.05799686468773822,0.08590908387424502,0.01365816039632696,0.014323700753484884,0.7194271705125032,0.9956103865764067,0.29587321762499696,
2000,base4,10,133,1,,1575.8955870369682,exchangeable_varying_sigma,0.18,fixed,0.18,0.18,fixed,0.18,1.0,mixed,anchor_grid,500,0.0,-0.01916220535317386,0.0347644197589058,0.04862615990914156,0.020696561240873435,0.024165831660937612,0.03477258585002106,0.0486217276536013,0.021258840124887407,0.02433971287768897,0.32459475500762575,0.34688383422674146,0.01916220535317386,
5000,base5,9,132,1,,3183.997870999039,exchangeable_varying_sigma,0.18,fixed,0.18,0.18,fixed,0.18,1.0,mixed,anchor_grid,500,0.9,-0.4565377491577082,0.055568663849590055,0.07898180362501184,0.01349167955441491,0.013594180699660527,0.056278194143591115,0.08495980116567795,0.015342615749051894,0.016089092549498463,0.7247041883140886,0.9989992495506308,0.4565377491577082,
2000,base4,10,133,1,,1304.8505442430032,exchangeable_varying_sigma,0.18,fixed,0.18,0.18,fixed,0.18,1.0,mixed,anchor_grid,500,0.9,-0.2061389942753058,0.032170826238063104,0.045195721260661674,0.016220974020577233,0.017368032435748124,0.020147009091267768,0.029590239898696826,0.0162023955062158,0.019878560917366388,0.31868386434687157,0.338565958405806,0.2061389942753058,
5000,base2,10,133,1,,2971.1332448740723,exchangeable_varying_sigma,0.18,fixed,0.18,0.18,fixed,0.18,1.0,sin,anchor_grid,500,0.0,0.0010189185410372362,0.022483798863219183,0.029136990776646277,0.013641156274464633,0.016290517931046977,0.022628290672843058,0.029329557244791814,0.013830713085207016,0.0169397951835268,0.07004429573480123,0.09200124470203504,0.0010189185410372362,
2000,base5,10,133,1,,1173.2898774819914,exchangeable_varying_sigma,0.18,fixed,0.18,0.18,fixed,0.18,1.0,mixed,anchor_grid,500,0.6,-0.38494910051829057,0.06371518965165088,0.08721630921146623,0.007148150882891641,0.008576314390662783,0.06551148044209867,0.09208318557067328,0.010320460036128437,0.013625863256871859,0.45931166296495746,0.640290677578999,0.38494910051829057,
5000,base2,10,133,1,,3006.2251599979354,exchangeable_varying_sigma,0.18,fixed,0.18,0.18,fixed,0.18,1.0,sin,anchor_grid,500,0.6,-0.06784606529472936,0.0212800705540797,0.027827391435089676,0.01406963235477593,0.018456426634805834,0.01931879233282001,0.025065763485986742,0.013788750952338155,0.018022455663108675,0.06245128995536492,0.08779310988710873,0.06784606529472936,
5000,base2,10,133,1,,3073.4146367739886,exchangeable_varying_sigma,0.18,fixed,0.18,0.18,fixed,0.18,1.0,sin,anchor_grid,500,0.3,-0.03144916930630337,0.02130980287838041,0.027791410520509496,0.012436995236451559,0.01593617970803538,0.021043453549838567,0.027392395044711096,0.012192303551560521,0.016102032266854093,0.06264489657109719,0.08728399563916323,0.03144916930630337,
2000,base5,10,133,1,,1388.8924609890673,exchangeable_varying_sigma,0.18,fixed,0.18,0.18,fixed,0.18,1.0,mixed,anchor_grid,500,0.0,-0.038419550569615386,0.06643445445360413,0.090601849753321,0.025852463512296003,0.031678762568939214,0.06970172107698819,0.09652311601452662,0.019375089645178728,0.025504660423671298,0.4454386043592198,0.6271583200302241,0.038419550569615386,
5000,base2,10,133,1,,3153.7412241420243,exchangeable_varying_sigma,0.18,fixed,0.18,0.18,fixed,0.18,1.0,sin,anchor_grid,500,0.9,-0.10425944694613065,0.02131375963015508,0.027962307129447944,0.015912430113705647,0.02106289169705699,0.015295417961418539,0.019833176816911966,0.015766373323808272,0.020589393925200542,0.06394152980135644,0.08886851705566162,0.10425944694613065,
2000,base5,10,133,1,,1551.6925887980033,exchangeable_varying_sigma,0.18,fixed,0.18,0.18,fixed,0.18,1.0,mixed,anchor_grid,500,0.3,-0.20634067608985315,0.063735173893049,0.08719584075356056,0.005659021662416663,0.007078001750101347,0.06677263832332851,0.09324015100369382,0.009523032719352897,0.012247635064528061,0.45969681882119917,0.6355208687456227,0.20634067608985315,
2000,base5,10,133,1,,1520.4190007789293,exchangeable_varying_sigma,0.18,fixed,0.18,0.18,fixed,0.18,1.0,mixed,anchor_grid,500,0.9,-0.5639081446605778,0.06394076192639334,0.0874115536844033,0.008531536607507079,0.010024235260943103,0.06344164278844859,0.09019325736180892,0.010984236192530611,0.014714387699826846,0.4601380823052159,0.6475150552686675,0.5639081446605778,
5000,base4,10,133,1,,2963.9622555749957,exchangeable_varying_sigma,0.18,fixed,0.18,0.18,fixed,0.18,1.0,mixed,anchor_grid,500,0.0,0.0010797982030315294,0.019325157402171677,0.026225706703843485,0.013022632949301088,0.01535592892928217,0.01934013620172647,0.02623136811387018,0.012609437753815275,0.015430224582908702,0.11221579361051112,0.1385718782296212,0.0010797982030315294,
5000,base4,10,133,1,,2983.4272602830315,exchangeable_varying_sigma,0.18,fixed,0.18,0.18,fixed,0.18,1.0,mixed,anchor_grid,500,0.3,-0.024672373051567276,0.018512409698915468,0.025043723874158923,0.012550728216298962,0.01744098886221018,0.01825424986023347,0.02453495063550756,0.013261034537656868,0.017517304429520368,0.11119396371338423,0.13709012587796632,0.024672373051567276,
2000,base3,11,134,1,,1317.8721093370114,exchangeable_varying_sigma,0.18,fixed,0.18,0.18,fixed,0.18,1.0,sin2,anchor_grid,500,0.0,0.0053738719148311576,0.04800052430038446,0.059989142925998495,0.012553272817379765,0.014300764020793468,0.04969846981904371,0.062093148940973245,0.010124714245093355,0.011699869868656395,0.12527477704295858,0.15229802869916698,0.0053738719148311576,
5000,base4,10,133,1,,3057.1453543130774,exchangeable_varying_sigma,0.18,fixed,0.18,0.18,fixed,0.18,1.0,mixed,anchor_grid,500,0.6,-0.05279789808475022,0.018418521080721725,0.02500440248538298,0.014378788159199532,0.02001717396105977,0.016161484919740867,0.02165772182327723,0.014887304669513601,0.019478411539890245,0.11282272096964163,0.13810685191381972,0.05279789808475022,
2000,base3,11,134,1,,1347.6427160230232,exchangeable_varying_sigma,0.18,fixed,0.18,0.18,fixed,0.18,1.0,sin2,anchor_grid,500,0.3,-0.14287854859372986,0.04812031434351274,0.05917150997784995,0.016798392377793764,0.01978202479278866,0.04898338370424277,0.060389292202117646,0.01319130415446726,0.016192772253912576,0.11209505093260888,0.13469755008257817,0.14287854859372986,
2000,base3,11,134,1,,1479.2318355940515,exchangeable_varying_sigma,0.18,fixed,0.18,0.18,fixed,0.18,1.0,sin2,anchor_grid,500,0.6,-0.26423362307226,0.04839335817957905,0.05947911541248095,0.019223023768696085,0.022303485250487743,0.048143013997424905,0.05939269858728613,0.01575940729499034,0.01827542485283773,0.10963139590605543,0.13093206131103374,0.26423362307226,
2000,base3,11,134,1,,1382.3466933369637,exchangeable_varying_sigma,0.18,fixed,0.18,0.18,fixed,0.18,1.0,sin2,anchor_grid,500,0.9,-0.38303465742678067,0.04864845106775825,0.05994874173184049,0.0217484403369205,0.024899963074366833,0.046232282200054986,0.05737555765211298,0.01866036174191632,0.020659495381098347,0.10726263553065501,0.1270132393464671,0.38303465742678067,
5000,base4,10,133,1,,3407.5957315199776,exchangeable_varying_sigma,0.18,fixed,0.18,0.18,fixed,0.18,1.0,mixed,anchor_grid,500,0.9,-0.08051843098173506,0.01837093084114204,0.025042574690598635,0.016529445756113773,0.022695733530494883,0.010625581894163216,0.014174003093165697,0.01690194050917737,0.02208496518978022,0.11491121903133407,0.13959894609604312,0.08051843098173506,
2000,base5,11,134,1,,1224.7393614850007,exchangeable_varying_sigma,0.18,fixed,0.18,0.18,fixed,0.18,1.0,mixed,anchor_grid,500,0.0,0.002033422651248883,0.0667196806257657,0.09089007044442432,0.022171144379691074,0.023194621552998843,0.06980833361112235,0.096476082275156,0.01677121798634551,0.020075853267752467,0.4555076026605061,0.6019317119531407,0.002033422651248883,
5000,base5,10,133,1,,3017.2902832010295,exchangeable_varying_sigma,0.18,fixed,0.18,0.18,fixed,0.18,1.0,mixed,anchor_grid,500,0.0,-0.029206522160151915,0.05666581609462423,0.07938856263572808,0.020398676142488317,0.022437931115104014,0.060193303871000074,0.08651306974272026,0.020481658319981888,0.024461832941714966,0.7133023209051303,0.9704610664736478,0.029206522160151915,
2000,base5,11,134,1,,1204.5910029209917,exchangeable_varying_sigma,0.18,fixed,0.18,0.18,fixed,0.18,1.0,mixed,anchor_grid,500,0.6,-0.2976379455639531,0.06561685777168572,0.08968224394277442,0.01006519877019943,0.011881086820632138,0.06738413881785199,0.09474335469073854,0.009263072080378576,0.01062463809760673,0.4986848958239748,0.659331529663183,0.2976379455639531,
2000,base5,11,134,1,,1298.7266920150723,exchangeable_varying_sigma,0.18,fixed,0.18,0.18,fixed,0.18,1.0,mixed,anchor_grid,500,0.3,-0.13320599974582803,0.06552220546968827,0.08964178858462975,0.008868616669060914,0.009946565933144873,0.0684676598534336,0.09570400094094227,0.006965450980803312,0.008189079035079934,0.49995210058946293,0.6589617893324559,0.13320599974582803,
5000,base5,10,133,1,,3112.256351042073,exchangeable_varying_sigma,0.18,fixed,0.18,0.18,fixed,0.18,1.0,mixed,anchor_grid,500,0.6,-0.32943286464662574,0.05581639373483993,0.07852603509865268,0.013598797227915321,0.017129055393914485,0.0583342307202704,0.08452445849629252,0.013130005774172532,0.01733359890920215,0.7311409264951467,0.978811728411447,0.32943286464662574,
2000,base5,11,134,1,,1178.4644481040305,exchangeable_varying_sigma,0.18,fixed,0.18,0.18,fixed,0.18,1.0,mixed,anchor_grid,500,0.9,-0.46323754393276806,0.06570980214824489,0.08973587113384254,0.011105754087914615,0.014045294851775835,0.06509393297964625,0.09276198389905702,0.011823311385391166,0.013561602011769333,0.49620563045689314,0.6599911999008938,0.46323754393276806,
5000,base5,10,133,1,,3119.1983509530546,exchangeable_varying_sigma,0.18,fixed,0.18,0.18,fixed,0.18,1.0,mixed,anchor_grid,500,0.9,-0.48336419884730814,0.0558209818749908,0.0786499676378393,0.015478102950559944,0.019600930557480353,0.056823375978381274,0.08352596803828793,0.014939209293304764,0.019854492949406895,0.7282467562299271,0.9761702857449222,0.48336419884730814,
5000,base5,10,133,1,,3218.508668891038,exchangeable_varying_sigma,0.18,fixed,0.18,0.18,fixed,0.18,1.0,mixed,anchor_grid,500,0.3,-0.1740226843611277,0.05586862696593107,0.07847095342699804,0.011770737285013946,0.014841380743926533,0.059163838480697555,0.08517425356807752,0.011521535120884732,0.015215013548360393,0.7322805892712194,0.9796937758203735,0.1740226843611277,
2000,base2,12,135,1,,1182.536888060975,exchangeable_varying_sigma,0.18,fixed,0.18,0.18,fixed,0.18,1.0,sin,anchor_grid,500,0.3,-0.03625413806376726,0.03655353081102061,0.049455442866318866,0.009928147444961663,0.012918623097069787,0.03597523320988942,0.04886849522094021,0.010696856243726974,0.013994804298406324,0.1824217105134573,0.19241254216298395,0.03625413806376726,
5000,base3,11,134,1,,3023.7188059639884,exchangeable_varying_sigma,0.18,fixed,0.18,0.18,fixed,0.18,1.0,sin2,anchor_grid,500,0.3,-0.08752095328917739,0.04125229967833254,0.0511318365652365,0.005701248245723392,0.007074368501874518,0.04278873114898955,0.05319581227702407,0.004717416853501466,0.005124544080305173,0.24779082206426664,0.28102507759346723,0.08752095328917739,
2000,base2,12,135,1,,1293.2315441850806,exchangeable_varying_sigma,0.18,fixed,0.18,0.18,fixed,0.18,1.0,sin,anchor_grid,500,0.0,0.012881763683589436,0.03648989965941592,0.049298068931118814,0.019437129117262267,0.020521027317802937,0.0366855769455389,0.04968634642459737,0.017817786496954216,0.019226536698973666,0.1949062412965078,0.20899557092180518,0.012881763683589436,
2000,base2,12,135,1,,1330.6411071849288,exchangeable_varying_sigma,0.18,fixed,0.18,0.18,fixed,0.18,1.0,sin,anchor_grid,500,0.6,-0.11248477462560214,0.03656171246488977,0.04947619376901272,0.012223419862231882,0.015338471968967581,0.032866180815554334,0.04491084363328515,0.012645815000822944,0.016102137001471086,0.17633880837560417,0.1847177498365738,0.11248477462560214,
5000,base3,11,134,1,,3218.1960237679305,exchangeable_varying_sigma,0.18,fixed,0.18,0.18,fixed,0.18,1.0,sin2,anchor_grid,500,0.0,-0.0028404644930736084,0.041519028775081374,0.05115023753038107,0.011134732727116792,0.012120293675751716,0.04311553584083286,0.053215136335929496,0.010094069242786163,0.011615952117067467,0.2394970421369479,0.27482175642574586,0.0028404644930736084,
2000,base2,12,135,1,,1309.802767594927,exchangeable_varying_sigma,0.18,fixed,0.18,0.18,fixed,0.18,1.0,sin,anchor_grid,500,0.9,-0.19375823750882493,0.03647242522617544,0.04938491932115424,0.015409317408370649,0.01810902179086787,0.02553902864163781,0.03528734470352375,0.014229465331301108,0.018393093861608645,0.1705680941421002,0.17811818373339872,0.19375823750882493,
5000,base3,11,134,1,,3218.7233581460314,exchangeable_varying_sigma,0.18,fixed,0.18,0.18,fixed,0.18,1.0,sin2,anchor_grid,500,0.6,-0.1997695407109909,0.041025412111838036,0.05088169390986748,0.006231057873537213,0.007651668975271474,0.04199838997599224,0.052470591418433715,0.004646214647029481,0.00513165170690389,0.24832552160703514,0.2824336703967602,0.1997695407109909,
5000,base3,11,134,1,,3037.1159154779743,exchangeable_varying_sigma,0.18,fixed,0.18,0.18,fixed,0.18,1.0,sin2,anchor_grid,500,0.9,-0.31348776386955235,0.04074349790377658,0.050530316846019704,0.007017193067861513,0.00827271077481428,0.04034361374098024,0.050974018540539394,0.004163346390434461,0.004730512725062763,0.24867032817835316,0.28379757845655545,0.31348776386955235,
2000,base4,12,135,1,,1178.6504277850036,exchangeable_varying_sigma,0.18,fixed,0.18,0.18,fixed,0.18,1.0,mixed,anchor_grid,500,0.9,-0.18286909789439865,0.03457465161662524,0.049370847423241625,0.0190090604230993,0.022408731784965753,0.021520951859159265,0.03260846733814711,0.015003425920297353,0.01933954102266638,0.2005694947013534,0.22072540166245175,0.18286909789439865,
2000,base4,12,135,1,,1324.0838276470313,exchangeable_varying_sigma,0.18,fixed,0.18,0.18,fixed,0.18,1.0,mixed,anchor_grid,500,0.0,-0.014046957985315753,0.033929088802378354,0.04875396033875463,0.017564092243732385,0.01901706121216156,0.0340017095039352,0.048914822745940216,0.015209472897375453,0.017222602633635526,0.22245507327196704,0.2521192554251908,0.014046957985315753,
2000,base4,12,135,1,,1268.5561273130588,exchangeable_varying_sigma,0.18,fixed,0.18,0.18,fixed,0.18,1.0,mixed,anchor_grid,500,0.6,-0.10891078021514711,0.0345041574388997,0.04912623998533109,0.015734148022253397,0.019513498964645257,0.030002032424283176,0.0434921261685223,0.012804295632132534,0.01742258585257742,0.20621378602721796,0.22803529362656158,0.10891078021514711,
5000,base5,11,134,1,,3032.461806911044,exchangeable_varying_sigma,0.18,fixed,0.18,0.18,fixed,0.18,1.0,mixed,anchor_grid,500,0.0,-0.012259814924268296,0.05522503965179509,0.07693815858392707,0.010181088361588694,0.011896133862057755,0.05880905236242436,0.08425592278860998,0.010981380919000888,0.01203051508710357,0.6925882656215077,0.9374663972423912,0.012259814924268296,
2000,base4,12,135,1,,1485.712042056024,exchangeable_varying_sigma,0.18,fixed,0.18,0.18,fixed,0.18,1.0,mixed,anchor_grid,500,0.3,-0.038498544941495794,0.03445573527813191,0.04887073821448506,0.012879787535647252,0.016909903214763815,0.033441215290040904,0.047790314976794146,0.010910045922550057,0.01562748649389004,0.21263156717218393,0.236732989933669,0.038498544941495794,
5000,base5,11,134,1,,2988.2440138380043,exchangeable_varying_sigma,0.18,fixed,0.18,0.18,fixed,0.18,1.0,mixed,anchor_grid,500,0.9,-0.4439799025979391,0.05488859857001235,0.07646437268096995,0.016669138290563545,0.017985313834961235,0.055869216014173995,0.08240313434079913,0.014882161550721487,0.016832957073618707,0.7035155958694025,0.9507626432064796,0.4439799025979391,
5000,base5,11,134,1,,3520.5398646789836,exchangeable_varying_sigma,0.18,fixed,0.18,0.18,fixed,0.18,1.0,mixed,anchor_grid,500,0.6,-0.2975963708603446,0.054891331082708474,0.0764146835826402,0.016084743181800518,0.017618978908926695,0.057466659839812154,0.08317582885303185,0.014649692235636141,0.01681962297625919,0.7053925694158323,0.9549212616566564,0.2975963708603446,
5000,base5,11,134,1,,3630.180066596018,exchangeable_varying_sigma,0.18,fixed,0.18,0.18,fixed,0.18,1.0,mixed,anchor_grid,500,0.3,-0.14875882671802612,0.0549408213729275,0.07641361845903573,0.015362229079145764,0.01715764984549747,0.05833605206358216,0.08360952707403556,0.014288469149611543,0.0164988115782217,0.7054866979089642,0.9565395447988387,0.14875882671802612,
2000,base5,12,135,1,,1318.3538934619864,exchangeable_varying_sigma,0.18,fixed,0.18,0.18,fixed,0.18,1.0,mixed,anchor_grid,500,0.3,-0.15317931265146656,0.06605532353729605,0.09127303084718746,0.015355655277151437,0.024900945506401807,0.06918098009897024,0.09768231891757555,0.02118394614562255,0.026056777326414825,0.5354732978863677,0.7620615844722353,0.15317931265146656,
2000,base5,12,135,1,,1464.6533441580832,exchangeable_varying_sigma,0.18,fixed,0.18,0.18,fixed,0.18,1.0,mixed,anchor_grid,500,0.0,0.0192633116418436,0.06679058733013593,0.0919653347875891,0.022468630679690765,0.02796942279741088,0.07040061961639511,0.09878653044408918,0.017865259318986873,0.02491638105139571,0.5541610906568892,0.7667141145685387,0.0192633116418436,
5000,base2,12,135,1,,3106.050056727021,exchangeable_varying_sigma,0.18,fixed,0.18,0.18,fixed,0.18,1.0,sin,anchor_grid,500,0.6,-0.06255741244793434,0.021183496853848415,0.026951455458648042,0.012969053896966246,0.015085810433596455,0.01955215360585254,0.024999668097974208,0.011150709043633383,0.012577250904918066,0.06650978728267201,0.09281752036679831,0.06255741244793434,
2000,base5,12,135,1,,1190.154189453926,exchangeable_varying_sigma,0.18,fixed,0.18,0.18,fixed,0.18,1.0,mixed,anchor_grid,500,0.6,-0.3319087057326044,0.0661572814012591,0.09127864868052031,0.01716797265535508,0.02683426494843667,0.06775674699756824,0.09632137418796824,0.02259621584782248,0.02786944914540598,0.5352146826888534,0.7651069071948892,0.3319087057326044,
5000,base2,12,135,1,,3343.2541288119974,exchangeable_varying_sigma,0.18,fixed,0.18,0.18,fixed,0.18,1.0,sin,anchor_grid,500,0.3,-0.0314609316307255,0.021380975511031585,0.02726858386394478,0.01177561944555218,0.013831739703648108,0.021329517029207858,0.027261663139029238,0.010931619640435014,0.012090399598218239,0.06405923312326256,0.08936561161629135,0.0314609316307255,
5000,base2,12,135,1,,3559.8478930790443,exchangeable_varying_sigma,0.18,fixed,0.18,0.18,fixed,0.18,1.0,sin,anchor_grid,500,0.0,0.015473685141540976,0.02283007079013325,0.029229632134941144,0.00950490280560981,0.010881873801039563,0.02300790266819034,0.029465069548546875,0.009992430085826481,0.011540718360892193,0.05312715200776288,0.07549863009207375,0.015473685141540976,
5000,base2,12,135,1,,3420.7544876390602,exchangeable_varying_sigma,0.18,fixed,0.18,0.18,fixed,0.18,1.0,sin,anchor_grid,500,0.9,-0.09238779511592798,0.020993368170409366,0.026631134581940667,0.01397974562354333,0.016088278831177662,0.01542551864467018,0.01969943901917169,0.010692344964673181,0.012646938395456669,0.06879525225806142,0.09585212974045822,0.09238779511592798,
2000,base5,12,135,1,,1362.1430218920577,exchangeable_varying_sigma,0.18,fixed,0.18,0.18,fixed,0.18,1.0,mixed,anchor_grid,500,0.9,-0.5135995047854698,0.06626970555906421,0.09123917062186808,0.02044288505620273,0.02932432335375056,0.06523145651182527,0.09389356035458789,0.024016747742098193,0.030039449979412537,0.5365557539985254,0.7692170202249523,0.5135995047854698,
5000,base4,12,135,1,,3049.738484156085,exchangeable_varying_sigma,0.18,fixed,0.18,0.18,fixed,0.18,1.0,mixed,anchor_grid,500,0.0,0.016773575538141842,0.018414125276740585,0.024783391887834925,0.008942054855939408,0.010030730229401433,0.018411075060109236,0.024778486597393207,0.009076970175795757,0.00994353002355933,0.09264858825101181,0.11489815550688301,0.016773575538141842,
5000,base4,12,135,1,,3024.1483203209937,exchangeable_varying_sigma,0.18,fixed,0.18,0.18,fixed,0.18,1.0,mixed,anchor_grid,500,0.6,-0.06396444584501948,0.019284416843267364,0.02547576341940408,0.014327048923790872,0.01573156686290787,0.016355668836094826,0.021968257057121104,0.013517425953629189,0.015031250178129976,0.11141528449642998,0.14098240224280387,0.06396444584501948,
5000,base4,12,135,1,,3096.5752497219946,exchangeable_varying_sigma,0.18,fixed,0.18,0.18,fixed,0.18,1.0,mixed,anchor_grid,500,0.3,-0.040295984938332585,0.019332069669063874,0.025638597191672136,0.013266672441916275,0.014470439102506569,0.018720119615981728,0.0250033067028288,0.013119723981881395,0.01435932263737358,0.10971322798144813,0.1366925287005088,0.040295984938332585,
2000,base3,13,136,1,,1194.1497808259446,exchangeable_varying_sigma,0.18,fixed,0.18,0.18,fixed,0.18,1.0,sin2,anchor_grid,500,0.0,0.009982386584451839,0.04881190216746953,0.06090964622827541,0.016042716951127467,0.018267988460463395,0.050268156085632384,0.06272266281736995,0.016035211852025333,0.018123743328755694,0.11710569332027479,0.1382046812012821,0.009982386584451839,
5000,base4,12,135,1,,3132.3865742459893,exchangeable_varying_sigma,0.18,fixed,0.18,0.18,fixed,0.18,1.0,mixed,anchor_grid,500,0.9,-0.08590095627490602,0.01923940063177073,0.025314057052873797,0.015125888556238642,0.016751447239223654,0.010645154007458824,0.01432045482319521,0.013198130050040585,0.01521525328204561,0.1124173294192698,0.14437000702573435,0.08590095627490602,
2000,base3,13,136,1,,1345.9784178800182,exchangeable_varying_sigma,0.18,fixed,0.18,0.18,fixed,0.18,1.0,sin2,anchor_grid,500,0.3,-0.13197851137862612,0.04809274359203009,0.05968804537418433,0.021795222961195432,0.023676721614845103,0.04919085797071749,0.06132225403440003,0.02104345913526845,0.022611258989651883,0.13099328762458584,0.1556934591096204,0.13197851137862612,
2000,base3,13,136,1,,1358.265877785976,exchangeable_varying_sigma,0.18,fixed,0.18,0.18,fixed,0.18,1.0,sin2,anchor_grid,500,0.6,-0.2620808225164558,0.04829537881611348,0.05982413358878957,0.023542988285056077,0.025550646047247723,0.04812185190760994,0.06005036526251571,0.023110129011294805,0.024498641498678433,0.13201102687499108,0.1575140881540632,0.2620808225164558,
2000,base3,13,136,1,,1354.398516920046,exchangeable_varying_sigma,0.18,fixed,0.18,0.18,fixed,0.18,1.0,sin2,anchor_grid,500,0.9,-0.391762062286811,0.04851853740139967,0.06000121961630207,0.024917203621816986,0.026986104703290444,0.04599697350823668,0.05763324661045596,0.02487518893508303,0.025897731265854755,0.13275933631860176,0.15888050880888327,0.391762062286811,
2000,base5,13,136,1,,1201.9022429069737,exchangeable_varying_sigma,0.18,fixed,0.18,0.18,fixed,0.18,1.0,mixed,anchor_grid,500,0.0,-0.019208414425716303,0.06509068842501797,0.08911089369868139,0.018537817754540303,0.022596437113497053,0.06871500159024915,0.0957475717383595,0.018786179822591675,0.021675600125301484,0.47393098847717763,0.6508163575499587,0.019208414425716303,
2000,base5,13,136,1,,1170.931696961983,exchangeable_varying_sigma,0.18,fixed,0.18,0.18,fixed,0.18,1.0,mixed,anchor_grid,500,0.3,-0.18802570340546565,0.06680232336478334,0.09129277692961715,0.02086773201091366,0.023221109201731725,0.06979957425669998,0.09715044884373997,0.018544612124528348,0.022364046676328797,0.4790616119242366,0.6394012579129713,0.18802570340546565,
2000,base5,13,136,1,,1186.092871141038,exchangeable_varying_sigma,0.18,fixed,0.18,0.18,fixed,0.18,1.0,mixed,anchor_grid,500,0.6,-0.36208311914563196,0.06661852836175045,0.09116853282562006,0.02274774373102173,0.025263867279138135,0.06836818349026028,0.09574556015580336,0.02023815031604298,0.023944157298695187,0.4829717797646256,0.6394438365005392,0.36208311914563196,
5000,base5,12,135,1,,3107.9093422689475,exchangeable_varying_sigma,0.18,fixed,0.18,0.18,fixed,0.18,1.0,mixed,anchor_grid,500,0.0,0.009796354429478396,0.05592388999272001,0.07954333280093275,0.015974991127254062,0.01999384956181787,0.05941841430456367,0.08661278241721036,0.01279718515101047,0.015258145055613756,0.7332750319492377,0.9821980977936078,0.009796354429478396,
2000,base5,13,136,1,,1267.53788958292,exchangeable_varying_sigma,0.18,fixed,0.18,0.18,fixed,0.18,1.0,mixed,anchor_grid,500,0.9,-0.5386849442015893,0.06641256146096391,0.09092929161638647,0.024185706705746518,0.026884861493657534,0.0657912482435766,0.09327528222986,0.02167144995381931,0.025101916317726986,0.4876821337478687,0.641049617450601,0.5386849442015893,
5000,base5,12,135,1,,3202.1998032269767,exchangeable_varying_sigma,0.18,fixed,0.18,0.18,fixed,0.18,1.0,mixed,anchor_grid,500,0.3,-0.14870733266468927,0.055772530751296054,0.07857838950697961,0.013420942342881381,0.014097937467381177,0.059048622866558854,0.08551018079271136,0.009110284768583554,0.012682647991000188,0.7122437864187856,0.9649269388973345,0.14870733266468927,
5000,base5,12,135,1,,3230.5316905230284,exchangeable_varying_sigma,0.18,fixed,0.18,0.18,fixed,0.18,1.0,mixed,anchor_grid,500,0.6,-0.2986215878916376,0.0556528596062275,0.07845858099629985,0.013746966360619256,0.014729168420509012,0.058230228209688914,0.0850714334337198,0.009585904369830978,0.013367196788830941,0.7089079927892498,0.9603848886423318,0.2986215878916376,
5000,base5,12,135,1,,3295.8445533489576,exchangeable_varying_sigma,0.18,fixed,0.18,0.18,fixed,0.18,1.0,mixed,anchor_grid,500,0.9,-0.4461355050015941,0.055524952163629245,0.0783553620736701,0.013997236820763606,0.01526780828681823,0.05667744083776048,0.08423309285975561,0.009498678920178277,0.013682357960177749,0.7048350174146973,0.9541718477756744,0.4461355050015941,
2000,base2,14,137,1,,1182.7657887979876,exchangeable_varying_sigma,0.18,fixed,0.18,0.18,fixed,0.18,1.0,sin,anchor_grid,500,0.3,-0.038162440249547847,0.03392696045095595,0.045732383506952995,0.011550066836562164,0.013235656758718474,0.03327710308656597,0.04506572311852846,0.013280892609661227,0.017267419496519765,0.23019306433679435,0.25360588891563784,0.038162440249547847,
2000,base2,14,137,1,,1340.1589408610016,exchangeable_varying_sigma,0.18,fixed,0.18,0.18,fixed,0.18,1.0,sin,anchor_grid,500,0.0,-0.009616452322050075,0.03643092051550748,0.04861792757062094,0.008788640608416026,0.012188272371881368,0.03654583582558621,0.048773770659713694,0.010853508947973073,0.014761674323877918,0.24431513766530505,0.26316356537550917,0.009616452322050075,
5000,base3,13,136,1,,3044.7774171560304,exchangeable_varying_sigma,0.18,fixed,0.18,0.18,fixed,0.18,1.0,sin2,anchor_grid,500,0.3,-0.10311762259477975,0.039883219637361175,0.04968505167176329,0.008993148702365825,0.009129999665593094,0.04119968012164717,0.05154382277024101,0.006926851812758969,0.007496671561053991,0.2674505793609828,0.30371328194422376,0.10311762259477975,
2000,base2,14,137,1,,1220.4787817840697,exchangeable_varying_sigma,0.18,fixed,0.18,0.18,fixed,0.18,1.0,sin,anchor_grid,500,0.6,-0.11016165617055906,0.03376867775290291,0.04546129023784008,0.011454823237889655,0.013392489448534682,0.030234458772885567,0.04098746773879621,0.014481422813187358,0.019239744416244816,0.2254504055098274,0.24886966530029214,0.11016165617055906,
5000,base3,13,136,1,,3217.342622200027,exchangeable_varying_sigma,0.18,fixed,0.18,0.18,fixed,0.18,1.0,sin2,anchor_grid,500,0.0,-0.0003419762001635009,0.040803279611187696,0.050914013064700316,0.00889300720812794,0.009667912212532562,0.04233166401697991,0.05301364944671277,0.008536172782305562,0.009484082579125508,0.2598290246760978,0.2969134192909333,0.0003419762001635009,
5000,base3,13,136,1,,3256.8751790811075,exchangeable_varying_sigma,0.18,fixed,0.18,0.18,fixed,0.18,1.0,sin2,anchor_grid,500,0.9,-0.31946056739061834,0.03968959494265626,0.049616101238851566,0.012425544857802368,0.0126584757530689,0.03910877865384111,0.049788566195507554,0.010037146834674604,0.011023773217231175,0.27087061555240005,0.3066188318009648,0.31946056739061834,
2000,base2,14,137,1,,1290.7699393469375,exchangeable_varying_sigma,0.18,fixed,0.18,0.18,fixed,0.18,1.0,sin,anchor_grid,500,0.9,-0.18655559125332588,0.03368495258929955,0.04526688382108665,0.010884208501923648,0.013100839512081906,0.0231449830804397,0.031404869586113,0.014997413477129476,0.020309322233606115,0.21965813178307844,0.24355631310126843,0.18655559125332588,
5000,base3,13,136,1,,3658.866540665971,exchangeable_varying_sigma,0.18,fixed,0.18,0.18,fixed,0.18,1.0,sin2,anchor_grid,500,0.6,-0.21104918635430164,0.03979639489129562,0.04964184590935165,0.010562013230156223,0.010741632705200213,0.04046091571772347,0.05088747788419064,0.008087249449455033,0.008845389302216336,0.26909889707123713,0.30517136338518175,0.21104918635430164,
2000,base4,14,137,1,,1273.1138379479526,exchangeable_varying_sigma,0.18,fixed,0.18,0.18,fixed,0.18,1.0,mixed,anchor_grid,500,0.0,0.004464220400188569,0.03470434127653634,0.0481947052033632,0.011646281982545859,0.017250299777226828,0.034714754400759947,0.04823008393207131,0.011157885328017009,0.016395814048521192,0.28110529673128143,0.3138840110972498,0.004464220400188569,
2000,base4,14,137,1,,1209.52388766699,exchangeable_varying_sigma,0.18,fixed,0.18,0.18,fixed,0.18,1.0,mixed,anchor_grid,500,0.3,-0.052209946765880366,0.03318291734035652,0.046123686886276376,0.009115756462278371,0.012389000464442473,0.03226564020967553,0.045075833419450546,0.009303404842899321,0.013492761791200845,0.26998951757760276,0.3062624561437592,0.052209946765880366,
5000,base5,13,136,1,,3167.9960820330307,exchangeable_varying_sigma,0.18,fixed,0.18,0.18,fixed,0.18,1.0,mixed,anchor_grid,500,0.0,0.008188563177913007,0.05506598771883951,0.0781104334292019,0.010843690109322818,0.018588186529373232,0.05843481933415159,0.08486256740985441,0.011562601218449264,0.01776155700663046,0.7288511137953669,0.9687558971692872,0.008188563177913007,
2000,base4,14,137,1,,1235.0979794809828,exchangeable_varying_sigma,0.18,fixed,0.18,0.18,fixed,0.18,1.0,mixed,anchor_grid,500,0.6,-0.11896502197515763,0.033204034969642755,0.04595914003144802,0.00916061301603463,0.012819819950738371,0.028878426024974847,0.04059781823830971,0.010514741853766718,0.01548469257366539,0.26735077385305583,0.3050207828662862,0.11896502197515763,
5000,base5,13,136,1,,3161.914400010952,exchangeable_varying_sigma,0.18,fixed,0.18,0.18,fixed,0.18,1.0,mixed,anchor_grid,500,0.3,-0.148233570549091,0.054477140464800365,0.07750813256181928,0.016828214607677777,0.017483547062599955,0.057556611518211974,0.08405237651332083,0.01323290773584454,0.015117311009774193,0.7438266222426754,0.9877696258659866,0.148233570549091,
5000,base5,13,136,1,,3211.960944083985,exchangeable_varying_sigma,0.18,fixed,0.18,0.18,fixed,0.18,1.0,mixed,anchor_grid,500,0.6,-0.3024536777489518,0.05452065436389465,0.07754809271664403,0.018220750027670263,0.01883334078685422,0.05669220504929015,0.08344739068559105,0.013818172809429569,0.01640773310895779,0.7486825457767275,0.9919050372526134,0.3024536777489518,
5000,base5,13,136,1,,3227.8492431429913,exchangeable_varying_sigma,0.18,fixed,0.18,0.18,fixed,0.18,1.0,mixed,anchor_grid,500,0.9,-0.4581951164050561,0.05456390602387509,0.07761403981779806,0.019903328683478244,0.020557015418264026,0.05512464084610253,0.08248357567127712,0.01485180515208434,0.01827096430978171,0.754141865014323,0.9973007714023681,0.4581951164050561,
2000,base4,14,137,1,,1626.0211931020021,exchangeable_varying_sigma,0.18,fixed,0.18,0.18,fixed,0.18,1.0,mixed,anchor_grid,500,0.9,-0.1885173964446798,0.033201642511475005,0.045904604877958395,0.008714263358904004,0.01281708367991712,0.020572102203367457,0.029615930756242113,0.011090719163302648,0.016608986888230468,0.2636987491439522,0.30313030680926,0.1885173964446798,
2000,base5,14,137,1,,1246.5897737680934,exchangeable_varying_sigma,0.18,fixed,0.18,0.18,fixed,0.18,1.0,mixed,anchor_grid,500,0.0,0.0018806732011683292,0.06550078755666973,0.08956269701968722,0.01048059160871384,0.013373853155985065,0.06868031540593447,0.09535841253231915,0.011323542736622144,0.0149179639593933,0.47539670124036143,0.6511612380228377,0.0018806732011683292,
2000,base5,14,137,1,,1175.0821633669548,exchangeable_varying_sigma,0.18,fixed,0.18,0.18,fixed,0.18,1.0,mixed,anchor_grid,500,0.3,-0.1532858967200993,0.06473786393916232,0.08786491012534212,0.018983921906176662,0.023551593834256992,0.06725112611715385,0.09314717475320114,0.015166981151168199,0.02305732372921342,0.47920103758179045,0.6459305898790143,0.1532858967200993,
5000,base2,14,137,1,,3126.806150845019,exchangeable_varying_sigma,0.18,fixed,0.18,0.18,fixed,0.18,1.0,sin,anchor_grid,500,0.3,-0.04823775755677934,0.022052607795210635,0.028535261555664073,0.007541402537205616,0.008512386638298102,0.0214924016749051,0.02782804881137186,0.007679822628981092,0.008418980907920308,0.0801028837222815,0.09502798932471165,0.04823775755677934,
5000,base2,14,137,1,,3057.7730044340715,exchangeable_varying_sigma,0.18,fixed,0.18,0.18,fixed,0.18,1.0,sin,anchor_grid,500,0.9,-0.10994794728117918,0.022301483797540197,0.02860313801004293,0.009476814729201727,0.0105832046529385,0.015214985071451668,0.019693867345345284,0.009703479243721863,0.011001779656696027,0.08691314577986564,0.10483099169353093,0.10994794728117918,
2000,base5,14,137,1,,1327.7258199329954,exchangeable_varying_sigma,0.18,fixed,0.18,0.18,fixed,0.18,1.0,mixed,anchor_grid,500,0.6,-0.3233316905426041,0.06479506866615949,0.08769084781949138,0.019028778459933574,0.023943688923915924,0.06585746496367449,0.09169488739302224,0.01638210036666081,0.024597553757538356,0.4804644852415191,0.6499460356894059,0.3233316905426041,
5000,base2,14,137,1,,3186.9893911349354,exchangeable_varying_sigma,0.18,fixed,0.18,0.18,fixed,0.18,1.0,sin,anchor_grid,500,0.6,-0.0802912994189049,0.022174031251584004,0.02856518553527948,0.00851382249604729,0.009532846060365637,0.019487127016976007,0.025177393437772394,0.008692182178890395,0.009666529863143656,0.08332664542712868,0.09955098324603182,0.0802912994189049,
5000,base2,14,137,1,,3312.494935833034,exchangeable_varying_sigma,0.18,fixed,0.18,0.18,fixed,0.18,1.0,sin,anchor_grid,500,0.0,0.007041946738800863,0.022587375805563907,0.02876310441409479,0.004417788929583388,0.005242546562839287,0.02276717095550583,0.029003450970817905,0.005193105859078576,0.005852216836960828,0.0815424608679356,0.09848888775791478,0.007041946738800863,
2000,base5,14,137,1,,1509.699024087051,exchangeable_varying_sigma,0.18,fixed,0.18,0.18,fixed,0.18,1.0,mixed,anchor_grid,500,0.9,-0.4925509907322909,0.06484886536058741,0.08756597008446709,0.018582428802801976,0.02386333460372895,0.06325794906991954,0.08924286553763756,0.017414624308124377,0.025652439454322135,0.4818482245497049,0.6539557547658207,0.4925509907322909,
2000,base3,15,138,1,,1183.1403404730372,exchangeable_varying_sigma,0.18,fixed,0.18,0.18,fixed,0.18,1.0,sin2,anchor_grid,500,0.3,-0.1331556413146618,0.047592269061506993,0.05911063111439137,0.007976872371872543,0.009260724375813219,0.048643308912935786,0.0606648930588031,0.006425914624368451,0.00668216600021135,0.13497938163509968,0.1622140441435797,0.1331556413146618,
2000,base3,15,138,1,,1348.846559506026,exchangeable_varying_sigma,0.18,fixed,0.18,0.18,fixed,0.18,1.0,sin2,anchor_grid,500,0.0,-0.002002617962670181,0.04955776642631416,0.0616994880810016,0.021959926144106162,0.02513301167826941,0.050805024357303406,0.06331456417984897,0.02298738680407164,0.0267885326750389,0.12877147695715035,0.15179327498535064,0.002002617962670181,
2000,base3,15,138,1,,1356.7400809859391,exchangeable_varying_sigma,0.18,fixed,0.18,0.18,fixed,0.18,1.0,sin2,anchor_grid,500,0.6,-0.2594103393289498,0.047490215169616205,0.05879221691603295,0.006545989634123325,0.00800415658010548,0.04750947348932323,0.059221077575440706,0.005215674408599449,0.005619182024015571,0.13854076376113283,0.1658360007743002,0.2594103393289498,
5000,base4,14,137,1,,3249.4038119229954,exchangeable_varying_sigma,0.18,fixed,0.18,0.18,fixed,0.18,1.0,mixed,anchor_grid,500,0.0,0.005481575030599413,0.01931290414032196,0.025909834358379815,0.0052092373673632425,0.0066518168637307255,0.019326152396609377,0.025913997847352578,0.004153807943619206,0.006160947275890992,0.10700118110522772,0.13069478916676047,0.005481575030599413,
5000,base4,14,137,1,,3028.1946907079546,exchangeable_varying_sigma,0.18,fixed,0.18,0.18,fixed,0.18,1.0,mixed,anchor_grid,500,0.9,-0.08707569676164828,0.019885602160286384,0.02641928819978249,0.009842117599627692,0.010343215136511192,0.010552237036609277,0.014040628914391886,0.010123109056490054,0.011411842621562487,0.11053496007141712,0.13215498307255882,0.08707569676164828,
5000,base4,14,137,1,,3254.825362502015,exchangeable_varying_sigma,0.18,fixed,0.18,0.18,fixed,0.18,1.0,mixed,anchor_grid,500,0.6,-0.06210511807847685,0.019839308000033824,0.0263111874440916,0.008824757606435113,0.009266408883850184,0.016428887054150083,0.021800430889715942,0.008922014658589023,0.009712696382669214,0.10840173861750045,0.12954013700431055,0.06210511807847685,
5000,base4,14,137,1,,3354.6472754030256,exchangeable_varying_sigma,0.18,fixed,0.18,0.18,fixed,0.18,1.0,mixed,anchor_grid,500,0.3,-0.03554611025780413,0.019761491338544046,0.026223094638330877,0.007805841367235972,0.00820827786392311,0.018959604644466534,0.025112362265869853,0.0077335095370318074,0.008179991559854917,0.1065657113109778,0.12780696819822857,0.03554611025780413,
2000,base3,15,138,1,,1498.6654697629856,exchangeable_varying_sigma,0.18,fixed,0.18,0.18,fixed,0.18,1.0,sin2,anchor_grid,500,0.9,-0.38542446418413145,0.047349122742277344,0.05846716751304829,0.005436955592906079,0.0066682449849757896,0.04516497581320885,0.05656804715916379,0.0032751576403806243,0.004239810956485799,0.14318536560525688,0.17043009923055116,0.38542446418413145,
5000,base5,14,137,1,,3004.3020052190404,exchangeable_varying_sigma,0.18,fixed,0.18,0.18,fixed,0.18,1.0,mixed,anchor_grid,500,0.3,-0.1498330601876844,0.05545721925047649,0.07758762358819189,0.017560429240038727,0.020562892304531316,0.058432218991590415,0.08398591924652227,0.016366085002242126,0.01766220579315004,0.6556240592058049,0.8971142070289085,0.1498330601876844,
2000,base5,15,138,1,,1302.7267261439702,exchangeable_varying_sigma,0.18,fixed,0.18,0.18,fixed,0.18,1.0,mixed,anchor_grid,500,0.0,-0.03380043564203653,0.06777960847953782,0.09136634119745095,0.013091069215314013,0.0157048513556091,0.07147736450383776,0.09777043612855867,0.01309097315117988,0.01437859943107334,0.5568378544640769,0.7614652037840206,0.03380043564203653,
2000,base5,15,138,1,,1251.2367469089804,exchangeable_varying_sigma,0.18,fixed,0.18,0.18,fixed,0.18,1.0,mixed,anchor_grid,500,0.3,-0.23163424637833932,0.06635302753856565,0.09072506958257862,0.02122183590184229,0.023396680372206883,0.06942422381387922,0.09654654561426583,0.017869771383313554,0.01916007406127166,0.5184207965117078,0.687645629230706,0.23163424637833932,
5000,base5,14,137,1,,3173.9381018449785,exchangeable_varying_sigma,0.18,fixed,0.18,0.18,fixed,0.18,1.0,mixed,anchor_grid,500,0.0,0.012032782389158883,0.05522394517989865,0.07765383230806955,0.0069312103703834255,0.008957866668015796,0.05869589578083176,0.08462351005847923,0.007327511097480061,0.008439499826669979,0.6651669983698152,0.9114252114281015,0.012032782389158883,
2000,base5,15,138,1,,1324.5699731699424,exchangeable_varying_sigma,0.18,fixed,0.18,0.18,fixed,0.18,1.0,mixed,anchor_grid,500,0.6,-0.39904244943220846,0.06626740060900214,0.09062996116555601,0.02301229812113531,0.025163798599431093,0.06824262838418038,0.09538553854441699,0.018550311675516004,0.01970237452948162,0.517734610316812,0.683222868622619,0.39904244943220846,
5000,base5,14,137,1,,3200.9505546389846,exchangeable_varying_sigma,0.18,fixed,0.18,0.18,fixed,0.18,1.0,mixed,anchor_grid,500,0.9,-0.4558443610852481,0.055558544212107215,0.07766128051579506,0.019596705472430198,0.02203452034924203,0.05591590728984498,0.08228533047005716,0.018133286956093037,0.01888822198104793,0.6539100100147731,0.8914807647040865,0.4558443610852481,
5000,base5,14,137,1,,3296.8094027279876,exchangeable_varying_sigma,0.18,fixed,0.18,0.18,fixed,0.18,1.0,mixed,anchor_grid,500,0.6,-0.3026827453560748,0.05552859257669361,0.07762273275297603,0.018579345479242004,0.021310447393843943,0.05753737645930536,0.08332519471886216,0.017281104750087845,0.018295179673893193,0.6541386228104336,0.8936749593706107,0.3026827453560748,
2000,base5,15,138,1,,1235.1625920980005,exchangeable_varying_sigma,0.18,fixed,0.18,0.18,fixed,0.18,1.0,mixed,anchor_grid,500,0.9,-0.5628246845226657,0.06624761990238819,0.09058441187631075,0.02524402495060954,0.027587576814396823,0.06594649490608,0.0932927481147201,0.01917251687568272,0.020793828988668585,0.5173005035607217,0.6792353767662891,0.5628246845226657,
2000,base2,16,139,1,,1263.913181668031,exchangeable_varying_sigma,0.18,fixed,0.18,0.18,fixed,0.18,1.0,sin,anchor_grid,500,0.0,0.02856654040439608,0.035824370464230475,0.047734538195820304,0.03710708231676357,0.04480657083999391,0.03599969827703904,0.04812571752507438,0.03929659665663682,0.045631647521722704,0.2135773382011727,0.23230243245961443,0.02856654040439608,
2000,base2,16,139,1,,1218.1592135520186,exchangeable_varying_sigma,0.18,fixed,0.18,0.18,fixed,0.18,1.0,sin,anchor_grid,500,0.3,-0.08304572994833748,0.036179661921124415,0.049300560085793366,0.02897739797965984,0.0378615525881405,0.035445065845534945,0.048467117497510495,0.027140030865392406,0.035564655459559,0.20351003234687998,0.2223923676682471,0.08304572994833748,
5000,base3,15,138,1,,2981.5186847209698,exchangeable_varying_sigma,0.18,fixed,0.18,0.18,fixed,0.18,1.0,sin2,anchor_grid,500,0.9,-0.3426183516575537,0.041205672317012006,0.05118641913798487,0.013570280772661147,0.01586980326229954,0.040420140164541395,0.0506690485065781,0.013579999578705149,0.01603461352076217,0.24027924616186547,0.2726657878975623,0.3426183516575537,
2000,base2,16,139,1,,1237.507292199065,exchangeable_varying_sigma,0.18,fixed,0.18,0.18,fixed,0.18,1.0,sin,anchor_grid,500,0.6,-0.14851676427452776,0.03626238141024245,0.049361583787627755,0.0321791733119893,0.041841551546253394,0.03240317559880614,0.04434295193105565,0.029605236979632216,0.03745132048762434,0.20531344216666883,0.2219736894289733,0.14851676427452776,
5000,base3,15,138,1,,3166.558763802983,exchangeable_varying_sigma,0.18,fixed,0.18,0.18,fixed,0.18,1.0,sin2,anchor_grid,500,0.3,-0.13179269152256323,0.041128963764340803,0.0509498299640939,0.013106308504526043,0.014712940050668737,0.04250350430271708,0.05270169054822869,0.013205704492967207,0.01496529056442209,0.2461915946489099,0.28049215393444865,0.13179269152256323,
5000,base3,15,138,1,,3348.3897375580855,exchangeable_varying_sigma,0.18,fixed,0.18,0.18,fixed,0.18,1.0,sin2,anchor_grid,500,0.0,-0.009171114996815818,0.04105752400249019,0.050685879190338776,0.0190784344216159,0.021089534519642687,0.042804729329443916,0.05299377314593787,0.016196689479751947,0.017400171770125775,0.2535335865316696,0.2927676814677063,0.009171114996815818,
2000,base2,16,139,1,,1461.8049311469076,exchangeable_varying_sigma,0.18,fixed,0.18,0.18,fixed,0.18,1.0,sin,anchor_grid,500,0.9,-0.21211261070629783,0.03631652311599288,0.049332293175976906,0.03514109608245958,0.04541640345758163,0.02541510321127085,0.03475674903180715,0.03134281794115827,0.038126992319790984,0.20722180405988036,0.22165658924547912,0.21211261070629783,
5000,base3,15,138,1,,3424.1401249699993,exchangeable_varying_sigma,0.18,fixed,0.18,0.18,fixed,0.18,1.0,sin2,anchor_grid,500,0.6,-0.23805131440898047,0.04115773284999305,0.05105232773085268,0.013427507360937563,0.015332492693043608,0.04180505796009939,0.05194604405279046,0.013661909800603278,0.01568230753170588,0.24302664823291115,0.27649119143570977,0.23805131440898047,
2000,base4,16,139,1,,1206.593371672905,exchangeable_varying_sigma,0.18,fixed,0.18,0.18,fixed,0.18,1.0,mixed,anchor_grid,500,0.0,0.028929001963788878,0.03440486442146589,0.04807537067893773,0.037287131846767324,0.04524255275673442,0.034537340584273685,0.048346213880409765,0.038093798689386144,0.045839281764454794,0.24748742758736703,0.2802276775294523,0.028929001963788878,
2000,base4,16,139,1,,1188.1787738980493,exchangeable_varying_sigma,0.18,fixed,0.18,0.18,fixed,0.18,1.0,mixed,anchor_grid,500,0.3,-0.07595624582703897,0.03417871294053328,0.04928455052294433,0.02886293550130173,0.03797312498106611,0.03313445777342458,0.04812783467351124,0.028738189444284273,0.03581976934832556,0.2438191240088267,0.2841926498195478,0.07595624582703897,
5000,base5,15,138,1,,3098.173065342009,exchangeable_varying_sigma,0.18,fixed,0.18,0.18,fixed,0.18,1.0,mixed,anchor_grid,500,0.0,0.0068715524926205,0.057869911303115404,0.08136689635100634,0.015556217331215899,0.018640273245053504,0.06156696544764933,0.08856760482929601,0.014016671423249152,0.017093768146986838,0.7254610021980021,0.9812196929767661,0.0068715524926205,
5000,base5,15,138,1,,3188.5273305090377,exchangeable_varying_sigma,0.18,fixed,0.18,0.18,fixed,0.18,1.0,mixed,anchor_grid,500,0.3,-0.15157227416494753,0.057248716390594534,0.08040167470842798,0.011202310302415697,0.014291992927146925,0.060687217370733126,0.08754799782982746,0.010878987133047802,0.012133605540269246,0.7509503410321058,1.0029182233223681,0.15157227416494753,
2000,base4,16,139,1,,1187.4261325420812,exchangeable_varying_sigma,0.18,fixed,0.18,0.18,fixed,0.18,1.0,mixed,anchor_grid,500,0.9,-0.19427516971176761,0.034697543786100446,0.049452527755802694,0.034240612765850234,0.045658910637884166,0.02143300111771587,0.032617777182657216,0.032269540278762526,0.038097662111474195,0.2462104786704983,0.2806503038855948,0.19427516971176761,
5000,base5,15,138,1,,3164.641005277983,exchangeable_varying_sigma,0.18,fixed,0.18,0.18,fixed,0.18,1.0,mixed,anchor_grid,500,0.9,-0.4693552685212089,0.057075786966209206,0.08015893921074059,0.010736238101903606,0.014579858790395906,0.058105627554562216,0.08589942622766655,0.010585598117194256,0.012638838917882068,0.7577418078764327,1.0102829185485798,0.4693552685212089,
2000,base4,16,139,1,,1256.3474687230773,exchangeable_varying_sigma,0.18,fixed,0.18,0.18,fixed,0.18,1.0,mixed,anchor_grid,500,0.6,-0.13603505492178614,0.03438506748828688,0.049407251582233455,0.03173311764659767,0.042022607161771725,0.029703127233194876,0.04361604870633952,0.031059000993523697,0.03771205834631157,0.24510664201316268,0.2828436099765079,0.13603505492178614,
5000,base5,15,138,1,,3501.0885815839283,exchangeable_varying_sigma,0.18,fixed,0.18,0.18,fixed,0.18,1.0,mixed,anchor_grid,500,0.6,-0.3091439903903307,0.057190268350970845,0.0802990215037091,0.011057856193801924,0.014444457403369507,0.05981494948766301,0.08696965686138791,0.011006487533373105,0.012559054213060803,0.7534001869205241,1.0055469388126639,0.3091439903903307,
2000,base5,16,139,1,,1218.1380395609885,exchangeable_varying_sigma,0.18,fixed,0.18,0.18,fixed,0.18,1.0,mixed,anchor_grid,500,0.0,0.019937401275611243,0.06742211034046192,0.0904731494813974,0.029946156257904977,0.03443703722915946,0.07198492975363174,0.09785085086537501,0.04046454620658721,0.04364029110557993,0.6183536800210442,0.8535972728512576,0.019937401275611243,
2000,base5,16,139,1,,1193.63015004294,exchangeable_varying_sigma,0.18,fixed,0.18,0.18,fixed,0.18,1.0,mixed,anchor_grid,500,0.3,-0.19732647699977718,0.06777271504335018,0.09140693128451907,0.036883370599499005,0.049904808108597154,0.07145144412469419,0.09782439216835419,0.03590233356178016,0.044206086013474234,0.5953914776459188,0.8264692870636453,0.19732647699977718,
5000,base2,16,139,1,,3082.7902052669087,exchangeable_varying_sigma,0.18,fixed,0.18,0.18,fixed,0.18,1.0,sin,anchor_grid,500,0.0,0.007185530502171238,0.022967040818260703,0.029799020367960696,0.012706495242236313,0.015061180783300572,0.02307295799014791,0.029926828412092838,0.012647361309768679,0.015610158329616368,0.07009858054599313,0.08991973064861396,0.007185530502171238,
2000,base5,16,139,1,,1372.6090348500293,exchangeable_varying_sigma,0.18,fixed,0.18,0.18,fixed,0.18,1.0,mixed,anchor_grid,500,0.6,-0.37279332233555607,0.06768261574504938,0.09124692366624022,0.040033176534050585,0.05394786622835301,0.07006790328539554,0.09639526701026947,0.038807271042822666,0.04711837498185233,0.5867060757793066,0.8183399645974683,0.37279332233555607,
5000,base2,16,139,1,,3115.4759589110035,exchangeable_varying_sigma,0.18,fixed,0.18,0.18,fixed,0.18,1.0,sin,anchor_grid,500,0.3,-0.046118551783234984,0.023253033767775873,0.029743531153377644,0.00697596965265368,0.00934026426212089,0.02272169269291291,0.029012349797293408,0.0063334300550035305,0.009379261081245906,0.059701326342681,0.07783167274184857,0.046118551783234984,
5000,base2,16,139,1,,3116.897544309031,exchangeable_varying_sigma,0.18,fixed,0.18,0.18,fixed,0.18,1.0,sin,anchor_grid,500,0.6,-0.08161428569278684,0.023226023231389368,0.02983883794126779,0.00826090167367488,0.01092567017715002,0.02064267741319962,0.02633135936022831,0.007116623657081295,0.010679291474370797,0.061915855859429804,0.08060440727109594,0.08161428569278684,
5000,base2,16,139,1,,3152.585272522061,exchangeable_varying_sigma,0.18,fixed,0.18,0.18,fixed,0.18,1.0,sin,anchor_grid,500,0.9,-0.11622698756911387,0.023106981209254633,0.02990055944360233,0.009616735265060627,0.012581021332456492,0.01611226833847867,0.02067851493350584,0.00863845941019542,0.012211855516518873,0.06473480282617164,0.08381135357792276,0.11622698756911387,
2000,base5,16,139,1,,1459.0609404370189,exchangeable_varying_sigma,0.18,fixed,0.18,0.18,fixed,0.18,1.0,mixed,anchor_grid,500,0.9,-0.5457346615265561,0.06759484282291064,0.09093681115643897,0.04295974060895216,0.057577150804616214,0.06739758430247342,0.09363029528565613,0.04119384312943701,0.04930492024452028,0.5761174805271092,0.8058839422558195,0.5457346615265561,
2000,base3,17,140,1,,1052.198971644044,exchangeable_varying_sigma,0.18,fixed,0.18,0.18,fixed,0.18,1.0,sin2,anchor_grid,500,0.6,-0.3141184174725211,0.04707499655823198,0.058817287375745854,0.022186229911618338,0.02698247933473501,0.04750586996386323,0.05932952961447272,0.025295263010295332,0.02967793119841791,0.11910211309041142,0.13617277526877172,0.3141184174725211,
2000,base3,17,140,1,,1164.7149869690184,exchangeable_varying_sigma,0.18,fixed,0.18,0.18,fixed,0.18,1.0,sin2,anchor_grid,500,0.3,-0.18869820857937458,0.04742829369579264,0.05911290872741691,0.019355887135006355,0.024230635004182214,0.04878106183050793,0.06082897398773071,0.023254621907592393,0.027514169867348535,0.11844491381186184,0.13676739465831764,0.18869820857937458,
2000,base3,17,140,1,,1282.9681550380774,exchangeable_varying_sigma,0.18,fixed,0.18,0.18,fixed,0.18,1.0,sin2,anchor_grid,500,0.0,-0.026967373363661527,0.04814777775176907,0.060769797612348915,0.018247978886822613,0.020143606805816207,0.04966401704504744,0.06265929926007263,0.011962709278451195,0.015098577800582942,0.12655994576139598,0.14585801134033008,0.026967373363661527,
5000,base4,16,139,1,,3082.8200733429985,exchangeable_varying_sigma,0.18,fixed,0.18,0.18,fixed,0.18,1.0,mixed,anchor_grid,500,0.0,0.003912903376723769,0.02021457715254181,0.027281797352444275,0.010437805397829389,0.01365481228843136,0.020222631518998453,0.027283184002268777,0.011633479023282697,0.014278655894197167,0.10599614764193131,0.1277380775969562,0.003912903376723769,
5000,base4,16,139,1,,3165.3858890830306,exchangeable_varying_sigma,0.18,fixed,0.18,0.18,fixed,0.18,1.0,mixed,anchor_grid,500,0.3,-0.04202467845229141,0.018966281001651118,0.025819513630591595,0.008135934791850513,0.010871289943398428,0.01826718541051252,0.024678624686366193,0.008303246481287996,0.010943635421848206,0.09874414002588132,0.11713665818680394,0.04202467845229141,
5000,base4,16,139,1,,3177.1509253369877,exchangeable_varying_sigma,0.18,fixed,0.18,0.18,fixed,0.18,1.0,mixed,anchor_grid,500,0.6,-0.0677785870323605,0.01902128434145274,0.025934300207032104,0.009423526866815218,0.012467078872325956,0.015904937355632264,0.021359978371827577,0.009506060825780843,0.012200207237263812,0.10178280182372311,0.1207330997272959,0.0677785870323605,
5000,base4,16,139,1,,3116.437928756932,exchangeable_varying_sigma,0.18,fixed,0.18,0.18,fixed,0.18,1.0,mixed,anchor_grid,500,0.9,-0.091733449033638,0.019152103942771996,0.026055141594902898,0.010792773364197955,0.014131444635323915,0.010338072511898229,0.01368636206649546,0.011021965811546935,0.013667225075674243,0.10482083277641523,0.12444918268632409,0.091733449033638,
2000,base3,17,140,1,,1489.0879031349905,exchangeable_varying_sigma,0.18,fixed,0.18,0.18,fixed,0.18,1.0,sin2,anchor_grid,500,0.9,-0.4342028429709673,0.04671134432474831,0.0585012340360679,0.024944923228705465,0.029463434021365868,0.04493043575564416,0.05653628790822998,0.02639819174382213,0.03088554820892437,0.12042635018589323,0.1373140133821008,0.4342028429709673,
2000,base5,17,140,1,,1245.4850619020872,exchangeable_varying_sigma,0.18,fixed,0.18,0.18,fixed,0.18,1.0,mixed,anchor_grid,500,0.0,0.027044620011467232,0.0643839360897526,0.08699772701756779,0.00991700903658052,0.011254758414216203,0.06818895933697502,0.09387242137683158,0.009933930541596275,0.01165938413495614,0.5045610488908664,0.6958081958516877,0.027044620011467232,
2000,base5,17,140,1,,1182.0078325010836,exchangeable_varying_sigma,0.18,fixed,0.18,0.18,fixed,0.18,1.0,mixed,anchor_grid,500,0.6,-0.35344251852808356,0.06459565372106986,0.08839231469215114,0.03844581484690676,0.04473364706914876,0.06703523533310479,0.09422834034889754,0.040448756888094545,0.04451119229257215,0.46230990370266717,0.6316698630554658,0.35344251852808356,
2000,base5,17,140,1,,1411.331515729893,exchangeable_varying_sigma,0.18,fixed,0.18,0.18,fixed,0.18,1.0,mixed,anchor_grid,500,0.3,-0.181390622164983,0.06500571491432973,0.08867534354052144,0.03652898102323876,0.04184463533504784,0.06836365016412946,0.09524087725675445,0.03796179092438445,0.04167989815405876,0.4658763086596475,0.6354943228772003,0.181390622164983,
5000,base5,16,139,1,,3185.019123197999,exchangeable_varying_sigma,0.18,fixed,0.18,0.18,fixed,0.18,1.0,mixed,anchor_grid,500,0.3,-0.16662007187534544,0.05687113511779882,0.08003674145610713,0.010656221253897813,0.011365441799634656,0.060063008277276266,0.0867702862054889,0.010347788725043633,0.01185379249775356,0.7184385913835079,0.9714849476121707,0.16662007187534544,
5000,base5,16,139,1,,3247.539831719012,exchangeable_varying_sigma,0.18,fixed,0.18,0.18,fixed,0.18,1.0,mixed,anchor_grid,500,0.0,0.004868541301599799,0.05703516176808195,0.07960983551701313,0.014037522406800076,0.018339345825844556,0.06045656664346974,0.08643796845202242,0.015649931011906232,0.019761192869118517,0.7270334383563036,0.9719986781009899,0.004868541301599799,
5000,base5,16,139,1,,3195.705561678973,exchangeable_varying_sigma,0.18,fixed,0.18,0.18,fixed,0.18,1.0,mixed,anchor_grid,500,0.6,-0.3230636353372821,0.05678348716627713,0.07997952538287588,0.011943813328861658,0.012669616374657407,0.05918444936956892,0.08606133475845261,0.01141390935878464,0.01334702138864686,0.7163328305229714,0.9678343528143386,0.3230636353372821,
5000,base5,16,139,1,,3211.3540510149905,exchangeable_varying_sigma,0.18,fixed,0.18,0.18,fixed,0.18,1.0,mixed,anchor_grid,500,0.9,-0.47971900468858036,0.05660086535250151,0.07985244086642014,0.013313059826245172,0.014112490309902411,0.05743417637792653,0.08477323970752228,0.012681425876633012,0.015026364857469533,0.7139122991328999,0.9625732691770842,0.47971900468858036,
2000,base5,17,140,1,,1405.1181488529546,exchangeable_varying_sigma,0.18,fixed,0.18,0.18,fixed,0.18,1.0,mixed,anchor_grid,500,0.9,-0.5247263956355114,0.0641766137767662,0.0881236918347757,0.03966222915534276,0.0471004142442264,0.06445822676351805,0.09234041561644328,0.04185983222029768,0.04632168519109287,0.4608159563950566,0.6310784037681607,0.5247263956355114,
5000,base3,17,140,1,,2920.79184943391,exchangeable_varying_sigma,0.18,fixed,0.18,0.18,fixed,0.18,1.0,sin2,anchor_grid,500,0.0,-0.017303672472517587,0.04058658074406029,0.05037181617350503,0.00843530857130112,0.010967951631819474,0.04209338988927294,0.05240665140470151,0.010291582018903053,0.012709688316773804,0.2249344571339552,0.2594369044869727,0.017303672472517587,
2000,base2,18,141,1,,1292.7179882531054,exchangeable_varying_sigma,0.18,fixed,0.18,0.18,fixed,0.18,1.0,sin,anchor_grid,500,0.0,0.021389222866131503,0.034683298156400026,0.04599465222267558,0.02647071819162658,0.03084631134014407,0.03489833955685247,0.04642423373274529,0.024286313133960027,0.027318318586333042,0.20826861085028822,0.2345034493180447,0.021389222866131503,
2000,base2,18,141,1,,1283.504165186081,exchangeable_varying_sigma,0.18,fixed,0.18,0.18,fixed,0.18,1.0,sin,anchor_grid,500,0.3,-0.029713425450149045,0.03473240422342138,0.04565030877048684,0.020255619891866694,0.024283704429307402,0.03401067271487749,0.04485019180073747,0.016567206202139764,0.020951193499149052,0.19630496464640385,0.22779890284000343,0.029713425450149045,
2000,base2,18,141,1,,1333.2248001480475,exchangeable_varying_sigma,0.18,fixed,0.18,0.18,fixed,0.18,1.0,sin,anchor_grid,500,0.6,-0.10493920972149606,0.03473004001873624,0.045828697979131125,0.02181105993751506,0.026385597866481966,0.030889378996267938,0.0409256971621487,0.016735279696064406,0.02129889322685081,0.18992991205174928,0.22349545045790714,0.10493920972149606,
5000,base3,17,140,1,,3382.939833792043,exchangeable_varying_sigma,0.18,fixed,0.18,0.18,fixed,0.18,1.0,sin2,anchor_grid,500,0.3,-0.11103293674761344,0.03994254096424413,0.049302676274622724,0.00719178042337533,0.008002405193233475,0.04133535465986391,0.05125510851814234,0.007082583284087118,0.008265080450172482,0.23360461155167409,0.26920832955286284,0.11103293674761344,
2000,base2,18,141,1,,1456.9914658629568,exchangeable_varying_sigma,0.18,fixed,0.18,0.18,fixed,0.18,1.0,sin,anchor_grid,500,0.9,-0.18362974431694457,0.03478995661310061,0.04622136506674545,0.02290070315555484,0.028046664098095055,0.023804622389346847,0.03182201908313754,0.018083228982793464,0.021288852899747423,0.18539573758044828,0.22099125238344086,0.18362974431694457,
5000,base3,17,140,1,,3487.0987918521278,exchangeable_varying_sigma,0.18,fixed,0.18,0.18,fixed,0.18,1.0,sin2,anchor_grid,500,0.6,-0.21704250780083384,0.04005594428513661,0.049473490390884764,0.007996417575187417,0.008765833609862616,0.040846202876433445,0.050823207952819874,0.007465045096298237,0.008664030206807697,0.2320573117759801,0.26653142684694175,0.21704250780083384,
5000,base3,17,140,1,,3493.9551232111407,exchangeable_varying_sigma,0.18,fixed,0.18,0.18,fixed,0.18,1.0,sin2,anchor_grid,500,0.9,-0.32052934044200465,0.04021868449124795,0.04978303363480989,0.008745988054409154,0.009533793196497121,0.0398557396077123,0.05010493545265561,0.007760834908146649,0.008990836938577752,0.2299516239335855,0.2631163941769012,0.32052934044200465,
2000,base4,18,141,1,,1327.0033467600588,exchangeable_varying_sigma,0.18,fixed,0.18,0.18,fixed,0.18,1.0,mixed,anchor_grid,500,0.0,0.028458140199625254,0.033237683165960055,0.046136926078901214,0.022378832077223715,0.026288755030522706,0.03331942906941202,0.046355435082974905,0.02265515695037698,0.026448558361186026,0.24965722318483097,0.2938182960322388,0.028458140199625254,
2000,base4,18,141,1,,1369.408974149963,exchangeable_varying_sigma,0.18,fixed,0.18,0.18,fixed,0.18,1.0,mixed,anchor_grid,500,0.3,-0.03121953299312291,0.03331805809669234,0.045838232704589164,0.020510610691015396,0.0259738594200752,0.032364848934617774,0.044770870560811124,0.019490693848753904,0.024457814124981558,0.23556999011943747,0.2846822861909263,0.03121953299312291,
5000,base5,17,140,1,,3123.963032608037,exchangeable_varying_sigma,0.18,fixed,0.18,0.18,fixed,0.18,1.0,mixed,anchor_grid,500,0.6,-0.30575222928363943,0.05616076326490148,0.07860662245357561,0.0068431421348598975,0.007955882885629605,0.058485324944206565,0.08498979420510441,0.009502125417683943,0.010001218660250487,0.6743734900536068,0.9136862014580256,0.30575222928363943,
5000,base5,17,140,1,,3448.760173305054,exchangeable_varying_sigma,0.18,fixed,0.18,0.18,fixed,0.18,1.0,mixed,anchor_grid,500,0.0,-0.003701799890506962,0.05533116563113689,0.07806047210131821,0.019487898772288945,0.02064656292269177,0.05876718244441224,0.0851218439748051,0.02149042699898826,0.023636577136238613,0.6530976678583147,0.8893391900025848,0.003701799890506962,
2000,base4,18,141,1,,1326.3677059349138,exchangeable_varying_sigma,0.18,fixed,0.18,0.18,fixed,0.18,1.0,mixed,anchor_grid,500,0.9,-0.17843927021874706,0.03373698401414176,0.046623402578491985,0.024338426993917944,0.02925760591062207,0.02070268741056089,0.02983220972984548,0.024086474711246253,0.027223489010048257,0.22641394809735305,0.28112377260510557,0.17843927021874706,
5000,base5,17,140,1,,3354.803255503997,exchangeable_varying_sigma,0.18,fixed,0.18,0.18,fixed,0.18,1.0,mixed,anchor_grid,500,0.3,-0.1524382510347812,0.05621773053583679,0.0787934891078634,0.0059833770588406665,0.006992859313126484,0.05936652097475421,0.08573014211943727,0.008643868222783388,0.009180060054433442,0.6699671650388079,0.9093751157556856,0.1524382510347812,
2000,base4,18,141,1,,1496.987128135981,exchangeable_varying_sigma,0.18,fixed,0.18,0.18,fixed,0.18,1.0,mixed,anchor_grid,500,0.6,-0.10313891340748449,0.03347802221442394,0.04610733384259157,0.022534670975969257,0.027848690397235785,0.02898930530650101,0.04045147541792215,0.021585022337278853,0.02585206140500365,0.22998723860023804,0.28184136030106516,0.10313891340748449,
5000,base5,17,140,1,,3355.25100262498,exchangeable_varying_sigma,0.18,fixed,0.18,0.18,fixed,0.18,1.0,mixed,anchor_grid,500,0.9,-0.46013373321550743,0.05601862891064059,0.0783158821269099,0.007833088234196955,0.009001904134466478,0.056777734023218986,0.08364907741178837,0.010130074096644112,0.010749715998694837,0.6793917113366855,0.9185865023017439,0.46013373321550743,
5000,base2,18,141,1,,2747.138812732883,exchangeable_varying_sigma,0.18,fixed,0.18,0.18,fixed,0.18,1.0,sin,anchor_grid,500,0.0,0.008292587903551933,0.022354648393725005,0.02872997005584552,0.005948387212669062,0.007494169600400198,0.02250791795502006,0.0289411096862324,0.0068636087824149455,0.008324845708493376,0.0498387708386525,0.06779986411928303,0.008292587903551933,
5000,base2,18,141,1,,3067.0908508251887,exchangeable_varying_sigma,0.18,fixed,0.18,0.18,fixed,0.18,1.0,sin,anchor_grid,500,0.6,-0.06354837956615089,0.022535992432560433,0.029066055416674143,0.006723264395317272,0.008059842970138384,0.01985576357508171,0.025341321107932517,0.00821171463464171,0.008657773546626106,0.04902956279932459,0.06807871648917128,0.06354837956615089,
2000,base5,18,141,1,,1319.8949263480026,exchangeable_varying_sigma,0.18,fixed,0.18,0.18,fixed,0.18,1.0,mixed,anchor_grid,500,0.0,0.025473727558272145,0.06779038647399663,0.09165132493010153,0.023815487833491106,0.025835354550982938,0.07127949779779999,0.09778960591225937,0.019524161910404042,0.02192932606761697,0.5225552088894861,0.7179532145736222,0.025473727558272145,
2000,base5,18,141,1,,1303.351439230144,exchangeable_varying_sigma,0.18,fixed,0.18,0.18,fixed,0.18,1.0,mixed,anchor_grid,500,0.3,-0.13826098597927414,0.06721574439177307,0.09085182768729069,0.022997059943738393,0.027592650510247986,0.07043902368692231,0.09671987207440041,0.020771282359942703,0.026574729415670618,0.5307849165965247,0.7164501904662898,0.13826098597927414,
5000,base2,18,141,1,,3264.063086332055,exchangeable_varying_sigma,0.18,fixed,0.18,0.18,fixed,0.18,1.0,sin,anchor_grid,500,0.3,-0.026972759944689673,0.022476324375450333,0.028958304281729092,0.006443095574129823,0.007353880897145597,0.021956939245798855,0.028108300884946102,0.007506627387649734,0.0079324575417047,0.05266947210489859,0.07150632468103066,0.026972759944689673,
2000,base5,18,141,1,,1294.531827320112,exchangeable_varying_sigma,0.18,fixed,0.18,0.18,fixed,0.18,1.0,mixed,anchor_grid,500,0.9,-0.49316579038979075,0.06729304948574373,0.0910033023403719,0.02495448636369503,0.030630219063862003,0.06673016043227889,0.0938466179694564,0.020826830463109902,0.027927276935159367,0.5396904560588776,0.7262923418023528,0.49316579038979075,
2000,base5,18,141,1,,1441.6386519530788,exchangeable_varying_sigma,0.18,fixed,0.18,0.18,fixed,0.18,1.0,mixed,anchor_grid,500,0.6,-0.314568723740485,0.0672199914689869,0.0908804011248454,0.024228894215929137,0.029353497641856664,0.0691744508696752,0.09569403782349521,0.020807503875735364,0.027418136373905576,0.5351922513107403,0.7210770748843541,0.314568723740485,
5000,base2,18,141,1,,3320.790563963121,exchangeable_varying_sigma,0.18,fixed,0.18,0.18,fixed,0.18,1.0,sin,anchor_grid,500,0.9,-0.10286901722609221,0.022631970931148465,0.02911704645737391,0.007289627746576821,0.008800124934466082,0.015403511734978495,0.01974356612397774,0.008654872910281844,0.009158488431421469,0.04485778168444703,0.06442633528521356,0.10286901722609221,
2000,base3,19,142,1,,1232.3746723360382,exchangeable_varying_sigma,0.18,fixed,0.18,0.18,fixed,0.18,1.0,sin2,anchor_grid,500,0.0,0.027662077581040126,0.04846215706599795,0.06060423302423638,0.024108787694458095,0.025456219775709284,0.050053158184628015,0.06256447290145156,0.023088507744765896,0.024812583195229915,0.13929927429304245,0.16796591321158866,0.027662077581040126,
2000,base3,19,142,1,,1237.32213659212,exchangeable_varying_sigma,0.18,fixed,0.18,0.18,fixed,0.18,1.0,sin2,anchor_grid,500,0.3,-0.09600146292310238,0.04988343635033872,0.06182068518139241,0.031935324042915325,0.034377378619281175,0.05077007833160879,0.0630169976844459,0.03126798536158856,0.03334910630440355,0.15075112218972342,0.18238136952959474,0.09600146292310238,
2000,base3,19,142,1,,1292.4103500039782,exchangeable_varying_sigma,0.18,fixed,0.18,0.18,fixed,0.18,1.0,sin2,anchor_grid,500,0.6,-0.2384641215118209,0.05019305975848302,0.06226024466027661,0.03469184894099739,0.037668737182162196,0.049573416078011266,0.06157008776018903,0.032654005659351726,0.03499908145686891,0.16185529084538594,0.195808525608044,0.2384641215118209,
2000,base3,19,142,1,,1295.9005000719335,exchangeable_varying_sigma,0.18,fixed,0.18,0.18,fixed,0.18,1.0,sin2,anchor_grid,500,0.9,-0.3871889365600196,0.05053978333517097,0.06268466932245108,0.03712388718702676,0.040619720708868455,0.04730057744276086,0.05896214263563068,0.033308612056630854,0.035957151847602536,0.1771703220093587,0.20987991493495048,0.3871889365600196,
5000,base4,18,141,1,,3143.0577065430116,exchangeable_varying_sigma,0.18,fixed,0.18,0.18,fixed,0.18,1.0,mixed,anchor_grid,500,0.6,-0.049959010802184456,0.019697581151451475,0.02629608290823605,0.007102250955572625,0.007852475805493727,0.01620228937224975,0.021458846855018317,0.006790141163474289,0.007340461993503221,0.07960323974897551,0.09963211683112495,0.049959010802184456,
5000,base4,18,141,1,,3435.090685684001,exchangeable_varying_sigma,0.18,fixed,0.18,0.18,fixed,0.18,1.0,mixed,anchor_grid,500,0.0,0.004140181597926742,0.01860585999077319,0.02524232796633095,0.0057423436991758114,0.007630473882308441,0.01863310944347742,0.02526876504048165,0.006546641945384513,0.00854029252097351,0.07651945436138477,0.09796438800252717,0.004140181597926742,
5000,base4,18,141,1,,3475.7553638247773,exchangeable_varying_sigma,0.18,fixed,0.18,0.18,fixed,0.18,1.0,mixed,anchor_grid,500,0.3,-0.020043855336679073,0.019594262403817155,0.026142951959251894,0.006391915583081803,0.007025157172517665,0.018743085597255862,0.024872841668059035,0.006069024635146109,0.006633629308818224,0.08296642802977697,0.10335953240467999,0.020043855336679073,
5000,base4,18,141,1,,3611.832155632088,exchangeable_varying_sigma,0.18,fixed,0.18,0.18,fixed,0.18,1.0,mixed,anchor_grid,500,0.9,-0.08269406143172109,0.01987639863225502,0.026422709826708548,0.007767312170338131,0.008715899116648256,0.010411153858972342,0.01369536812244442,0.007299292236489813,0.007998063397820327,0.07570795004739304,0.09537682928949252,0.08269406143172109,
5000,base5,18,141,1,,2919.1702552449424,exchangeable_varying_sigma,0.18,fixed,0.18,0.18,fixed,0.18,1.0,mixed,anchor_grid,500,0.0,0.013434011275961975,0.05587109285518566,0.07897494929864662,0.0054986722269296795,0.006805868041380358,0.05918465600475302,0.08563346357785372,0.004189113370104358,0.005878124653636753,0.7292797144373677,0.9694153402215034,0.013434011275961975,
5000,base5,18,141,1,,3166.1547539490275,exchangeable_varying_sigma,0.18,fixed,0.18,0.18,fixed,0.18,1.0,mixed,anchor_grid,500,0.3,-0.12316185198031246,0.05593374833822734,0.07856627789135937,0.00848686153111261,0.009621797748552033,0.05914771651304821,0.0853133896610251,0.011927191085008587,0.012124880616373958,0.7308472814884409,0.9653998589279811,0.12316185198031246,
5000,base5,18,141,1,,3168.9183801561594,exchangeable_varying_sigma,0.18,fixed,0.18,0.18,fixed,0.18,1.0,mixed,anchor_grid,500,0.9,-0.42817254048883757,0.05603799631760039,0.07855635904970179,0.008696513291186786,0.009834087953682185,0.0567077352924111,0.08406001524177396,0.013209177516426765,0.013552304899111677,0.7401287093064624,0.9760655231848002,0.42817254048883757,
2000,base5,19,142,1,,1401.5828945431858,exchangeable_varying_sigma,0.18,fixed,0.18,0.18,fixed,0.18,1.0,mixed,anchor_grid,500,0.0,-0.0024396832924126768,0.06463025167411607,0.08967048087574564,0.02569633376782271,0.026049001567044122,0.06828858881376582,0.09584070526349855,0.02319118914505852,0.023756597621100554,0.585015429455855,0.7713834077949252,0.0024396832924126768,
2000,base5,19,142,1,,1181.101240290096,exchangeable_varying_sigma,0.18,fixed,0.18,0.18,fixed,0.18,1.0,mixed,anchor_grid,500,0.6,-0.34112177435213786,0.06649486777037326,0.09124286979534464,0.049322617404675695,0.0498033452600299,0.06761083790864073,0.09506595436062419,0.04870512598815924,0.0512752060949664,0.5819596023980534,0.7440816564537568,0.34112177435213786,
5000,base5,18,141,1,,3280.07651985297,exchangeable_varying_sigma,0.18,fixed,0.18,0.18,fixed,0.18,1.0,mixed,anchor_grid,500,0.6,-0.2754543948312238,0.05599974384958008,0.07856941945253543,0.0086873820372136,0.009747941290212041,0.058307768162941497,0.08490708387533119,0.01269598487171232,0.012907279113517862,0.7351631583738903,0.9703595531135857,0.2754543948312238,
2000,base5,19,142,1,,1521.214201206807,exchangeable_varying_sigma,0.18,fixed,0.18,0.18,fixed,0.18,1.0,mixed,anchor_grid,500,0.3,-0.16087224977775244,0.06611123466652148,0.09101893948590077,0.04537103816676384,0.04565438055968441,0.06877690685644113,0.0962882631197705,0.045015400207414555,0.04752794145662215,0.5673413568002054,0.7304824302704881,0.16087224977775244,
2000,base5,19,142,1,,1383.4312827771064,exchangeable_varying_sigma,0.18,fixed,0.18,0.18,fixed,0.18,1.0,mixed,anchor_grid,500,0.9,-0.5264901371241424,0.06701576459826908,0.09142659824893015,0.05293882044290682,0.05363382358143578,0.06557265438600487,0.09287847284234678,0.05232064196192261,0.05469775311300694,0.5962065193166057,0.7589346642416633,0.5264901371241424,
5000,base3,19,142,1,,2879.8953179540113,exchangeable_varying_sigma,0.18,fixed,0.18,0.18,fixed,0.18,1.0,sin2,anchor_grid,500,0.3,-0.10229148810005653,0.04048646407436033,0.050489994862355655,0.011603433782160416,0.012496605893672828,0.041689599800310596,0.05215774125153788,0.01230232845796353,0.013180870269600454,0.24480552493002625,0.284723329897051,0.10229148810005653,
5000,base3,19,142,1,,3015.118536548922,exchangeable_varying_sigma,0.18,fixed,0.18,0.18,fixed,0.18,1.0,sin2,anchor_grid,500,0.0,0.027593707767832817,0.03990858038639663,0.049741654462892144,0.006017367493556192,0.007622647782577949,0.0412816655359205,0.05166872454293926,0.008138860532248243,0.008951032443571216,0.23974152510769672,0.27677542078181544,0.027593707767832817,
5000,base3,19,142,1,,3016.0093801298644,exchangeable_varying_sigma,0.18,fixed,0.18,0.18,fixed,0.18,1.0,sin2,anchor_grid,500,0.6,-0.21194443661402296,0.04046984715129954,0.050596636074993595,0.012291772259858974,0.013273933968522594,0.04088292469225235,0.05139238280023135,0.01322950752253485,0.014140301405619646,0.24799980385348963,0.285686621068153,0.21194443661402296,
2000,base2,20,143,1,,1284.6792654870078,exchangeable_varying_sigma,0.18,fixed,0.18,0.18,fixed,0.18,1.0,sin,anchor_grid,500,0.3,-0.044075874903105716,0.03373248477973984,0.04535671900830473,0.017411026663991067,0.017907273024530598,0.03325865422644369,0.04491756724515505,0.013653837100660218,0.015509636694352092,0.22889868975158276,0.25127683204754325,0.044075874903105716,
2000,base2,20,143,1,,1365.3467241711915,exchangeable_varying_sigma,0.18,fixed,0.18,0.18,fixed,0.18,1.0,sin,anchor_grid,500,0.0,0.012726895659340801,0.03378746789068773,0.045466772963780495,0.014752382389166901,0.015509957264587976,0.0338902511687604,0.045538721223487844,0.013771665033688374,0.0161811867699539,0.2224145287500118,0.24386697404646426,0.012726895659340801,
5000,base3,19,142,1,,3040.003054413013,exchangeable_varying_sigma,0.18,fixed,0.18,0.18,fixed,0.18,1.0,sin2,anchor_grid,500,0.9,-0.3219592563761019,0.040451561784815224,0.050744027364147085,0.012862763657033566,0.013953024582127702,0.039509224339890445,0.05020218622747949,0.013869184402131751,0.01482602385163975,0.25096899813954626,0.28605908346099007,0.3219592563761019,
2000,base2,20,143,1,,1208.3162979918998,exchangeable_varying_sigma,0.18,fixed,0.18,0.18,fixed,0.18,1.0,sin,anchor_grid,500,0.9,-0.179435274543862,0.033615487762700284,0.045473441455430495,0.01776990075907485,0.018304169179587673,0.02355455619667722,0.03238037302077342,0.012528375974238115,0.014832647869052178,0.22420311615380897,0.2436384325205554,0.179435274543862,
2000,base2,20,143,1,,1426.4751147590578,exchangeable_varying_sigma,0.18,fixed,0.18,0.18,fixed,0.18,1.0,sin,anchor_grid,500,0.6,-0.11083239653540594,0.033663438975634896,0.04539874128040124,0.0178714531586142,0.018318973295846613,0.03045521267983089,0.04139395514629345,0.013227977489114043,0.015122252195552707,0.2267432477124991,0.24756685353641691,0.11083239653540594,
5000,base5,19,142,1,,3155.6711038078647,exchangeable_varying_sigma,0.18,fixed,0.18,0.18,fixed,0.18,1.0,mixed,anchor_grid,500,0.0,0.02236249342643001,0.056536811192508536,0.08122968826760914,0.007519229062363311,0.009359235926015305,0.0598793651810799,0.08829605207993935,0.0062150790741515305,0.008078870561649234,0.734331677964751,0.985515258376568,0.02236249342643001,
2000,base4,20,143,1,,1183.7697550018784,exchangeable_varying_sigma,0.18,fixed,0.18,0.18,fixed,0.18,1.0,mixed,anchor_grid,500,0.3,-0.0498565261264447,0.03289990894133024,0.04590917463674115,0.014116210251236896,0.016508351349337758,0.03210693264848569,0.045145752164903304,0.011357498185329648,0.014153154257668336,0.2553358467814532,0.2894727921645108,0.0498565261264447,
2000,base4,20,143,1,,1357.6714443799574,exchangeable_varying_sigma,0.18,fixed,0.18,0.18,fixed,0.18,1.0,mixed,anchor_grid,500,0.0,0.013904371695322831,0.03189036156746565,0.045133047420710906,0.009070299483539851,0.011074064012242608,0.031902188678743226,0.04514105504796219,0.00828972870438624,0.009772235572487525,0.25274843078360915,0.2853914418258327,0.013904371695322831,
2000,base4,20,143,1,,1279.4854870359413,exchangeable_varying_sigma,0.18,fixed,0.18,0.18,fixed,0.18,1.0,mixed,anchor_grid,500,0.6,-0.1113343863682576,0.03289863843637427,0.046054636142563186,0.014510263922388925,0.017057789148064512,0.028923199007149424,0.04121796626650725,0.010751009319263885,0.013917654614977439,0.25404721201978386,0.2868236607936789,0.1113343863682576,
2000,base4,20,143,1,,1290.6035248821136,exchangeable_varying_sigma,0.18,fixed,0.18,0.18,fixed,0.18,1.0,mixed,anchor_grid,500,0.9,-0.17365982369729016,0.03291270366446953,0.0462519397961849,0.014335884294023757,0.017249109276713526,0.02076095082302917,0.030749996884429056,0.009883684675408927,0.01397598292248888,0.2523343312662259,0.2838594876280793,0.17365982369729016,
5000,base5,19,142,1,,3090.547975050984,exchangeable_varying_sigma,0.18,fixed,0.18,0.18,fixed,0.18,1.0,mixed,anchor_grid,500,0.3,-0.13094803425739554,0.05601201720155591,0.0804466212509012,0.009716562449817778,0.012135256258491265,0.059197542499056045,0.08728460727930407,0.008738383034616076,0.010933457079242691,0.7229128714514547,0.971623226173932,0.13094803425739554,
5000,base5,19,142,1,,3179.0297127231024,exchangeable_varying_sigma,0.18,fixed,0.18,0.18,fixed,0.18,1.0,mixed,anchor_grid,500,0.6,-0.2873276021022834,0.055815710745539704,0.08034907673521682,0.010402013172435581,0.012833634420781496,0.05820194351424351,0.08650578383639257,0.009465425028007873,0.01139940002351982,0.7262414161372288,0.9744044385865741,0.2873276021022834,
5000,base5,19,142,1,,3350.5930173119996,exchangeable_varying_sigma,0.18,fixed,0.18,0.18,fixed,0.18,1.0,mixed,anchor_grid,500,0.9,-0.44535491712754166,0.05556260010962982,0.08021813566740235,0.010879836247859126,0.013297161448206404,0.05635027609552696,0.08527506016517834,0.00979960801655666,0.011331387925387707,0.7295881342013236,0.9770556768067775,0.44535491712754166,
5000,base2,20,143,1,,3042.345436748117,exchangeable_varying_sigma,0.18,fixed,0.18,0.18,fixed,0.18,1.0,sin,anchor_grid,500,0.0,0.021942374571397232,0.021691663037983044,0.02788763482457578,0.00980464433961517,0.012017368711553912,0.021863115776979747,0.028110714683453414,0.00942709640688627,0.011592836444089783,0.05643973898055774,0.07181968224233609,0.021942374571397232,
2000,base5,20,143,1,,1212.8059876200277,exchangeable_varying_sigma,0.18,fixed,0.18,0.18,fixed,0.18,1.0,mixed,anchor_grid,500,0.3,-0.14061454285120356,0.0649302849310786,0.08886209625909718,0.0341845670222304,0.03538662992772593,0.06777729316262562,0.09472903453259701,0.02482091213203362,0.02729177927500179,0.5333647573430855,0.7317603495190564,0.14061454285120356,
2000,base5,20,143,1,,1280.4809600799344,exchangeable_varying_sigma,0.18,fixed,0.18,0.18,fixed,0.18,1.0,mixed,anchor_grid,500,0.0,0.0019045081556566413,0.06511190412001791,0.08952736576433318,0.021859663180044647,0.027875203800726753,0.06825035660146053,0.09537779183793792,0.022910127468459107,0.028076821652363734,0.537721785769695,0.72838473039327,0.0019045081556566413,
5000,base2,20,143,1,,2991.134467021795,exchangeable_varying_sigma,0.18,fixed,0.18,0.18,fixed,0.18,1.0,sin,anchor_grid,500,0.6,-0.06910759197087057,0.021476477369354843,0.02798696415861832,0.007396423459881729,0.009051571996016876,0.019429960300868153,0.02522332031276894,0.005823305013812563,0.007488120400369268,0.0545761351894155,0.07289353532163761,0.06910759197087057,
5000,base2,20,143,1,,3217.4068768310826,exchangeable_varying_sigma,0.18,fixed,0.18,0.18,fixed,0.18,1.0,sin,anchor_grid,500,0.3,-0.03588083795678554,0.021556479803818182,0.0280923410074625,0.0067397240020009574,0.00813379531345102,0.021266921171236575,0.02768090936130311,0.0052640729483375,0.006858757215391733,0.053121513190044926,0.07044214507161367,0.03588083795678554,
2000,base5,20,143,1,,1360.0644836670253,exchangeable_varying_sigma,0.18,fixed,0.18,0.18,fixed,0.18,1.0,mixed,anchor_grid,500,0.6,-0.31227142520902496,0.06479263281208614,0.08874317311196976,0.03457862069338405,0.03547899481305444,0.06632793684917915,0.09346358155032432,0.02462430963703488,0.026715746390366373,0.5299010891205805,0.7286157640903209,0.31227142520902496,
2000,base5,20,143,1,,1206.8849118591752,exchangeable_varying_sigma,0.18,fixed,0.18,0.18,fixed,0.18,1.0,mixed,anchor_grid,500,0.9,-0.48431006794358683,0.06468334353386687,0.0885915894905193,0.03440424106501655,0.03503903790795355,0.0637115800892261,0.09108306134239538,0.02379071574747932,0.02547095024814638,0.5254037094676606,0.722776082128715,0.48431006794358683,
5000,base2,20,143,1,,3209.9084691230673,exchangeable_varying_sigma,0.18,fixed,0.18,0.18,fixed,0.18,1.0,sin,anchor_grid,500,0.9,-0.10057396955677733,0.021456558758293966,0.027922205277629196,0.007899438791870439,0.00983262882192088,0.015273492864471739,0.019897556267133562,0.006447852670665388,0.008222099287907769,0.058599863571192796,0.0765526276794546,0.10057396955677733,
5000,base4,20,143,1,,3104.0178219240624,exchangeable_varying_sigma,0.18,fixed,0.18,0.18,fixed,0.18,1.0,mixed,anchor_grid,500,0.0,0.022279529034764073,0.019018163076052644,0.02572376005765943,0.009185197995770888,0.010383996542248823,0.019077995770906277,0.02577467982641931,0.009065273748008112,0.010131321872862024,0.09488393189535664,0.11458185609779134,0.022279529034764073,
2000,base3,21,144,1,,1219.503288662061,exchangeable_varying_sigma,0.18,fixed,0.18,0.18,fixed,0.18,1.0,sin2,anchor_grid,500,0.0,0.002665620190963962,0.04761447583507621,0.05953653894192174,0.018749636948646536,0.0216260163361513,0.04912368044137728,0.061468989749981454,0.01694109729388729,0.019061202411021255,0.12735641798309785,0.14840295888027796,0.002665620190963962,
2000,base3,21,144,1,,1179.6101720300503,exchangeable_varying_sigma,0.18,fixed,0.18,0.18,fixed,0.18,1.0,sin2,anchor_grid,500,0.6,-0.25060865203065386,0.04794121341074809,0.059404231290896614,0.01862273461516467,0.022317453351372,0.04825229719755185,0.05988912416815502,0.017982542487050238,0.02248974872630455,0.13545640892931413,0.15931974025027124,0.25060865203065386,
5000,base4,20,143,1,,3025.0558060959447,exchangeable_varying_sigma,0.18,fixed,0.18,0.18,fixed,0.18,1.0,mixed,anchor_grid,500,0.3,-0.03274242722675663,0.018291608591772385,0.025061567622066006,0.007750637456677062,0.009373564725964092,0.01779304456948657,0.024211910562311686,0.007142848650676048,0.009206319304112223,0.09267114270841083,0.11034947624849296,0.03274242722675663,
2000,base3,21,144,1,,1336.3894858439453,exchangeable_varying_sigma,0.18,fixed,0.18,0.18,fixed,0.18,1.0,sin2,anchor_grid,500,0.3,-0.11419622452060274,0.0483525800955173,0.059972855941614306,0.016872928186937183,0.0198962176977064,0.04975338854837284,0.06171073257711522,0.016094756255076753,0.01985506456819625,0.13384293307258743,0.1563611731359956,0.11419622452060274,
2000,base3,21,144,1,,1311.5263380208053,exchangeable_varying_sigma,0.18,fixed,0.18,0.18,fixed,0.18,1.0,sin2,anchor_grid,500,0.9,-0.39140250469391036,0.04731913752517311,0.05857484209124619,0.020194690400108226,0.02478133576040424,0.04526025349951554,0.05652486190684885,0.019649297859760495,0.025109719627654428,0.13762048445252245,0.16293297158309328,0.39140250469391036,
5000,base4,20,143,1,,3227.802103073802,exchangeable_varying_sigma,0.18,fixed,0.18,0.18,fixed,0.18,1.0,mixed,anchor_grid,500,0.6,-0.0593263150227038,0.01810432145072972,0.02493380279894108,0.008360895647507693,0.010255203186622028,0.015522693445090765,0.021048410007984644,0.007637639692837844,0.00981985766097658,0.09279584806415364,0.11095968559712012,0.0593263150227038,
5000,base4,20,143,1,,3418.8523177111056,exchangeable_varying_sigma,0.18,fixed,0.18,0.18,fixed,0.18,1.0,mixed,anchor_grid,500,0.9,-0.08395317143253067,0.017995165509943605,0.024864875287264315,0.008835385072268165,0.011029106809646723,0.010089803875126811,0.013570242360060972,0.008132531710269869,0.010475068597124654,0.09406678000501478,0.11294569966689594,0.08395317143253067,
2000,base5,21,144,1,,1143.8238850038033,exchangeable_varying_sigma,0.18,fixed,0.18,0.18,fixed,0.18,1.0,mixed,anchor_grid,500,0.3,-0.15760857113260476,0.062235294015770604,0.08471197694213876,0.02233455109506023,0.02646531367463622,0.06516631060570104,0.09016178742994685,0.018483730977862545,0.021062683238769274,0.4821545828726979,0.6496865607366967,0.15760857113260476,
2000,base5,21,144,1,,1271.196404867107,exchangeable_varying_sigma,0.18,fixed,0.18,0.18,fixed,0.18,1.0,mixed,anchor_grid,500,0.0,0.001346980087756307,0.06300757086735577,0.08574050961819962,0.019493960005386557,0.022485968733876927,0.06636681286224821,0.0915675070334832,0.022381195148852534,0.025291419766317103,0.4679302193281036,0.6355444453963172,0.001346980087756307,
2000,base5,21,144,1,,1234.0194989498705,exchangeable_varying_sigma,0.18,fixed,0.18,0.18,fixed,0.18,1.0,mixed,anchor_grid,500,0.6,-0.3214917128401172,0.06230040002423525,0.08465548297360323,0.0243891146934357,0.02949779981125328,0.06403300213959683,0.08895815948955843,0.02020145541576919,0.02408067003464454,0.48690124639295596,0.652136191046739,0.3214917128401172,
5000,base5,20,143,1,,3113.2007589789573,exchangeable_varying_sigma,0.18,fixed,0.18,0.18,fixed,0.18,1.0,mixed,anchor_grid,500,0.0,0.0232160463523355,0.055287228855351346,0.07881429525407896,0.018964986585821325,0.020732626384636563,0.058809678909124724,0.08603485171044689,0.01629762720586664,0.017793797134659565,0.7236550656702557,0.9982006188843656,0.0232160463523355,
5000,base5,20,143,1,,3054.426508462988,exchangeable_varying_sigma,0.18,fixed,0.18,0.18,fixed,0.18,1.0,mixed,anchor_grid,500,0.6,-0.3126872722878962,0.05464111872320394,0.07859797086189682,0.005969011455765838,0.008810711497368617,0.05686386224109823,0.08467666367757988,0.007488827324209413,0.009154595057350673,0.7089621649506811,0.9683483571513676,0.3126872722878962,
5000,base5,20,143,1,,3155.972358118044,exchangeable_varying_sigma,0.18,fixed,0.18,0.18,fixed,0.18,1.0,mixed,anchor_grid,500,0.3,-0.16011273145261568,0.05468202813786277,0.07864939952641302,0.005617938488465313,0.008734130633707168,0.05778741893871489,0.08540770946086584,0.006918994893677116,0.00834138891157469,0.7107681645759668,0.9739286732658141,0.16011273145261568,
5000,base5,20,143,1,,3239.523524187971,exchangeable_varying_sigma,0.18,fixed,0.18,0.18,fixed,0.18,1.0,mixed,anchor_grid,500,0.9,-0.463803520472611,0.05468140640948818,0.07855524859385668,0.006218455790415495,0.00888810895950014,0.05525638437901994,0.08351562548990824,0.008268714513723546,0.010019345009148396,0.7054433741539439,0.9610168100866052,0.463803520472611,
2000,base5,21,144,1,,1386.180448365165,exchangeable_varying_sigma,0.18,fixed,0.18,0.18,fixed,0.18,1.0,mixed,anchor_grid,500,0.9,-0.48470652181887763,0.06237705770574322,0.08461814929843685,0.026186743733319626,0.03255517826360268,0.061701106446589105,0.08681558990479178,0.021393452123021572,0.027398484525992216,0.49158032089762604,0.6551842783155921,0.48470652181887763,
2000,base2,22,145,1,,1319.1662079740781,exchangeable_varying_sigma,0.18,fixed,0.18,0.18,fixed,0.18,1.0,sin,anchor_grid,500,0.0,0.00633681037789056,0.03299063697017527,0.04408293989486043,0.006896681628222018,0.00791100641612463,0.033158694900033,0.04436110445185644,0.007036607802449649,0.00836975486933717,0.20648160066673593,0.22425018779733938,0.00633681037789056,
2000,base2,22,145,1,,1347.5124542340636,exchangeable_varying_sigma,0.18,fixed,0.18,0.18,fixed,0.18,1.0,sin,anchor_grid,500,0.3,-0.07704929890043302,0.03428315570177061,0.04506182186143828,0.013159233059924641,0.01682643431131308,0.03377149030709498,0.04450725830999655,0.010737610927563146,0.014381534459171709,0.22230529575339228,0.23445232921808104,0.07704929890043302,
5000,base3,21,144,1,,3407.734426249983,exchangeable_varying_sigma,0.18,fixed,0.18,0.18,fixed,0.18,1.0,sin2,anchor_grid,500,0.0,0.022133797946509774,0.040200231931618854,0.050218934071943895,0.009878715459951809,0.011300935324175967,0.04187757034384477,0.05244742657374708,0.01123598512552429,0.01261448298591291,0.23252315204267515,0.2721772504115641,0.022133797946509774,
2000,base2,22,145,1,,1277.3012175050098,exchangeable_varying_sigma,0.18,fixed,0.18,0.18,fixed,0.18,1.0,sin,anchor_grid,500,0.6,-0.13654506010672024,0.033940690342285466,0.04460576065821189,0.014647436570608852,0.018942112069100302,0.030690828277398947,0.04058094718865304,0.012311315001055229,0.016418581172875774,0.22757145092174175,0.2403784287313052,0.13654506010672024,
5000,base3,21,144,1,,3288.6063083340414,exchangeable_varying_sigma,0.18,fixed,0.18,0.18,fixed,0.18,1.0,sin2,anchor_grid,500,0.3,-0.11899036074779779,0.04075518785160527,0.05064076946373785,0.013576635685635163,0.014170590345983681,0.041990132944465484,0.05247930348897312,0.01293344436312549,0.013775626296377082,0.23128080622726757,0.2677829805173358,0.11899036074779779,
5000,base3,21,144,1,,3346.132429406047,exchangeable_varying_sigma,0.18,fixed,0.18,0.18,fixed,0.18,1.0,sin2,anchor_grid,500,0.9,-0.33853014097486644,0.041092905482301705,0.051006678394588306,0.015371944987820019,0.01631602678470472,0.04016100753740285,0.05076849473051982,0.014881761131786048,0.016197576783890204,0.23058049679468276,0.26415837187292424,0.33853014097486644,
5000,base3,21,144,1,,3397.5402827060316,exchangeable_varying_sigma,0.18,fixed,0.18,0.18,fixed,0.18,1.0,sin2,anchor_grid,500,0.6,-0.22940058914105904,0.04091657832906819,0.0507874893268082,0.014513378107680719,0.0152637620677274,0.04132811737783231,0.051839310655811925,0.013870300228393168,0.0148948132749257,0.23104009071169732,0.26610677948555184,0.22940058914105904,
2000,base2,22,145,1,,1444.1719155779574,exchangeable_varying_sigma,0.18,fixed,0.18,0.18,fixed,0.18,1.0,sin,anchor_grid,500,0.9,-0.19479776903900503,0.03342926798385216,0.04405234550918184,0.016154370409755994,0.02123943437301966,0.023538026450688376,0.031287800938128676,0.013798414872167541,0.018635061138529693,0.23137168794124952,0.24534213954489958,0.19479776903900503,
5000,base5,21,144,1,,3086.970310654957,exchangeable_varying_sigma,0.18,fixed,0.18,0.18,fixed,0.18,1.0,mixed,anchor_grid,500,0.0,0.027561776321571155,0.05634480725480289,0.07977022288669172,0.01498069345994714,0.017012612827053058,0.059949082581604377,0.0866333229726064,0.012881083452620692,0.016285008217332524,0.6916835039579763,0.9388070500226772,0.027561776321571155,
2000,base4,22,145,1,,1293.9522723560221,exchangeable_varying_sigma,0.18,fixed,0.18,0.18,fixed,0.18,1.0,mixed,anchor_grid,500,0.0,0.007679782476738056,0.03183322707352966,0.043838588674328396,0.007654098171767473,0.010169056087414082,0.03187896565182943,0.04396107934829045,0.009577678436523684,0.012414883167293658,0.24173214120888492,0.27696219315375253,0.007679782476738056,
5000,base5,21,144,1,,3136.5149393449537,exchangeable_varying_sigma,0.18,fixed,0.18,0.18,fixed,0.18,1.0,mixed,anchor_grid,500,0.3,-0.12940282091943023,0.055829363256486735,0.07866813462436256,0.008456815639195148,0.00997303093096289,0.05910039305617589,0.08551971041006551,0.006118846890681262,0.00909747423899772,0.686100755592623,0.928841857215246,0.12940282091943023,
2000,base4,22,145,1,,1297.9699954979587,exchangeable_varying_sigma,0.18,fixed,0.18,0.18,fixed,0.18,1.0,mixed,anchor_grid,500,0.6,-0.14815134554606685,0.032222207013712735,0.04405653585705416,0.0102215149073554,0.01368782958185894,0.02853131657665581,0.039196158535217684,0.012012213412935221,0.016558107736326357,0.26376112127470946,0.2914974127746616,0.14815134554606685,
2000,base4,22,145,1,,1384.0797400921583,exchangeable_varying_sigma,0.18,fixed,0.18,0.18,fixed,0.18,1.0,mixed,anchor_grid,500,0.3,-0.09652665185835535,0.032669479494085565,0.04443077004713948,0.007950792105155924,0.011446333861129879,0.032014832920806965,0.0435945452814981,0.010461347832463441,0.01434547352524329,0.25606638908335017,0.28199861570069884,0.09652665185835535,
5000,base5,21,144,1,,3272.6177220398095,exchangeable_varying_sigma,0.18,fixed,0.18,0.18,fixed,0.18,1.0,mixed,anchor_grid,500,0.6,-0.2842340956380005,0.05580677734434925,0.07855947219089264,0.008687816462384423,0.010470116061363985,0.05831961889806308,0.08505268001623707,0.006517620085569803,0.01012860502346259,0.6845080597977011,0.9277524593678148,0.2842340956380005,
5000,base5,21,144,1,,3254.0659945441876,exchangeable_varying_sigma,0.18,fixed,0.18,0.18,fixed,0.18,1.0,mixed,anchor_grid,500,0.9,-0.4402405174043306,0.05572702851404685,0.07842202693805554,0.008673122544099979,0.010900388388394222,0.05674260179269782,0.08407096688261369,0.008275884776180464,0.011328705612303067,0.6838258235640611,0.927179202807894,0.4402405174043306,
2000,base4,22,145,1,,1410.9658937479835,exchangeable_varying_sigma,0.18,fixed,0.18,0.18,fixed,0.18,1.0,mixed,anchor_grid,500,0.9,-0.19470506225536932,0.0315840324697957,0.043624623542631684,0.012882054467689225,0.016242635452398495,0.020073459158833833,0.02845144713054336,0.014554444321426163,0.01883790508128252,0.2706194681397416,0.30089135183653504,0.19470506225536932,
2000,base5,22,145,1,,1182.0118276099674,exchangeable_varying_sigma,0.18,fixed,0.18,0.18,fixed,0.18,1.0,mixed,anchor_grid,500,0.3,-0.17358620903252683,0.06482649403756825,0.08854482632357241,0.017330691614524094,0.019697458681857523,0.06831071043904298,0.09509915381503954,0.013262454498254056,0.015429560159200793,0.5223444887202509,0.752860557443688,0.17358620903252683,
2000,base5,22,145,1,,1207.430924055865,exchangeable_varying_sigma,0.18,fixed,0.18,0.18,fixed,0.18,1.0,mixed,anchor_grid,500,0.0,0.0038484644742536314,0.06433362174796556,0.08764511231653667,0.010682706716552234,0.013291292669492558,0.0681664412006203,0.09468359479982484,0.013432552859449859,0.016106725266901992,0.5597933773020113,0.7855794742789349,0.0038484644742536314,
5000,base2,22,145,1,,3003.4996769039426,exchangeable_varying_sigma,0.18,fixed,0.18,0.18,fixed,0.18,1.0,sin,anchor_grid,500,0.3,-0.03304422099897303,0.021722207416391644,0.028201383111704247,0.010625001050166394,0.011587255846363614,0.021456185996044517,0.02793923017201355,0.0104771082842256,0.012809228457245695,0.060058153240555814,0.0806532074908894,0.03304422099897303,
2000,base5,22,145,1,,1258.5144863799214,exchangeable_varying_sigma,0.18,fixed,0.18,0.18,fixed,0.18,1.0,mixed,anchor_grid,500,0.6,-0.3427946543798558,0.06438054194782372,0.08818241652666864,0.017454031871318665,0.020815398099515475,0.06669215115010509,0.09366626380550015,0.013560235516261163,0.016743137899592683,0.5174174057788211,0.7459744137407471,0.3427946543798558,
5000,base2,22,145,1,,2914.210818025982,exchangeable_varying_sigma,0.18,fixed,0.18,0.18,fixed,0.18,1.0,sin,anchor_grid,500,0.9,-0.09400726834917805,0.02130930494492661,0.027731647945589796,0.013470324231610528,0.014139973520748183,0.01524098316931417,0.019919751023901644,0.013099277195098208,0.015231600246212172,0.06955947989862486,0.09167672687640081,0.09400726834917805,
5000,base2,22,145,1,,3212.4956860779785,exchangeable_varying_sigma,0.18,fixed,0.18,0.18,fixed,0.18,1.0,sin,anchor_grid,500,0.0,-0.017273350495349324,0.022705322354335263,0.02933076943893732,0.008491549281004707,0.009437608444790411,0.022788080219046044,0.029452218697223174,0.008756563467074513,0.01033826875363305,0.06132948972043655,0.07977784949788679,0.017273350495349324,
2000,base5,22,145,1,,1363.4511088379659,exchangeable_varying_sigma,0.18,fixed,0.18,0.18,fixed,0.18,1.0,mixed,anchor_grid,500,0.9,-0.5104719878988482,0.06383871441313753,0.08770679304251328,0.017480012851986332,0.022156721431814352,0.06367741956242176,0.09108015269075624,0.013672318895296756,0.018463052403373776,0.512464629250807,0.7380324173850815,0.5104719878988482,
5000,base2,22,145,1,,3334.170353846159,exchangeable_varying_sigma,0.18,fixed,0.18,0.18,fixed,0.18,1.0,sin,anchor_grid,500,0.6,-0.06409605250233696,0.02154815651039571,0.027990466592040693,0.012040961817951334,0.012869002915087807,0.019557595527765936,0.025471942330063668,0.011492470190030787,0.013955359995934563,0.06446077018688637,0.08592217875414383,0.06409605250233696,
2000,base3,23,146,1,,1148.6230463248212,exchangeable_varying_sigma,0.18,fixed,0.18,0.18,fixed,0.18,1.0,sin2,anchor_grid,500,0.0,0.06785862801694915,0.04931805172615745,0.061509205641014905,0.012478372465919235,0.014162138246318618,0.05087287223738753,0.06351429850295065,0.012076183960056247,0.014257643377978312,0.11745298631525024,0.13850767418167412,0.06785862801694915,
5000,base4,22,145,1,,3018.6530076551717,exchangeable_varying_sigma,0.18,fixed,0.18,0.18,fixed,0.18,1.0,mixed,anchor_grid,500,0.0,-0.014718535934642734,0.019181558014421233,0.026114233388267585,0.009433069831159824,0.01143788602214369,0.01918106186685398,0.02607482841452685,0.009587586332174824,0.010650785238918757,0.10474086494977869,0.12183659642873947,0.014718535934642734,
2000,base3,23,146,1,,1277.891073696781,exchangeable_varying_sigma,0.18,fixed,0.18,0.18,fixed,0.18,1.0,sin2,anchor_grid,500,0.3,-0.10279444773532576,0.04878078006682175,0.06029439721631122,0.03077007293203346,0.03853764479158202,0.050078073867406765,0.061908172755545256,0.030293248035505163,0.03869183110661476,0.11110538080484089,0.12807912643959163,0.10279444773532576,
2000,base3,23,146,1,,1258.7080609789118,exchangeable_varying_sigma,0.18,fixed,0.18,0.18,fixed,0.18,1.0,sin2,anchor_grid,500,0.9,-0.3911747521834047,0.0483919359512007,0.05990440588666906,0.03270435961794821,0.04206736783615003,0.046205300990542764,0.057428380678104705,0.032192612761266226,0.04286506407330117,0.11507096659183061,0.132013851109216,0.3911747521834047,
5000,base4,22,145,1,,3294.279000747949,exchangeable_varying_sigma,0.18,fixed,0.18,0.18,fixed,0.18,1.0,mixed,anchor_grid,500,0.3,-0.03839047114673233,0.019181670666576417,0.025821967093251987,0.009986657118949874,0.01177613925506001,0.018531661024161948,0.0251297917023292,0.009802346891079325,0.011555481150605985,0.10859794727334084,0.12791180456160356,0.03839047114673233,
5000,base4,22,145,1,,3238.2480318781454,exchangeable_varying_sigma,0.18,fixed,0.18,0.18,fixed,0.18,1.0,mixed,anchor_grid,500,0.6,-0.06099944244195843,0.019183914483343036,0.025745571420009543,0.011507473317107525,0.01310697158903941,0.01616319140366943,0.022045303857195258,0.010848995260809471,0.012701927187777146,0.11370705345263518,0.13400698502377317,0.06099944244195843,
2000,base3,23,146,1,,1548.6973702481482,exchangeable_varying_sigma,0.18,fixed,0.18,0.18,fixed,0.18,1.0,sin2,anchor_grid,500,0.6,-0.24546598918147372,0.04860088759251784,0.06012253541009679,0.03201913169612404,0.04052712403019708,0.04880601706794532,0.060398000759303676,0.03179206829275223,0.0411327299825933,0.11292585788350498,0.12983093016035188,0.24546598918147372,
5000,base4,22,145,1,,3288.9092413270846,exchangeable_varying_sigma,0.18,fixed,0.18,0.18,fixed,0.18,1.0,mixed,anchor_grid,500,0.9,-0.08096464242698143,0.019260243172105996,0.025673368561380746,0.013058032925656618,0.014400573152174884,0.010440871006270346,0.014250098042129426,0.012413103943387252,0.013976151579979331,0.11886631746673065,0.1401730093384454,0.08096464242698143,
2000,base5,23,146,1,,1193.4741423130035,exchangeable_varying_sigma,0.18,fixed,0.18,0.18,fixed,0.18,1.0,mixed,anchor_grid,500,0.0,0.03623485897684032,0.0655442080532435,0.08822033700933737,0.021799683722550367,0.024691559478234985,0.06910545912125815,0.09424810192189309,0.020668063975461226,0.02428473203272243,0.5106024254440131,0.6992141698342109,0.03623485897684032,
2000,base5,23,146,1,,1249.75842447998,exchangeable_varying_sigma,0.18,fixed,0.18,0.18,fixed,0.18,1.0,mixed,anchor_grid,500,0.3,-0.16628059769960538,0.06552407910408874,0.08755378314292452,0.029217356885726867,0.03462369650816546,0.06848209686850928,0.09313980327524075,0.02540331536774587,0.030313192881137617,0.5378261931602912,0.753902852169156,0.16628059769960538,
5000,base5,22,145,1,,3038.501453249017,exchangeable_varying_sigma,0.18,fixed,0.18,0.18,fixed,0.18,1.0,mixed,anchor_grid,500,0.6,-0.29623859753162046,0.054612769662389246,0.0781019749432492,0.016535732664479746,0.018534413509013824,0.05687870779560884,0.08461251432897979,0.016978952227253125,0.021495631484932328,0.6819555913615801,0.9365031522471007,0.29623859753162046,
5000,base5,22,145,1,,3149.4355259430595,exchangeable_varying_sigma,0.18,fixed,0.18,0.18,fixed,0.18,1.0,mixed,anchor_grid,500,0.3,-0.14425562839837183,0.05474020867656895,0.07830956219020375,0.0157072491172615,0.017604353007590716,0.057804023401914637,0.0852612010956817,0.015670070233894162,0.019791043788163487,0.6811289678720114,0.934017085446812,0.14425562839837183,
2000,base5,23,146,1,,1371.460721022915,exchangeable_varying_sigma,0.18,fixed,0.18,0.18,fixed,0.18,1.0,mixed,anchor_grid,500,0.6,-0.3443980998310842,0.0659862195255035,0.08803392502453596,0.030020141391302504,0.037063952820079786,0.06753531692556435,0.09221297873457827,0.026029349322067727,0.03215269474613579,0.5340590415889701,0.7506028914270348,0.3443980998310842,
2000,base5,23,146,1,,1229.4870787169784,exchangeable_varying_sigma,0.18,fixed,0.18,0.18,fixed,0.18,1.0,mixed,anchor_grid,500,0.9,-0.519555236379455,0.06669234525614297,0.08878219499023986,0.03161587712786712,0.039279113013981695,0.06587947029311099,0.09064596580105488,0.02569028549330582,0.03342997869552737,0.5275662352635723,0.7441932584702601,0.519555236379455,
5000,base5,22,145,1,,3300.2206250098534,exchangeable_varying_sigma,0.18,fixed,0.18,0.18,fixed,0.18,1.0,mixed,anchor_grid,500,0.0,-0.03073770792366097,0.056185683454562055,0.07984066441318143,0.010398700887261525,0.0163424202746271,0.05935188521465721,0.08666048996122332,0.014379288184819372,0.018425144987410606,0.6647394226065036,0.9109934352958199,0.03073770792366097,
5000,base5,22,145,1,,3384.1251568901353,exchangeable_varying_sigma,0.18,fixed,0.18,0.18,fixed,0.18,1.0,mixed,anchor_grid,500,0.9,-0.4499988354911839,0.05449348737169182,0.07785417404011273,0.017351291609594394,0.01945303547068484,0.05518799979865615,0.08346391235708343,0.01842044230625066,0.02318396191182201,0.6844893516458742,0.941006927034181,0.4499988354911839,
5000,base3,23,146,1,,2921.949886992108,exchangeable_varying_sigma,0.18,fixed,0.18,0.18,fixed,0.18,1.0,sin2,anchor_grid,500,0.0,-0.014470953598859268,0.04025558094157311,0.050080608472021323,0.005822694769744091,0.007245243173258355,0.041876968989083295,0.05224361817231972,0.006054960169009221,0.00733293454092564,0.2198056934432885,0.2570056750120642,0.014470953598859268,
5000,base3,23,146,1,,3021.235277527012,exchangeable_varying_sigma,0.18,fixed,0.18,0.18,fixed,0.18,1.0,sin2,anchor_grid,500,0.3,-0.10891269992492753,0.040678944374472586,0.05021620766756015,0.009790547698410132,0.012996027323615293,0.04208867348857327,0.052166731146394286,0.011420474407656617,0.013742167990942472,0.2130854470458868,0.24941597603933355,0.10891269992492753,
2000,base2,24,147,1,,1293.8807535828091,exchangeable_varying_sigma,0.18,fixed,0.18,0.18,fixed,0.18,1.0,sin,anchor_grid,500,0.3,-0.07284754883004166,0.033396716354539766,0.04422552413174045,0.01962953023978256,0.022273948597033213,0.032250285686773406,0.042856095252803296,0.020580836984970513,0.023218701655761287,0.23901300195760325,0.2555487795889204,0.07284754883004166,
2000,base2,24,147,1,,1123.5839569279924,exchangeable_varying_sigma,0.18,fixed,0.18,0.18,fixed,0.18,1.0,sin,anchor_grid,500,0.9,-0.20980571662370961,0.03444065082738557,0.04567519255388538,0.02376739777607728,0.02657477160787855,0.022773456291341202,0.030441857168078595,0.025361307832677482,0.02717877866102396,0.23396081678401606,0.24724675193455609,0.20980571662370961,
5000,base3,23,146,1,,3119.894143527141,exchangeable_varying_sigma,0.18,fixed,0.18,0.18,fixed,0.18,1.0,sin2,anchor_grid,500,0.6,-0.21946725303452036,0.04070431005898288,0.050167266230377074,0.010730601904838391,0.014275208757365848,0.04136765512411017,0.05138857765912087,0.012423568795854836,0.015041355184680163,0.21274350654646781,0.24858466876731855,0.21946725303452036,
2000,base2,24,147,1,,1418.9339047169778,exchangeable_varying_sigma,0.18,fixed,0.18,0.18,fixed,0.18,1.0,sin,anchor_grid,500,0.0,0.00688393607322743,0.033635260089891754,0.04501652033926264,0.010284031587722231,0.011896870639064357,0.0337440206068673,0.0452152251535654,0.011387615241661667,0.012158827911177953,0.2480025871112365,0.2652890360441503,0.00688393607322743,
2000,base2,24,147,1,,1378.6294852730352,exchangeable_varying_sigma,0.18,fixed,0.18,0.18,fixed,0.18,1.0,sin,anchor_grid,500,0.6,-0.14110842103189392,0.033855157091399454,0.044831550824511755,0.021726259440088408,0.02448247380741933,0.02936201146685343,0.03904342447731657,0.022994110112127653,0.025235173666764747,0.2367393152870196,0.25148702629321285,0.14110842103189392,
5000,base3,23,146,1,,3233.0796564619523,exchangeable_varying_sigma,0.18,fixed,0.18,0.18,fixed,0.18,1.0,sin2,anchor_grid,500,0.9,-0.3304641153361433,0.04073231413610082,0.050093868335218374,0.011584926454902458,0.01544915049579174,0.040008516668038986,0.050006978282754654,0.013133937206866148,0.01614689068867775,0.21289749820756923,0.2481675133525059,0.3304641153361433,
2000,base4,24,147,1,,1250.099840495037,exchangeable_varying_sigma,0.18,fixed,0.18,0.18,fixed,0.18,1.0,mixed,anchor_grid,500,0.0,0.004056980743739411,0.0330639830704148,0.04548451608061065,0.011748780313434015,0.014431433707284683,0.03308233271001295,0.04556820341037269,0.011512078540905107,0.014241189843407649,0.2728337602047542,0.2928672639510706,0.004056980743739411,
2000,base4,24,147,1,,1362.2648921250366,exchangeable_varying_sigma,0.18,fixed,0.18,0.18,fixed,0.18,1.0,mixed,anchor_grid,500,0.3,-0.06520913903652584,0.033039658406528144,0.04466588079688319,0.01620478481522994,0.01919864801147791,0.031916240624609765,0.043174975948704536,0.016542282369349376,0.019210621174684608,0.2644355425248315,0.28296986977017513,0.06520913903652584,
5000,base5,23,146,1,,3073.7586731761694,exchangeable_varying_sigma,0.18,fixed,0.18,0.18,fixed,0.18,1.0,mixed,anchor_grid,500,0.0,0.019338805425362926,0.05635048239404661,0.07806391705456105,0.0053516474588139185,0.008016717485867297,0.059902577348114036,0.08472561430710258,0.005309613470060925,0.00791565179474584,0.7085631480737917,0.9427289797035947,0.019338805425362926,
2000,base4,24,147,1,,1431.7681958291214,exchangeable_varying_sigma,0.18,fixed,0.18,0.18,fixed,0.18,1.0,mixed,anchor_grid,500,0.6,-0.1291368793431345,0.03344450785654987,0.04518703927453044,0.017994040817106344,0.021292043329779207,0.028633430858659374,0.038860680432897546,0.019154847577279616,0.02133489650505646,0.2631479769486239,0.2805898614200555,0.1291368793431345,
5000,base5,23,146,1,,3103.911734193098,exchangeable_varying_sigma,0.18,fixed,0.18,0.18,fixed,0.18,1.0,mixed,anchor_grid,500,0.3,-0.1401539403454998,0.05585915518434793,0.07801360098626552,0.014139439691624026,0.01798857997032947,0.0591317031638283,0.08445792345410638,0.014068312716161463,0.017610479025321566,0.6837105312325898,0.906857555580279,0.1401539403454998,
5000,base5,23,146,1,,3296.590160530992,exchangeable_varying_sigma,0.18,fixed,0.18,0.18,fixed,0.18,1.0,mixed,anchor_grid,500,0.6,-0.29729392924736253,0.05593139308944229,0.07807312828678827,0.015398250533946611,0.019678649635717978,0.05835950513494638,0.08399525143050186,0.01527819953457124,0.019022236584523525,0.6830945848040628,0.9077497366206252,0.29729392924736253,
2000,base4,24,147,1,,1470.6528132359963,exchangeable_varying_sigma,0.18,fixed,0.18,0.18,fixed,0.18,1.0,mixed,anchor_grid,500,0.9,-0.19363145140629012,0.034000561810494094,0.045917610556985844,0.019881450523613536,0.02318737903082321,0.020583612267660246,0.02853504607941052,0.021819329974978735,0.02345160416692436,0.26145320544520156,0.27851847895433574,0.19363145140629012,
5000,base5,23,146,1,,3390.536444525933,exchangeable_varying_sigma,0.18,fixed,0.18,0.18,fixed,0.18,1.0,mixed,anchor_grid,500,0.9,-0.45601565129822774,0.056039891042557174,0.0781458973764979,0.016520012914259266,0.02121636067961597,0.05695688327299265,0.0831480674819908,0.01611880479961947,0.02013861104839329,0.6839222680574688,0.9110420852822061,0.45601565129822774,
2000,base5,24,147,1,,1182.2323415011633,exchangeable_varying_sigma,0.18,fixed,0.18,0.18,fixed,0.18,1.0,mixed,anchor_grid,500,0.0,0.021410151242281183,0.06512550995065758,0.08810003866303649,0.016198596149377104,0.020399025815384105,0.06862879601352821,0.0939506700811561,0.01371852686630018,0.018560109019288524,0.5074931432278107,0.6904048050110623,0.021410151242281183,
5000,base2,24,147,1,,3380.1323525609914,exchangeable_varying_sigma,0.18,fixed,0.18,0.18,fixed,0.18,1.0,sin,anchor_grid,500,0.0,-0.0028333187176804056,0.021264954107024562,0.02746700238090601,0.009566179678684755,0.014459916124090706,0.021436773119518214,0.02770839633597545,0.009433275859458329,0.013534261768105401,0.069223631048343,0.09415216908482132,0.0028333187176804056,
5000,base2,24,147,1,,3014.9994821238797,exchangeable_varying_sigma,0.18,fixed,0.18,0.18,fixed,0.18,1.0,sin,anchor_grid,500,0.6,-0.07142725770655112,0.02213483283804961,0.028326653559346476,0.011829934669158201,0.013875233005040436,0.019434473886461207,0.025011434047823262,0.00881862260854853,0.011023560680385892,0.0660710720689729,0.08995564335876172,0.07142725770655112,
5000,base2,24,147,1,,3012.0215480630286,exchangeable_varying_sigma,0.18,fixed,0.18,0.18,fixed,0.18,1.0,sin,anchor_grid,500,0.9,-0.10739370834374495,0.022217159602341677,0.028438732089928087,0.01289202579943853,0.015227568965943737,0.01512765515432897,0.01977975081326211,0.009109007429808552,0.011475109325140738,0.06910111846554819,0.0942784117928632,0.10739370834374495,
5000,base2,24,147,1,,3153.2145465069916,exchangeable_varying_sigma,0.18,fixed,0.18,0.18,fixed,0.18,1.0,sin,anchor_grid,500,0.3,-0.03558756395480278,0.02206464595902456,0.028262471568195502,0.010669583280432368,0.012432941402895007,0.021494303369625135,0.027576171720808725,0.008354844630436661,0.010290756489277192,0.06440837181714251,0.08716224482557189,0.03558756395480278,
2000,base5,24,147,1,,1264.2946320839692,exchangeable_varying_sigma,0.18,fixed,0.18,0.18,fixed,0.18,1.0,mixed,anchor_grid,500,0.3,-0.19318404120070573,0.06464627985441758,0.08740950791349993,0.030369684872781355,0.0346526940091469,0.06735437331611613,0.092412475875822,0.02759394987811256,0.03081492869786598,0.46298375645803025,0.6198896348287095,0.19318404120070573,
2000,base5,24,147,1,,1296.2854232110549,exchangeable_varying_sigma,0.18,fixed,0.18,0.18,fixed,0.18,1.0,mixed,anchor_grid,500,0.9,-0.528389339984844,0.06556969419576673,0.0884547200434407,0.034420403565266156,0.03900718419612275,0.06439895151124878,0.08981773139050184,0.030689800338675827,0.03499839232874602,0.455856162173847,0.6105953130000553,0.528389339984844,
2000,base5,24,147,1,,1542.6582674088422,exchangeable_varying_sigma,0.18,fixed,0.18,0.18,fixed,0.18,1.0,mixed,anchor_grid,500,0.6,-0.3621189760961464,0.06502308007325684,0.08783786999104622,0.032439343712756835,0.0369009182906714,0.06636864415783833,0.09148039328555549,0.029362623025375872,0.0330982623781709,0.4587973599516405,0.6152652118114514,0.3621189760961464,
5000,base4,24,147,1,,3072.277855678927,exchangeable_varying_sigma,0.18,fixed,0.18,0.18,fixed,0.18,1.0,mixed,anchor_grid,500,0.0,-0.008421705990183687,0.01932642660888965,0.025657190280871493,0.01123729182448327,0.014256349997010158,0.01932413445936815,0.025658909726966408,0.009559902952393118,0.012743217662496116,0.11409231536180102,0.1387934835660346,0.008421705990183687,
2000,base3,25,148,1,,1347.0954950018786,exchangeable_varying_sigma,0.18,fixed,0.18,0.18,fixed,0.18,1.0,sin2,anchor_grid,500,0.0,-0.007046815234992473,0.047982504380653594,0.059768594984062465,0.012198357013124786,0.013838771821149277,0.04949237673236962,0.061807129556443276,0.012030750189467199,0.01302251999335,0.1130031295575897,0.12849807015190276,0.007046815234992473,
2000,base3,25,148,1,,1389.2293507310096,exchangeable_varying_sigma,0.18,fixed,0.18,0.18,fixed,0.18,1.0,sin2,anchor_grid,500,0.3,-0.12758156875768864,0.04707057793684206,0.058782186369790934,0.014958993787143271,0.01543098820118931,0.048540097654992745,0.060635504412892775,0.01726082034200177,0.01799834296534033,0.11937366602320028,0.13780060585652307,0.12758156875768864,
5000,base4,24,147,1,,3035.9373948120046,exchangeable_varying_sigma,0.18,fixed,0.18,0.18,fixed,0.18,1.0,mixed,anchor_grid,500,0.3,-0.02515030818382097,0.018011047300415244,0.023840219436741254,0.010310509189062816,0.012702007178637275,0.017419538772697536,0.02288914853638246,0.009046551766502278,0.011566227706592689,0.10810933125677266,0.13071497464638349,0.02515030818382097,
2000,base3,25,148,1,,1213.731093538925,exchangeable_varying_sigma,0.18,fixed,0.18,0.18,fixed,0.18,1.0,sin2,anchor_grid,500,0.6,-0.25852337711301404,0.047137778132447086,0.058882875022083433,0.015835025997007535,0.016457973958063227,0.04746249494608786,0.059362384210772494,0.019007904468800962,0.020161186680800965,0.11822048978641962,0.13682572484006228,0.25852337711301404,
5000,base4,24,147,1,,3019.661373843206,exchangeable_varying_sigma,0.18,fixed,0.18,0.18,fixed,0.18,1.0,mixed,anchor_grid,500,0.6,-0.051887304388494315,0.017999274971371743,0.023889875973730667,0.011473383638318083,0.014137226677178814,0.015105393119013865,0.019859923612113688,0.009682124539703171,0.012532797783363072,0.11037104941004695,0.13423845943220383,0.051887304388494315,
5000,base4,24,147,1,,3229.7404969551135,exchangeable_varying_sigma,0.18,fixed,0.18,0.18,fixed,0.18,1.0,mixed,anchor_grid,500,0.9,-0.0774047637516666,0.018070059184016943,0.024060102044541527,0.012551321496205789,0.015486123359084366,0.009751097459531193,0.012903989143894014,0.010112126145379388,0.013264724168035313,0.11358527565243576,0.1391850355365183,0.0774047637516666,
2000,base3,25,148,1,,1574.863229783019,exchangeable_varying_sigma,0.18,fixed,0.18,0.18,fixed,0.18,1.0,sin2,anchor_grid,500,0.9,-0.3884976577376764,0.04740273786017945,0.059103577765187904,0.01634599409734766,0.017171265379523414,0.04523909731965695,0.056894290500952724,0.020398944697716775,0.022268692086720773,0.11647395472431378,0.135236760735687,0.3884976577376764,
2000,base5,25,148,1,,1138.5733533478342,exchangeable_varying_sigma,0.18,fixed,0.18,0.18,fixed,0.18,1.0,mixed,anchor_grid,500,0.3,-0.1416236493425204,0.06360710140902072,0.0867205014681181,0.0305875550716955,0.032787287634283374,0.0667867488829897,0.09222369933058612,0.02947114447147206,0.03164894512059606,0.4622105734281411,0.6424901247157204,0.1416236493425204,
2000,base5,25,148,1,,1227.649057490984,exchangeable_varying_sigma,0.18,fixed,0.18,0.18,fixed,0.18,1.0,mixed,anchor_grid,500,0.0,0.043613238212057114,0.06460059599653675,0.08707121221193491,0.005765592165883002,0.009007778533417464,0.06785606667277214,0.0927300607080399,0.00735722618030972,0.00818294260806074,0.472062346692175,0.6543757068935707,0.043613238212057114,
5000,base5,24,147,1,,2934.0932798129506,exchangeable_varying_sigma,0.18,fixed,0.18,0.18,fixed,0.18,1.0,mixed,anchor_grid,500,0.0,-0.005443113448801071,0.05649724939955505,0.07951845390184509,0.01994940913753082,0.02427089383484957,0.06018810432729829,0.08695955455875065,0.018211658317411006,0.021219346439088092,0.7259089027329415,0.9988958120597539,0.005443113448801071,
5000,base5,24,147,1,,2927.699194653891,exchangeable_varying_sigma,0.18,fixed,0.18,0.18,fixed,0.18,1.0,mixed,anchor_grid,500,0.6,-0.32510168726393135,0.05507641826585251,0.07963956127421913,0.011518733903758432,0.012704662517271625,0.05771123898185566,0.08603621279266048,0.008630800046943055,0.010049188317429736,0.708720456022689,0.9628304188046553,0.32510168726393135,
2000,base5,25,148,1,,1308.4437846599612,exchangeable_varying_sigma,0.18,fixed,0.18,0.18,fixed,0.18,1.0,mixed,anchor_grid,500,0.6,-0.31495161774137803,0.06362357954131276,0.08677887178796115,0.03216748287662263,0.03450898773156195,0.06564215586731624,0.09133408983325894,0.03174447460578053,0.03424871553582683,0.4619429035615829,0.6431711229630187,0.31495161774137803,
5000,base5,24,147,1,,3345.305744063109,exchangeable_varying_sigma,0.18,fixed,0.18,0.18,fixed,0.18,1.0,mixed,anchor_grid,500,0.9,-0.4831861180292078,0.055117925203582926,0.07966734093761942,0.01259667176165008,0.013444964174444438,0.05635067574033699,0.08496722958669514,0.009138184367636346,0.01046489799156854,0.7125147695854812,0.9656269921869826,0.4831861180292078,
5000,base5,24,147,1,,3401.200503537897,exchangeable_varying_sigma,0.18,fixed,0.18,0.18,fixed,0.18,1.0,mixed,anchor_grid,500,0.3,-0.16821458039414333,0.05508801564887162,0.07962144046257988,0.010355859454511104,0.011992492518214042,0.0584636389071718,0.08672209657809497,0.008028079316843836,0.0095386992649347,0.7065534358150674,0.9614703385544929,0.16821458039414333,
2000,base5,25,148,1,,1513.1669487918261,exchangeable_varying_sigma,0.18,fixed,0.18,0.18,fixed,0.18,1.0,mixed,anchor_grid,500,0.9,-0.4884371207797451,0.0638040651164861,0.08693402907901031,0.033384639032499,0.03588060525432233,0.0634393414085591,0.08960695623334448,0.033533805715788234,0.03653698952602894,0.461627628227024,0.6430952352729826,0.4884371207797451,
2000,base2,26,149,1,,1167.4627693139482,exchangeable_varying_sigma,0.18,fixed,0.18,0.18,fixed,0.18,1.0,sin,anchor_grid,500,0.0,0.005587277257319488,0.034157027388251486,0.04606919790341351,0.0049973958605865065,0.00557935093471534,0.03426837671933268,0.046312422188417635,0.00536139081408013,0.0056688779351302876,0.22476526319276152,0.24828102598171856,0.005587277257319488,
5000,base3,25,148,1,,3127.51759120496,exchangeable_varying_sigma,0.18,fixed,0.18,0.18,fixed,0.18,1.0,sin2,anchor_grid,500,0.0,0.006921197888976874,0.04192842664133068,0.05187280900050156,0.007300697866502254,0.007749126935972708,0.04350738560186287,0.054019392144323185,0.005626939206424764,0.006964544783032601,0.2519024346746324,0.2867774292789351,0.006921197888976874,
5000,base3,25,148,1,,3004.8489156460855,exchangeable_varying_sigma,0.18,fixed,0.18,0.18,fixed,0.18,1.0,sin2,anchor_grid,500,0.9,-0.3196685174882491,0.04070026105177739,0.05040093198220441,0.012439069413132553,0.014525059727836761,0.0398824828575913,0.050126098709795355,0.012446793306483656,0.015107590722113347,0.25422681050320706,0.28744219769951546,0.3196685174882491,
5000,base3,25,148,1,,3344.0434864019044,exchangeable_varying_sigma,0.18,fixed,0.18,0.18,fixed,0.18,1.0,sin2,anchor_grid,500,0.3,-0.09707950154027029,0.040758052735386,0.050658300456455134,0.010585507527367782,0.012420445038230967,0.04216671046416515,0.05262179016478059,0.01038386466839708,0.012857093822835798,0.25554673165403674,0.2908845818999503,0.09707950154027029,
2000,base2,26,149,1,,1463.3072477551177,exchangeable_varying_sigma,0.18,fixed,0.18,0.18,fixed,0.18,1.0,sin,anchor_grid,500,0.3,-0.09133163802283106,0.034856198093532326,0.046725689402061475,0.00804178989650614,0.00977933872594669,0.034154781710265356,0.04580672679260257,0.007018285938036356,0.00838130596744024,0.23217653087576443,0.257658825788191,0.09133163802283106,
2000,base2,26,149,1,,1440.0917668910697,exchangeable_varying_sigma,0.18,fixed,0.18,0.18,fixed,0.18,1.0,sin,anchor_grid,500,0.6,-0.1542592966071213,0.035031377651102084,0.046983370831499574,0.008128942369624137,0.009853885578514862,0.031194704205439287,0.042008203834742436,0.006597902591074983,0.00843880319913972,0.23831236972714973,0.26349321782760415,0.1542592966071213,
2000,base2,26,149,1,,1426.1014174360316,exchangeable_varying_sigma,0.18,fixed,0.18,0.18,fixed,0.18,1.0,sin,anchor_grid,500,0.9,-0.21479918465783832,0.035352821393223446,0.04741829654953162,0.0078993646193877,0.00966670643001706,0.024463193417826812,0.03350514572301382,0.00677298337225099,0.008379389282230995,0.24464564792951593,0.2695698765577926,0.21479918465783832,
5000,base3,25,148,1,,3533.49942335207,exchangeable_varying_sigma,0.18,fixed,0.18,0.18,fixed,0.18,1.0,sin2,anchor_grid,500,0.6,-0.20832751769510888,0.04073285246597532,0.05055346160083286,0.011591016710163438,0.01353354084529899,0.0413323867620926,0.051702784476522295,0.011503039334412032,0.01406198007662155,0.2549699134944622,0.2890530804402054,0.20832751769510888,
5000,base5,25,148,1,,3046.8688681200147,exchangeable_varying_sigma,0.18,fixed,0.18,0.18,fixed,0.18,1.0,mixed,anchor_grid,500,0.3,-0.16457005896815807,0.05657221887627896,0.07957380185095433,0.021858991966251434,0.023658917042134756,0.059840307213644875,0.08633197489803243,0.020328325380012016,0.02164291359010907,0.7302808343557684,0.9942668302271225,0.16457005896815807,
5000,base5,25,148,1,,3184.4388456800953,exchangeable_varying_sigma,0.18,fixed,0.18,0.18,fixed,0.18,1.0,mixed,anchor_grid,500,0.0,0.0013535579661158696,0.055576937008763774,0.07822830199385904,0.0125996996950416,0.014566746811351044,0.059007606748750975,0.0851593634542347,0.012178763796385217,0.01512634182742995,0.7259505727155674,0.9712457806376266,0.0013535579661158696,
2000,base4,26,149,1,,1068.5736165898852,exchangeable_varying_sigma,0.18,fixed,0.18,0.18,fixed,0.18,1.0,mixed,anchor_grid,500,0.3,-0.07338076775678509,0.032338684520091296,0.045719951790183004,0.009224724314542965,0.010139120385306292,0.03131637692174031,0.04448449664208852,0.008395144181276237,0.009193551117211702,0.2673215070144606,0.3083608692349772,0.07338076775678509,
5000,base5,25,148,1,,3314.3658043339383,exchangeable_varying_sigma,0.18,fixed,0.18,0.18,fixed,0.18,1.0,mixed,anchor_grid,500,0.6,-0.31901581496869663,0.05665277521530324,0.07963123619031592,0.02283883656591243,0.02485044711540693,0.05894106944880132,0.08552928307883881,0.021423629025305355,0.02292568591276408,0.7316402219083269,0.9936673408499298,0.31901581496869663,
2000,base4,26,149,1,,1444.6520984480157,exchangeable_varying_sigma,0.18,fixed,0.18,0.18,fixed,0.18,1.0,mixed,anchor_grid,500,0.0,-0.017473158541459775,0.03251419546528079,0.04527155581889268,0.0032495379832129523,0.0037958403906063706,0.032521670714030046,0.045381059716254245,0.0033270993859608744,0.004424966949550967,0.267971979818945,0.3106631117991598,0.017473158541459775,
2000,base4,26,149,1,,1424.7693779419642,exchangeable_varying_sigma,0.18,fixed,0.18,0.18,fixed,0.18,1.0,mixed,anchor_grid,500,0.6,-0.13211896438334036,0.03265026027836666,0.046172274165953146,0.008687305303058529,0.00993681914420426,0.028055441627881126,0.04035186330002909,0.008357024940876645,0.009567998896501553,0.2709694839018862,0.31002980543582354,0.13211896438334036,
5000,base5,25,148,1,,3406.051622720901,exchangeable_varying_sigma,0.18,fixed,0.18,0.18,fixed,0.18,1.0,mixed,anchor_grid,500,0.9,-0.47198911714732916,0.05677389420951154,0.0796831483831648,0.02377682494132241,0.02605375326720342,0.057321914653457075,0.0842499747766013,0.022356504127840404,0.024151454995396917,0.7333147418571289,0.9926116252872713,0.47198911714732916,
2000,base4,26,149,1,,1488.524873178918,exchangeable_varying_sigma,0.18,fixed,0.18,0.18,fixed,0.18,1.0,mixed,anchor_grid,500,0.9,-0.18911888295818613,0.03330299925556872,0.04694124459091843,0.007525352298664523,0.009285437603806982,0.020336660791798793,0.030684835016683468,0.008202403863266455,0.009531156410952635,0.2750728102351584,0.3124154627848968,0.18911888295818613,
5000,base2,26,149,1,,3026.939978596987,exchangeable_varying_sigma,0.18,fixed,0.18,0.18,fixed,0.18,1.0,sin,anchor_grid,500,0.0,-0.01872803539876723,0.02292587530981526,0.02935420722602722,0.006989518115343735,0.00884672930760102,0.023036596710756647,0.02950817960758064,0.007550990247778305,0.00954438231504895,0.06658635077652898,0.0840940126571387,0.01872803539876723,
2000,base5,26,149,1,,1299.1097562769428,exchangeable_varying_sigma,0.18,fixed,0.18,0.18,fixed,0.18,1.0,mixed,anchor_grid,500,0.0,-0.0070953726277546685,0.06567438350028178,0.09200943034751434,0.010816089887889624,0.015038886983231905,0.06930742388161602,0.09892459142294602,0.006568800339215225,0.008233337581356378,0.5538289387642501,0.7480239891784637,0.0070953726277546685,
5000,base2,26,149,1,,3138.2731802759226,exchangeable_varying_sigma,0.18,fixed,0.18,0.18,fixed,0.18,1.0,sin,anchor_grid,500,0.6,-0.07010234036386864,0.022393909730308453,0.028594264819389235,0.008894739354894182,0.009537159794994633,0.020324244954130467,0.026021651473415494,0.008720644541536052,0.009300045130277412,0.06904240038264198,0.08598991137400706,0.07010234036386864,
5000,base2,26,149,1,,3163.94487902103,exchangeable_varying_sigma,0.18,fixed,0.18,0.18,fixed,0.18,1.0,sin,anchor_grid,500,0.3,-0.03533118467120833,0.022529881637360787,0.028816287634664133,0.008334347087711191,0.00892024397470438,0.022213243924651495,0.028503245955495044,0.007933302796381575,0.008409668654118706,0.0671061646200212,0.08402716622054617,0.03533118467120833,
2000,base5,26,149,1,,1329.4190190120135,exchangeable_varying_sigma,0.18,fixed,0.18,0.18,fixed,0.18,1.0,mixed,anchor_grid,500,0.3,-0.2227192581806987,0.06782636770095081,0.09490033799681719,0.01595739718852396,0.018882780264536568,0.07135487438297919,0.10179440278529873,0.010782584367918985,0.011092585576301273,0.555325874406751,0.7576547460083439,0.2227192581806987,
2000,base5,26,149,1,,1229.8901577210054,exchangeable_varying_sigma,0.18,fixed,0.18,0.18,fixed,0.18,1.0,mixed,anchor_grid,500,0.9,-0.5747219519189841,0.06921952483537037,0.09578332453180774,0.016967984393319452,0.019726835744686883,0.06909197782087187,0.09922321782455538,0.012484134354936505,0.01335760028034459,0.5406970432176144,0.7402210781017107,0.5747219519189841,
2000,base5,26,149,1,,1485.8544349640142,exchangeable_varying_sigma,0.18,fixed,0.18,0.18,fixed,0.18,1.0,mixed,anchor_grid,500,0.6,-0.3991425244764576,0.06839458320475257,0.09527989538848473,0.01642838938290994,0.01935008231383079,0.07055537440535066,0.10088227179250558,0.011539948091971758,0.01203661258335076,0.5482940386552286,0.7487712628316422,0.3991425244764576,
5000,base2,26,149,1,,3207.063195737079,exchangeable_varying_sigma,0.18,fixed,0.18,0.18,fixed,0.18,1.0,sin,anchor_grid,500,0.9,-0.1038822006147172,0.022234717711895068,0.02841346306991614,0.00922688161366128,0.009982388684126967,0.015896076385662435,0.020431942121625822,0.009084849452792393,0.009895672295926796,0.07127931762992558,0.08831751764230698,0.1038822006147172,
5000,base4,26,149,1,,3001.8861846860964,exchangeable_varying_sigma,0.18,fixed,0.18,0.18,fixed,0.18,1.0,mixed,anchor_grid,500,0.3,-0.029356402722670094,0.01856382272860713,0.025020310300231764,0.009179561544346238,0.009669971255510654,0.018090071794208455,0.024512779126330587,0.008504459997661917,0.009217326789706567,0.09937485451445492,0.1194616396944211,0.029356402722670094,
5000,base4,26,149,1,,3107.2271079940256,exchangeable_varying_sigma,0.18,fixed,0.18,0.18,fixed,0.18,1.0,mixed,anchor_grid,500,0.0,-0.02661755538616941,0.01962547145775144,0.02652841024071173,0.007146877477406943,0.008462510304558168,0.01959915310617409,0.02650113834866136,0.0068537337935715426,0.00772092363802085,0.10182661951265189,0.1262778335246809,0.02661755538616941,
5000,base4,26,149,1,,3010.3387745460495,exchangeable_varying_sigma,0.18,fixed,0.18,0.18,fixed,0.18,1.0,mixed,anchor_grid,500,0.6,-0.05550693817435892,0.018499577730632988,0.024774348141971544,0.009756981282571534,0.010279730220801739,0.015920285422594865,0.02152740533794501,0.009257143311349733,0.01007114081340739,0.10193034216706165,0.12215707970709412,0.05550693817435892,
2000,base3,27,150,1,,1253.5214726298582,exchangeable_varying_sigma,0.18,fixed,0.18,0.18,fixed,0.18,1.0,sin2,anchor_grid,500,0.3,-0.13759125648160217,0.04912956823800088,0.06088547102240617,0.017329371112883712,0.01874824199048031,0.0504307459555371,0.06256540344569464,0.020221579460417652,0.020761740100802308,0.10576970623076343,0.11932655966848546,0.13759125648160217,
2000,base3,27,150,1,,1445.3887591180392,exchangeable_varying_sigma,0.18,fixed,0.18,0.18,fixed,0.18,1.0,sin2,anchor_grid,500,0.0,-0.0013557361951146449,0.04886843050178845,0.06112043310139075,0.014101888327108958,0.016912097416538045,0.05050652049754173,0.06314162896626661,0.011807376879099635,0.015511209519028225,0.11563089845742987,0.13049541384530391,0.0013557361951146449,
2000,base3,27,150,1,,1163.5033655459993,exchangeable_varying_sigma,0.18,fixed,0.18,0.18,fixed,0.18,1.0,sin2,anchor_grid,500,0.9,-0.3999493298599607,0.0493605950304205,0.06127466344144062,0.02022757507710958,0.021358442544777135,0.04721633801998532,0.05839793469237097,0.02352885247639068,0.024361943282759917,0.09952829917011695,0.11216764382157865,0.3999493298599607,
5000,base4,26,149,1,,3237.1471708631143,exchangeable_varying_sigma,0.18,fixed,0.18,0.18,fixed,0.18,1.0,mixed,anchor_grid,500,0.9,-0.07967579375966338,0.018562070894758427,0.02466874258516838,0.010099112375032096,0.0107061935469563,0.010438370066175252,0.014019732450134431,0.00960101036518736,0.01060550852305402,0.1049138359517752,0.12554820441484194,0.07967579375966338,
2000,base3,27,150,1,,1571.4065441789571,exchangeable_varying_sigma,0.18,fixed,0.18,0.18,fixed,0.18,1.0,sin2,anchor_grid,500,0.6,-0.2684907086404652,0.049291947215492585,0.06105251532378908,0.01886393097442292,0.02010242507812898,0.04936153726346214,0.061142576971915705,0.021863311182235085,0.022533174439595488,0.10269811032057309,0.11579305558221678,0.2684907086404652,
2000,base5,27,150,1,,1171.3922889840323,exchangeable_varying_sigma,0.18,fixed,0.18,0.18,fixed,0.18,1.0,mixed,anchor_grid,500,0.0,-0.012631330756699697,0.0661455450626373,0.09075900461930819,0.017428403193782693,0.01859668533932275,0.06986597806105686,0.09702337627282832,0.016428768574718033,0.016996117519323783,0.4817657730054072,0.6672054066976856,0.012631330756699697,
2000,base5,27,150,1,,1208.7190532139502,exchangeable_varying_sigma,0.18,fixed,0.18,0.18,fixed,0.18,1.0,mixed,anchor_grid,500,0.3,-0.20211827151966072,0.0687083769661164,0.09333444689687687,0.01468595801820309,0.01677792880662271,0.0718660537538963,0.09888623226351796,0.019129057977744945,0.02041818543319149,0.46299785199417187,0.627729119401567,0.20211827151966072,
5000,base5,26,149,1,,3084.0897793979384,exchangeable_varying_sigma,0.18,fixed,0.18,0.18,fixed,0.18,1.0,mixed,anchor_grid,500,0.0,-0.021968672573487755,0.05675284233517576,0.08023484802301664,0.0054734852235995834,0.007477791254064554,0.06042677881157695,0.08802131644309291,0.00899145524155609,0.009795450661100977,0.7474454100734483,1.0432460951988265,0.021968672573487755,
2000,base5,27,150,1,,1212.80311851413,exchangeable_varying_sigma,0.18,fixed,0.18,0.18,fixed,0.18,1.0,mixed,anchor_grid,500,0.6,-0.37619614771018134,0.0690186255035854,0.09370011638949553,0.01665821158704768,0.018452202270468416,0.07080412305495991,0.09771691789099345,0.0206445938680153,0.021436323678893743,0.46063904385760196,0.6247600287285003,0.37619614771018134,
5000,base5,26,149,1,,3128.7852834209334,exchangeable_varying_sigma,0.18,fixed,0.18,0.18,fixed,0.18,1.0,mixed,anchor_grid,500,0.3,-0.16719207328243227,0.05612100749024009,0.07973239851011994,0.01420305154964048,0.01481057735968301,0.05953838627138264,0.08711129878533713,0.012301987962642952,0.012765082531576167,0.7495688054871498,1.0250230033375676,0.16719207328243227,
2000,base5,27,150,1,,1343.8505946639925,exchangeable_varying_sigma,0.18,fixed,0.18,0.18,fixed,0.18,1.0,mixed,anchor_grid,500,0.9,-0.5512822142057523,0.06925951578346909,0.09413642884927229,0.018398083819881825,0.020090681609126193,0.06878958200096091,0.09571139988616713,0.022017928575757156,0.022460336023753052,0.4601839018532028,0.6244781265652413,0.5512822142057523,
5000,base5,26,149,1,,3118.3566228849813,exchangeable_varying_sigma,0.18,fixed,0.18,0.18,fixed,0.18,1.0,mixed,anchor_grid,500,0.6,-0.3246488615887751,0.0560275328681541,0.07959438482039902,0.01478047128786246,0.015426249881182002,0.05859256975708211,0.08624921698730968,0.012870650771798692,0.013571563319117276,0.7489407165320267,1.0242014946746438,0.3246488615887751,
5000,base5,26,149,1,,3644.897216286976,exchangeable_varying_sigma,0.18,fixed,0.18,0.18,fixed,0.18,1.0,mixed,anchor_grid,500,0.9,-0.4816861584892897,0.05598864533118942,0.0794608965479591,0.015122602380323785,0.015884280928200323,0.056882174396588346,0.08488963862393699,0.013075985453894962,0.014318567188234859,0.7475672674325414,1.0233243872344724,0.4816861584892897,
5000,base3,27,150,1,,2970.669478830183,exchangeable_varying_sigma,0.18,fixed,0.18,0.18,fixed,0.18,1.0,sin2,anchor_grid,500,0.0,-0.008072953626728491,0.04136504767812777,0.05075824540816202,0.004265458289461899,0.00475644246237306,0.04302590751530327,0.05287719008666128,0.0034110554308924013,0.003745405900531532,0.21651582107704734,0.25043885575681407,0.008072953626728491,
5000,base3,27,150,1,,2984.7409864889923,exchangeable_varying_sigma,0.18,fixed,0.18,0.18,fixed,0.18,1.0,sin2,anchor_grid,500,0.3,-0.11157524384313494,0.041326578147005084,0.05071997191381663,0.003102438065303109,0.003712552863244601,0.042748105701803894,0.0526416364178132,0.004421711003134238,0.004611615861448203,0.2260320561300245,0.2642454815188102,0.11157524384313494,
2000,base2,28,151,1,,1209.0845828729216,exchangeable_varying_sigma,0.18,fixed,0.18,0.18,fixed,0.18,1.0,sin,anchor_grid,500,0.0,-0.01299424163639175,0.033458856778630496,0.044115194245097654,0.018697285287243445,0.020340501640170542,0.03351954127469182,0.04419287739780319,0.017804910312802083,0.02101286606230057,0.2236274551187123,0.2390716173349092,0.01299424163639175,
5000,base3,27,150,1,,2964.839741644915,exchangeable_varying_sigma,0.18,fixed,0.18,0.18,fixed,0.18,1.0,sin2,anchor_grid,500,0.9,-0.3357832906845415,0.041562068350399085,0.05110209736148831,0.0038353004409763802,0.00428309181698449,0.04087286163285977,0.05107313333088836,0.005342138560951115,0.005555900823098393,0.2306469879501515,0.27229500006935575,0.3357832906845415,
2000,base2,28,151,1,,1215.3619815050624,exchangeable_varying_sigma,0.18,fixed,0.18,0.18,fixed,0.18,1.0,sin,anchor_grid,500,0.6,-0.1472630041860603,0.034273102101329986,0.04476131807299657,0.01812602081044623,0.021842914417246773,0.029756924868273894,0.03960515463249274,0.013323939661531198,0.019487047321162427,0.20342813796724066,0.2229290915546766,0.1472630041860603,
2000,base2,28,151,1,,1399.3186224279925,exchangeable_varying_sigma,0.18,fixed,0.18,0.18,fixed,0.18,1.0,sin,anchor_grid,500,0.3,-0.06999843820958324,0.03404533457666466,0.044581312575677025,0.01715500415979762,0.02054476410750561,0.03290284484172673,0.0435359717642412,0.012517271312941364,0.017785611717518694,0.2081366134235641,0.2260755403083597,0.06999843820958324,
5000,base3,27,150,1,,3532.94591086288,exchangeable_varying_sigma,0.18,fixed,0.18,0.18,fixed,0.18,1.0,sin2,anchor_grid,500,0.6,-0.22392868469598948,0.041405235943398094,0.050862135287336234,0.003508841015296804,0.004046981926729159,0.04208014649599663,0.05203363588938938,0.005072184264940355,0.005221324964016558,0.22827109529771455,0.2683993210834247,0.22392868469598948,
2000,base2,28,151,1,,1491.2930381740443,exchangeable_varying_sigma,0.18,fixed,0.18,0.18,fixed,0.18,1.0,sin,anchor_grid,500,0.9,-0.2244583040492094,0.034674713417033,0.045210915686036954,0.018889060891444154,0.022842472742973633,0.02291673780743096,0.03079284188691241,0.015574626940542069,0.02129517784911027,0.20114640379643892,0.22198423446213242,0.2244583040492094,
2000,base4,28,151,1,,1242.8125779079273,exchangeable_varying_sigma,0.18,fixed,0.18,0.18,fixed,0.18,1.0,mixed,anchor_grid,500,0.0,-0.005287823365020271,0.03385826783118259,0.04549738162604823,0.017934246804756762,0.01960659430358446,0.033834580172765985,0.045506670932663834,0.017605950937795836,0.019940926501165485,0.25855546239658955,0.2839830011135101,0.005287823365020271,
5000,base5,27,150,1,,3065.565710552968,exchangeable_varying_sigma,0.18,fixed,0.18,0.18,fixed,0.18,1.0,mixed,anchor_grid,500,0.0,-0.007612346974129239,0.056420943562589414,0.07879414300102176,0.01094924286362639,0.012206246500573751,0.060092059019062914,0.08581145090044771,0.005835137488659589,0.006202750742979419,0.6866902813076377,0.9281900855044163,0.007612346974129239,
5000,base5,27,150,1,,3013.0898233430926,exchangeable_varying_sigma,0.18,fixed,0.18,0.18,fixed,0.18,1.0,mixed,anchor_grid,500,0.6,-0.319799201907721,0.05587788215460727,0.07844518127505108,0.009503073046822574,0.011016517049865048,0.05870098271213312,0.08510878524036997,0.009653727404002221,0.011889613228641203,0.6929098306331505,0.9421204181874508,0.319799201907721,
2000,base4,28,151,1,,1260.216225296026,exchangeable_varying_sigma,0.18,fixed,0.18,0.18,fixed,0.18,1.0,mixed,anchor_grid,500,0.3,-0.038345412963450676,0.03263898009748878,0.0436317423700725,0.012110148789567926,0.01737741643517808,0.03164676429575781,0.04280866371871833,0.014318666732740265,0.019713007352476615,0.24473185482663876,0.2754291353267837,0.038345412963450676,
5000,base5,27,150,1,,3174.175585468067,exchangeable_varying_sigma,0.18,fixed,0.18,0.18,fixed,0.18,1.0,mixed,anchor_grid,500,0.9,-0.47364819444082656,0.05595798383559378,0.07838190225555512,0.009525588842916155,0.011078762809669853,0.05726692139774054,0.08398724920080299,0.009966248825699547,0.01270032074064874,0.6887495569477717,0.9361558618916951,0.47364819444082656,
5000,base5,27,150,1,,3422.7364031278994,exchangeable_varying_sigma,0.18,fixed,0.18,0.18,fixed,0.18,1.0,mixed,anchor_grid,500,0.3,-0.16356020883982644,0.05589515885928605,0.07852915643295567,0.0093200353198086,0.01083874939398509,0.059492134856821574,0.08570548109631572,0.008913469760883252,0.010844585697486638,0.6939396341885298,0.9435774014863391,0.16356020883982644,
2000,base4,28,151,1,,1327.9696982200257,exchangeable_varying_sigma,0.18,fixed,0.18,0.18,fixed,0.18,1.0,mixed,anchor_grid,500,0.6,-0.11241429982208889,0.03263403983158058,0.04344065815666287,0.012830295690234916,0.018325227364040075,0.028184592913588814,0.038448851954140065,0.01528754776932198,0.021002517958838562,0.24030614696122995,0.27354385819015564,0.11241429982208889,
2000,base4,28,151,1,,1376.0479253800586,exchangeable_varying_sigma,0.18,fixed,0.18,0.18,fixed,0.18,1.0,mixed,anchor_grid,500,0.9,-0.18865373774651673,0.03267508279069885,0.04342426718184358,0.013214832572789603,0.019004150224289112,0.019833639952257554,0.02762134273573573,0.016584135842924203,0.022231877832605728,0.23781464210125944,0.273448333236856,0.18865373774651673,
5000,base2,28,151,1,,2880.2569510058966,exchangeable_varying_sigma,0.18,fixed,0.18,0.18,fixed,0.18,1.0,sin,anchor_grid,500,0.3,-0.025011940805411748,0.021370980889352537,0.02754522508543598,0.010122262984397667,0.011769711205410406,0.021033860872582442,0.02718539730166182,0.010931625271272533,0.013005231792340591,0.08345722521657124,0.10320151874919306,0.025011940805411748,
2000,base5,28,151,1,,1173.620060235029,exchangeable_varying_sigma,0.18,fixed,0.18,0.18,fixed,0.18,1.0,mixed,anchor_grid,500,0.6,-0.3764016309383389,0.062293615689778536,0.08747375294128805,0.012442952834280041,0.01765264748560646,0.06448286355082503,0.09281255362348459,0.017128063557416418,0.022940445315717237,0.5400256319471325,0.748423381500734,0.3764016309383389,
5000,base2,28,151,1,,3053.6876419419423,exchangeable_varying_sigma,0.18,fixed,0.18,0.18,fixed,0.18,1.0,sin,anchor_grid,500,0.9,-0.10094813391670254,0.02113707242573391,0.027134823191046518,0.010933443133659071,0.012386500038427143,0.01494055448623073,0.019580446374243637,0.013085359825784126,0.015316510106554257,0.08320547393918655,0.10521171681676458,0.10094813391670254,
2000,base5,28,151,1,,1351.202907810919,exchangeable_varying_sigma,0.18,fixed,0.18,0.18,fixed,0.18,1.0,mixed,anchor_grid,500,0.0,-0.031330896208274485,0.06389979970814344,0.0879500646584408,0.023260640158087834,0.024403766582036735,0.06699407000389172,0.09431098426944093,0.021937445423718102,0.025105116198520665,0.5143313194459861,0.7310169777021366,0.031330896208274485,
5000,base2,28,151,1,,3237.302562530851,exchangeable_varying_sigma,0.18,fixed,0.18,0.18,fixed,0.18,1.0,sin,anchor_grid,500,0.0,0.009786491485771131,0.021341777784076768,0.02772716495427907,0.00490730398019687,0.0054017860896061875,0.021462559094058965,0.02790940670645537,0.005168848529845255,0.0057316675081848885,0.09002352627563641,0.10652775370044155,0.009786491485771131,
5000,base2,28,151,1,,3228.77096704999,exchangeable_varying_sigma,0.18,fixed,0.18,0.18,fixed,0.18,1.0,sin,anchor_grid,500,0.6,-0.06217496279040913,0.021248946399105392,0.027362886085274468,0.010661267950055786,0.012255296061941057,0.019144724066061592,0.024809612542396702,0.012269303098257134,0.014531874652742955,0.08306117652639282,0.10382180624123069,0.06217496279040913,
2000,base5,28,151,1,,1400.9489396931604,exchangeable_varying_sigma,0.18,fixed,0.18,0.18,fixed,0.18,1.0,mixed,anchor_grid,500,0.3,-0.20588723420955166,0.06235898137229508,0.08733493001656938,0.012453598562350926,0.01743990239292677,0.06587937538995858,0.09397940807951792,0.015813953456709495,0.021604209281642885,0.5370194783740335,0.7498347816846342,0.20588723420955166,
2000,base5,28,151,1,,1290.880623243982,exchangeable_varying_sigma,0.18,fixed,0.18,0.18,fixed,0.18,1.0,mixed,anchor_grid,500,0.9,-0.543372910912566,0.06239095711062328,0.0878219829817374,0.012268542410586863,0.017548102801511693,0.06191034229620348,0.09089907851610386,0.018251887209698836,0.023776524726574332,0.5405374720238452,0.7428523320783866,0.543372910912566,
5000,base4,28,151,1,,2868.4496061659884,exchangeable_varying_sigma,0.18,fixed,0.18,0.18,fixed,0.18,1.0,mixed,anchor_grid,500,0.6,-0.04342592828383396,0.01821581145654971,0.024265122196207172,0.00902695383406793,0.011289419332343398,0.015386650210533507,0.020731673706671633,0.0124568054046644,0.014863091661561759,0.10608480875761042,0.1329767701155855,0.04342592828383396,
5000,base4,28,151,1,,3152.0016294750385,exchangeable_varying_sigma,0.18,fixed,0.18,0.18,fixed,0.18,1.0,mixed,anchor_grid,500,0.0,0.004214137854033379,0.018541803339526947,0.02494793852920647,0.005713897725140207,0.006491259367348943,0.018542583141024558,0.024956463810064257,0.004562809295374434,0.006278132678483203,0.11870454561467414,0.14162799892247108,0.004214137854033379,
2000,base3,29,152,1,,1226.3483696188778,exchangeable_varying_sigma,0.18,fixed,0.18,0.18,fixed,0.18,1.0,sin2,anchor_grid,500,0.3,-0.1827010388451078,0.04750015627016059,0.05890969083168595,0.008478956707199295,0.009420838906602325,0.04853649309062602,0.06027524386696353,0.008507747899825405,0.009809947987955243,0.11667807249557695,0.1350281524572035,0.1827010388451078,
2000,base3,29,152,1,,1322.6512468799483,exchangeable_varying_sigma,0.18,fixed,0.18,0.18,fixed,0.18,1.0,sin2,anchor_grid,500,0.0,-0.010505345123882948,0.04720679248639302,0.059207448374158866,0.010322819000382816,0.011797258369134441,0.0489174528436183,0.06134491896143327,0.011881336925442743,0.012357102392154123,0.12449380637356433,0.14402542041005456,0.010505345123882948,
5000,base4,28,151,1,,3150.851153028896,exchangeable_varying_sigma,0.18,fixed,0.18,0.18,fixed,0.18,1.0,mixed,anchor_grid,500,0.3,-0.01183681332197356,0.01826422342720349,0.02440277870289196,0.008631112337299157,0.010883083752386325,0.01760953083213312,0.023688267992609986,0.010972011546237947,0.013258052681191006,0.1102623133889266,0.1350606793226853,0.01183681332197356,
2000,base3,29,152,1,,1413.79407518683,exchangeable_varying_sigma,0.18,fixed,0.18,0.18,fixed,0.18,1.0,sin2,anchor_grid,500,0.6,-0.30023984353813604,0.047548368045467596,0.05897571442605323,0.009347283880843868,0.010517895571454852,0.047025583781040645,0.05861240989527314,0.00864616240256727,0.010224210827365826,0.1084738235601039,0.12551552558885667,0.30023984353813604,
2000,base3,29,152,1,,1183.3775837090798,exchangeable_varying_sigma,0.18,fixed,0.18,0.18,fixed,0.18,1.0,sin2,anchor_grid,500,0.9,-0.413615354816068,0.0477070393864463,0.059200008474912996,0.010116693506305022,0.011596797777197835,0.04465574581989196,0.05603584327567538,0.00831871771698972,0.0102010087281122,0.10067156830803509,0.11667300927148577,0.413615354816068,
5000,base4,28,151,1,,3246.109867217019,exchangeable_varying_sigma,0.18,fixed,0.18,0.18,fixed,0.18,1.0,mixed,anchor_grid,500,0.9,-0.07735236343217156,0.018196435564331814,0.02411545017642392,0.009148309630127888,0.011337100429955484,0.010039982086203809,0.013502117912306856,0.01349466711335201,0.015734670681718327,0.10223869077781993,0.13189391427974334,0.07735236343217156,
2000,base5,29,152,1,,1272.516998416977,exchangeable_varying_sigma,0.18,fixed,0.18,0.18,fixed,0.18,1.0,mixed,anchor_grid,500,0.0,-0.007765866460390459,0.06697319995891052,0.09174546704956991,0.006039886928861121,0.0071943828942268775,0.07045723699643223,0.09756326625626148,0.003063852244015619,0.0034692002839410998,0.5278041052864418,0.7247978286494403,0.007765866460390459,
5000,base5,28,151,1,,3055.47202402493,exchangeable_varying_sigma,0.18,fixed,0.18,0.18,fixed,0.18,1.0,mixed,anchor_grid,500,0.0,0.003397688426035813,0.05528912529260119,0.07829583828819832,0.007349660823589482,0.00816232965975552,0.05855207794625222,0.08531407735712679,0.006380960552189674,0.007556287453976959,0.6618453172735412,0.914788815759689,0.003397688426035813,
2000,base5,29,152,1,,1396.4005608460866,exchangeable_varying_sigma,0.18,fixed,0.18,0.18,fixed,0.18,1.0,mixed,anchor_grid,500,0.6,-0.3662588650436117,0.06582951577160207,0.08857391317795757,0.021153907633380944,0.023880905035489102,0.06774747346198885,0.09320603901037651,0.016903484356607046,0.018157583705927693,0.5561935051080122,0.7464635470050892,0.3662588650436117,
5000,base5,28,151,1,,3033.795226675924,exchangeable_varying_sigma,0.18,fixed,0.18,0.18,fixed,0.18,1.0,mixed,anchor_grid,500,0.6,-0.29413186503566796,0.05431895585165847,0.07753663507086567,0.010729325486025482,0.012546845735947379,0.05681267271391366,0.08428432188427679,0.008150088107840375,0.012302815514182384,0.6635162376785377,0.9057463031939773,0.29413186503566796,
2000,base5,29,152,1,,1423.0502436019015,exchangeable_varying_sigma,0.18,fixed,0.18,0.18,fixed,0.18,1.0,mixed,anchor_grid,500,0.9,-0.5380504486660889,0.06557196599777954,0.08844366949656941,0.021448380736694195,0.02437580241103169,0.0650035009697051,0.09085949736784653,0.01679381529511703,0.018080748139623716,0.5509764832109815,0.7432933106219058,0.5380504486660889,
2000,base5,29,152,1,,1529.866682316875,exchangeable_varying_sigma,0.18,fixed,0.18,0.18,fixed,0.18,1.0,mixed,anchor_grid,500,0.3,-0.1939109735222205,0.06606121854362376,0.08884689853111974,0.020587348181127313,0.02320633685591374,0.06944594384626479,0.09482550535915371,0.016605286223939156,0.017846145360173215,0.5610016885221208,0.7507757929630567,0.1939109735222205,
5000,base5,28,151,1,,3239.7712031400297,exchangeable_varying_sigma,0.18,fixed,0.18,0.18,fixed,0.18,1.0,mixed,anchor_grid,500,0.3,-0.14056452354665025,0.05444702435193449,0.07767620558454992,0.010773183140258158,0.012333997194430875,0.05759823760769736,0.08469229092812867,0.007668504513120233,0.011374560062650923,0.6626274289378161,0.9071363269266781,0.14056452354665025,
5000,base5,28,151,1,,3290.6384616030846,exchangeable_varying_sigma,0.18,fixed,0.18,0.18,fixed,0.18,1.0,mixed,anchor_grid,500,0.9,-0.44849869856743346,0.054132632869723585,0.07735730520535336,0.010511888622040222,0.012482288502817308,0.05521137952918904,0.08341722878047542,0.00833790036725357,0.012654370605257146,0.6638569023729894,0.9039644796962709,0.44849869856743346,
5000,base3,29,152,1,,2737.7670618621632,exchangeable_varying_sigma,0.18,fixed,0.18,0.18,fixed,0.18,1.0,sin2,anchor_grid,500,0.0,-0.010674387321978684,0.04101259691490863,0.05033435444430953,0.009667359588904106,0.010046195964974528,0.042629637559783974,0.052441336492827686,0.01111753058134074,0.011596228792719623,0.24029360026444774,0.27259689329735665,0.010674387321978684,
5000,base3,29,152,1,,2707.2933581671678,exchangeable_varying_sigma,0.18,fixed,0.18,0.18,fixed,0.18,1.0,sin2,anchor_grid,500,0.3,-0.10551265965592171,0.04056719818951892,0.04992922944066086,0.01340137948246671,0.015641836388403958,0.04195465361356672,0.05181916815373466,0.015084168142841803,0.016630405425791125,0.24236175701635784,0.2723580253094432,0.10551265965592171,
5000,base3,29,152,1,,2687.099270974053,exchangeable_varying_sigma,0.18,fixed,0.18,0.18,fixed,0.18,1.0,sin2,anchor_grid,500,0.9,-0.318572102320799,0.04046391519302512,0.04977284105126892,0.01492570285037606,0.017646653073548412,0.039768702087868375,0.04979012808263744,0.015775769323366773,0.017570881383825836,0.23464199546362344,0.2656844889827546,0.318572102320799,
5000,base3,29,152,1,,2875.9908793740906,exchangeable_varying_sigma,0.18,fixed,0.18,0.18,fixed,0.18,1.0,sin2,anchor_grid,500,0.6,-0.2125153763911129,0.0405092429982073,0.04985887803195694,0.014275759504353627,0.016756347462971454,0.04122223078029212,0.0510937123570948,0.01572283762391069,0.017391085599807624,0.2386567536478932,0.2690394445357158,0.2125153763911129,
5000,base5,29,152,1,,1483.495029920945,exchangeable_varying_sigma,0.18,fixed,0.18,0.18,fixed,0.18,1.0,mixed,anchor_grid,500,0.6,-0.33549587104090284,0.05664771869362205,0.07993511731477587,0.010131802545263621,0.01217588540820396,0.058666741463254644,0.08578766028569022,0.013505138538017311,0.01600853105482448,0.7412839307095163,0.997921709343098,0.33549587104090284,
5000,base5,29,152,1,,1566.7355893079657,exchangeable_varying_sigma,0.18,fixed,0.18,0.18,fixed,0.18,1.0,mixed,anchor_grid,500,0.9,-0.48574094618351704,0.056744972634978796,0.08001129406646161,0.011052562060634707,0.013299987334135168,0.05703777951006254,0.08472200009177314,0.014148455071394575,0.01667967568689794,0.7338224149983886,0.9920164408819985,0.48574094618351704,
5000,base5,29,152,1,,1842.304650078062,exchangeable_varying_sigma,0.18,fixed,0.18,0.18,fixed,0.18,1.0,mixed,anchor_grid,500,0.0,-0.01973668790169242,0.05672416298729524,0.08018751586671154,0.02237002915661407,0.023542178591664475,0.06033482246647468,0.08721364834031,0.022209964672459753,0.023059792832368264,0.7308637478675825,0.9837592598272359,0.01973668790169242,
5000,base5,29,152,1,,1822.9997621690854,exchangeable_varying_sigma,0.18,fixed,0.18,0.18,fixed,0.18,1.0,mixed,anchor_grid,500,0.3,-0.18234719903855856,0.05659187353951968,0.07988921672183123,0.008882119985093861,0.010743582866937992,0.059601159118133434,0.08648129980810497,0.012335604646368459,0.01485358839642793,0.7472911219334543,1.0025229168903813,0.18234719903855856,
