n_subject,coef_type,rep,seed,success,error_message,elapsed_seconds,covariance_mode,signal_bandwidth_input,signal_bandwidth_method,best_signal_bandwidth,variance_bandwidth_input,variance_bandwidth_method,best_variance_bandwidth,sigma2_true,sigma2_function,a_eval_mode,a_eval_selected_points,rho_true,rho_error,miae_iid,rmise_iid,beta_mae_iid,beta_rmse_iid,miae_final,rmise_final,beta_mae_final,beta_rmse_final,sigma2_miae,sigma2_rmise,rho_abs_error,Sigma_fro_error
2000,base2,0,123,1,,1299.0665043909103,exchangeable_varying_sigma,0.18,fixed,0.18,0.18,fixed,0.18,1.0,sin2,anchor_grid,500,0.3,-0.05130754160583828,0.030267604829989938,0.0390243997478757,0.02236138578846872,0.029393893864951764,0.029573541604240656,0.0379546512418071,0.018544476092707568,0.023379251994022025,0.12050370514935886,0.12291787813555509,0.05130754160583828,
2000,base6,0,123,1,,1563.2787407431751,exchangeable_varying_sigma,0.18,fixed,0.18,0.18,fixed,0.18,1.0,constant,anchor_grid,500,0.9,-0.31528625282233347,0.04907488205088083,0.0635859025596133,0.0302457503904508,0.0392816916899757,0.04277702255331342,0.05565211633878623,0.03234071045943765,0.03838719226385916,0.08297293304778319,0.10216583630654759,0.31528625282233347,
2000,base6,0,123,1,,1657.3029640354216,exchangeable_varying_sigma,0.18,fixed,0.18,0.18,fixed,0.18,1.0,constant,anchor_grid,500,0.6,-0.20093535879701563,0.048382600976213275,0.0624600559841973,0.027424525724018822,0.03525473126834972,0.04624461440591291,0.059624163607408,0.028475099042463148,0.034595702086698286,0.08265722805335449,0.09902669982382975,0.20093535879701563,
2000,base6,0,123,1,,1771.9233053773642,exchangeable_varying_sigma,0.18,fixed,0.18,0.18,fixed,0.18,1.0,constant,anchor_grid,500,0.3,-0.08726125796913822,0.04783229555345516,0.061638093445889726,0.024497987958585085,0.031163609158768705,0.04782686250180099,0.061542369372443256,0.024683450364600887,0.030708211339148528,0.0833841331705938,0.09835051593036666,0.08726125796913822,
2000,base6,0,123,1,,1913.8327802624553,exchangeable_varying_sigma,0.18,fixed,0.18,0.18,fixed,0.18,1.0,constant,anchor_grid,500,0.0,-0.03986705393191894,0.04755400252132221,0.06155233822150389,0.023831447478320583,0.026225772633120557,0.048310348057552736,0.062427127299389075,0.02278340256383732,0.02484630357972483,0.08526386420653033,0.10540181574364497,0.03986705393191894,
2000,base2,0,123,1,,1920.960978968069,exchangeable_varying_sigma,0.18,fixed,0.18,0.18,fixed,0.18,1.0,sin2,anchor_grid,500,0.0,-0.038138028829453975,0.030340132084134344,0.03892107025192454,0.020447115310177205,0.022088016281307025,0.03054152606859288,0.0392110203449424,0.019659377152526497,0.019921620228740413,0.13246942534156694,0.13556803463222694,0.038138028829453975,
2000,base2,0,123,1,,2317.2087345048785,exchangeable_varying_sigma,0.18,fixed,0.18,0.18,fixed,0.18,1.0,sin2,anchor_grid,500,0.9,-0.20902404887190273,0.031341131883221275,0.04065287774130409,0.027118951685885337,0.036313556362985194,0.021859838334527947,0.02833920378372409,0.024691969179270454,0.029755316288599957,0.11404137127684172,0.11643127802561765,0.20902404887190273,
2000,base2,0,123,1,,2456.234594050795,exchangeable_varying_sigma,0.18,fixed,0.18,0.18,fixed,0.18,1.0,sin2,anchor_grid,500,0.6,-0.1292494755199433,0.030672922180171733,0.03971354512768316,0.02482263849689309,0.03295023736557857,0.027268007473928168,0.03504004797979942,0.02161577530960232,0.026601696748859625,0.11604204465252176,0.11831512983630847,0.1292494755199433,
2000,base1,1,124,1,,1740.180839419365,exchangeable_varying_sigma,0.18,fixed,0.18,0.18,fixed,0.18,1.0,sin,anchor_grid,500,0.3,-0.04945353185870627,0.03421249441578806,0.045314560094392,0.012005641425900257,0.012786322699582516,0.0334346037631968,0.044446189543478044,0.009892564884096178,0.010495990644703022,0.2272957934787051,0.2550443888009294,0.04945353185870627,
5000,base2,0,123,1,,3663.7225590720773,exchangeable_varying_sigma,0.18,fixed,0.18,0.18,fixed,0.18,1.0,sin2,anchor_grid,500,0.9,-0.10760068241961906,0.019983463296814864,0.025226367550699427,0.006837504496160718,0.0072174410293982015,0.0146273705074665,0.018773603847410423,0.004569360377794776,0.0061804830063430785,0.04841187751586694,0.05475860806518932,0.10760068241961906,
5000,base2,0,123,1,,3795.5173206590116,exchangeable_varying_sigma,0.18,fixed,0.18,0.18,fixed,0.18,1.0,sin2,anchor_grid,500,0.6,-0.07265490421286536,0.019989988996314014,0.02517832633208073,0.006205722750661544,0.006517768572875849,0.01796957185816507,0.022718048562109242,0.0036729343101037787,0.005281561014950437,0.04812391956887788,0.05507990465909847,0.07265490421286536,
2000,base1,1,124,1,,2027.961954023689,exchangeable_varying_sigma,0.18,fixed,0.18,0.18,fixed,0.18,1.0,sin,anchor_grid,500,0.0,0.020854763065167058,0.03418122404798946,0.04496762764222095,0.005582073520437297,0.0072060973987655855,0.03419393536322926,0.04508498335711941,0.006941547227388101,0.008442448444070496,0.224252415423257,0.24758496569077595,0.020854763065167058,
2000,base1,1,124,1,,1632.3767379652709,exchangeable_varying_sigma,0.18,fixed,0.18,0.18,fixed,0.18,1.0,sin,anchor_grid,500,0.6,-0.11574479981525138,0.03409286459104723,0.04515244004920116,0.012413131020571955,0.013402257916363408,0.030486491483705427,0.04045721395349866,0.009788554833796287,0.010943825996057447,0.22411905623058354,0.25084968059880697,0.11574479981525138,
5000,base2,0,123,1,,4100.730898275971,exchangeable_varying_sigma,0.18,fixed,0.18,0.18,fixed,0.18,1.0,sin2,anchor_grid,500,0.3,-0.03785028829418169,0.019953359299894658,0.025126189131040796,0.0055798880952887125,0.005862678409533685,0.019587375788257123,0.024713322372502785,0.003535640282738478,0.004840676768748421,0.04768526546532672,0.05517019009269408,0.03785028829418169,
2000,base1,1,124,1,,1973.9700668230653,exchangeable_varying_sigma,0.18,fixed,0.18,0.18,fixed,0.18,1.0,sin,anchor_grid,500,0.9,-0.18546871792633246,0.03388950694411386,0.04498452889435511,0.012455704643144994,0.013747224379721227,0.023611430910283657,0.03106553913840507,0.008598159448218887,0.010785776750905328,0.21943684468023492,0.24501643645777058,0.18546871792633246,
5000,base6,0,123,1,,3641.0306978244334,exchangeable_varying_sigma,0.18,fixed,0.18,0.18,fixed,0.18,1.0,constant,anchor_grid,500,0.0,-0.006038358880091904,0.03735806380933443,0.047293151472432175,0.007839122308514274,0.008902714366943875,0.038203902810632046,0.048440367757615975,0.007133124108701677,0.008445483735421247,0.15535445446172255,0.20089467089938254,0.006038358880091904,
2000,base3,1,124,1,,1040.4353913068771,exchangeable_varying_sigma,0.18,fixed,0.18,0.18,fixed,0.18,1.0,mixed,anchor_grid,500,0.3,-0.11811593378449364,0.052953609985722815,0.06670973085207207,0.011515633984719664,0.012090506325667265,0.05344219068108749,0.06732308815051018,0.009659973672989305,0.01132285156896912,0.15852238101844646,0.20642055628228437,0.11811593378449364,
5000,base6,0,123,1,,3719.1360841542482,exchangeable_varying_sigma,0.18,fixed,0.18,0.18,fixed,0.18,1.0,constant,anchor_grid,500,0.9,-0.2322815123148575,0.03724827896935266,0.0466609153070952,0.00685254012289413,0.00875989313747433,0.034213382835152795,0.043710033811051166,0.006864795283910152,0.008680290254093661,0.1588662707142376,0.20110997249370555,0.2322815123148575,
5000,base2,0,123,1,,5554.326832769439,exchangeable_varying_sigma,0.18,fixed,0.18,0.18,fixed,0.18,1.0,sin2,anchor_grid,500,0.0,-0.0059139786043769385,0.01948802610757502,0.024710074706957543,0.0076034881715202896,0.008482023685215861,0.01966975632953714,0.024984912437260944,0.008117407157291284,0.009028576712373528,0.04454284908308295,0.050983737357888,0.0059139786043769385,
5000,base6,0,123,1,,4061.5107769127935,exchangeable_varying_sigma,0.18,fixed,0.18,0.18,fixed,0.18,1.0,constant,anchor_grid,500,0.6,-0.15171322834281986,0.037183383477103045,0.04671865429737223,0.00621176807427283,0.007887792823576151,0.036333935880003554,0.045979405311953346,0.006117494026492296,0.007737047580006722,0.15846762874492573,0.1996434425656671,0.15171322834281986,
2000,base3,1,124,1,,1783.2597472071648,exchangeable_varying_sigma,0.18,fixed,0.18,0.18,fixed,0.18,1.0,mixed,anchor_grid,500,0.0,0.04632304211093376,0.05046758693404016,0.06362231822538642,0.009824529243171523,0.011322595749086596,0.0518544761555612,0.06531483943243521,0.007797338802141687,0.008738234659847565,0.1724679403987423,0.21478503091025997,0.04632304211093376,
5000,base6,0,123,1,,4436.0015940424055,exchangeable_varying_sigma,0.18,fixed,0.18,0.18,fixed,0.18,1.0,constant,anchor_grid,500,0.3,-0.07164228533064682,0.037153617338672965,0.046772835624149696,0.005603876004480035,0.00708278177827007,0.03749729006730202,0.04733931470108565,0.005458099458834742,0.0071339860700725755,0.15856065471857309,0.19878104287280118,0.07164228533064682,
2000,base3,1,124,1,,1785.521793436259,exchangeable_varying_sigma,0.18,fixed,0.18,0.18,fixed,0.18,1.0,mixed,anchor_grid,500,0.6,-0.23735622012379398,0.05296222116835749,0.06685785762243009,0.011946736945553593,0.012394639561457487,0.051544056078966435,0.06497898580174433,0.009833753883771043,0.011674524605985484,0.1555073527622273,0.20247274335743323,0.23735622012379398,
5000,base1,1,124,1,,3005.638235427439,exchangeable_varying_sigma,0.18,fixed,0.18,0.18,fixed,0.18,1.0,sin,anchor_grid,500,0.3,-0.010066883612827482,0.021828997489365634,0.027375564632064676,0.011496031504597826,0.012485362266916503,0.021027457741523134,0.026371237799037085,0.011008000921558736,0.01195730054429134,0.06561355699264812,0.08098165418761166,0.010066883612827482,
2000,base3,1,124,1,,2298.131152551621,exchangeable_varying_sigma,0.18,fixed,0.18,0.18,fixed,0.18,1.0,mixed,anchor_grid,500,0.9,-0.3584105828686516,0.05287936367275176,0.06706634948444505,0.012053674569355147,0.012406711594502991,0.04786556677867478,0.06054210277800427,0.009459920712365288,0.01134445781714288,0.1529345788136659,0.19828828229873596,0.3584105828686516,
5000,base1,1,124,1,,3329.842464962974,exchangeable_varying_sigma,0.18,fixed,0.18,0.18,fixed,0.18,1.0,sin,anchor_grid,500,0.9,-0.09681751289396423,0.022101133242125523,0.027811809696141675,0.014649199971093929,0.015667953758554648,0.015747681853435547,0.019068527674084578,0.013483169308548537,0.014341730140526348,0.05276918127928182,0.06645996784586873,0.09681751289396423,
2000,base6,1,124,1,,1116.4314159620553,exchangeable_varying_sigma,0.18,fixed,0.18,0.18,fixed,0.18,1.0,constant,anchor_grid,500,0.6,-0.16862646484233718,0.045263865016945466,0.05853411334345567,0.009218821451231873,0.011029949760827022,0.04396950871434443,0.05714271777289481,0.0068774334601595655,0.00976082223849283,0.09388883705092023,0.1192586030500976,0.16862646484233718,
2000,base6,1,124,1,,1631.0377706810832,exchangeable_varying_sigma,0.18,fixed,0.18,0.18,fixed,0.18,1.0,constant,anchor_grid,500,0.0,0.016368157734732706,0.04809824338963873,0.06187898688952302,0.005114277864203515,0.006511311156562533,0.04875901032049364,0.0626373624102091,0.004704204005756732,0.005519396608064315,0.09942091830692394,0.12114393505448767,0.016368157734732706,
2000,base6,1,124,1,,977.5700382832438,exchangeable_varying_sigma,0.18,fixed,0.18,0.18,fixed,0.18,1.0,constant,anchor_grid,500,0.9,-0.2750036223492115,0.044953591740827525,0.058238351429182614,0.00932280560575778,0.01132514095318604,0.03967499959086912,0.052159854955003575,0.007181958084817225,0.010504511957117369,0.0922698895915292,0.1176865006139387,0.2750036223492115,
2000,base6,1,124,1,,1848.6648515053093,exchangeable_varying_sigma,0.18,fixed,0.18,0.18,fixed,0.18,1.0,constant,anchor_grid,500,0.3,-0.06500566081237413,0.04549114888584819,0.05885376024750329,0.00880079985943874,0.010518178420971911,0.04600932137811055,0.05957332975345863,0.007217772482382756,0.009194006089294039,0.09595667877858963,0.12119425296494725,0.06500566081237413,
5000,base1,1,124,1,,4411.723186071962,exchangeable_varying_sigma,0.18,fixed,0.18,0.18,fixed,0.18,1.0,sin,anchor_grid,500,0.6,-0.05165070813776962,0.02194471702508449,0.027557437679465443,0.01306528290172354,0.014093313924512367,0.019197221498830876,0.02392061614205724,0.012094285744829958,0.0130531334837263,0.05831451923766053,0.07325861082941729,0.05165070813776962,
5000,base1,1,124,1,,4831.452808953822,exchangeable_varying_sigma,0.18,fixed,0.18,0.18,fixed,0.18,1.0,sin,anchor_grid,500,0.0,-0.009679453456362857,0.021442600318049107,0.027089185568421877,0.009793925043758173,0.013432253265091502,0.021442419644995207,0.0270918608735456,0.010000049545091844,0.013922813866945768,0.07104993661471581,0.08692076156699782,0.009679453456362857,
2000,base2,2,125,1,,1141.8827388044447,exchangeable_varying_sigma,0.18,fixed,0.18,0.18,fixed,0.18,1.0,sin2,anchor_grid,500,0.0,0.021846203052524493,0.029459866324673064,0.038203035700996306,0.011896023250274862,0.014861691508692505,0.029640008751380897,0.03849822597622195,0.008419190329346155,0.014106534728672163,0.1450826318497273,0.1520335768100469,0.021846203052524493,
5000,base3,1,124,1,,3555.3192801885307,exchangeable_varying_sigma,0.18,fixed,0.18,0.18,fixed,0.18,1.0,mixed,anchor_grid,500,0.6,-0.18244993516789632,0.04305481768237946,0.05296026656093646,0.009952277864699766,0.010815438162541255,0.04263792388229083,0.05289191830397206,0.010606693474495749,0.010875015106078061,0.23992989879960192,0.27545763074683016,0.18244993516789632,
5000,base3,1,124,1,,4126.09688199684,exchangeable_varying_sigma,0.18,fixed,0.18,0.18,fixed,0.18,1.0,mixed,anchor_grid,500,0.0,-0.0015138485048884838,0.041891839862713255,0.05156683367256753,0.01330968159413684,0.017860396699828734,0.04296118353678076,0.0531450933850983,0.014351981066967598,0.018019548813612337,0.22647792310797632,0.26213770433342587,0.0015138485048884838,
5000,base3,1,124,1,,4363.916910814121,exchangeable_varying_sigma,0.18,fixed,0.18,0.18,fixed,0.18,1.0,mixed,anchor_grid,500,0.3,-0.0821033440227879,0.04301472900894611,0.052932542659901195,0.00827349347804715,0.009273895169449202,0.04371856113679405,0.054123631766358614,0.009211320881731738,0.009538725290582367,0.23449103301036947,0.2694897888715165,0.0821033440227879,
2000,base2,2,125,1,,1671.3109332062304,exchangeable_varying_sigma,0.18,fixed,0.18,0.18,fixed,0.18,1.0,sin2,anchor_grid,500,0.6,-0.09877233963173992,0.029505314840460796,0.03823350834076556,0.022639747560212323,0.02595929180498986,0.026389832463597513,0.03431988836280914,0.017527619433650568,0.01998260687837041,0.13653710062287203,0.14873019584683833,0.09877233963173992,
5000,base3,1,124,1,,4189.475691212341,exchangeable_varying_sigma,0.18,fixed,0.18,0.18,fixed,0.18,1.0,mixed,anchor_grid,500,0.9,-0.2849449949366245,0.04303707819303023,0.052936385234114924,0.011667831470031947,0.012423717476691715,0.04045643363040179,0.05068746682174658,0.012252539267453122,0.012451497645290587,0.24515767854548712,0.28110523957615435,0.2849449949366245,
2000,base2,2,125,1,,2141.8456850275397,exchangeable_varying_sigma,0.18,fixed,0.18,0.18,fixed,0.18,1.0,sin2,anchor_grid,500,0.3,-0.025222369932072497,0.0295505302811772,0.038407641593556696,0.020356081210443078,0.023118460322758157,0.0289859023388615,0.03774791473615824,0.016417683945217393,0.019085662446951018,0.14395103320766606,0.15403914363618976,0.025222369932072497,
2000,base2,2,125,1,,1922.9249886255711,exchangeable_varying_sigma,0.18,fixed,0.18,0.18,fixed,0.18,1.0,sin2,anchor_grid,500,0.9,-0.17888446890443777,0.029392806641524303,0.037951188175719616,0.024779974375626318,0.02875483280926306,0.02065033363948721,0.026950381343908248,0.018679525453135573,0.020591203448678663,0.1283195112903673,0.14270727240435999,0.17888446890443777,
5000,base6,1,124,1,,3343.746220242232,exchangeable_varying_sigma,0.18,fixed,0.18,0.18,fixed,0.18,1.0,constant,anchor_grid,500,0.9,-0.23091442363705372,0.03639708237677292,0.04640659569145045,0.01634183839096917,0.020859880916356287,0.033819365179575844,0.04350739138653297,0.015602233034529872,0.02029188876324851,0.15424791498092721,0.1912791139656295,0.23091442363705372,
5000,base6,1,124,1,,3682.3920332826674,exchangeable_varying_sigma,0.18,fixed,0.18,0.18,fixed,0.18,1.0,constant,anchor_grid,500,0.0,-0.009798618151627608,0.037151395149024095,0.04651723516450457,0.008456173722627622,0.012588158796211871,0.037853814425622606,0.04756509461213671,0.009618008297442082,0.012791562590808467,0.14851670788864468,0.18099341088398124,0.009798618151627608,
2000,base6,2,125,1,,1359.5533366445452,exchangeable_varying_sigma,0.18,fixed,0.18,0.18,fixed,0.18,1.0,constant,anchor_grid,500,0.3,-0.06632925540400683,0.047420304320140494,0.06291263386212992,0.023936856122062394,0.026686468609910696,0.047727804685309544,0.06304282024262224,0.023707872739376953,0.026538975676598717,0.11160821916181399,0.13712040037118406,0.06632925540400683,
5000,base2,2,125,1,,2606.0541697908193,exchangeable_varying_sigma,0.18,fixed,0.18,0.18,fixed,0.18,1.0,sin2,anchor_grid,500,0.0,0.01774154801447493,0.0193700957800358,0.024580114182687744,0.004684076467446702,0.006215947325831636,0.019573034580464364,0.024868749611641563,0.0034597785744180376,0.003905483838281997,0.030680014112118903,0.0393518911457562,0.01774154801447493,
2000,base6,2,125,1,,1793.9597784392536,exchangeable_varying_sigma,0.18,fixed,0.18,0.18,fixed,0.18,1.0,constant,anchor_grid,500,0.0,0.026867041333405804,0.0471656322567744,0.06090828135371522,0.012895087523158127,0.019145549072466364,0.0479708685516121,0.061945532290524415,0.013169695715784913,0.019309888277014946,0.11349636020713402,0.13731959508841537,0.026867041333405804,
2000,base6,2,125,1,,1895.8646260108799,exchangeable_varying_sigma,0.18,fixed,0.18,0.18,fixed,0.18,1.0,constant,anchor_grid,500,0.6,-0.1767835465176485,0.04725978612233181,0.062636976671891,0.026999434807194148,0.02987165259805359,0.04567535034484154,0.06018605369878772,0.025649303970560547,0.02825474162039113,0.1112736660875022,0.13629315450436408,0.1767835465176485,
5000,base6,1,124,1,,4752.272843161598,exchangeable_varying_sigma,0.18,fixed,0.18,0.18,fixed,0.18,1.0,constant,anchor_grid,500,0.3,-0.06154801173586469,0.03630922795541791,0.04620737244789867,0.013045353299049212,0.017921287588342213,0.0365918374112059,0.046622464238873666,0.012780895431220157,0.0180206706053027,0.1475364321411624,0.18160314159202798,0.06154801173586469,
5000,base6,1,124,1,,4860.505666336045,exchangeable_varying_sigma,0.18,fixed,0.18,0.18,fixed,0.18,1.0,constant,anchor_grid,500,0.6,-0.14544216727842685,0.03632829668348825,0.04628386212549812,0.014680602982675123,0.019409546910959957,0.03553621195726831,0.04542641049585908,0.014046567242427893,0.01913555359885715,0.15088114143828382,0.18651583922818757,0.14544216727842685,
2000,base6,2,125,1,,2063.0244230404496,exchangeable_varying_sigma,0.18,fixed,0.18,0.18,fixed,0.18,1.0,constant,anchor_grid,500,0.9,-0.2913872596928545,0.04700149637151286,0.06213946395029296,0.030055761331881245,0.03304681694523736,0.041594027222723644,0.05490401676442196,0.02751459043563577,0.02972144671805499,0.11126897470756483,0.13592267036082434,0.2913872596928545,
5000,base2,2,125,1,,3851.03336603567,exchangeable_varying_sigma,0.18,fixed,0.18,0.18,fixed,0.18,1.0,sin2,anchor_grid,500,0.3,-0.041944252562268525,0.019464699909231036,0.024577029401848433,0.003973709281401311,0.005357007320240172,0.019061563373293802,0.024179696488359326,0.003315870809260907,0.004294330593868787,0.02934377669343147,0.03704955279570733,0.041944252562268525,
5000,base2,2,125,1,,3736.0109983403236,exchangeable_varying_sigma,0.18,fixed,0.18,0.18,fixed,0.18,1.0,sin2,anchor_grid,500,0.6,-0.07577633228875136,0.019551452165056566,0.02468798982050085,0.004372443480210569,0.005861203934154337,0.01756533396885955,0.0223641029267474,0.0038688141116218766,0.005061237597258719,0.03010168881858953,0.038166400190189805,0.07577633228875136,
2000,base1,3,126,1,,1460.75832882151,exchangeable_varying_sigma,0.18,fixed,0.18,0.18,fixed,0.18,1.0,sin,anchor_grid,500,0.3,-0.08640405907054521,0.03682335914258348,0.04828824304099339,0.02066179491349325,0.02301295133881512,0.03599572262220813,0.04734757143918833,0.023871040688570655,0.02559313910482779,0.2261129619160473,0.2557451147330811,0.08640405907054521,
2000,base1,3,126,1,,1695.8810540623963,exchangeable_varying_sigma,0.18,fixed,0.18,0.18,fixed,0.18,1.0,sin,anchor_grid,500,0.0,0.03284565670433102,0.035960312745949796,0.0466698980692331,0.016691296983132126,0.023650078665485418,0.03595666287851506,0.0467129987214355,0.016918007182743056,0.025014300302909104,0.22789243401549908,0.2600136759783962,0.03284565670433102,
5000,base6,2,125,1,,2540.00340436399,exchangeable_varying_sigma,0.18,fixed,0.18,0.18,fixed,0.18,1.0,constant,anchor_grid,500,0.6,-0.15881406288706967,0.03682131347258065,0.04656362236861724,0.006599376400718865,0.0087377795318759,0.03617281998442685,0.04594197249038197,0.006600046433198059,0.009014791299518122,0.16429573626587113,0.20394867959830462,0.15881406288706967,
5000,base2,2,125,1,,4032.8428324759007,exchangeable_varying_sigma,0.18,fixed,0.18,0.18,fixed,0.18,1.0,sin2,anchor_grid,500,0.9,-0.10846294350450947,0.01961822064215465,0.024883836357571687,0.004779877884883266,0.006346264099848779,0.014330846140262973,0.018582215581545436,0.004573135961856933,0.006019129773937251,0.03096517106178765,0.03950206477396059,0.10846294350450947,
5000,base6,2,125,1,,3461.081755105406,exchangeable_varying_sigma,0.18,fixed,0.18,0.18,fixed,0.18,1.0,constant,anchor_grid,500,0.0,0.021293427384626612,0.03681197419859923,0.04686337892941013,0.007645951150782926,0.007995224706152895,0.03759571907966039,0.047917435947803476,0.006563075200041957,0.006891462269498073,0.16809068817336398,0.2070080558711764,0.021293427384626612,
2000,base1,3,126,1,,2145.9538796339184,exchangeable_varying_sigma,0.18,fixed,0.18,0.18,fixed,0.18,1.0,sin,anchor_grid,500,0.6,-0.14987813593907595,0.03684408872029101,0.04830228044440628,0.021359071672438903,0.024292791317482992,0.03289880644609112,0.04341772138199678,0.024823413782171053,0.02675587243195213,0.23150296760868724,0.26245957265953795,0.14987813593907595,
2000,base1,3,126,1,,2179.870287587866,exchangeable_varying_sigma,0.18,fixed,0.18,0.18,fixed,0.18,1.0,sin,anchor_grid,500,0.9,-0.21185228257184607,0.03675494844854329,0.04816792576071855,0.021220526073899057,0.024975550305504385,0.025814791813063807,0.03396178904002309,0.023396134138388022,0.025897722333315505,0.23621370743876582,0.26879943028784414,0.21185228257184607,
2000,base3,3,126,1,,1601.6043328586966,exchangeable_varying_sigma,0.18,fixed,0.18,0.18,fixed,0.18,1.0,mixed,anchor_grid,500,0.0,0.009540070172279395,0.052944762165610997,0.06627389048054771,0.015474930132467368,0.018320878519534418,0.05400370045430659,0.0676532658609937,0.016001035332923796,0.018639979072504118,0.1761978946736849,0.21494844448743408,0.009540070172279395,
2000,base3,3,126,1,,1090.3368156794459,exchangeable_varying_sigma,0.18,fixed,0.18,0.18,fixed,0.18,1.0,mixed,anchor_grid,500,0.9,-0.3644654293976649,0.052540518221844586,0.06663476967287836,0.0286354109319229,0.03179505194012943,0.047926486838750254,0.06048325435686316,0.028498756951121612,0.02908941023040761,0.16205449529820865,0.2015260169350031,0.3644654293976649,
2000,base3,3,126,1,,1533.9527274612337,exchangeable_varying_sigma,0.18,fixed,0.18,0.18,fixed,0.18,1.0,mixed,anchor_grid,500,0.3,-0.1355696693879694,0.052646730495958964,0.06671896505568223,0.02747388810850518,0.02927452912983607,0.053210049422527016,0.06738651624074554,0.029229734854398975,0.029728059001814282,0.1639933478118881,0.20023269809769106,0.1355696693879694,
2000,base3,3,126,1,,1492.0709401667118,exchangeable_varying_sigma,0.18,fixed,0.18,0.18,fixed,0.18,1.0,mixed,anchor_grid,500,0.6,-0.2513096558309066,0.05263006156392519,0.06671126673583078,0.028463552095393085,0.030813125146667713,0.05145757757403373,0.06508354105480849,0.029961843583321754,0.030445662993387676,0.1628146000865679,0.20048283674995043,0.2513096558309066,
5000,base6,2,125,1,,4508.964508339763,exchangeable_varying_sigma,0.18,fixed,0.18,0.18,fixed,0.18,1.0,constant,anchor_grid,500,0.3,-0.08152264687701774,0.036760176350073476,0.04646100953338766,0.006164935749749106,0.008284526634154701,0.03718668607062516,0.04709378494038677,0.005865480610739243,0.0082514497932896,0.16518953268073577,0.2054369601152939,0.08152264687701774,
5000,base6,2,125,1,,4637.821301903576,exchangeable_varying_sigma,0.18,fixed,0.18,0.18,fixed,0.18,1.0,constant,anchor_grid,500,0.9,-0.23511254418746286,0.03692704350910745,0.04676486062463083,0.007056966710983964,0.00921209185310537,0.03426928816593388,0.04394733236665049,0.0075473531476262234,0.009923385204291297,0.1638157334106572,0.20281380615809508,0.23511254418746286,
2000,base6,3,126,1,,925.3222082648426,exchangeable_varying_sigma,0.18,fixed,0.18,0.18,fixed,0.18,1.0,constant,anchor_grid,500,0.6,-0.22199416563387053,0.04843101435471769,0.06228297953729472,0.021842783025831744,0.024495625457942646,0.046597080910748274,0.060017673326993454,0.024379589218284384,0.02683725600009756,0.0801428947877527,0.09753740303383043,0.22199416563387053,
2000,base6,3,126,1,,1633.392027709633,exchangeable_varying_sigma,0.18,fixed,0.18,0.18,fixed,0.18,1.0,constant,anchor_grid,500,0.0,0.02319419323171722,0.048277944029641424,0.061428520781729626,0.018244683613258733,0.028127586194133723,0.04914023789430074,0.06249053722336401,0.018074524467596803,0.02702766534263228,0.09374362598103585,0.11268078886488939,0.02319419323171722,
5000,base1,3,126,1,,4073.6040307004005,exchangeable_varying_sigma,0.18,fixed,0.18,0.18,fixed,0.18,1.0,sin,anchor_grid,500,0.3,-0.05558740916102489,0.022615519835646025,0.02861537966737755,0.005003402780967975,0.0079727125453464,0.021891417440053025,0.027665716932096397,0.006399063024337431,0.008740957591871061,0.08381686245888056,0.09146446255626854,0.05558740916102489,
2000,base6,3,126,1,,1048.4470672681928,exchangeable_varying_sigma,0.18,fixed,0.18,0.18,fixed,0.18,1.0,constant,anchor_grid,500,0.9,-0.3260467893793545,0.048291419556480746,0.06229312328319873,0.021960498163832595,0.025152607960050744,0.04250488480081371,0.05507265738213567,0.023495284467929964,0.026715676026683982,0.07969565122401051,0.09900356773588442,0.3260467893793545,
2000,base6,3,126,1,,1880.2051899712533,exchangeable_varying_sigma,0.18,fixed,0.18,0.18,fixed,0.18,1.0,constant,anchor_grid,500,0.3,-0.11659390613733339,0.04848022237571396,0.06222820772278286,0.020932871455886876,0.02324733190698532,0.04862749525452808,0.06245378781014239,0.023249464406766257,0.025364605800501597,0.0812656424377375,0.09719100591969215,0.11659390613733339,
5000,base1,3,126,1,,4940.072149159387,exchangeable_varying_sigma,0.18,fixed,0.18,0.18,fixed,0.18,1.0,sin,anchor_grid,500,0.0,-0.003718500773067508,0.02318132232019589,0.028890094643210015,0.0031812368521106082,0.003943158845666109,0.023175132186696562,0.028907087677930057,0.0030740424746860118,0.003179206304146266,0.07995655872792715,0.09013104176862621,0.003718500773067508,
5000,base1,3,126,1,,4545.03002086468,exchangeable_varying_sigma,0.18,fixed,0.18,0.18,fixed,0.18,1.0,sin,anchor_grid,500,0.6,-0.08662168309155593,0.02279269996034171,0.028917672197502672,0.005655437123392587,0.008750294553381452,0.020117638476012528,0.02519648968976543,0.006494431527333228,0.009116548629573356,0.0890534112633705,0.0950430727821033,0.08662168309155593,
5000,base1,3,126,1,,4236.29523024708,exchangeable_varying_sigma,0.18,fixed,0.18,0.18,fixed,0.18,1.0,sin,anchor_grid,500,0.9,-0.11439486211166594,0.023023945299643724,0.02930444606398745,0.006301136498858717,0.009459495507778934,0.016321922274850787,0.01981513519966675,0.006359367428351859,0.009246101448755147,0.09451573066395026,0.09948536337047914,0.11439486211166594,
5000,base3,3,126,1,,4165.167618144304,exchangeable_varying_sigma,0.18,fixed,0.18,0.18,fixed,0.18,1.0,mixed,anchor_grid,500,0.3,-0.11036293576742409,0.04262914292561897,0.05271466230790053,0.005618596330558917,0.006492039172215629,0.04328335038235461,0.05385831513832015,0.0049905487195565645,0.0053640818366258135,0.19580059557911444,0.23753210377453574,0.11036293576742409,
2000,base2,4,127,1,,1630.2190083898604,exchangeable_varying_sigma,0.18,fixed,0.18,0.18,fixed,0.18,1.0,sin2,anchor_grid,500,0.0,-0.008866680764257362,0.02965954703645475,0.03882174882804484,0.012778756258636309,0.014383095718156304,0.02997812016387445,0.03929403381749428,0.007463672223983059,0.009463766292273848,0.1333395212772613,0.14859370708902966,0.008866680764257362,
2000,base2,4,127,1,,1600.757323147729,exchangeable_varying_sigma,0.18,fixed,0.18,0.18,fixed,0.18,1.0,sin2,anchor_grid,500,0.3,-0.0745449490148079,0.031103814806565076,0.04018521329520953,0.01604639183077866,0.0190158251148357,0.030722035303211704,0.03987302508469423,0.012439471966117915,0.014900705047032415,0.16061800987611552,0.1708506763949413,0.0745449490148079,
5000,base3,3,126,1,,4963.350184392184,exchangeable_varying_sigma,0.18,fixed,0.18,0.18,fixed,0.18,1.0,mixed,anchor_grid,500,0.0,-0.01092639001922978,0.04271813024451074,0.05255922645427731,0.006981878725756091,0.00840286650940863,0.043961354847781436,0.054263103882753856,0.006014934888302903,0.00730226689493973,0.20872539221288497,0.24956732716170987,0.01092639001922978,
2000,base2,4,127,1,,1557.5400766115636,exchangeable_varying_sigma,0.18,fixed,0.18,0.18,fixed,0.18,1.0,sin2,anchor_grid,500,0.9,-0.19834947199340736,0.03039070349603774,0.03940340212077716,0.020827906306681965,0.023404242534431182,0.02171254803607151,0.02832747903339783,0.015455678102411094,0.018835945708600758,0.16221513509930388,0.1749588533079692,0.19834947199340736,
2000,base2,4,127,1,,1658.3091934081167,exchangeable_varying_sigma,0.18,fixed,0.18,0.18,fixed,0.18,1.0,sin2,anchor_grid,500,0.6,-0.13595031679435426,0.030875595181768897,0.03988389099726279,0.018378093212840785,0.021180879982681852,0.028036130341424364,0.03641688173590483,0.014004848818000251,0.016671461982292173,0.16240433712725866,0.1734569886226626,0.13595031679435426,
5000,base3,3,126,1,,4074.9843291509897,exchangeable_varying_sigma,0.18,fixed,0.18,0.18,fixed,0.18,1.0,mixed,anchor_grid,500,0.9,-0.30102108945966466,0.04291617673303275,0.05292153114395915,0.006403950119781787,0.007642860266334179,0.040081761317386125,0.05045078140164038,0.004673054616744193,0.005297201191085271,0.18702786676029792,0.22890123175898655,0.30102108945966466,
5000,base3,3,126,1,,4595.591698700562,exchangeable_varying_sigma,0.18,fixed,0.18,0.18,fixed,0.18,1.0,mixed,anchor_grid,500,0.6,-0.20600824763873443,0.042761051943624256,0.05281129913086774,0.006068296936230871,0.007101351755288672,0.042217998802375346,0.05268397566864065,0.0049339712447422635,0.005436724797913361,0.1910214226871612,0.23291528045626,0.20600824763873443,
5000,base6,3,126,1,,3422.8323833998293,exchangeable_varying_sigma,0.18,fixed,0.18,0.18,fixed,0.18,1.0,constant,anchor_grid,500,0.0,-0.0031816004145770902,0.037318719046284525,0.04722972614853075,0.0026180716452571667,0.003245451731615469,0.037959437923647754,0.04811098611924079,0.002514467835556214,0.002791951557594348,0.1384823568792821,0.17499817927225403,0.0031816004145770902,
2000,base6,4,127,1,,1448.479297703132,exchangeable_varying_sigma,0.18,fixed,0.18,0.18,fixed,0.18,1.0,constant,anchor_grid,500,0.3,-0.12202386629201212,0.048338164649274734,0.06279866356671468,0.014759638416660947,0.01781852950381946,0.0487299998570499,0.06334094040167766,0.01579804303554727,0.018844311162495908,0.1388793835767014,0.1548286322651293,0.12202386629201212,
5000,base6,3,126,1,,3953.3319418039173,exchangeable_varying_sigma,0.18,fixed,0.18,0.18,fixed,0.18,1.0,constant,anchor_grid,500,0.3,-0.10624205618488966,0.0368360893685756,0.04673409355706135,0.006708562930924006,0.009764864380452163,0.036980177083871225,0.04714736153471878,0.007479375200299648,0.009563714886012431,0.14180673882953893,0.17855203623521876,0.10624205618488966,
2000,base6,4,127,1,,1656.933857390657,exchangeable_varying_sigma,0.18,fixed,0.18,0.18,fixed,0.18,1.0,constant,anchor_grid,500,0.6,-0.22320264453123512,0.04809721233610968,0.0621990483147377,0.0160677046567205,0.019964844152042777,0.04649132577570576,0.060333696797054984,0.016784292027596875,0.020740379170789167,0.1447342963908353,0.16149525341528784,0.22320264453123512,
2000,base6,4,127,1,,1863.0321378652006,exchangeable_varying_sigma,0.18,fixed,0.18,0.18,fixed,0.18,1.0,constant,anchor_grid,500,0.0,-0.017942051365458317,0.049089792606670866,0.06387961435936976,0.01659784588459598,0.017827728729429504,0.050089978294320894,0.06514856327881413,0.018918159057371015,0.0205401347080479,0.13114455245936688,0.14643950505911568,0.017942051365458317,
2000,base6,4,127,1,,1570.6757415328175,exchangeable_varying_sigma,0.18,fixed,0.18,0.18,fixed,0.18,1.0,constant,anchor_grid,500,0.9,-0.3241009037886069,0.047800862693184044,0.061416104613004154,0.018608429201334403,0.022219705028953585,0.04217313536466249,0.054466657452515374,0.019414114463118998,0.02290927559407132,0.15038760259756828,0.16851320363481717,0.3241009037886069,
5000,base6,3,126,1,,4204.874372242019,exchangeable_varying_sigma,0.18,fixed,0.18,0.18,fixed,0.18,1.0,constant,anchor_grid,500,0.6,-0.18545566865929375,0.03709325404846645,0.04693272204189211,0.007501151817217888,0.010638597773331976,0.03595212911637736,0.045930128532352885,0.007750093759338994,0.009924415180835781,0.14225422864189252,0.17702987068033668,0.18545566865929375,
5000,base2,4,127,1,,2753.1529765408486,exchangeable_varying_sigma,0.18,fixed,0.18,0.18,fixed,0.18,1.0,sin2,anchor_grid,500,0.0,0.010757427617875336,0.0190276933744056,0.024158151035960234,0.014303316026920504,0.015410680113945325,0.01923530722200687,0.024458540291776635,0.01362070399854648,0.015810021986282057,0.039556310133995964,0.04509125486952566,0.010757427617875336,
5000,base6,3,126,1,,4395.941915187985,exchangeable_varying_sigma,0.18,fixed,0.18,0.18,fixed,0.18,1.0,constant,anchor_grid,500,0.9,-0.2621712145499073,0.03739566993318394,0.047196147720131115,0.008289065939678764,0.011443411897041088,0.03401927796299789,0.04375740357513435,0.00787135110242701,0.01005372496481953,0.14309972257051268,0.1761036065373428,0.2621712145499073,
2000,base1,5,128,1,,1005.4540853910148,exchangeable_varying_sigma,0.18,fixed,0.18,0.18,fixed,0.18,1.0,sin,anchor_grid,500,0.9,-0.19431587860913402,0.03560651580574055,0.048302915897752284,0.020092394800368077,0.027441028864977447,0.024967993487496353,0.03418180552678157,0.020008412539492038,0.024344406399349768,0.2301238217009567,0.2433238173055847,0.19431587860913402,
2000,base1,5,128,1,,1532.1157816946507,exchangeable_varying_sigma,0.18,fixed,0.18,0.18,fixed,0.18,1.0,sin,anchor_grid,500,0.0,0.06930457362040918,0.033697693105801854,0.045212211543408785,0.01563674343754924,0.018501029315589685,0.03376023437587808,0.045376658863931385,0.016057220891120993,0.01829354072556894,0.2315339845323811,0.24845646305293478,0.06930457362040918,
2000,base1,5,128,1,,1704.9832622688264,exchangeable_varying_sigma,0.18,fixed,0.18,0.18,fixed,0.18,1.0,sin,anchor_grid,500,0.3,-0.06365413039353926,0.035571840265873504,0.04821260919723423,0.018677272237290668,0.024789027740132474,0.034576105369934405,0.04707042016059598,0.017687746944575866,0.021389586573958223,0.2348822732783906,0.24874575941494217,0.06365413039353926,
5000,base2,4,127,1,,3983.7208201307803,exchangeable_varying_sigma,0.18,fixed,0.18,0.18,fixed,0.18,1.0,sin2,anchor_grid,500,0.3,-0.025471812129048643,0.020062675070164425,0.025763626212301837,0.012061200926209117,0.014024195487368581,0.01979287980319498,0.02536233878979457,0.011460597760312483,0.014157848375701535,0.03840762776868504,0.0467491589412718,0.025471812129048643,
2000,base1,5,128,1,,1797.9973232112825,exchangeable_varying_sigma,0.18,fixed,0.18,0.18,fixed,0.18,1.0,sin,anchor_grid,500,0.6,-0.1285580935164946,0.035663248296105066,0.04836292780647539,0.01957651129652356,0.026356549900206458,0.0316359126893802,0.04318574578400501,0.019231246085543136,0.0231197361751171,0.23274326601788542,0.2462658207093143,0.1285580935164946,
5000,base6,4,127,1,,3322.8977886568755,exchangeable_varying_sigma,0.18,fixed,0.18,0.18,fixed,0.18,1.0,constant,anchor_grid,500,0.0,0.0074420779089514584,0.036838502124499746,0.04659293933992012,0.01902915833494917,0.021253387076375415,0.037569463446523774,0.047586197359406106,0.018232586636774933,0.020463993273098162,0.14415240947766447,0.17985307002976147,0.0074420779089514584,
5000,base2,4,127,1,,4303.795605029911,exchangeable_varying_sigma,0.18,fixed,0.18,0.18,fixed,0.18,1.0,sin2,anchor_grid,500,0.9,-0.1032452485405373,0.019707879360872874,0.02535882628239351,0.015136973683209737,0.016892851176232383,0.014667231384904205,0.01903927467097166,0.014126680006570552,0.01649383997621333,0.035183556318943335,0.04422436435539455,0.1032452485405373,
5000,base2,4,127,1,,4549.702282732353,exchangeable_varying_sigma,0.18,fixed,0.18,0.18,fixed,0.18,1.0,sin2,anchor_grid,500,0.6,-0.06280263370705508,0.01993823907675048,0.02562513206926901,0.013629589084241361,0.015518605856497707,0.018165494295002464,0.023246048130727358,0.01282814519093553,0.01550668236093637,0.03685478332873851,0.04545698992079264,0.06280263370705508,
2000,base3,5,128,1,,1386.434674223885,exchangeable_varying_sigma,0.18,fixed,0.18,0.18,fixed,0.18,1.0,mixed,anchor_grid,500,0.0,0.03607067668225019,0.05200374312087982,0.06634700869090233,0.00904931701512729,0.010421471302644673,0.053350500043687514,0.06817564809887551,0.011059581315759265,0.012199351093800374,0.16445504299507605,0.21615025279501232,0.03607067668225019,
5000,base6,4,127,1,,3896.992741897702,exchangeable_varying_sigma,0.18,fixed,0.18,0.18,fixed,0.18,1.0,constant,anchor_grid,500,0.3,-0.06941181670629792,0.03760322444890382,0.04756717970627964,0.01187693778784138,0.016749672742853678,0.0381245451419381,0.04819979000941419,0.010834687135425833,0.01612860953924327,0.1344602343308076,0.1655892234594104,0.06941181670629792,
2000,base3,5,128,1,,1559.4078062679619,exchangeable_varying_sigma,0.18,fixed,0.18,0.18,fixed,0.18,1.0,mixed,anchor_grid,500,0.3,-0.10388071492318801,0.052348010121000384,0.06732692594595516,0.020984436781620736,0.03019914869914062,0.05342985094706804,0.06868409388272721,0.01692908983526044,0.02543284625692107,0.16906445559550484,0.21307933533114956,0.10388071492318801,
2000,base3,5,128,1,,1337.3474309984595,exchangeable_varying_sigma,0.18,fixed,0.18,0.18,fixed,0.18,1.0,mixed,anchor_grid,500,0.9,-0.3532265809963411,0.05216236567454086,0.06722797558107638,0.022691421165951145,0.032936181312373566,0.04853623430022137,0.06187231197987525,0.017989539223148956,0.028112410268545288,0.1676495859168277,0.2092263712356785,0.3532265809963411,
2000,base3,5,128,1,,1928.5692884735763,exchangeable_varying_sigma,0.18,fixed,0.18,0.18,fixed,0.18,1.0,mixed,anchor_grid,500,0.6,-0.2273639136093833,0.052314839772062735,0.06735516312034107,0.022078278275962593,0.031805342438805374,0.0517588696325488,0.06634698406366944,0.017757223783292364,0.026904873977771103,0.16847837155163917,0.21130806479140432,0.2273639136093833,
5000,base6,4,127,1,,4340.720485389233,exchangeable_varying_sigma,0.18,fixed,0.18,0.18,fixed,0.18,1.0,constant,anchor_grid,500,0.6,-0.14993094643167376,0.03738527603458399,0.047329640968286894,0.013739139176902088,0.01830222180538078,0.0370361401774826,0.046858857835886794,0.01239829470166659,0.017516460238619518,0.13761761207387682,0.16841619754217524,0.14993094643167376,
5000,base6,4,127,1,,4629.338234463707,exchangeable_varying_sigma,0.18,fixed,0.18,0.18,fixed,0.18,1.0,constant,anchor_grid,500,0.9,-0.23314912729480064,0.03705928436582571,0.046936998057783626,0.015533406930044208,0.01971558734295617,0.03493295987951199,0.044346447370587884,0.013935633682554294,0.01857040478522798,0.14184283931344172,0.17268541981959565,0.23314912729480064,
5000,base1,5,128,1,,3458.4332228992134,exchangeable_varying_sigma,0.18,fixed,0.18,0.18,fixed,0.18,1.0,sin,anchor_grid,500,0.3,-0.062030630269379966,0.022466624480890596,0.02856555627143357,0.007088001463380872,0.008473563366741883,0.021930544454168345,0.027724794492292086,0.009443105863603779,0.01067602710744901,0.07770892784102014,0.10184023135461577,0.062030630269379966,
5000,base1,5,128,1,,4344.5707964506,exchangeable_varying_sigma,0.18,fixed,0.18,0.18,fixed,0.18,1.0,sin,anchor_grid,500,0.0,0.0023533216811858215,0.022592637721471787,0.029012789744196216,0.00534797872418015,0.0058738321180361415,0.02261383458546771,0.029060775976415563,0.005925108444065866,0.00684443823227552,0.06791970957102232,0.0920320305392382,0.0023533216811858215,
2000,base6,5,128,1,,1499.8281250391155,exchangeable_varying_sigma,0.18,fixed,0.18,0.18,fixed,0.18,1.0,constant,anchor_grid,500,0.0,0.04459840101800006,0.04662660541703298,0.06122667963747022,0.014464607394524778,0.020667584932777282,0.047502586736246626,0.06229738607596513,0.015265252677753013,0.020383012268284456,0.13635516468028175,0.15528920272959457,0.04459840101800006,
5000,base1,5,128,1,,4248.676656519994,exchangeable_varying_sigma,0.18,fixed,0.18,0.18,fixed,0.18,1.0,sin,anchor_grid,500,0.6,-0.09224769900691332,0.022453486882077232,0.02862263156348076,0.007492862030397757,0.008964676471037013,0.020064553845255954,0.025122792624446985,0.010201405211263698,0.011490613396089998,0.07884488185912754,0.10521992615656878,0.09224769900691332,
2000,base6,5,128,1,,1662.6570758409798,exchangeable_varying_sigma,0.18,fixed,0.18,0.18,fixed,0.18,1.0,constant,anchor_grid,500,0.6,-0.199488605523079,0.04738559229066092,0.06236959287447338,0.013190371109638,0.018901055850936828,0.045935465128151456,0.06031304907467123,0.01355457095133332,0.018358197400846574,0.12821999526197403,0.1453409648158416,0.199488605523079,
5000,base1,5,128,1,,4108.9965729266405,exchangeable_varying_sigma,0.18,fixed,0.18,0.18,fixed,0.18,1.0,sin,anchor_grid,500,0.9,-0.11702345342917464,0.022491887599696125,0.02874152837502271,0.0077761828243713416,0.009334706194030531,0.016134952002831753,0.019691842617590147,0.010595849736562857,0.011815381256633582,0.08602982622740364,0.10949905086853785,0.11702345342917464,
2000,base6,5,128,1,,2136.9370590727776,exchangeable_varying_sigma,0.18,fixed,0.18,0.18,fixed,0.18,1.0,constant,anchor_grid,500,0.3,-0.09661186720298345,0.0473527513778403,0.06239968979879509,0.012212350925093915,0.01748509892002016,0.04765458819378906,0.06261846295765343,0.012533421080238416,0.0164089279924616,0.12909348201759097,0.14687765895839006,0.09661186720298345,
5000,base3,5,128,1,,3730.6009731553495,exchangeable_varying_sigma,0.18,fixed,0.18,0.18,fixed,0.18,1.0,mixed,anchor_grid,500,0.0,0.003887076971443347,0.043831348805186264,0.05384648698450986,0.008130281213727497,0.00943974230030917,0.04502907901691222,0.05550827414132493,0.0085060838813108,0.009752023401344248,0.24021284525379488,0.27215829756892046,0.003887076971443347,
2000,base6,5,128,1,,2113.4275186359882,exchangeable_varying_sigma,0.18,fixed,0.18,0.18,fixed,0.18,1.0,constant,anchor_grid,500,0.9,-0.30208377423946664,0.04728321566996642,0.06216651172773896,0.013749334932283475,0.01985736306903866,0.04229554673967811,0.05560969567554147,0.01452508862864016,0.019988583958022308,0.12795682938864483,0.14422792533285134,0.30208377423946664,
5000,base3,5,128,1,,3594.978357071057,exchangeable_varying_sigma,0.18,fixed,0.18,0.18,fixed,0.18,1.0,mixed,anchor_grid,500,0.6,-0.21579523560955893,0.044066150803403877,0.053762643152926115,0.00638489020035099,0.008228751163847105,0.04381872004362654,0.05376477187310506,0.006995379422770481,0.008706403540403015,0.21986528144536782,0.24912092599137184,0.21579523560955893,
2000,base2,6,129,1,,1335.5474998690188,exchangeable_varying_sigma,0.18,fixed,0.18,0.18,fixed,0.18,1.0,sin2,anchor_grid,500,0.3,-0.04428143966066095,0.029311053738854696,0.0376790483436762,0.006816031497515862,0.007466231066801107,0.02835539412957577,0.03657027152497024,0.004572383696857946,0.005258664543692862,0.14182972313469203,0.1443195541062726,0.04428143966066095,
2000,base2,6,129,1,,1126.7323355190456,exchangeable_varying_sigma,0.18,fixed,0.18,0.18,fixed,0.18,1.0,sin2,anchor_grid,500,0.9,-0.19753746133382222,0.02982728098153889,0.03840000101146287,0.010228799186642434,0.010900419801743291,0.02077602056456067,0.02734776356927587,0.0059175550032245505,0.006367151241495621,0.13005687799510532,0.13327689532256187,0.19753746133382222,
5000,base3,5,128,1,,3907.5327796526253,exchangeable_varying_sigma,0.18,fixed,0.18,0.18,fixed,0.18,1.0,mixed,anchor_grid,500,0.9,-0.311637599502529,0.04392542417252754,0.05360618109729452,0.006751783332063249,0.008472680414465604,0.041494720670263024,0.051382374994775,0.006885175108476305,0.008722157610074811,0.21037376816091619,0.23945773394821748,0.311637599502529,
5000,base3,5,128,1,,4430.125901095569,exchangeable_varying_sigma,0.18,fixed,0.18,0.18,fixed,0.18,1.0,mixed,anchor_grid,500,0.3,-0.11833025377476433,0.04413633050182335,0.05384590100044199,0.005863842438002725,0.007827705797101047,0.04494059187712989,0.05503978209395429,0.006595637532018694,0.008172008490342112,0.22903163379532576,0.25863821961249,0.11833025377476433,
2000,base2,6,129,1,,1976.0174363479018,exchangeable_varying_sigma,0.18,fixed,0.18,0.18,fixed,0.18,1.0,sin2,anchor_grid,500,0.0,-0.04242349460285581,0.029744726827218983,0.03802655037001455,0.012240112060580594,0.015149945942304392,0.029906216306396973,0.038258144014782655,0.010187401193026385,0.015148049607168606,0.1640746879140079,0.16868114374079482,0.04242349460285581,
2000,base2,6,129,1,,2055.5246246643364,exchangeable_varying_sigma,0.18,fixed,0.18,0.18,fixed,0.18,1.0,sin2,anchor_grid,500,0.6,-0.11993786883846808,0.02951599028812685,0.03796460283355612,0.008420419224900805,0.009097796704450132,0.025931305084935425,0.03362612483534835,0.004839251383150056,0.005281647884144266,0.13493750088265574,0.13766521211997657,0.11993786883846808,
5000,base6,5,128,1,,3719.587331807241,exchangeable_varying_sigma,0.18,fixed,0.18,0.18,fixed,0.18,1.0,constant,anchor_grid,500,0.0,-0.0009927389279121587,0.037147096612883464,0.04691754315668983,0.008887587677503167,0.009995060299459749,0.03791790742945868,0.047931731566857746,0.00922254727550978,0.010494248437233438,0.1368505708144207,0.17253554917721234,0.0009927389279121587,
5000,base6,5,128,1,,3668.9243874810636,exchangeable_varying_sigma,0.18,fixed,0.18,0.18,fixed,0.18,1.0,constant,anchor_grid,500,0.3,-0.1032225210046373,0.03649726403050406,0.046696269284864575,0.006297211789025009,0.008655835642406639,0.03700165117133493,0.04735236604781637,0.006358868926341021,0.009194083785041893,0.13059037947426014,0.16438199037978404,0.1032225210046373,
2000,base6,6,129,1,,1437.142687736079,exchangeable_varying_sigma,0.18,fixed,0.18,0.18,fixed,0.18,1.0,constant,anchor_grid,500,0.0,-0.030297823649003602,0.04747314675465285,0.06154128828345158,0.01654586791590626,0.022443730329082846,0.04824311528766177,0.06253988916691264,0.015219656292404585,0.020901662493851426,0.10587088493478977,0.12146078010284547,0.030297823649003602,
5000,base6,5,128,1,,3858.8461131602526,exchangeable_varying_sigma,0.18,fixed,0.18,0.18,fixed,0.18,1.0,constant,anchor_grid,500,0.6,-0.17978184777480022,0.036499676327530546,0.046773930227838,0.006781121893296965,0.009350112449993809,0.036053807992407795,0.046257741717526904,0.007240210426883775,0.01008846572487543,0.12736975879383267,0.15961917384653715,0.17978184777480022,
2000,base6,6,129,1,,1735.4788243528455,exchangeable_varying_sigma,0.18,fixed,0.18,0.18,fixed,0.18,1.0,constant,anchor_grid,500,0.3,-0.10078644017172353,0.0477426504663532,0.061916745672661345,0.0073585205386946795,0.009471021940131977,0.047566643909415715,0.061723038463017584,0.0066448786604592636,0.008567421437308875,0.08755104278926157,0.1039026049009447,0.10078644017172353,
2000,base6,6,129,1,,2028.7527590878308,exchangeable_varying_sigma,0.18,fixed,0.18,0.18,fixed,0.18,1.0,constant,anchor_grid,500,0.6,-0.21547252708335507,0.04784033232161966,0.06208820856930225,0.008818588434270441,0.010954003777908028,0.04566706039765866,0.059378545241082485,0.005687313621174861,0.0075896891634034715,0.08477292144707367,0.1010123089560004,0.21547252708335507,
2000,base6,6,129,1,,1999.518637496978,exchangeable_varying_sigma,0.18,fixed,0.18,0.18,fixed,0.18,1.0,constant,anchor_grid,500,0.9,-0.33128007390694103,0.047975932307955514,0.062340141723264894,0.010991464953985314,0.012742534976005547,0.04234354327596246,0.055236789033422724,0.00603959698330217,0.006983880006025244,0.08440350476329808,0.10044702664313762,0.33128007390694103,
5000,base2,6,129,1,,3139.36472960189,exchangeable_varying_sigma,0.18,fixed,0.18,0.18,fixed,0.18,1.0,sin2,anchor_grid,500,0.3,-0.0455404920260839,0.019810716032506347,0.025225081485308665,0.009941960392890026,0.010233729823132774,0.01973344698910488,0.025122265757467777,0.009735809267477885,0.009973122809489338,0.04122843848111627,0.04941328107818953,0.0455404920260839,
5000,base6,5,128,1,,4735.851800521836,exchangeable_varying_sigma,0.18,fixed,0.18,0.18,fixed,0.18,1.0,constant,anchor_grid,500,0.9,-0.25234354727441877,0.036603125823377027,0.04692974653110503,0.007173107342809654,0.00993180431369404,0.034273088017340456,0.04426779801775527,0.007983891870764925,0.010754096387994651,0.12527350162250017,0.15592392117752477,0.25234354727441877,
5000,base2,6,129,1,,4233.787105232477,exchangeable_varying_sigma,0.18,fixed,0.18,0.18,fixed,0.18,1.0,sin2,anchor_grid,500,0.0,-0.00819532553453308,0.02027509766791592,0.025588415560387365,0.006317378019030956,0.0072141638585975715,0.020391786633927926,0.025747890995678247,0.006479322650935371,0.0071015139614220325,0.04070345772231625,0.049907369153854714,0.00819532553453308,
2000,base1,7,130,1,,1595.5999731794,exchangeable_varying_sigma,0.18,fixed,0.18,0.18,fixed,0.18,1.0,sin,anchor_grid,500,0.0,-0.010107843388263113,0.03480185879192443,0.04626751940354512,0.008091345865531813,0.008737997230678439,0.034830982613657975,0.046435869793159806,0.009431840670159841,0.010330742428188452,0.22748514843288248,0.25068594518529197,0.010107843388263113,
5000,base2,6,129,1,,3942.341585977003,exchangeable_varying_sigma,0.18,fixed,0.18,0.18,fixed,0.18,1.0,sin2,anchor_grid,500,0.6,-0.07808772914156992,0.019694627170681142,0.025095074137212455,0.010460249903501362,0.010824634002190794,0.018307998835924738,0.02331937932244598,0.010907234837681468,0.011089698872881163,0.04624849956435956,0.05649404617531832,0.07808772914156992,
5000,base2,6,129,1,,4206.012506835163,exchangeable_varying_sigma,0.18,fixed,0.18,0.18,fixed,0.18,1.0,sin2,anchor_grid,500,0.9,-0.10862921480055499,0.01958046886135317,0.024930501454927107,0.010710659284006496,0.01119282151732846,0.014743377218247582,0.01916749900483198,0.01175711460140158,0.011927614623421501,0.05258127101524218,0.06405658543368774,0.10862921480055499,
2000,base1,7,130,1,,1807.0493374262005,exchangeable_varying_sigma,0.18,fixed,0.18,0.18,fixed,0.18,1.0,sin,anchor_grid,500,0.3,-0.041964565927134045,0.03462223172363647,0.04597456035671245,0.01708485161890322,0.018149949836305013,0.0339536213944344,0.04522904444815843,0.013844822765736037,0.015173453539948938,0.2259070736452786,0.24997191900351529,0.041964565927134045,
2000,base1,7,130,1,,1528.3686435371637,exchangeable_varying_sigma,0.18,fixed,0.18,0.18,fixed,0.18,1.0,sin,anchor_grid,500,0.6,-0.11450173446661804,0.03451264370111686,0.04587327945244177,0.01859929066451524,0.019733492715776294,0.03102570392143283,0.04134583767504416,0.013444708660549365,0.01455139343842146,0.2217057673558107,0.24811896286084142,0.11450173446661804,
5000,base6,6,129,1,,3379.5678266678005,exchangeable_varying_sigma,0.18,fixed,0.18,0.18,fixed,0.18,1.0,constant,anchor_grid,500,0.3,-0.08405256433418362,0.037153459565735215,0.047037621620888405,0.011209274029753052,0.011806854044683996,0.03767932230239592,0.04765961653258786,0.012083942151905086,0.01295969894414263,0.12397779205076279,0.16428044918198745,0.08405256433418362,
2000,base1,7,130,1,,1650.046071730554,exchangeable_varying_sigma,0.18,fixed,0.18,0.18,fixed,0.18,1.0,sin,anchor_grid,500,0.9,-0.18871843992225168,0.034506152810959846,0.04574253255225412,0.019826752727408137,0.021038916603768883,0.02431431224136181,0.032027242982687686,0.012704383901823435,0.01366681930098853,0.21867182566135948,0.24678074961354188,0.18871843992225168,
5000,base6,6,129,1,,3870.2612933963537,exchangeable_varying_sigma,0.18,fixed,0.18,0.18,fixed,0.18,1.0,constant,anchor_grid,500,0.0,-0.01768076522006633,0.037624601163581906,0.04741749785158626,0.006303522020619234,0.0075013599497627415,0.038271230157545785,0.0483379275646586,0.006041109084972074,0.007218253317914538,0.1202467215754139,0.16092817867545262,0.01768076522006633,
5000,base6,6,129,1,,3975.393468791619,exchangeable_varying_sigma,0.18,fixed,0.18,0.18,fixed,0.18,1.0,constant,anchor_grid,500,0.9,-0.23823970905727232,0.03681058301433167,0.04670934263654962,0.01208031571359347,0.01288883158918776,0.03443049251922218,0.043838537510705794,0.014059543681453124,0.01530843090108377,0.12215754983281216,0.1650147269957958,0.23823970905727232,
5000,base6,6,129,1,,4292.682933665812,exchangeable_varying_sigma,0.18,fixed,0.18,0.18,fixed,0.18,1.0,constant,anchor_grid,500,0.6,-0.16162562504440242,0.03698143782360089,0.04688618727467957,0.011797137814720249,0.012469440169915144,0.036618807867915756,0.04635275012985155,0.013286850778059967,0.014266559980867793,0.12265972954217373,0.1640910052484949,0.16162562504440242,
2000,base3,7,130,1,,1705.553093964234,exchangeable_varying_sigma,0.18,fixed,0.18,0.18,fixed,0.18,1.0,mixed,anchor_grid,500,0.0,0.01012884523893914,0.05105957509257386,0.06468268200928266,0.00870538842415583,0.008851139825319827,0.052197560010811044,0.0661522192882519,0.009343785847593988,0.00989544848202887,0.16443218352534636,0.20841457867297622,0.01012884523893914,
2000,base3,7,130,1,,1921.4708629101515,exchangeable_varying_sigma,0.18,fixed,0.18,0.18,fixed,0.18,1.0,mixed,anchor_grid,500,0.6,-0.2271081556991147,0.053142999658892145,0.067488570973402,0.016908968346979192,0.01926830459642685,0.052628261177207133,0.06674712625876729,0.01296957854601602,0.013877236259025334,0.17998422482396392,0.22842938598519916,0.2271081556991147,
2000,base3,7,130,1,,2062.4147707037628,exchangeable_varying_sigma,0.18,fixed,0.18,0.18,fixed,0.18,1.0,mixed,anchor_grid,500,0.3,-0.09597725023864684,0.053249855579699,0.06748928816142626,0.015303901767119488,0.017647680071664295,0.054279920628818805,0.06881803075775902,0.01267231306314237,0.013729224454847299,0.1745748534036814,0.22403797209610238,0.09597725023864684,
2000,base3,7,130,1,,1975.6120167244226,exchangeable_varying_sigma,0.18,fixed,0.18,0.18,fixed,0.18,1.0,mixed,anchor_grid,500,0.9,-0.36215833237984474,0.05291774071187696,0.06739871542388216,0.018260044684797666,0.02063099351852331,0.049199091628773645,0.062388297868618006,0.013236950507425571,0.013945568847711958,0.1837591287894891,0.23083250400168698,0.36215833237984474,
5000,base1,7,130,1,,3387.950944537297,exchangeable_varying_sigma,0.18,fixed,0.18,0.18,fixed,0.18,1.0,sin,anchor_grid,500,0.3,-0.0397100724494977,0.022161968094963774,0.028377279832708,0.006565296662598308,0.007226211697953194,0.021778208969660255,0.027774798942209925,0.008183459862373857,0.009263205189673985,0.07838777865387497,0.0996740388606047,0.0397100724494977,
5000,base1,7,130,1,,3640.691585764289,exchangeable_varying_sigma,0.18,fixed,0.18,0.18,fixed,0.18,1.0,sin,anchor_grid,500,0.6,-0.07280469856544036,0.022111806834471424,0.028300345245505027,0.007344383957575848,0.008217878584379126,0.02004771139977519,0.025300899678484493,0.00897499086595896,0.010045984222445055,0.08097392815581507,0.10048967840610774,0.07280469856544036,
5000,base1,7,130,1,,4329.896667394787,exchangeable_varying_sigma,0.18,fixed,0.18,0.18,fixed,0.18,1.0,sin,anchor_grid,500,0.0,0.009139071289955778,0.022389490945553772,0.028197983915537676,0.004151911122233731,0.006080673827882097,0.02243208674807179,0.028255090346217104,0.005903949282249521,0.007069760693078593,0.07739471399921181,0.10017577501371265,0.009139071289955778,
5000,base1,7,130,1,,3783.35160763748,exchangeable_varying_sigma,0.18,fixed,0.18,0.18,fixed,0.18,1.0,sin,anchor_grid,500,0.9,-0.10375317773923798,0.022084975953763315,0.0282248332623841,0.008034484484724783,0.009269748388195697,0.016343709399165077,0.019911118469857218,0.009681753591424397,0.01084117935674646,0.08412458629678085,0.10276929068129845,0.10375317773923798,
2000,base6,7,130,1,,1382.7490607462823,exchangeable_varying_sigma,0.18,fixed,0.18,0.18,fixed,0.18,1.0,constant,anchor_grid,500,0.6,-0.21162429874537064,0.046327992444627174,0.06004001529055656,0.022584388345681133,0.023704228101346734,0.04470316152233061,0.05773358920680396,0.019379269900850482,0.020106191347208844,0.11324087566693918,0.13115542388766194,0.21162429874537064,
2000,base6,7,130,1,,1930.861852971837,exchangeable_varying_sigma,0.18,fixed,0.18,0.18,fixed,0.18,1.0,constant,anchor_grid,500,0.0,-0.021044813523908735,0.04839767450993987,0.0631055742366594,0.007794171221308599,0.00819534175443799,0.049249921115906974,0.06416545502107081,0.008359423705102814,0.008480275466044953,0.10377760559358613,0.12233428036006308,0.021044813523908735,
5000,base3,7,130,1,,3656.1766889989376,exchangeable_varying_sigma,0.18,fixed,0.18,0.18,fixed,0.18,1.0,mixed,anchor_grid,500,0.0,-0.0004991265057606649,0.04227969987249848,0.05184827695806352,0.01172250514594056,0.013574272748908793,0.04357792248289462,0.05372931337521763,0.013704896073224754,0.016045967298953898,0.22717586126794817,0.2672661906581125,0.0004991265057606649,
2000,base6,7,130,1,,2144.5167343318462,exchangeable_varying_sigma,0.18,fixed,0.18,0.18,fixed,0.18,1.0,constant,anchor_grid,500,0.3,-0.10467130234886007,0.04643126787369284,0.06007206938313447,0.02095080943902297,0.021989613784423278,0.046616522882759755,0.060187358636928166,0.019164560168492106,0.02005825682972009,0.11592744210149832,0.13335778111727006,0.10467130234886007,
2000,base6,7,130,1,,1975.9623187854886,exchangeable_varying_sigma,0.18,fixed,0.18,0.18,fixed,0.18,1.0,constant,anchor_grid,500,0.9,-0.3167813869807865,0.04632251452064509,0.060070146799537254,0.02397476241149943,0.025172898934483223,0.040836360192491275,0.053239006809429515,0.01932046562034359,0.01979619828997637,0.10980712125426773,0.12814794564232265,0.3167813869807865,
5000,base3,7,130,1,,3486.6285899840295,exchangeable_varying_sigma,0.18,fixed,0.18,0.18,fixed,0.18,1.0,mixed,anchor_grid,500,0.3,-0.08804226931400097,0.04163113160764298,0.05164592601657811,0.005349140096308491,0.006102071239643433,0.04258634693442957,0.05293978151679828,0.004489482511880777,0.005118596457726054,0.21715511678611957,0.2508966121920281,0.08804226931400097,
2000,base2,8,131,1,,1288.3005140069872,exchangeable_varying_sigma,0.18,fixed,0.18,0.18,fixed,0.18,1.0,sin2,anchor_grid,500,0.0,-0.005603046147353396,0.030351773172329767,0.038973130931604184,0.0033661046217378643,0.005204697072557125,0.03048764753932002,0.039220380411690084,0.003381982384105933,0.003451548729197013,0.13027912557707022,0.13777185385895113,0.005603046147353396,
2000,base2,8,131,1,,1317.444861240685,exchangeable_varying_sigma,0.18,fixed,0.18,0.18,fixed,0.18,1.0,sin2,anchor_grid,500,0.3,-0.05977365676961316,0.03031568017607251,0.03958348333594483,0.0072688420720246755,0.012898949801131519,0.03008444507808918,0.03935939482669706,0.011528804628733874,0.014300866370905812,0.14532825082687903,0.15183059312069397,0.05977365676961316,
5000,base3,7,130,1,,4063.4355102237314,exchangeable_varying_sigma,0.18,fixed,0.18,0.18,fixed,0.18,1.0,mixed,anchor_grid,500,0.6,-0.18228314815754892,0.041575721390792617,0.05160178012552086,0.005441377790967289,0.006496034023748158,0.0416640250730789,0.05183842075923221,0.004760887287706794,0.005898968441397968,0.21337003460239037,0.24672050429140105,0.18228314815754892,
2000,base2,8,131,1,,1588.9670830518007,exchangeable_varying_sigma,0.18,fixed,0.18,0.18,fixed,0.18,1.0,sin2,anchor_grid,500,0.6,-0.12663458778502878,0.030086426984236726,0.03921797884022212,0.008770405757202449,0.013860085779269213,0.0276203979937385,0.03615512003215765,0.012670683523196058,0.016337724603881172,0.14671756743424197,0.1539052027081471,0.12663458778502878,
2000,base2,8,131,1,,1473.7729876171798,exchangeable_varying_sigma,0.18,fixed,0.18,0.18,fixed,0.18,1.0,sin2,anchor_grid,500,0.9,-0.19480114897018475,0.029834101008171028,0.0387802985156604,0.011255071212035672,0.015029038568224299,0.021618873785464857,0.02841528755774072,0.01427418195387542,0.01905781842935532,0.14743023257250717,0.15547024502335038,0.19480114897018475,
5000,base3,7,130,1,,4293.771234629676,exchangeable_varying_sigma,0.18,fixed,0.18,0.18,fixed,0.18,1.0,mixed,anchor_grid,500,0.9,-0.274949240607014,0.04157775000195621,0.05159223882661472,0.005545054863289961,0.007119195691605337,0.0397556080819803,0.04978861104163175,0.005704979784692379,0.006873857198874387,0.21006889358023992,0.2429750189098837,0.274949240607014,
5000,base6,7,130,1,,3451.3782161604613,exchangeable_varying_sigma,0.18,fixed,0.18,0.18,fixed,0.18,1.0,constant,anchor_grid,500,0.3,-0.09306591080578111,0.037302096198571444,0.04761235223575332,0.013818122046570708,0.014901670205148314,0.037904717852555385,0.04838889798797852,0.014008596516066077,0.01559823209483993,0.15002917917808126,0.1866531534120226,0.09306591080578111,
5000,base6,7,130,1,,4160.742857854813,exchangeable_varying_sigma,0.18,fixed,0.18,0.18,fixed,0.18,1.0,constant,anchor_grid,500,0.0,0.026864847321876415,0.03689895765611241,0.046442466631242976,0.0021992270390349955,0.002672986894756209,0.03773092259938828,0.04753851177580439,0.002604123940594394,0.003746428724935157,0.14792788635449475,0.1855994197296351,0.026864847321876415,
5000,base6,7,130,1,,3699.577144406736,exchangeable_varying_sigma,0.18,fixed,0.18,0.18,fixed,0.18,1.0,constant,anchor_grid,500,0.9,-0.2566955424614905,0.03715609310309044,0.047533432431575394,0.015572706347564469,0.017030411691937097,0.03476047189625315,0.04470993573213117,0.015470362615371158,0.01778290617041097,0.14582199874711504,0.17862611829643582,0.2566955424614905,
5000,base6,7,130,1,,4071.126382537186,exchangeable_varying_sigma,0.18,fixed,0.18,0.18,fixed,0.18,1.0,constant,anchor_grid,500,0.6,-0.1752370659474662,0.037254995844798355,0.04758283265568734,0.01473712953927088,0.015958872655775325,0.03681368373157548,0.04707160633807997,0.014816599391531182,0.01665930617108109,0.1479275842583015,0.18264342493410435,0.1752370659474662,
2000,base6,8,131,1,,1803.252518441528,exchangeable_varying_sigma,0.18,fixed,0.18,0.18,fixed,0.18,1.0,constant,anchor_grid,500,0.3,-0.10071710465667724,0.04754126022791603,0.061632605628096485,0.010261252007999419,0.014709245271006414,0.04792616407527843,0.06197927065339642,0.01120437961728249,0.015745409027160123,0.10790776343902944,0.12387671105648877,0.10071710465667724,
2000,base6,8,131,1,,1847.6713706105947,exchangeable_varying_sigma,0.18,fixed,0.18,0.18,fixed,0.18,1.0,constant,anchor_grid,500,0.0,-0.02118212854028036,0.04807699272847706,0.06223805980363842,0.004081476340537127,0.005328592059449852,0.04899343430988976,0.06334096893712728,0.005333775838729238,0.006046438850391234,0.10229748385500047,0.12153987330746378,0.02118212854028036,
2000,base6,8,131,1,,1712.8313664160669,exchangeable_varying_sigma,0.18,fixed,0.18,0.18,fixed,0.18,1.0,constant,anchor_grid,500,0.9,-0.316129675109345,0.04700649735037067,0.061081904784664166,0.013837682903018997,0.017375368826616305,0.04184625085704816,0.054657561424986456,0.015019217384346195,0.019936494846420804,0.10812219612848015,0.12449915454556802,0.316129675109345,
5000,base2,8,131,1,,3494.5036381669343,exchangeable_varying_sigma,0.18,fixed,0.18,0.18,fixed,0.18,1.0,sin2,anchor_grid,500,0.3,-0.055727885073571015,0.019872644095132393,0.025240475280282153,0.014101537302132358,0.014867310803563561,0.019601087425368834,0.02480372717835582,0.012339657540627602,0.01326337331330693,0.03231911866510428,0.04441003081443692,0.055727885073571015,
2000,base6,8,131,1,,2082.985185198486,exchangeable_varying_sigma,0.18,fixed,0.18,0.18,fixed,0.18,1.0,constant,anchor_grid,500,0.6,-0.20792211214564615,0.047258903133844614,0.061347964500117584,0.010911208401763225,0.015907250441760494,0.046008211392754,0.0595628369537736,0.012568545691810873,0.017603422232936813,0.10800017240297674,0.12398428170219863,0.20792211214564615,
5000,base2,8,131,1,,4052.185611559078,exchangeable_varying_sigma,0.18,fixed,0.18,0.18,fixed,0.18,1.0,sin2,anchor_grid,500,0.0,-0.011141148978623998,0.01972676284523037,0.025023561551606864,0.009693657132347322,0.012264831350129082,0.019826466317141852,0.025200599684352735,0.00974001892996304,0.012515718067940095,0.033038833224723035,0.04282575014248969,0.011141148978623998,
5000,base2,8,131,1,,3541.9597967900336,exchangeable_varying_sigma,0.18,fixed,0.18,0.18,fixed,0.18,1.0,sin2,anchor_grid,500,0.9,-0.11799415605161212,0.020000684739274646,0.0254184936203073,0.01737118518016792,0.018472327883209048,0.014662095918106938,0.01881950376405788,0.014519235095586475,0.015849323295804275,0.0395304618217191,0.05442009298822686,0.11799415605161212,
5000,base2,8,131,1,,3814.1669948305935,exchangeable_varying_sigma,0.18,fixed,0.18,0.18,fixed,0.18,1.0,sin2,anchor_grid,500,0.6,-0.08863707597551196,0.019893654925979543,0.025309426791394314,0.01576500551731086,0.01668671643418728,0.018116591170818253,0.02288862223814656,0.013485299959481375,0.01458875841506537,0.03570326301295575,0.049347500798222546,0.08863707597551196,
2000,base1,9,132,1,,1520.0706373266876,exchangeable_varying_sigma,0.18,fixed,0.18,0.18,fixed,0.18,1.0,sin,anchor_grid,500,0.0,0.00017597225127589388,0.035763257149408624,0.04704958223060279,0.01686599313313869,0.021590438872172456,0.03575100541023752,0.04710521517861196,0.016738010660949765,0.021083462256128255,0.20709130236852452,0.2250564537693584,0.00017597225127589388,
2000,base1,9,132,1,,1710.9384656511247,exchangeable_varying_sigma,0.18,fixed,0.18,0.18,fixed,0.18,1.0,sin,anchor_grid,500,0.3,-0.07014768318125766,0.03485892322693101,0.04704480802046013,0.018642751665460894,0.020861745106496313,0.033821567711517946,0.04555534963593251,0.018073424398292445,0.021180983871133333,0.22416942051611702,0.23930650650980936,0.07014768318125766,
2000,base1,9,132,1,,1942.5565214119852,exchangeable_varying_sigma,0.18,fixed,0.18,0.18,fixed,0.18,1.0,sin,anchor_grid,500,0.6,-0.13942957750151574,0.03513342205722304,0.04740974602660818,0.019949527250594096,0.0228957184175807,0.03083761806584242,0.04149143222169237,0.019434123655953914,0.022971274765891034,0.22483071369574872,0.23949406044844956,0.13942957750151574,
2000,base1,9,132,1,,2026.0271343924105,exchangeable_varying_sigma,0.18,fixed,0.18,0.18,fixed,0.18,1.0,sin,anchor_grid,500,0.9,-0.20823716605860965,0.03553773909484194,0.04780831626961935,0.021023845498803415,0.024855873109034175,0.02402015126255444,0.032400825778631175,0.020552851094086,0.024721094344556056,0.22601676815544422,0.24018982297888378,0.20823716605860965,
2000,base3,9,132,1,,1020.2900113482028,exchangeable_varying_sigma,0.18,fixed,0.18,0.18,fixed,0.18,1.0,mixed,anchor_grid,500,0.0,-0.018410759993061118,0.05123719257260969,0.0652741068839807,0.01769548460702522,0.02470018048692815,0.05253139683492954,0.06693628405025319,0.01682402562849364,0.02393682219333131,0.17451157052167382,0.2205507986470236,0.018410759993061118,
2000,base3,9,132,1,,1184.4848536793143,exchangeable_varying_sigma,0.18,fixed,0.18,0.18,fixed,0.18,1.0,mixed,anchor_grid,500,0.3,-0.13002783471031998,0.05149071936092823,0.06540982114873363,0.01603980052567816,0.017766377052654096,0.052186884368321446,0.06611545338663337,0.01481641678492962,0.01858812679939525,0.17059438844784092,0.2124812499109795,0.13002783471031998,
5000,base6,8,131,1,,3408.962629677728,exchangeable_varying_sigma,0.18,fixed,0.18,0.18,fixed,0.18,1.0,constant,anchor_grid,500,0.3,-0.09831034254336929,0.0386176034986345,0.04835720772900746,0.017298729175941607,0.019246938808999667,0.03896346232610293,0.04893046428124238,0.016916793117352072,0.019079560955387646,0.17037566948280747,0.20738684910629118,0.09831034254336929,
5000,base6,8,131,1,,3252.7129294443876,exchangeable_varying_sigma,0.18,fixed,0.18,0.18,fixed,0.18,1.0,constant,anchor_grid,500,0.9,-0.2601613307953974,0.038680386782517416,0.0485867945400966,0.020949289302207907,0.023102623999786454,0.03568458105482521,0.04539692893788839,0.019391720567410217,0.022137327816484854,0.16754020691724827,0.2052579834611528,0.2601613307953974,
5000,base6,8,131,1,,4188.483671819791,exchangeable_varying_sigma,0.18,fixed,0.18,0.18,fixed,0.18,1.0,constant,anchor_grid,500,0.0,-0.00956777756320895,0.03774027063841456,0.04788574574763098,0.010219712197669067,0.015123215984848391,0.038392196572361675,0.04880340616802139,0.009839131552672908,0.014341207275323615,0.15166236052478202,0.18703212449107173,0.00956777756320895,
5000,base6,8,131,1,,3760.989682815969,exchangeable_varying_sigma,0.18,fixed,0.18,0.18,fixed,0.18,1.0,constant,anchor_grid,500,0.6,-0.18054543163050074,0.03866806560115069,0.04845298962680325,0.019161907166156525,0.021194382589087023,0.037892578562677796,0.047710281932743764,0.0182361642047994,0.020667930736532773,0.1695754603952124,0.2070120460508011,0.18054543163050074,
5000,base1,9,132,1,,3140.16419005394,exchangeable_varying_sigma,0.18,fixed,0.18,0.18,fixed,0.18,1.0,sin,anchor_grid,500,0.0,0.011640795819443023,0.022278115202825372,0.0285145950701105,0.013919225033406785,0.016391154105943016,0.022301046827343712,0.028555421067975716,0.01444475066831133,0.01681989802878971,0.08512128416306713,0.10464066049248637,0.011640795819443023,
2000,base3,9,132,1,,1851.2274518832564,exchangeable_varying_sigma,0.18,fixed,0.18,0.18,fixed,0.18,1.0,mixed,anchor_grid,500,0.9,-0.37380575398433946,0.05209406426575155,0.06627375379192862,0.018092001640054395,0.02176714774512299,0.04719408149199384,0.05970225921168205,0.017826788074852842,0.023978002180211695,0.1686268983470608,0.20814363479950798,0.37380575398433946,
2000,base3,9,132,1,,2124.923947105184,exchangeable_varying_sigma,0.18,fixed,0.18,0.18,fixed,0.18,1.0,mixed,anchor_grid,500,0.6,-0.2525460424644087,0.05176528538031774,0.06579075417957432,0.01724356956875056,0.019788236994159596,0.05044627653272055,0.06380835923265403,0.015916639899831997,0.021276692394395492,0.16997744756954017,0.2106657202569547,0.2525460424644087,
5000,base1,9,132,1,,3322.659839257598,exchangeable_varying_sigma,0.18,fixed,0.18,0.18,fixed,0.18,1.0,sin,anchor_grid,500,0.9,-0.108640948168362,0.023481986367786922,0.029670610195675125,0.014186939771882387,0.014417986317198355,0.01703146011564677,0.020654194359926863,0.01303805516275558,0.013628004137823618,0.10305818564034086,0.12074662966644771,0.108640948168362,
2000,base6,9,132,1,,1567.5021855663508,exchangeable_varying_sigma,0.18,fixed,0.18,0.18,fixed,0.18,1.0,constant,anchor_grid,500,0.3,-0.09992932199999122,0.04873536968718689,0.06296677082934325,0.020662950374652267,0.022761940841005017,0.04903157658274196,0.06309333545671988,0.020797209080561457,0.023410366071098882,0.1244452595961022,0.14311270965279,0.09992932199999122,
2000,base6,9,132,1,,1652.6396912373602,exchangeable_varying_sigma,0.18,fixed,0.18,0.18,fixed,0.18,1.0,constant,anchor_grid,500,0.6,-0.21230802405885552,0.048679981259643575,0.06301420295140309,0.022639245092462193,0.024737477258690462,0.047120489561750155,0.06072575714628629,0.022355048902268762,0.02542071935592991,0.12630046406257903,0.1451145107528037,0.21230802405885552,
5000,base1,9,132,1,,4446.26712571457,exchangeable_varying_sigma,0.18,fixed,0.18,0.18,fixed,0.18,1.0,sin,anchor_grid,500,0.3,-0.0317339629452939,0.023531142472641597,0.029818758576260977,0.01109353643796522,0.01173208310927676,0.022853007937857852,0.0290371909201422,0.01069599349924824,0.011287647766374982,0.09351665745936047,0.11197778227035902,0.0317339629452939,
2000,base6,9,132,1,,2132.049493080005,exchangeable_varying_sigma,0.18,fixed,0.18,0.18,fixed,0.18,1.0,constant,anchor_grid,500,0.0,0.032548833185325414,0.04717303607652088,0.061282238904624406,0.011533201161298634,0.016519061951781155,0.04812275179257923,0.06244128515418105,0.012862337714343752,0.01658198668894445,0.11962646957456306,0.1392627070229482,0.032548833185325414,
5000,base1,9,132,1,,4377.197699137032,exchangeable_varying_sigma,0.18,fixed,0.18,0.18,fixed,0.18,1.0,sin,anchor_grid,500,0.6,-0.06949168865987776,0.023559816996526803,0.029776774923679004,0.012629055158286676,0.013065060185963985,0.02093128013011553,0.026362603736523955,0.011712179554271701,0.012357764994354974,0.09841002800246972,0.11652088880214155,0.06949168865987776,
5000,base3,9,132,1,,3335.28010372445,exchangeable_varying_sigma,0.18,fixed,0.18,0.18,fixed,0.18,1.0,mixed,anchor_grid,500,0.0,-0.012157656991704586,0.0429392151995429,0.05320861773784713,0.016330423274165673,0.017093463497581927,0.04404872281754316,0.05482628766887571,0.015516940689616926,0.01636313869858663,0.22572488909451408,0.26180630918965475,0.012157656991704586,
2000,base6,9,132,1,,1968.0366044994444,exchangeable_varying_sigma,0.18,fixed,0.18,0.18,fixed,0.18,1.0,constant,anchor_grid,500,0.9,-0.3266714122428229,0.04845805418285256,0.0629389937514536,0.024491780866963977,0.02663026997947193,0.04303552662343595,0.05582883268999606,0.023633363812683758,0.027207739434469264,0.12800164613726275,0.1469074996979621,0.3266714122428229,
5000,base3,9,132,1,,3697.1402239669114,exchangeable_varying_sigma,0.18,fixed,0.18,0.18,fixed,0.18,1.0,mixed,anchor_grid,500,0.3,-0.0851585483085919,0.04283036593303818,0.05258269135870191,0.010139249432251488,0.011440357356322378,0.04364818981084829,0.05396944774361904,0.010189807048980051,0.011301639238989535,0.23392058948105987,0.26979880693507063,0.0851585483085919,
5000,base3,9,132,1,,3726.962821563706,exchangeable_varying_sigma,0.18,fixed,0.18,0.18,fixed,0.18,1.0,mixed,anchor_grid,500,0.6,-0.18395818018954246,0.04277384962767473,0.05250278203822304,0.01172267487826223,0.012803756564000115,0.04245738661095522,0.05274181582727584,0.011411093220994706,0.012395225812634462,0.23716367372824015,0.2727965867509906,0.18395818018954246,
2000,base2,10,133,1,,1507.6448787059635,exchangeable_varying_sigma,0.18,fixed,0.18,0.18,fixed,0.18,1.0,sin2,anchor_grid,500,0.0,-0.007765688081279229,0.031112806488639896,0.040414674420794924,0.02102533908346335,0.02388514326110977,0.03127820419958577,0.040691926829875075,0.016742461545856735,0.02081438248245345,0.2113924363989881,0.21901679396033777,0.007765688081279229,
2000,base2,10,133,1,,1381.4413632620126,exchangeable_varying_sigma,0.18,fixed,0.18,0.18,fixed,0.18,1.0,sin2,anchor_grid,500,0.6,-0.14492932583712048,0.02896417952660563,0.03721181730977184,0.011916298471700087,0.01297947091702415,0.026410971847963892,0.034034938427628926,0.010919712376941948,0.014808603761066737,0.1952701456806596,0.20269906359555542,0.14492932583712048,
2000,base2,10,133,1,,1890.5245084073395,exchangeable_varying_sigma,0.18,fixed,0.18,0.18,fixed,0.18,1.0,sin2,anchor_grid,500,0.3,-0.07626117560505283,0.029014780457967956,0.03715095602263651,0.010539027313285182,0.011568480856789307,0.028700371175335825,0.036795704344914956,0.009651147719306724,0.012669500194141408,0.19064344906020114,0.19820338947798596,0.07626117560505283,
5000,base3,9,132,1,,4169.907730447128,exchangeable_varying_sigma,0.18,fixed,0.18,0.18,fixed,0.18,1.0,mixed,anchor_grid,500,0.9,-0.28384461936659466,0.04267858849881393,0.05240507175262074,0.013322782793184912,0.014202311904026307,0.040101210988946326,0.05049881598632243,0.012910834309855956,0.013607406950678429,0.2400211021860681,0.2756485859363389,0.28384461936659466,
2000,base2,10,133,1,,1542.8467192295939,exchangeable_varying_sigma,0.18,fixed,0.18,0.18,fixed,0.18,1.0,sin2,anchor_grid,500,0.9,-0.21029757095251034,0.029021232990026454,0.03747175330363534,0.013149850988023098,0.014343011189623086,0.021046871295758718,0.02745853091412363,0.012241455533781254,0.016758866622198772,0.20155597599241656,0.20878382879072377,0.21029757095251034,
5000,base6,9,132,1,,3551.5169208887964,exchangeable_varying_sigma,0.18,fixed,0.18,0.18,fixed,0.18,1.0,constant,anchor_grid,500,0.0,0.008114328485249287,0.03718487729933632,0.04711691529840062,0.012952576209733946,0.015801002976003935,0.037905075898340024,0.04807989127537665,0.012936539409186806,0.015713489629296,0.13771353018303797,0.17519846842456147,0.008114328485249287,
2000,base6,10,133,1,,1429.8110707513988,exchangeable_varying_sigma,0.18,fixed,0.18,0.18,fixed,0.18,1.0,constant,anchor_grid,500,0.0,-0.009700065297717131,0.048126859463150165,0.06321638233345898,0.021588792068551493,0.026805159629162363,0.04885331626873195,0.0641298464041631,0.0214850630863284,0.026335886872652592,0.1590292387660013,0.18271485043069924,0.009700065297717131,
5000,base6,9,132,1,,3965.3804260641336,exchangeable_varying_sigma,0.18,fixed,0.18,0.18,fixed,0.18,1.0,constant,anchor_grid,500,0.3,-0.0778005090839009,0.03729307217060419,0.04722039756103895,0.013003891261440331,0.013278076653338721,0.03752596201563435,0.04768154644306034,0.012707726519323087,0.013050115562306133,0.13506403215149568,0.1678498593652041,0.0778005090839009,
2000,base6,10,133,1,,1638.9970153458416,exchangeable_varying_sigma,0.18,fixed,0.18,0.18,fixed,0.18,1.0,constant,anchor_grid,500,0.6,-0.2384042075070083,0.04683600150830561,0.060748529758370126,0.01221345718631106,0.018103623242721033,0.04580542825451783,0.05951034627797302,0.011901789099896934,0.019940871807476654,0.13315285886810052,0.1562427622963921,0.2384042075070083,
2000,base6,10,133,1,,1589.0452522914857,exchangeable_varying_sigma,0.18,fixed,0.18,0.18,fixed,0.18,1.0,constant,anchor_grid,500,0.9,-0.3503863902738401,0.04694565214410037,0.06119504042823708,0.01359150282334734,0.01973093088652671,0.04247079710706364,0.05577067646669555,0.012886842580854069,0.021865405220339286,0.14035901624616337,0.1618563677091482,0.3503863902738401,
5000,base6,9,132,1,,4015.761707244441,exchangeable_varying_sigma,0.18,fixed,0.18,0.18,fixed,0.18,1.0,constant,anchor_grid,500,0.6,-0.16110277882512014,0.03739103947869247,0.04730871061726728,0.014569985604594632,0.014749993612414544,0.03642424576974421,0.04638271720524685,0.013897058556824535,0.014303988150840804,0.13471534473694288,0.16610124564064227,0.16110277882512014,
2000,base6,10,133,1,,1976.9515597391874,exchangeable_varying_sigma,0.18,fixed,0.18,0.18,fixed,0.18,1.0,constant,anchor_grid,500,0.3,-0.12376571876358997,0.046817375767755395,0.060554127710340376,0.010697101385312296,0.01649544210323351,0.04737918228820711,0.06126976308896379,0.010573707873260535,0.017769197457002818,0.1279300513551186,0.15300468330832573,0.12376571876358997,
5000,base6,9,132,1,,4511.5061649642885,exchangeable_varying_sigma,0.18,fixed,0.18,0.18,fixed,0.18,1.0,constant,anchor_grid,500,0.9,-0.24469588828836475,0.03743718467032113,0.04742308880454979,0.016153680332150228,0.016261087666095138,0.03446957195115616,0.04414994462947325,0.015326479399015866,0.01579353603057275,0.1352093965937869,0.1649925194101461,0.24469588828836475,
5000,base2,10,133,1,,3248.7007845360786,exchangeable_varying_sigma,0.18,fixed,0.18,0.18,fixed,0.18,1.0,sin2,anchor_grid,500,0.3,-0.038356826901269625,0.01897602619554396,0.024265399104793434,0.011590463285394773,0.014800132384800924,0.018861535423085562,0.024103117976631703,0.010157027947697267,0.012945973864179844,0.05071277140416049,0.05877254997901167,0.038356826901269625,
5000,base2,10,133,1,,3250.748806260526,exchangeable_varying_sigma,0.18,fixed,0.18,0.18,fixed,0.18,1.0,sin2,anchor_grid,500,0.6,-0.07459429473292112,0.01894402901743606,0.024269258803593506,0.013355398660747086,0.017076659665121372,0.017502372021415455,0.022377374710751758,0.011059994579990184,0.014488722346589853,0.054754049486041075,0.06407998533295271,0.07459429473292112,
2000,base1,11,134,1,,1186.1526402682066,exchangeable_varying_sigma,0.18,fixed,0.18,0.18,fixed,0.18,1.0,sin,anchor_grid,500,0.0,-0.0018244926342629434,0.03555795477606059,0.047820776845056874,0.014746791077837454,0.017061395256301508,0.03560918264070003,0.04794575664986998,0.015803370390540472,0.016673442689901494,0.20286406323975065,0.22453259651706653,0.0018244926342629434,
5000,base2,10,133,1,,4094.9813514519483,exchangeable_varying_sigma,0.18,fixed,0.18,0.18,fixed,0.18,1.0,sin2,anchor_grid,500,0.0,-0.008493830917507812,0.019963785610997643,0.025272494561400304,0.012060072472212385,0.014840103853722869,0.02016640428961332,0.02554679524413699,0.012332950829081854,0.014873458264315792,0.04452598493805578,0.05198908579253069,0.008493830917507812,
2000,base1,11,134,1,,1478.9442413989455,exchangeable_varying_sigma,0.18,fixed,0.18,0.18,fixed,0.18,1.0,sin,anchor_grid,500,0.3,-0.08490151868937185,0.03421638023655837,0.04518639963755995,0.016626856476219087,0.018845190485677458,0.03350239236588331,0.044195322680125146,0.014407283104957314,0.016359223866611754,0.20128581727363526,0.2274372315218748,0.08490151868937185,
5000,base2,10,133,1,,4375.316280189902,exchangeable_varying_sigma,0.18,fixed,0.18,0.18,fixed,0.18,1.0,sin2,anchor_grid,500,0.9,-0.10982912262064604,0.01895824359543962,0.024354557385391943,0.015157286852156199,0.019405486185063468,0.014366006441530296,0.01866837246455402,0.01252050355106342,0.01667237040812347,0.05884212071915373,0.06971010571723432,0.10982912262064604,
2000,base1,11,134,1,,1555.1256320476532,exchangeable_varying_sigma,0.18,fixed,0.18,0.18,fixed,0.18,1.0,sin,anchor_grid,500,0.9,-0.20150137472788965,0.034486201964628524,0.045884488741167455,0.021860994327403627,0.024682707912582858,0.024727789021347202,0.03242511647429669,0.01914995119400581,0.02293746044010833,0.21674472071872902,0.2410218481848223,0.20150137472788965,
2000,base1,11,134,1,,1996.7488050479442,exchangeable_varying_sigma,0.18,fixed,0.18,0.18,fixed,0.18,1.0,sin,anchor_grid,500,0.6,-0.14517579657057905,0.03429707630853345,0.04546316395040513,0.019213400208738685,0.021753064920125915,0.030944172909377836,0.040742362710021435,0.01653404327666108,0.019202198781866894,0.20885244083789598,0.2342627322110465,0.14517579657057905,
2000,base3,11,134,1,,1068.1008570194244,exchangeable_varying_sigma,0.18,fixed,0.18,0.18,fixed,0.18,1.0,mixed,anchor_grid,500,0.0,0.006636948851296567,0.053034174031660136,0.06750056353760299,0.014402425042251976,0.016441441995821985,0.05454168375132014,0.06935493500702249,0.012254009486826783,0.01381652995254475,0.1747763444717718,0.2126085065846535,0.006636948851296567,
5000,base6,10,133,1,,4117.676353812218,exchangeable_varying_sigma,0.18,fixed,0.18,0.18,fixed,0.18,1.0,constant,anchor_grid,500,0.0,0.00045851074735192283,0.037456242498175425,0.047413249209074644,0.014325694632799285,0.017342483236154633,0.03815318466370578,0.048391728218809375,0.014571583221589385,0.01805454164254051,0.13618626012888463,0.17593637242933685,0.00045851074735192283,
5000,base6,10,133,1,,3700.834895223379,exchangeable_varying_sigma,0.18,fixed,0.18,0.18,fixed,0.18,1.0,constant,anchor_grid,500,0.6,-0.16276987611845017,0.036449385030068594,0.04665254782178081,0.016448822807193092,0.019407788034115015,0.03605069860780827,0.046363037683223744,0.01751773258283723,0.020490256426057243,0.15165476574566877,0.19715138794395276,0.16276987611845017,
2000,base3,11,134,1,,1491.3227376639843,exchangeable_varying_sigma,0.18,fixed,0.18,0.18,fixed,0.18,1.0,mixed,anchor_grid,500,0.3,-0.13312685320612716,0.052730817123897544,0.0660223187214319,0.017786154380737912,0.02083794999330473,0.05337331069262311,0.06678640753351407,0.018069711841014857,0.020368428089972284,0.1594660601415431,0.20029614125073045,0.13312685320612716,
5000,base6,10,133,1,,4517.548206686974,exchangeable_varying_sigma,0.18,fixed,0.18,0.18,fixed,0.18,1.0,constant,anchor_grid,500,0.3,-0.08105992408537077,0.03644028963150721,0.046628945788839075,0.014846294733679821,0.01697897143408888,0.036971135190052885,0.04742901317248151,0.016070031616722574,0.01838065974494809,0.14653475834820776,0.19220908748560153,0.08105992408537077,
2000,base3,11,134,1,,1634.4183997418731,exchangeable_varying_sigma,0.18,fixed,0.18,0.18,fixed,0.18,1.0,mixed,anchor_grid,500,0.6,-0.24705266129284537,0.05303909212584844,0.06647931842483416,0.020281192193539938,0.023442507663457245,0.052144571785368195,0.06510835833452744,0.021015852790590872,0.023026403874610392,0.1567000878125413,0.20010538315961873,0.24705266129284537,
2000,base3,11,134,1,,1584.6731522008777,exchangeable_varying_sigma,0.18,fixed,0.18,0.18,fixed,0.18,1.0,mixed,anchor_grid,500,0.9,-0.3583365716253798,0.053331986949169824,0.06709629853058223,0.022854062868178343,0.02610198607345817,0.04926847912883352,0.06158157726500504,0.024364642753802984,0.026086634527187538,0.1533260814670245,0.19943127678923334,0.3583365716253798,
5000,base1,11,134,1,,3169.3997024148703,exchangeable_varying_sigma,0.18,fixed,0.18,0.18,fixed,0.18,1.0,sin,anchor_grid,500,0.3,-0.02379177408876415,0.022315968580713722,0.028224664249073966,0.008936198547146237,0.0096944841412304,0.02186493705448575,0.027752909438735138,0.007917524013522692,0.008499373234636353,0.057455318627970896,0.07397208010498045,0.02379177408876415,
5000,base1,11,134,1,,2829.1862535905093,exchangeable_varying_sigma,0.18,fixed,0.18,0.18,fixed,0.18,1.0,sin,anchor_grid,500,0.9,-0.09538526926027058,0.022117795490788388,0.027767212238328252,0.010336243584006297,0.010828956719398385,0.016423716528365124,0.0198667682292057,0.008086421069632671,0.008518380809403323,0.0538433411206021,0.0710599791092786,0.09538526926027058,
5000,base6,10,133,1,,4214.596996413544,exchangeable_varying_sigma,0.18,fixed,0.18,0.18,fixed,0.18,1.0,constant,anchor_grid,500,0.9,-0.24437063662871872,0.036512828855534904,0.04672669648256704,0.01799225491570078,0.02192536724008936,0.03420889793292548,0.04428866739567006,0.019023790872333635,0.023057562992600453,0.15682659603485483,0.201939042108256,0.24437063662871872,
5000,base1,11,134,1,,3952.1055554579943,exchangeable_varying_sigma,0.18,fixed,0.18,0.18,fixed,0.18,1.0,sin,anchor_grid,500,0.0,-0.030001933055145636,0.02248417915038837,0.028360685645037555,0.007405341351918587,0.008995510127564787,0.022475334368016082,0.028366091306066064,0.006213483926933411,0.009023280815585916,0.06338982803434158,0.08072215738854177,0.030001933055145636,
2000,base6,11,134,1,,1158.0914727132767,exchangeable_varying_sigma,0.18,fixed,0.18,0.18,fixed,0.18,1.0,constant,anchor_grid,500,0.9,-0.3091351157323513,0.04622083651691017,0.060342187731868266,0.024321834857133406,0.03148132299116293,0.041617931433587343,0.05451524449446639,0.02119746119924451,0.02942253647957927,0.08937557342607737,0.10482154401669998,0.3091351157323513,
5000,base1,11,134,1,,4149.341148292646,exchangeable_varying_sigma,0.18,fixed,0.18,0.18,fixed,0.18,1.0,sin,anchor_grid,500,0.6,-0.059125586013132,0.02220821779467504,0.028010831531685525,0.009711207906036107,0.010328256758522041,0.0200812653890787,0.025302171291108663,0.008145014133101008,0.008751795828711774,0.05557003237905951,0.07201362644876612,0.059125586013132,
2000,base6,11,134,1,,1560.3472050558776,exchangeable_varying_sigma,0.18,fixed,0.18,0.18,fixed,0.18,1.0,constant,anchor_grid,500,0.0,0.00407586099892765,0.04846926914428696,0.06357673438137461,0.011303406799565874,0.013444193758015565,0.04916680030204825,0.06442105482958387,0.010591711784773652,0.012511044905752526,0.0938361425334019,0.10818709431510155,0.00407586099892765,
2000,base6,11,134,1,,1549.0541365649551,exchangeable_varying_sigma,0.18,fixed,0.18,0.18,fixed,0.18,1.0,constant,anchor_grid,500,0.6,-0.2118162394954088,0.04645903656354298,0.06046470202594062,0.021759063219803504,0.028698007999140684,0.04526567400784493,0.05890010045835327,0.019296513981956004,0.02650230804004739,0.08666507034204733,0.10155952433391978,0.2118162394954088,
2000,base6,11,134,1,,1607.5151606053114,exchangeable_varying_sigma,0.18,fixed,0.18,0.18,fixed,0.18,1.0,constant,anchor_grid,500,0.3,-0.11115905455966718,0.04660116061874855,0.06061712574460434,0.01927700584705841,0.025954286474611402,0.0470128348847501,0.06111006886383352,0.01754156793035938,0.02406107436828002,0.08468704263217572,0.0997202314989835,0.11115905455966718,
5000,base3,11,134,1,,3397.4933989979327,exchangeable_varying_sigma,0.18,fixed,0.18,0.18,fixed,0.18,1.0,mixed,anchor_grid,500,0.3,-0.0692538261125353,0.043406433606133124,0.05342472995398054,0.005125624877294677,0.006193607237095081,0.04454561677030548,0.055062723544086485,0.005202414676833772,0.005897355919278862,0.22858237866746778,0.2670852410667072,0.0692538261125353,
5000,base3,11,134,1,,3851.798841930926,exchangeable_varying_sigma,0.18,fixed,0.18,0.18,fixed,0.18,1.0,mixed,anchor_grid,500,0.0,0.0009178232134190158,0.04358021296231837,0.05340517619129122,0.01242046019843479,0.013871697969583138,0.04479903867389536,0.055066727610538074,0.011344875505734736,0.01281886254440818,0.22542685040946636,0.26266722893642375,0.0009178232134190158,
2000,base2,12,135,1,,1509.291449951008,exchangeable_varying_sigma,0.18,fixed,0.18,0.18,fixed,0.18,1.0,sin2,anchor_grid,500,0.0,0.010791272036971585,0.03139324067046268,0.040613023569557136,0.014960771686944804,0.016984549735800037,0.031580736430800754,0.04097184206879602,0.01665431213795919,0.017503095281366992,0.13235240429788875,0.14059598614891075,0.010791272036971585,
2000,base2,12,135,1,,1531.6813921313733,exchangeable_varying_sigma,0.18,fixed,0.18,0.18,fixed,0.18,1.0,sin2,anchor_grid,500,0.3,-0.046889218854735015,0.031485856907276795,0.04091993907979898,0.008825241917628707,0.011306393314944185,0.031069360990228313,0.040553556133314204,0.008649428871523618,0.011924964456098601,0.12748402767334988,0.14087974775340018,0.046889218854735015,
2000,base2,12,135,1,,1509.2329669129103,exchangeable_varying_sigma,0.18,fixed,0.18,0.18,fixed,0.18,1.0,sin2,anchor_grid,500,0.9,-0.1977962555537235,0.031368717894648894,0.04072653127382274,0.012392745206805292,0.015120785134663382,0.02257926954985556,0.029843634831898287,0.01230026193368848,0.015838906302523725,0.12374784668454385,0.14444376166299946,0.1977962555537235,
5000,base3,11,134,1,,3783.726979387924,exchangeable_varying_sigma,0.18,fixed,0.18,0.18,fixed,0.18,1.0,mixed,anchor_grid,500,0.6,-0.16820649065912413,0.0431076094784972,0.05311485921194345,0.005885490081191727,0.006794796465396269,0.04339466279016822,0.05387953650909289,0.005203045470929035,0.00598414385085556,0.2302605750372577,0.26909776052859397,0.16820649065912413,
2000,base2,12,135,1,,1712.973618561402,exchangeable_varying_sigma,0.18,fixed,0.18,0.18,fixed,0.18,1.0,sin2,anchor_grid,500,0.6,-0.12069185242206942,0.03145800324592595,0.04088247568611172,0.010538016733144417,0.013109233990787797,0.02852706394970579,0.037404233739346676,0.010396589511294907,0.013696228235481134,0.12546268074150022,0.14210145120978257,0.12069185242206942,
5000,base3,11,134,1,,3856.6481310855597,exchangeable_varying_sigma,0.18,fixed,0.18,0.18,fixed,0.18,1.0,mixed,anchor_grid,500,0.9,-0.26933669772710556,0.04274060664237467,0.05267973384905134,0.006637750770565429,0.007472062382619461,0.04091269338845641,0.05144391936706037,0.004729275946144099,0.005623278146789495,0.2324080597799823,0.2712967487297244,0.26933669772710556,
5000,base6,11,134,1,,3506.7344644162804,exchangeable_varying_sigma,0.18,fixed,0.18,0.18,fixed,0.18,1.0,constant,anchor_grid,500,0.3,-0.08090504939271781,0.03657420315435924,0.04642876564884788,0.012033910117951657,0.012183239406502754,0.03704612934354061,0.047152464000074265,0.011687463350060961,0.011965142932748843,0.14560623815200255,0.17862008862657222,0.08090504939271781,
5000,base6,11,134,1,,3761.0069254841655,exchangeable_varying_sigma,0.18,fixed,0.18,0.18,fixed,0.18,1.0,constant,anchor_grid,500,0.0,-0.033063017229717225,0.037247014495411096,0.04678895955501171,0.005257399594406603,0.005807183341493224,0.03797609644204433,0.04776898187366313,0.005062336177789117,0.005716103302248534,0.15291339924176142,0.18968258020260628,0.033063017229717225,
5000,base6,11,134,1,,3434.438047233969,exchangeable_varying_sigma,0.18,fixed,0.18,0.18,fixed,0.18,1.0,constant,anchor_grid,500,0.6,-0.158948344704891,0.036613001494942864,0.0464762338309584,0.012809098274736794,0.013031709969356896,0.03617054136247796,0.046164900582229364,0.012236809141088281,0.012524139095890913,0.1480365982601882,0.18187584890353412,0.158948344704891,
2000,base6,12,135,1,,1233.0022574421018,exchangeable_varying_sigma,0.18,fixed,0.18,0.18,fixed,0.18,1.0,constant,anchor_grid,500,0.3,-0.06931199937735341,0.04943783671691423,0.06518443640022388,0.01008175846383498,0.012136337924550347,0.049762985914411376,0.06564062735201051,0.01207036775890459,0.013135126518815253,0.09926364529607316,0.11695744613294388,0.06931199937735341,
2000,base6,12,135,1,,1616.4178298357874,exchangeable_varying_sigma,0.18,fixed,0.18,0.18,fixed,0.18,1.0,constant,anchor_grid,500,0.0,0.028330556732396355,0.04882175551997713,0.06366661511241162,0.02195602056099015,0.023112801104864737,0.049730904073759526,0.06480796438650951,0.02019456510327941,0.022288793220542835,0.0922591277005134,0.10800309730137017,0.028330556732396355,
5000,base6,11,134,1,,3521.4471699427813,exchangeable_varying_sigma,0.18,fixed,0.18,0.18,fixed,0.18,1.0,constant,anchor_grid,500,0.9,-0.23666053810180332,0.036768744327957834,0.04661082753787482,0.013443634303368243,0.013823274366333274,0.03450584974850233,0.04428531431472334,0.012544899061025835,0.01286442383137317,0.15084836867714857,0.1857633784116815,0.23666053810180332,
2000,base6,12,135,1,,1653.7980042193085,exchangeable_varying_sigma,0.18,fixed,0.18,0.18,fixed,0.18,1.0,constant,anchor_grid,500,0.6,-0.18473394210237654,0.04934873604651923,0.0650983840551031,0.012221592051082808,0.014330267332486381,0.047764095662294774,0.06314115771674188,0.014654204545542768,0.01592490760825482,0.1055265124039609,0.12393093231473518,0.18473394210237654,
2000,base6,12,135,1,,1457.3521992806345,exchangeable_varying_sigma,0.18,fixed,0.18,0.18,fixed,0.18,1.0,constant,anchor_grid,500,0.9,-0.3065560443623211,0.04916746891441812,0.06482068156564702,0.014577108705250474,0.016859323263777197,0.04349709842790868,0.05775715826533486,0.016861823732739672,0.018843987707009173,0.11454592281741233,0.1335801418650983,0.3065560443623211,
5000,base2,12,135,1,,2916.5536488629878,exchangeable_varying_sigma,0.18,fixed,0.18,0.18,fixed,0.18,1.0,sin2,anchor_grid,500,0.6,-0.0614901576325505,0.01889177836557093,0.02363528232798713,0.011031853448439738,0.012656805815518264,0.017644217444314415,0.022241073927838553,0.00954085637434375,0.011248022360622945,0.04541325460807131,0.052366510761620626,0.0614901576325505,
5000,base2,12,135,1,,3439.9364899154752,exchangeable_varying_sigma,0.18,fixed,0.18,0.18,fixed,0.18,1.0,sin2,anchor_grid,500,0.0,0.01773182877572019,0.020372531898457502,0.025651332370707113,0.00869088518019892,0.010056157522460836,0.020569348726491438,0.025928790726473108,0.008024398198782395,0.009409679480904242,0.04209780732239046,0.05179587820003011,0.01773182877572019,
2000,base1,13,136,1,,1384.4801369365305,exchangeable_varying_sigma,0.18,fixed,0.18,0.18,fixed,0.18,1.0,sin,anchor_grid,500,0.0,-0.0012814320264162753,0.035097505663821645,0.04678705258186437,0.016517625755635507,0.02018830734163735,0.03518421796679443,0.046939228010874724,0.015065521745702415,0.01754524310940045,0.2565986113226013,0.2810409326659922,0.0012814320264162753,
2000,base1,13,136,1,,1297.3519509080797,exchangeable_varying_sigma,0.18,fixed,0.18,0.18,fixed,0.18,1.0,sin,anchor_grid,500,0.3,-0.06991250540970448,0.03634471771823217,0.048333105460582476,0.02306519791667605,0.025815277501854212,0.03569888929389576,0.047550603253933676,0.02213009694133744,0.026186230789100352,0.2475434012027143,0.276414068588297,0.06991250540970448,
2000,base1,13,136,1,,1367.7859185356647,exchangeable_varying_sigma,0.18,fixed,0.18,0.18,fixed,0.18,1.0,sin,anchor_grid,500,0.6,-0.1386146247671003,0.03623325518802757,0.04815602038796267,0.024957051828449345,0.027972254273356447,0.03267948873846246,0.0435485805665895,0.023547742663603377,0.027453278835094738,0.24786499755173208,0.28024693240741233,0.1386146247671003,
5000,base2,12,135,1,,3765.8262440469116,exchangeable_varying_sigma,0.18,fixed,0.18,0.18,fixed,0.18,1.0,sin2,anchor_grid,500,0.3,-0.026994974878032485,0.01906063322037862,0.023857892668369983,0.010044028662402657,0.011511853690504047,0.019060052345692434,0.0239304629605035,0.009357629956472796,0.0107191611427399,0.04669256699320039,0.054485487943016796,0.026994974878032485,
2000,base1,13,136,1,,1490.821630049497,exchangeable_varying_sigma,0.18,fixed,0.18,0.18,fixed,0.18,1.0,sin,anchor_grid,500,0.9,-0.20940122524034466,0.03603504946680349,0.04779504846910712,0.026378900326811783,0.029643295351593654,0.025846644418552504,0.03421503876103941,0.024835046094133006,0.028234152361258057,0.24750217072429304,0.283467918414658,0.20940122524034466,
5000,base2,12,135,1,,3723.121483977884,exchangeable_varying_sigma,0.18,fixed,0.18,0.18,fixed,0.18,1.0,sin2,anchor_grid,500,0.9,-0.09575751743980909,0.018726917787445885,0.023412478235692615,0.011807471782354986,0.013607582768809764,0.01442910976921713,0.018488163710098517,0.009291789782760226,0.011353842417095347,0.043718139197840865,0.05015477300804285,0.09575751743980909,
5000,base6,12,135,1,,2887.3944774977863,exchangeable_varying_sigma,0.18,fixed,0.18,0.18,fixed,0.18,1.0,constant,anchor_grid,500,0.6,-0.13822804192538518,0.03617269026672711,0.04575963672519409,0.011875910940512241,0.014027337804566054,0.03634357461773395,0.046332155634046183,0.010483835863465032,0.012316363555025002,0.1398976105260015,0.17900171746509072,0.13822804192538518,
5000,base6,12,135,1,,3670.354206616059,exchangeable_varying_sigma,0.18,fixed,0.18,0.18,fixed,0.18,1.0,constant,anchor_grid,500,0.0,0.013400173169214194,0.038332521958412046,0.04854008210520278,0.010839455312936896,0.012947791265411544,0.039107254032032954,0.04961186463523193,0.010767089200709373,0.0133971104772381,0.15050171016085553,0.18632015917155628,0.013400173169214194,
5000,base6,12,135,1,,3558.625388758257,exchangeable_varying_sigma,0.18,fixed,0.18,0.18,fixed,0.18,1.0,constant,anchor_grid,500,0.3,-0.06033432818383605,0.03645523642749125,0.04613961016238612,0.010772901875775537,0.012810202005602385,0.03729214731067452,0.047378928689112365,0.010349917227010605,0.011838535877833905,0.14293379934888842,0.18114839755017445,0.06033432818383605,
2000,base3,13,136,1,,1261.1073238831013,exchangeable_varying_sigma,0.18,fixed,0.18,0.18,fixed,0.18,1.0,mixed,anchor_grid,500,0.0,0.0009334225406459368,0.053488839678512555,0.06787731539289422,0.01690863509169957,0.01874153080515219,0.054720690044500725,0.06945135798158533,0.01837936290662248,0.020815350272281468,0.1604527437765474,0.20260517152193028,0.0009334225406459368,
2000,base3,13,136,1,,1650.8982637003064,exchangeable_varying_sigma,0.18,fixed,0.18,0.18,fixed,0.18,1.0,mixed,anchor_grid,500,0.3,-0.12416036041984485,0.05285071603985338,0.06701592036826569,0.024176731520865774,0.026728938338975508,0.053698574075041236,0.06820901093514606,0.023917550941319282,0.026326987271674998,0.17625538522924689,0.21743236988327763,0.12416036041984485,
5000,base6,12,135,1,,3732.8794166054577,exchangeable_varying_sigma,0.18,fixed,0.18,0.18,fixed,0.18,1.0,constant,anchor_grid,500,0.9,-0.21657259335197532,0.03583037863637451,0.04533042678301157,0.012724960777570113,0.015015938711657071,0.03430725628400519,0.044145518859013015,0.01037368216420996,0.012311184553434204,0.13739828781999364,0.17751583706204366,0.21657259335197532,
2000,base3,13,136,1,,1631.7773670963943,exchangeable_varying_sigma,0.18,fixed,0.18,0.18,fixed,0.18,1.0,mixed,anchor_grid,500,0.6,-0.24587797978440679,0.05288382809511377,0.06698725763573893,0.026056743240971486,0.028789833094314234,0.05208517153611472,0.06603311524108951,0.026353734091564746,0.028481612123002435,0.18070153483346735,0.22327221532442834,0.24587797978440679,
2000,base3,13,136,1,,1539.8555903043598,exchangeable_varying_sigma,0.18,fixed,0.18,0.18,fixed,0.18,1.0,mixed,anchor_grid,500,0.9,-0.3673006930128222,0.05289381607916115,0.06691960297726246,0.027494706215698966,0.030340218043253653,0.048888774715756686,0.061744574871090564,0.028478974030769294,0.030040958408923554,0.18452985262141738,0.22872691901630227,0.3673006930128222,
5000,base1,13,136,1,,3015.0446811802685,exchangeable_varying_sigma,0.18,fixed,0.18,0.18,fixed,0.18,1.0,sin,anchor_grid,500,0.0,0.016997839677095006,0.022545165990795916,0.029074865953657665,0.012669439901639129,0.013637911656893898,0.02254918350301629,0.02909685603123949,0.013107399914495027,0.01410332398049778,0.06424605448597674,0.08654822530069546,0.016997839677095006,
2000,base6,13,136,1,,1134.5473885424435,exchangeable_varying_sigma,0.18,fixed,0.18,0.18,fixed,0.18,1.0,constant,anchor_grid,500,0.0,-0.011574318315671593,0.046713917327335513,0.061168622425596425,0.00981367799604585,0.013074553356009377,0.04738140792329981,0.06201582703186412,0.00963635266540773,0.013047088616657508,0.10631140155696876,0.12717712042246487,0.011574318315671593,
5000,base1,13,136,1,,3664.8882440347224,exchangeable_varying_sigma,0.18,fixed,0.18,0.18,fixed,0.18,1.0,sin,anchor_grid,500,0.9,-0.09853241896752207,0.022008732493256106,0.027577668916903993,0.009403851911803332,0.010799633137939675,0.01592012213067448,0.019298884669425663,0.009341297053349601,0.011936495494206122,0.05916829982364891,0.0787900071474646,0.09853241896752207,
2000,base6,13,136,1,,1612.0039601512253,exchangeable_varying_sigma,0.18,fixed,0.18,0.18,fixed,0.18,1.0,constant,anchor_grid,500,0.9,-0.30056609709787563,0.047460477042345524,0.061748374867595705,0.031327260229605206,0.0353085970674871,0.042764455418870556,0.0559993760892508,0.029723467606210308,0.032222245813187916,0.10151841702355296,0.12404707137667328,0.30056609709787563,
2000,base6,13,136,1,,1853.4553896673024,exchangeable_varying_sigma,0.18,fixed,0.18,0.18,fixed,0.18,1.0,constant,anchor_grid,500,0.3,-0.07824075719164547,0.048221083644184454,0.06264321156197226,0.02728064279198844,0.031257642318296266,0.04878141586505162,0.06326353119192664,0.027213401670588958,0.030873314164651697,0.10449282706665974,0.12763687605073873,0.07824075719164547,
5000,base1,13,136,1,,4113.290531460196,exchangeable_varying_sigma,0.18,fixed,0.18,0.18,fixed,0.18,1.0,sin,anchor_grid,500,0.3,-0.029076758208507192,0.02197662018921471,0.02757253859420746,0.006027668949760784,0.006969973428665815,0.021368085254490264,0.02671564572090025,0.006014625880616395,0.0074721821134903135,0.05630657177281182,0.07588103837116562,0.029076758208507192,
2000,base6,13,136,1,,1874.47977957502,exchangeable_varying_sigma,0.18,fixed,0.18,0.18,fixed,0.18,1.0,constant,anchor_grid,500,0.6,-0.18771443306285351,0.04786875149840877,0.06229885600628832,0.029458216809020818,0.03352623941241504,0.046779586115864566,0.060854126402262766,0.028681635969414296,0.03184431978801451,0.10263671236189362,0.1255132970280305,0.18771443306285351,
5000,base1,13,136,1,,4073.5186465661973,exchangeable_varying_sigma,0.18,fixed,0.18,0.18,fixed,0.18,1.0,sin,anchor_grid,500,0.6,-0.06342157146464034,0.021958014533238493,0.027550397042270296,0.007346065311172101,0.008682366482245633,0.019542310335847825,0.02425471564164513,0.007345347646069089,0.009224929783285403,0.057625481076592135,0.07713387529736863,0.06342157146464034,
5000,base3,13,136,1,,3861.0633032564074,exchangeable_varying_sigma,0.18,fixed,0.18,0.18,fixed,0.18,1.0,mixed,anchor_grid,500,0.0,-0.0004293981068584749,0.042977223147925896,0.05339303653938645,0.010093276785338001,0.011738612435125164,0.04412833818225946,0.05505508589135933,0.010309080383712893,0.011741757758945379,0.24509217606236522,0.28502439294344173,0.0004293981068584749,
5000,base3,13,136,1,,4078.2000415436924,exchangeable_varying_sigma,0.18,fixed,0.18,0.18,fixed,0.18,1.0,mixed,anchor_grid,500,0.6,-0.18188194201337343,0.04161398633458279,0.05159431977631069,0.010331474714139643,0.010794892746934516,0.0414949510706216,0.05185403409940732,0.00929019397901222,0.00980517697746703,0.25743955809719565,0.29427749862982244,0.18188194201337343,
5000,base6,13,136,1,,2513.1799791995436,exchangeable_varying_sigma,0.18,fixed,0.18,0.18,fixed,0.18,1.0,constant,anchor_grid,500,0.3,-0.0804223076315907,0.0370506127475589,0.04678873480005595,0.003323396392742567,0.0037921289940974203,0.0372925698495995,0.04723050578053268,0.005102126430528431,0.005907117990920275,0.1686189696625308,0.2104494674866418,0.0804223076315907,
2000,base2,14,137,1,,1748.871117271483,exchangeable_varying_sigma,0.18,fixed,0.18,0.18,fixed,0.18,1.0,sin2,anchor_grid,500,0.0,-0.029082015047160868,0.031328247091250865,0.04027482833214288,0.008848384579135282,0.01025574921861894,0.03149221459966002,0.0405592358735715,0.009015206775950302,0.012975461735274025,0.16382333407280114,0.1654397577053253,0.029082015047160868,
2000,base2,14,137,1,,1763.0152411609888,exchangeable_varying_sigma,0.18,fixed,0.18,0.18,fixed,0.18,1.0,sin2,anchor_grid,500,0.3,-0.0419539279547933,0.029264134417322632,0.038085569410167254,0.009290524494271105,0.011748339258387575,0.028753480607134087,0.037614590654158404,0.012888316604523345,0.01566071676427679,0.1517575163010973,0.15526157249795094,0.0419539279547933,
5000,base3,13,136,1,,4334.302224675193,exchangeable_varying_sigma,0.18,fixed,0.18,0.18,fixed,0.18,1.0,mixed,anchor_grid,500,0.9,-0.27690771221167554,0.041531106363712766,0.05158785997503075,0.01241438556396858,0.013026540937719294,0.03947876086845805,0.050034192650201315,0.011692180561512097,0.012399584424925558,0.26089651895654453,0.2966555656271356,0.27690771221167554,
5000,base3,13,136,1,,4483.312615768984,exchangeable_varying_sigma,0.18,fixed,0.18,0.18,fixed,0.18,1.0,mixed,anchor_grid,500,0.3,-0.08743830291015683,0.04168759652036079,0.05163353457667546,0.008613765478264673,0.008961069179930356,0.042533301015039396,0.05290531929567011,0.0078600627224069,0.008185635926565953,0.2540919006836515,0.2919531678944615,0.08743830291015683,
2000,base2,14,137,1,,1823.963295828551,exchangeable_varying_sigma,0.18,fixed,0.18,0.18,fixed,0.18,1.0,sin2,anchor_grid,500,0.9,-0.1835411489786598,0.0291039979261146,0.03779893505462906,0.008805613974500609,0.012015720188480886,0.02052071363165318,0.027044720261806043,0.014319082066870145,0.018264365432865085,0.14516622439373936,0.1514947796550248,0.1835411489786598,
2000,base2,14,137,1,,1959.359604742378,exchangeable_varying_sigma,0.18,fixed,0.18,0.18,fixed,0.18,1.0,sin2,anchor_grid,500,0.6,-0.1106359777315728,0.029165205203782536,0.03793215786296562,0.009225876934913377,0.012053411732901118,0.026278134550654787,0.034446028071050246,0.01393639239363717,0.01735329456041901,0.14897262449217288,0.15385871925896996,0.1106359777315728,
5000,base6,13,136,1,,4066.992386577651,exchangeable_varying_sigma,0.18,fixed,0.18,0.18,fixed,0.18,1.0,constant,anchor_grid,500,0.0,0.01422187470385164,0.036462023429600386,0.04664224590800768,0.018067980495731717,0.018715628343153143,0.03723824011804295,0.04766499773463175,0.01741624142754422,0.018077462622172264,0.15724906762965984,0.19941583208953376,0.01422187470385164,
2000,base6,14,137,1,,1564.5071286913007,exchangeable_varying_sigma,0.18,fixed,0.18,0.18,fixed,0.18,1.0,constant,anchor_grid,500,0.3,-0.07133451813988353,0.04568205381266034,0.059948307509247636,0.015107628091474229,0.016771377972071014,0.04576375939673462,0.06003624593481035,0.014594983262128977,0.017670304309653235,0.10417233298506165,0.1193836746878718,0.07133451813988353,
2000,base6,14,137,1,,2115.70296600461,exchangeable_varying_sigma,0.18,fixed,0.18,0.18,fixed,0.18,1.0,constant,anchor_grid,500,0.0,-0.0026760107271044243,0.04763154349053555,0.0622590310308953,0.008843958965420035,0.009412872459039209,0.048178663943119725,0.06297550909990389,0.010656002919982144,0.011525690246248107,0.11694128208541381,0.12948671672859954,0.0026760107271044243,
2000,base6,14,137,1,,1974.922081599012,exchangeable_varying_sigma,0.18,fixed,0.18,0.18,fixed,0.18,1.0,constant,anchor_grid,500,0.9,-0.2889060929900854,0.04555796046379319,0.05959487849061155,0.014594313763436978,0.01689367136855475,0.039983978311821634,0.05251755351103707,0.016320897606922638,0.021224933269499282,0.10591552772199017,0.12009253756096029,0.2889060929900854,
2000,base6,14,137,1,,2099.8284324835986,exchangeable_varying_sigma,0.18,fixed,0.18,0.18,fixed,0.18,1.0,constant,anchor_grid,500,0.6,-0.1784392889341107,0.04559185514713228,0.0597427654242014,0.015081943242538143,0.017043236362380493,0.043888819563287954,0.05751475829894312,0.01567927252462621,0.01966744015052162,0.10544190566632976,0.1202077141962594,0.1784392889341107,
5000,base6,13,136,1,,4326.736293595284,exchangeable_varying_sigma,0.18,fixed,0.18,0.18,fixed,0.18,1.0,constant,anchor_grid,500,0.6,-0.16223911246772266,0.036999375438149164,0.04676308442445059,0.003968859434224731,0.004327503873427376,0.03609779228978189,0.04587290510002532,0.0061118806597137,0.006561813537895598,0.17116591253502708,0.21258720183197077,0.16223911246772266,
5000,base2,14,137,1,,2540.4212528690696,exchangeable_varying_sigma,0.18,fixed,0.18,0.18,fixed,0.18,1.0,sin2,anchor_grid,500,0.6,-0.08188960194299344,0.019824395365069893,0.025166989712856448,0.007671839636684441,0.008172534780220057,0.01768810156577447,0.022628926197240315,0.006981534728438793,0.007864531602377288,0.04866938542889966,0.059210023033562424,0.08188960194299344,
5000,base6,13,136,1,,4526.293788235635,exchangeable_varying_sigma,0.18,fixed,0.18,0.18,fixed,0.18,1.0,constant,anchor_grid,500,0.9,-0.24534707439693848,0.036915699003425374,0.04672756201282412,0.004812501483357115,0.005685961288984261,0.03403481056224933,0.04360695395771325,0.007224087691367606,0.007935794740000748,0.17354917717296903,0.2146179077287131,0.24534707439693848,
2000,base1,15,138,1,,1168.5082911513746,exchangeable_varying_sigma,0.18,fixed,0.18,0.18,fixed,0.18,1.0,sin,anchor_grid,500,0.0,0.020340656575377532,0.03573046228724617,0.04715184037121559,0.019748034142090476,0.02166126820919556,0.03576346997554297,0.04718183412402787,0.019450842297720955,0.020618147001466823,0.20607392777719588,0.22631158963142656,0.020340656575377532,
5000,base2,14,137,1,,4332.32098194398,exchangeable_varying_sigma,0.18,fixed,0.18,0.18,fixed,0.18,1.0,sin2,anchor_grid,500,0.0,0.013096021048973928,0.0201250680240576,0.025167708745507184,0.003989936434864158,0.004794665120917079,0.020331332420124384,0.025451635645647553,0.004179082548476112,0.004637258414844437,0.045066923127375924,0.05927438722468947,0.013096021048973928,
2000,base1,15,138,1,,1570.8553251549602,exchangeable_varying_sigma,0.18,fixed,0.18,0.18,fixed,0.18,1.0,sin,anchor_grid,500,0.3,-0.08386419612984933,0.03434810194805048,0.045409778598577526,0.002815041362455223,0.003397890162919271,0.03401397449819762,0.0448399038506908,0.0018211202187887326,0.001907791544147369,0.222408873941467,0.2491032392592404,0.08386419612984933,
2000,base1,15,138,1,,1493.2634727470577,exchangeable_varying_sigma,0.18,fixed,0.18,0.18,fixed,0.18,1.0,sin,anchor_grid,500,0.9,-0.20340322155826995,0.03410551436972969,0.04499041315825464,0.0076451992857327344,0.009184358707080594,0.024461475261757914,0.032005743252348264,0.0037622835958294187,0.005115942409884619,0.23261054642439205,0.26500311375359553,0.20340322155826995,
5000,base6,14,137,1,,2777.8633330445737,exchangeable_varying_sigma,0.18,fixed,0.18,0.18,fixed,0.18,1.0,constant,anchor_grid,500,0.3,-0.08025975765818699,0.036873704158728794,0.0464712313617724,0.005175265484494457,0.006341729480593638,0.03731144254091283,0.047112669467307536,0.005322958801657951,0.006333758141331634,0.155342744411172,0.18258331609965997,0.08025975765818699,
5000,base2,14,137,1,,4175.995668401942,exchangeable_varying_sigma,0.18,fixed,0.18,0.18,fixed,0.18,1.0,sin2,anchor_grid,500,0.3,-0.04730118150753432,0.01972255687081414,0.025140266159233125,0.006847171316702205,0.0073607675447670395,0.01929955690660349,0.02465539258573581,0.006143329556776822,0.006861967800533022,0.04706935050383854,0.05947684053732737,0.04730118150753432,
2000,base1,15,138,1,,1769.5636053979397,exchangeable_varying_sigma,0.18,fixed,0.18,0.18,fixed,0.18,1.0,sin,anchor_grid,500,0.6,-0.1447862473869848,0.03414180035607947,0.04515587160021327,0.00493194729473545,0.005919656448903597,0.031192964112410463,0.04101904044790438,0.0020331691496323773,0.0023292031277370217,0.22796429437741167,0.2574321398859889,0.1447862473869848,
5000,base6,14,137,1,,4050.4625891242176,exchangeable_varying_sigma,0.18,fixed,0.18,0.18,fixed,0.18,1.0,constant,anchor_grid,500,0.0,0.004390171627431297,0.037625009575474634,0.04744617100117129,0.0075560614828286965,0.009040277475216298,0.03835618292594483,0.048456287076840784,0.0063390112093607565,0.007771385461677951,0.14841654757938674,0.17402192346325512,0.004390171627431297,
5000,base2,14,137,1,,4740.757837912068,exchangeable_varying_sigma,0.18,fixed,0.18,0.18,fixed,0.18,1.0,sin2,anchor_grid,500,0.9,-0.11511395965786508,0.01993473235788161,0.0251758251231332,0.008468729567591593,0.008985401849411729,0.01431253659946643,0.01863324576099472,0.007851077475842044,0.00897412633523994,0.04976234960842065,0.05900873051090739,0.11511395965786508,
2000,base3,15,138,1,,960.7721436880529,exchangeable_varying_sigma,0.18,fixed,0.18,0.18,fixed,0.18,1.0,mixed,anchor_grid,500,0.9,-0.3669122278603475,0.05152512458486206,0.06464894147919481,0.004601908773289393,0.004986974575378954,0.04796400725987926,0.06031907027616213,0.003531385203451143,0.004103075246118691,0.1985196374344111,0.24533166209621265,0.3669122278603475,
2000,base3,15,138,1,,1188.1256519556046,exchangeable_varying_sigma,0.18,fixed,0.18,0.18,fixed,0.18,1.0,mixed,anchor_grid,500,0.6,-0.25071823917223185,0.05172240116209126,0.0651198334773306,0.003758365517223944,0.004916959641162741,0.05130860140761138,0.06464143115978321,0.00508556980105572,0.005645486190497638,0.18903551806589872,0.23326469366527505,0.25071823917223185,
2000,base3,15,138,1,,1553.121943982318,exchangeable_varying_sigma,0.18,fixed,0.18,0.18,fixed,0.18,1.0,mixed,anchor_grid,500,0.0,0.0040811803521961405,0.05427692673419009,0.06846824531918783,0.025577811070413112,0.029026346657975655,0.05542770666716356,0.06991599900218934,0.02547365469778899,0.029740788403276236,0.16691394187931238,0.20776161047300468,0.0040811803521961405,
5000,base6,14,137,1,,3564.2440243065357,exchangeable_varying_sigma,0.18,fixed,0.18,0.18,fixed,0.18,1.0,constant,anchor_grid,500,0.9,-0.2377566318980785,0.03681318544817293,0.046276906214497385,0.006965246259721503,0.008442342099873363,0.03405630962836934,0.043510970824579054,0.006937803893169836,0.008762087461390263,0.14878435923753336,0.17461877452327493,0.2377566318980785,
2000,base3,15,138,1,,1874.9748021662235,exchangeable_varying_sigma,0.18,fixed,0.18,0.18,fixed,0.18,1.0,mixed,anchor_grid,500,0.3,-0.13317401701267612,0.051919191469955855,0.0655815122551347,0.005156428480446756,0.006276544170703303,0.05288509469382684,0.06688153773726968,0.006362686360319905,0.006774948448884572,0.18028908984458006,0.22202526939303385,0.13317401701267612,
5000,base1,15,138,1,,2699.8251285683364,exchangeable_varying_sigma,0.18,fixed,0.18,0.18,fixed,0.18,1.0,sin,anchor_grid,500,0.3,-0.04934438011049813,0.023035795906877442,0.02899044452243597,0.00714596069503981,0.009535581228087323,0.022386403824978883,0.028186858383426727,0.007920054515632102,0.009865314741936821,0.05871072749840332,0.08159123358818869,0.04934438011049813,
5000,base1,15,138,1,,3666.567990541458,exchangeable_varying_sigma,0.18,fixed,0.18,0.18,fixed,0.18,1.0,sin,anchor_grid,500,0.0,0.00746619799635507,0.022997536778388426,0.02948214486265678,0.01228872231821794,0.016535529683671286,0.02299723474788869,0.02949439828593568,0.010301247702185365,0.01543335543828889,0.04915573531453808,0.07095336149054249,0.00746619799635507,
5000,base6,14,137,1,,4864.544124284759,exchangeable_varying_sigma,0.18,fixed,0.18,0.18,fixed,0.18,1.0,constant,anchor_grid,500,0.6,-0.15985375283799996,0.036828777555783454,0.04638121172134861,0.0059638703638912605,0.007370481732048902,0.03620701752151359,0.04582741612621949,0.006219975152044116,0.007543974366683153,0.15243943326108633,0.1790519385578969,0.15985375283799996,
5000,base1,15,138,1,,3080.7095133122057,exchangeable_varying_sigma,0.18,fixed,0.18,0.18,fixed,0.18,1.0,sin,anchor_grid,500,0.6,-0.07992305197075411,0.023220945702361846,0.029130394287945043,0.007537504935329259,0.01053629018800968,0.02064757797451216,0.02575654773073406,0.008976495721465833,0.011108343540200618,0.06229821494043122,0.08436587058868872,0.07992305197075411,
2000,base6,15,138,1,,1071.5210330672562,exchangeable_varying_sigma,0.18,fixed,0.18,0.18,fixed,0.18,1.0,constant,anchor_grid,500,0.9,-0.3265750896509876,0.0475719099463233,0.062060663427363605,0.012887642274626132,0.01495273114291692,0.04275944642869348,0.05625112472347791,0.011133754772050974,0.012637476281759485,0.12444043636586574,0.14971403968542907,0.3265750896509876,
5000,base3,15,138,1,,3196.538571834564,exchangeable_varying_sigma,0.18,fixed,0.18,0.18,fixed,0.18,1.0,mixed,anchor_grid,500,0.0,-0.007835749641574817,0.04311387510161469,0.05307709553480119,0.018684124551283682,0.020677350616471593,0.04443192068643645,0.05489332364490473,0.01849188873989996,0.020393798092257723,0.2432226408753708,0.282134319080717,0.007835749641574817,
2000,base6,15,138,1,,1860.0679431837052,exchangeable_varying_sigma,0.18,fixed,0.18,0.18,fixed,0.18,1.0,constant,anchor_grid,500,0.3,-0.12463140452222504,0.047305247090820665,0.061728206729409436,0.00845541339788039,0.009787457027711447,0.04770859782848917,0.06228994938289324,0.006809711441022076,0.008155623515679679,0.1140240399048603,0.1363119169793811,0.12463140452222504,
2000,base6,15,138,1,,2135.287508679554,exchangeable_varying_sigma,0.18,fixed,0.18,0.18,fixed,0.18,1.0,constant,anchor_grid,500,0.0,-0.0012784674918449707,0.04724373851965865,0.06056524878024854,0.012635167192512328,0.013440280296916216,0.04801820003808674,0.061414887960404244,0.012805076172403812,0.013920451881964372,0.11125851092400345,0.13045023740360878,0.0012784674918449707,
5000,base3,15,138,1,,2606.889238227159,exchangeable_varying_sigma,0.18,fixed,0.18,0.18,fixed,0.18,1.0,mixed,anchor_grid,500,0.6,-0.21101680386623817,0.04324248673684249,0.05339961462670485,0.015237075645463782,0.017320960150698967,0.04303399499004989,0.05319029899435605,0.014919839463470252,0.01749914812881674,0.2272050087237475,0.2620936731216024,0.21101680386623817,
5000,base1,15,138,1,,3938.7880962919444,exchangeable_varying_sigma,0.18,fixed,0.18,0.18,fixed,0.18,1.0,sin,anchor_grid,500,0.9,-0.1094352331621633,0.023399094517467727,0.0292903073628195,0.008203997101876581,0.011427224966058446,0.016837239597583327,0.02031836647872437,0.009637463639991295,0.012023014450886781,0.06498993314763539,0.08645455779550168,0.1094352331621633,
5000,base3,15,138,1,,2610.3251052349806,exchangeable_varying_sigma,0.18,fixed,0.18,0.18,fixed,0.18,1.0,mixed,anchor_grid,500,0.9,-0.3024864270222829,0.043291281866782765,0.05357212993183859,0.015395091398893224,0.017851682791779646,0.04098815635621343,0.051079742751389476,0.01481821713012757,0.017970522630012233,0.22426133618871627,0.25791269971098624,0.3024864270222829,
2000,base6,15,138,1,,2098.117279848084,exchangeable_varying_sigma,0.18,fixed,0.18,0.18,fixed,0.18,1.0,constant,anchor_grid,500,0.6,-0.22575762552358886,0.047403004570853564,0.06183064664488967,0.010350977317212295,0.011999106712757708,0.0461943141262472,0.06037465501059825,0.007966582004807932,0.009267796178068924,0.11901186928019841,0.1428745508224409,0.22575762552358886,
2000,base2,16,139,1,,1128.1310564391315,exchangeable_varying_sigma,0.18,fixed,0.18,0.18,fixed,0.18,1.0,sin2,anchor_grid,500,0.0,0.032643153335025356,0.030864013758683317,0.03975967295278822,0.03305450736822779,0.039781102439698755,0.03107193114517467,0.04020419224668906,0.033425502910763016,0.038220648425040096,0.14124561919558548,0.14875585774081942,0.032643153335025356,
5000,base6,15,138,1,,2562.2541970144957,exchangeable_varying_sigma,0.18,fixed,0.18,0.18,fixed,0.18,1.0,constant,anchor_grid,500,0.0,-0.001133195935291971,0.03840845772609265,0.04810707606258102,0.010626425991804495,0.013274168135446003,0.03913068101408564,0.049137704551398396,0.010533567094728191,0.013658129635885256,0.15771645382441574,0.19908735229940416,0.001133195935291971,
5000,base3,15,138,1,,4205.802595315501,exchangeable_varying_sigma,0.18,fixed,0.18,0.18,fixed,0.18,1.0,mixed,anchor_grid,500,0.3,-0.11801263056545325,0.043189487836506744,0.053254458960579815,0.014842581359990697,0.01667565547438512,0.044010827101936933,0.054350349443870016,0.014442334262198597,0.016642878112092408,0.23039719419561716,0.26642564580493355,0.11801263056545325,
5000,base6,15,138,1,,2602.7780319992453,exchangeable_varying_sigma,0.18,fixed,0.18,0.18,fixed,0.18,1.0,constant,anchor_grid,500,0.6,-0.16960140818344094,0.03784553964018438,0.04784956894220007,0.011074687392864352,0.015262726791786935,0.03756916226891776,0.04760219359680987,0.012714180420254323,0.016978055804882312,0.1452267505700257,0.18943814005485138,0.16960140818344094,
2000,base2,16,139,1,,1939.8682327400893,exchangeable_varying_sigma,0.18,fixed,0.18,0.18,fixed,0.18,1.0,sin2,anchor_grid,500,0.3,-0.09043136486933376,0.031076359515409695,0.04062247502472238,0.024085376331120595,0.03190103242700461,0.03060005247335008,0.0400642903311602,0.023224763082534294,0.030858007684197192,0.13553884621218082,0.14507821031805732,0.09043136486933376,
5000,base6,15,138,1,,2649.856234654784,exchangeable_varying_sigma,0.18,fixed,0.18,0.18,fixed,0.18,1.0,constant,anchor_grid,500,0.9,-0.2487956818936864,0.037684471149363075,0.04769704957995995,0.011854155002382516,0.016147351990359368,0.03540098880114599,0.04516301356907045,0.014139705579384876,0.0183992228360906,0.14468596566272104,0.1889254601949311,0.2487956818936864,
2000,base2,16,139,1,,2246.351400204003,exchangeable_varying_sigma,0.18,fixed,0.18,0.18,fixed,0.18,1.0,sin2,anchor_grid,500,0.6,-0.15354333913896728,0.031079021931046887,0.04059205734521047,0.026792474202709665,0.03515618657781514,0.028139915705288364,0.03679741987796895,0.02551661145342525,0.03262243125336589,0.13944873265563704,0.15112893448903558,0.15354333913896728,
2000,base2,16,139,1,,2148.1862065847963,exchangeable_varying_sigma,0.18,fixed,0.18,0.18,fixed,0.18,1.0,sin2,anchor_grid,500,0.9,-0.21275207957488285,0.03111172232900074,0.04050851201833878,0.029322169144206794,0.03804038955728816,0.022410524643053716,0.029280644736859582,0.027172785253612525,0.03331153474112467,0.14376598210876984,0.1579468083181637,0.21275207957488285,
2000,base6,16,139,1,,1012.4606419522315,exchangeable_varying_sigma,0.18,fixed,0.18,0.18,fixed,0.18,1.0,constant,anchor_grid,500,0.0,0.018487165384273373,0.0482664674466449,0.06279796235213973,0.042082369259393154,0.04742654665676332,0.049239476823090676,0.06404120080529312,0.04488131057685604,0.04923821339083804,0.1135345846971298,0.13351788107829385,0.018487165384273373,
5000,base2,16,139,1,,2594.964991811663,exchangeable_varying_sigma,0.18,fixed,0.18,0.18,fixed,0.18,1.0,sin2,anchor_grid,500,0.3,-0.04925463609516684,0.020829388218772376,0.026317112578964314,0.006362435257894289,0.008289171941819249,0.0204439587373687,0.025798979910843022,0.004975715154661942,0.007523392001804482,0.03648808272131777,0.04709274943127825,0.04925463609516684,
2000,base6,16,139,1,,1193.855600161478,exchangeable_varying_sigma,0.18,fixed,0.18,0.18,fixed,0.18,1.0,constant,anchor_grid,500,0.6,-0.22397877302823233,0.04937565843149285,0.06394162110608743,0.029720360853849048,0.041990714160825234,0.047723628307035644,0.0621191417493236,0.027340951931626375,0.0385298905149296,0.1186453220031666,0.13883494102345897,0.22397877302823233,
2000,base6,16,139,1,,1742.5333333648741,exchangeable_varying_sigma,0.18,fixed,0.18,0.18,fixed,0.18,1.0,constant,anchor_grid,500,0.3,-0.1182617958469524,0.04924728448319589,0.063821017066348,0.026550547837046107,0.03807779217547791,0.049636616325779585,0.0644478557707057,0.024538100713281066,0.0362975702005748,0.11284785419708669,0.13201241949587225,0.1182617958469524,
2000,base6,16,139,1,,1736.3523436952382,exchangeable_varying_sigma,0.18,fixed,0.18,0.18,fixed,0.18,1.0,constant,anchor_grid,500,0.9,-0.3283261362991189,0.04935661493478765,0.06404346083434731,0.0326713519362099,0.045499857508574285,0.04388746312966382,0.05751480810256028,0.029469402449219348,0.03976278467347288,0.12499270327487631,0.14662924800099533,0.3283261362991189,
2000,base1,17,140,1,,1006.6673191320151,exchangeable_varying_sigma,0.18,fixed,0.18,0.18,fixed,0.18,1.0,sin,anchor_grid,500,0.0,-0.017571563476355526,0.03578452666725969,0.04765692510454849,0.016616171419320702,0.01847239224501988,0.035861180887557416,0.047832944215489885,0.013894903726197866,0.015872881421164414,0.24322768398953537,0.2598400192444934,0.017571563476355526,
5000,base2,16,139,1,,3651.6271062958986,exchangeable_varying_sigma,0.18,fixed,0.18,0.18,fixed,0.18,1.0,sin2,anchor_grid,500,0.0,0.011845172473252133,0.02028580088721812,0.025763187415647575,0.011723782299768629,0.013645786499746881,0.02040479537460826,0.02591650440071391,0.009812792046855146,0.01256862384438559,0.03603053514065488,0.043518414524583694,0.011845172473252133,
5000,base2,16,139,1,,2782.2045397125185,exchangeable_varying_sigma,0.18,fixed,0.18,0.18,fixed,0.18,1.0,sin2,anchor_grid,500,0.9,-0.1233990757026221,0.020633392742318925,0.026425448292876314,0.008575087636073064,0.011044261135561033,0.015163888561977742,0.0195641610196141,0.006418938678439623,0.009830181873138812,0.0386935103675093,0.0521149443743264,0.1233990757026221,
5000,base6,15,138,1,,4970.79942872934,exchangeable_varying_sigma,0.18,fixed,0.18,0.18,fixed,0.18,1.0,constant,anchor_grid,500,0.3,-0.09099107345372912,0.03797051079772503,0.04794055347762331,0.010526362429998076,0.014304772041325117,0.0386181494484283,0.04881808539767952,0.011538477255021995,0.015405262390404227,0.14685575633015682,0.1910219373429778,0.09099107345372912,
2000,base1,17,140,1,,1038.9712917543948,exchangeable_varying_sigma,0.18,fixed,0.18,0.18,fixed,0.18,1.0,sin,anchor_grid,500,0.3,-0.126220940302682,0.035176418394138056,0.04673820824676969,0.02807073996213491,0.03393884845628748,0.03454349240418117,0.04616035181974716,0.02757022061952291,0.031559333760017634,0.26670474136521705,0.2859705028244547,0.126220940302682,
5000,base2,16,139,1,,4472.9763014912605,exchangeable_varying_sigma,0.18,fixed,0.18,0.18,fixed,0.18,1.0,sin2,anchor_grid,500,0.6,-0.08678929758438336,0.020787410608815574,0.026391436875803618,0.007452669483894531,0.009647869679070937,0.0187554333377539,0.02374286169588137,0.005583015777380462,0.00859329970280572,0.03780486115353133,0.04966755059476479,0.08678929758438336,
2000,base1,17,140,1,,1751.8677735049278,exchangeable_varying_sigma,0.18,fixed,0.18,0.18,fixed,0.18,1.0,sin,anchor_grid,500,0.6,-0.17987857179740424,0.03475508151030246,0.04601697110163275,0.030057936759237985,0.037008406233158646,0.03149656556239219,0.04192116813010274,0.030280642685071246,0.0339943786535897,0.2816027669276012,0.29945406002978026,0.17987857179740424,
5000,base6,16,139,1,,2702.4650717470795,exchangeable_varying_sigma,0.18,fixed,0.18,0.18,fixed,0.18,1.0,constant,anchor_grid,500,0.0,0.013460157689341034,0.038612370772633166,0.04888001500369477,0.011282917021321809,0.014764518135824647,0.03933774519920062,0.04984813913979914,0.012637856429171257,0.015987527907834555,0.14057013372172397,0.17426368320610244,0.013460157689341034,
5000,base6,16,139,1,,2723.2832614965737,exchangeable_varying_sigma,0.18,fixed,0.18,0.18,fixed,0.18,1.0,constant,anchor_grid,500,0.6,-0.16540186812725183,0.03900274940631447,0.0486241118460742,0.009051582952298465,0.011604276299903037,0.03814959137665252,0.04789794912285714,0.009761176751936523,0.012164185786220666,0.15790370229509026,0.19349006472019054,0.16540186812725183,
5000,base6,16,139,1,,2733.3005652576685,exchangeable_varying_sigma,0.18,fixed,0.18,0.18,fixed,0.18,1.0,constant,anchor_grid,500,0.9,-0.251835937808188,0.03871196896097023,0.0483809707337279,0.010417128919613078,0.013239529275741251,0.03561416474941918,0.04522236175897952,0.011307898518300358,0.01381807184900118,0.1571684552797667,0.19343828135860058,0.251835937808188,
2000,base3,17,140,1,,1073.18376808241,exchangeable_varying_sigma,0.18,fixed,0.18,0.18,fixed,0.18,1.0,mixed,anchor_grid,500,0.0,-0.014587331098726942,0.05233111563009695,0.06728975062905274,0.01875800355011395,0.02226451920796119,0.05374940481293595,0.06914173202079131,0.016018669161946247,0.019297761095112307,0.15724319234485662,0.2006182500198737,0.014587331098726942,
2000,base1,17,140,1,,1649.2290451843292,exchangeable_varying_sigma,0.18,fixed,0.18,0.18,fixed,0.18,1.0,sin,anchor_grid,500,0.9,-0.22484318659191982,0.03414844431409304,0.04517996512256557,0.031790790918853645,0.039620931966936244,0.024520485979774694,0.03221536469767084,0.031944316234861214,0.03559438750331251,0.29508022763929165,0.3111210109372797,0.22484318659191982,
2000,base3,17,140,1,,1161.6495017129928,exchangeable_varying_sigma,0.18,fixed,0.18,0.18,fixed,0.18,1.0,mixed,anchor_grid,500,0.9,-0.4025245267036102,0.05083757270566785,0.06450580353632383,0.02734016977889764,0.03547243034849846,0.04758776371309904,0.06009750168753793,0.028804808156786516,0.03381399596172672,0.17521220537416848,0.2280133682549582,0.4025245267036102,
2000,base3,17,140,1,,1255.9211152326316,exchangeable_varying_sigma,0.18,fixed,0.18,0.18,fixed,0.18,1.0,mixed,anchor_grid,500,0.6,-0.29088273821137717,0.051451124238752234,0.06514113699190927,0.02612375547046286,0.03298493314766937,0.05128412199468745,0.06471197609528741,0.027657943969827986,0.03249294189729337,0.17291962587923418,0.2232418963480524,0.29088273821137717,
5000,base6,16,139,1,,4097.774935793132,exchangeable_varying_sigma,0.18,fixed,0.18,0.18,fixed,0.18,1.0,constant,anchor_grid,500,0.3,-0.08011667328239089,0.03911749710552624,0.04874883969717298,0.007768781577475209,0.010035634673997158,0.03941719626380158,0.0492952142737759,0.008519327740390464,0.01068423212521337,0.15833303126478718,0.1934001128835565,0.08011667328239089,
5000,base1,17,140,1,,2726.646089920774,exchangeable_varying_sigma,0.18,fixed,0.18,0.18,fixed,0.18,1.0,sin,anchor_grid,500,0.0,-0.014514183607257185,0.022739028624749694,0.028688119808001723,0.01348309728460595,0.014513470851548162,0.022741601938690483,0.028710779672030482,0.015347903667754431,0.01653307527819225,0.09234550924290683,0.11572222757376627,0.014514183607257185,
5000,base1,17,140,1,,2822.171569203958,exchangeable_varying_sigma,0.18,fixed,0.18,0.18,fixed,0.18,1.0,sin,anchor_grid,500,0.6,-0.08035308341938785,0.022260115183405167,0.02810836743377984,0.008581860486070583,0.008729771678815433,0.01982717240959091,0.024791525338006982,0.007748160555160671,0.00788322582633976,0.09460222553063377,0.12341661050714818,0.08035308341938785,
2000,base3,17,140,1,,1901.3742259070277,exchangeable_varying_sigma,0.18,fixed,0.18,0.18,fixed,0.18,1.0,mixed,anchor_grid,500,0.3,-0.17407678854205322,0.0519551820761602,0.06574800180119622,0.02420692164679336,0.030019645420870048,0.0530879682772198,0.06715320662963886,0.025369121943201622,0.030078122714602896,0.17042354388092734,0.21799185803813143,0.17407678854205322,
5000,base1,17,140,1,,2896.76818805933,exchangeable_varying_sigma,0.18,fixed,0.18,0.18,fixed,0.18,1.0,sin,anchor_grid,500,0.3,-0.04867438171515298,0.02212429468843805,0.028081529152275148,0.007662521379166273,0.007869817780725442,0.021518271574203673,0.027275902072346515,0.007632068126007127,0.007791327087863456,0.09139870938729285,0.11734401077840874,0.04867438171515298,
2000,base6,17,140,1,,1155.5817957520485,exchangeable_varying_sigma,0.18,fixed,0.18,0.18,fixed,0.18,1.0,constant,anchor_grid,500,0.3,-0.18336352296495062,0.048099066749750126,0.06265426730101124,0.02749274046846925,0.032508838285586365,0.04858181037209804,0.06322823623363155,0.02697384636407213,0.03152380040308537,0.11861696211052919,0.14113734153078528,0.18336352296495062,
2000,base6,17,140,1,,1202.1252019684762,exchangeable_varying_sigma,0.18,fixed,0.18,0.18,fixed,0.18,1.0,constant,anchor_grid,500,0.0,-0.022037747007695337,0.04692504948608965,0.06087744323567578,0.016511423726279367,0.01825864354912648,0.04784826901882086,0.061981257493920035,0.014388654523398214,0.01600365198624058,0.11133296180928628,0.1337589749290071,0.022037747007695337,
2000,base6,17,140,1,,1170.160615304485,exchangeable_varying_sigma,0.18,fixed,0.18,0.18,fixed,0.18,1.0,constant,anchor_grid,500,0.6,-0.28498213142510004,0.047963358650969644,0.062238141626624534,0.02941946319090946,0.0354719229408097,0.046663262018988585,0.060605185606431126,0.029417535937065975,0.033936179343480026,0.13113169230806532,0.15487061163670915,0.28498213142510004,
2000,base6,17,140,1,,1129.0989087671041,exchangeable_varying_sigma,0.18,fixed,0.18,0.18,fixed,0.18,1.0,constant,anchor_grid,500,0.9,-0.3785297012742558,0.04769323026714323,0.06176430316115583,0.03129284417507945,0.03799790668028308,0.04286571542891907,0.05570402972129086,0.030837254776910433,0.03567045390649466,0.14469324735975142,0.16942407445471488,0.3785297012742558,
5000,base3,17,140,1,,2780.903487380594,exchangeable_varying_sigma,0.18,fixed,0.18,0.18,fixed,0.18,1.0,mixed,anchor_grid,500,0.0,-0.013921432708105332,0.0424780612344587,0.05238743490240101,0.011804501402582601,0.014012528745598472,0.043580793544806734,0.05393269910269593,0.011267228423257156,0.014086611762836071,0.2158273747747739,0.2472747201330417,0.013921432708105332,
5000,base3,17,140,1,,2820.3657683674246,exchangeable_varying_sigma,0.18,fixed,0.18,0.18,fixed,0.18,1.0,mixed,anchor_grid,500,0.3,-0.10825607614225774,0.041864093739395085,0.051458606441129026,0.008703352368466977,0.00996919218098739,0.042753073918765414,0.052784392729880746,0.00910037000119665,0.009933838391674771,0.22729381253893294,0.2598760761866241,0.10825607614225774,
5000,base3,17,140,1,,2922.7949357554317,exchangeable_varying_sigma,0.18,fixed,0.18,0.18,fixed,0.18,1.0,mixed,anchor_grid,500,0.6,-0.19903373605359753,0.04196813963674494,0.051608325499719235,0.00966431795864145,0.010909405162196623,0.04196284989101495,0.05189460621576392,0.009494749861815463,0.010323038416081929,0.2268861565045913,0.25824544968813745,0.19903373605359753,
2000,base2,18,141,1,,1223.7953337803483,exchangeable_varying_sigma,0.18,fixed,0.18,0.18,fixed,0.18,1.0,sin2,anchor_grid,500,0.0,0.040792410386428626,0.030097538470937685,0.038735133206312396,0.02391401932798451,0.02798861570702119,0.03028619014007761,0.03910126282828762,0.020749940626373947,0.023021049709012677,0.13360380544338188,0.13972370617953167,0.040792410386428626,
5000,base1,17,140,1,,4756.331833265722,exchangeable_varying_sigma,0.18,fixed,0.18,0.18,fixed,0.18,1.0,sin,anchor_grid,500,0.9,-0.10917663344003847,0.02245223268733614,0.02818513652376402,0.0094410212321544,0.009578859154044184,0.016434481787738618,0.019693037538272607,0.007530210014731961,0.0076341803261135675,0.09860103676215169,0.13028726960629833,0.10917663344003847,
2000,base2,18,141,1,,1231.747060764581,exchangeable_varying_sigma,0.18,fixed,0.18,0.18,fixed,0.18,1.0,sin2,anchor_grid,500,0.3,-0.028364873787153744,0.029916139682572885,0.03815755777396811,0.017838572947415754,0.020748813189787316,0.029337943754826158,0.037580826126923705,0.013604755701936366,0.01744973344845409,0.12074721693736842,0.12452399036267665,0.028364873787153744,
2000,base2,18,141,1,,1169.674094349146,exchangeable_varying_sigma,0.18,fixed,0.18,0.18,fixed,0.18,1.0,sin2,anchor_grid,500,0.6,-0.10317209446507436,0.029900441421942606,0.038275635569397934,0.01937253038764515,0.022698980151083903,0.026749619277685287,0.03443102121042853,0.013674337639104112,0.017605555346503897,0.11587955278207643,0.12080400309701562,0.10317209446507436,
2000,base2,18,141,1,,1208.3253162559122,exchangeable_varying_sigma,0.18,fixed,0.18,0.18,fixed,0.18,1.0,sin2,anchor_grid,500,0.9,-0.18099340816623433,0.02994410624516688,0.03855805930717515,0.02054977162001194,0.024313803666570117,0.02103280850909401,0.027291864088641815,0.015077355906377043,0.01741429204837145,0.11272445582369989,0.11944885024940613,0.18099340816623433,
5000,base3,17,140,1,,3927.253976151347,exchangeable_varying_sigma,0.18,fixed,0.18,0.18,fixed,0.18,1.0,mixed,anchor_grid,500,0.9,-0.2860972097474427,0.04211776427011433,0.05188128286640957,0.010552141684606955,0.01183909498772519,0.04029982810584862,0.050323107700742886,0.009722283614864727,0.01058982365803763,0.22568566503314036,0.2560283846385402,0.2860972097474427,
5000,base6,17,140,1,,2848.579405795783,exchangeable_varying_sigma,0.18,fixed,0.18,0.18,fixed,0.18,1.0,constant,anchor_grid,500,0.0,-0.007376642304935486,0.03765549671754085,0.047461394257163315,0.015272553447327794,0.016404439656227014,0.0383626762046143,0.04844330602473747,0.01531788903981654,0.016559803791224584,0.12713108563417166,0.15448705309222127,0.007376642304935486,
5000,base6,17,140,1,,2930.2458225321025,exchangeable_varying_sigma,0.18,fixed,0.18,0.18,fixed,0.18,1.0,constant,anchor_grid,500,0.6,-0.16775488584772918,0.038131195057887514,0.04782921582009182,0.01071593490182092,0.01091441147178657,0.03754301552082326,0.04747002650333597,0.010560712366092961,0.010852671442279223,0.10859099129483998,0.13968822602038403,0.16775488584772918,
2000,base6,18,141,1,,1187.332086449489,exchangeable_varying_sigma,0.18,fixed,0.18,0.18,fixed,0.18,1.0,constant,anchor_grid,500,0.0,0.03733938278510644,0.047368891390325664,0.06110422251014593,0.03310723320909692,0.0382287622990273,0.04826705984017152,0.06225452915937995,0.032502613330366095,0.03699409731253226,0.09029635184378067,0.10815598325815542,0.03733938278510644,
2000,base6,18,141,1,,1125.7036379612982,exchangeable_varying_sigma,0.18,fixed,0.18,0.18,fixed,0.18,1.0,constant,anchor_grid,500,0.3,-0.07184406168200388,0.046767150340811775,0.05967611506055003,0.01611615844119041,0.01708062497581844,0.04721624827765218,0.060276817478537074,0.014257595070214263,0.014702778751697199,0.08135407429798573,0.09862629984660289,0.07184406168200388,
5000,base6,17,140,1,,2819.7532677520066,exchangeable_varying_sigma,0.18,fixed,0.18,0.18,fixed,0.18,1.0,constant,anchor_grid,500,0.9,-0.24359922684423552,0.0379761640344564,0.04758121527154307,0.011580573688865767,0.011830930090064421,0.035341881035070265,0.04511525755435079,0.010801447042072199,0.011263498872380968,0.10489745060791347,0.13688535406203312,0.24359922684423552,
2000,base6,18,141,1,,1122.3492979649454,exchangeable_varying_sigma,0.18,fixed,0.18,0.18,fixed,0.18,1.0,constant,anchor_grid,500,0.6,-0.1843213669148756,0.04670375905591638,0.0598099216290011,0.017624754442087137,0.0188879350009853,0.045241930696249225,0.058032678265967017,0.014598127065000424,0.014994734389480019,0.08111191198370078,0.09924851546658008,0.1843213669148756,
2000,base6,18,141,1,,1486.6494895946234,exchangeable_varying_sigma,0.18,fixed,0.18,0.18,fixed,0.18,1.0,constant,anchor_grid,500,0.9,-0.299597370681845,0.04677077322638699,0.06016903976591896,0.018665753409951816,0.020288284650367788,0.04145156075742873,0.05374807986507252,0.014508663378297662,0.01512324100984394,0.08343792337138778,0.10241926310104524,0.299597370681845,
5000,base2,18,141,1,,2849.0961922388524,exchangeable_varying_sigma,0.18,fixed,0.18,0.18,fixed,0.18,1.0,sin2,anchor_grid,500,0.0,0.010766744570502095,0.0199751308361987,0.02525242938565194,0.00645406065459822,0.007769759032898838,0.020147544148466985,0.025519764888570638,0.0048104767746561805,0.006170987464882499,0.02886061321247808,0.03812771206192359,0.010766744570502095,
5000,base2,18,141,1,,2912.883463855833,exchangeable_varying_sigma,0.18,fixed,0.18,0.18,fixed,0.18,1.0,sin2,anchor_grid,500,0.3,-0.03215503443250489,0.020021276389109437,0.025318047521980847,0.005706246079394767,0.006124976852557112,0.019668402108742256,0.02477782260705399,0.006000339338280869,0.006584090585766685,0.03178899762446038,0.04291120898269785,0.03215503443250489,
2000,base1,19,142,1,,1147.8099327124655,exchangeable_varying_sigma,0.18,fixed,0.18,0.18,fixed,0.18,1.0,sin,anchor_grid,500,0.0,0.024636616741476686,0.03448132906806004,0.04693537894171293,0.019576893660278566,0.020851982309053333,0.034652675683859054,0.04733397175994694,0.020212839729770143,0.022955440927746144,0.19481406597523412,0.2254914405656592,0.024636616741476686,
2000,base1,19,142,1,,1150.4447324723005,exchangeable_varying_sigma,0.18,fixed,0.18,0.18,fixed,0.18,1.0,sin,anchor_grid,500,0.3,-0.0011542207394823478,0.035752470564955646,0.04842747282835758,0.034715683122156435,0.04010010102928313,0.03429084205144775,0.04700910150230036,0.03479298161708712,0.040295991772378574,0.18067129685581668,0.22708589053627412,0.0011542207394823478,
5000,base2,18,141,1,,2868.6704115439206,exchangeable_varying_sigma,0.18,fixed,0.18,0.18,fixed,0.18,1.0,sin2,anchor_grid,500,0.6,-0.06961756477793668,0.02007634296302458,0.02543336831768924,0.005979240008764444,0.006583684823175599,0.017990643501743155,0.022708975785876977,0.006569920608982968,0.007214381308478683,0.03175624721858929,0.04319131918628734,0.06961756477793668,
5000,base6,17,140,1,,4788.846969552338,exchangeable_varying_sigma,0.18,fixed,0.18,0.18,fixed,0.18,1.0,constant,anchor_grid,500,0.3,-0.08999953850291956,0.038179397743249355,0.0479908279953863,0.009778268073817445,0.009986910558631545,0.03862030335756191,0.04870030216933424,0.010084953756918369,0.010344589904905487,0.11362884085627652,0.14359763702485373,0.08999953850291956,
2000,base1,19,142,1,,1185.083811428398,exchangeable_varying_sigma,0.18,fixed,0.18,0.18,fixed,0.18,1.0,sin,anchor_grid,500,0.9,-0.19060244895917355,0.03699112008109338,0.049476282573609816,0.041874322544480896,0.0478960181167117,0.025119962349957295,0.03449563901075812,0.03910992297761913,0.044357444282582724,0.151729153856345,0.20467334256738762,0.19060244895917355,
5000,base6,18,141,1,,2796.2891695145518,exchangeable_varying_sigma,0.18,fixed,0.18,0.18,fixed,0.18,1.0,constant,anchor_grid,500,0.0,0.012202867298719191,0.03803854517491158,0.04788965245885115,0.004604717277570003,0.006589418771721427,0.038800758383189915,0.04894768412796906,0.005737501979731163,0.007525063163084536,0.16227681171656028,0.20106491418992897,0.012202867298719191,
5000,base6,18,141,1,,2740.9012291245162,exchangeable_varying_sigma,0.18,fixed,0.18,0.18,fixed,0.18,1.0,constant,anchor_grid,500,0.3,-0.06997347827437084,0.037970281087107774,0.0482136198705253,0.007255515253423439,0.007461721852740349,0.038356714679032476,0.048777215200658836,0.008581436166043843,0.008965496666166443,0.15986671285033696,0.1957741449332745,0.06997347827437084,
2000,base1,19,142,1,,1885.7060045655817,exchangeable_varying_sigma,0.18,fixed,0.18,0.18,fixed,0.18,1.0,sin,anchor_grid,500,0.6,-0.09000651282545591,0.036291358151587794,0.04896309762810523,0.03844919253261002,0.04417871982143067,0.03129001828620924,0.04309982629389213,0.03719565428315455,0.04278699350386621,0.1623127244249637,0.2155706525148293,0.09000651282545591,
5000,base2,18,141,1,,4105.737212477252,exchangeable_varying_sigma,0.18,fixed,0.18,0.18,fixed,0.18,1.0,sin2,anchor_grid,500,0.9,-0.10919321725476372,0.020169756696466434,0.02551239279733341,0.006113943681181316,0.007024430170319507,0.014472139493149551,0.018677289647195124,0.006940791339630409,0.007689018856125729,0.03192305997077982,0.04330096975677429,0.10919321725476372,
5000,base6,18,141,1,,2832.6869912669063,exchangeable_varying_sigma,0.18,fixed,0.18,0.18,fixed,0.18,1.0,constant,anchor_grid,500,0.9,-0.23434520841579043,0.0379702628290125,0.04817445999554346,0.007590568790737204,0.007959575665728245,0.034947658771567296,0.04498088738359406,0.009688653788543528,0.010167040279006065,0.16658637005965615,0.20497215752789552,0.23434520841579043,
5000,base6,18,141,1,,2912.7529624607414,exchangeable_varying_sigma,0.18,fixed,0.18,0.18,fixed,0.18,1.0,constant,anchor_grid,500,0.6,-0.1511125854147164,0.03800962862179816,0.04823048870078658,0.007514936945659079,0.007730994065824952,0.03721106872790772,0.04744850211371843,0.009269475189646714,0.009711854347503778,0.1630492503231538,0.19992551775883025,0.1511125854147164,
2000,base3,19,142,1,,1149.8718884103,exchangeable_varying_sigma,0.18,fixed,0.18,0.18,fixed,0.18,1.0,mixed,anchor_grid,500,0.3,-0.09571735199097547,0.05476303337983727,0.06950787133019838,0.03874800733679097,0.04104454234862669,0.05533766552163412,0.07027970138902025,0.03740602099641038,0.040148760338554516,0.20557028754203951,0.24236760861515183,0.09571735199097547,
2000,base3,19,142,1,,2016.7108080293983,exchangeable_varying_sigma,0.18,fixed,0.18,0.18,fixed,0.18,1.0,mixed,anchor_grid,500,0.0,0.02012616175036446,0.05286849636794846,0.06750601810953362,0.027434848145064444,0.029024484129699008,0.054216775915496285,0.06930064585132935,0.02593368858833517,0.027238658944679306,0.17438043469480835,0.21287069429247996,0.02012616175036446,
2000,base3,19,142,1,,1204.0698138847947,exchangeable_varying_sigma,0.18,fixed,0.18,0.18,fixed,0.18,1.0,mixed,anchor_grid,500,0.9,-0.3736036105932109,0.05548124312929861,0.0704294412762277,0.045184264088551127,0.04874985263095811,0.05048329409000199,0.06388342518016421,0.03970267336338676,0.043306836415741685,0.23225167297087382,0.25929094944183456,0.3736036105932109,
2000,base3,19,142,1,,1429.3806801196188,exchangeable_varying_sigma,0.18,fixed,0.18,0.18,fixed,0.18,1.0,mixed,anchor_grid,500,0.6,-0.23135302306134786,0.05510024429512106,0.07000194761242923,0.042175081529419275,0.0450920314747452,0.05369287439643259,0.0680925740613213,0.03901296623926914,0.042175969706205484,0.21975109936027698,0.25102067120218147,0.23135302306134786,
5000,base1,19,142,1,,2929.0965892151,exchangeable_varying_sigma,0.18,fixed,0.18,0.18,fixed,0.18,1.0,sin,anchor_grid,500,0.0,0.023211206053093358,0.0234775401572386,0.029185836818480464,0.009129578800849164,0.010752602920983368,0.02345851191743501,0.029188850089519054,0.007301200552669362,0.008474805449329676,0.06697626377431054,0.08180425638625141,0.023211206053093358,
5000,base1,19,142,1,,2796.9134731031954,exchangeable_varying_sigma,0.18,fixed,0.18,0.18,fixed,0.18,1.0,sin,anchor_grid,500,0.3,-0.019116106087555984,0.022431260950769864,0.028139041916682688,0.009751944338483143,0.011151433339589692,0.02194920867357649,0.027377509105356555,0.009856581607901926,0.010527139277535971,0.0613622196745063,0.0759553950284421,0.019116106087555984,
5000,base1,19,142,1,,2770.646676601842,exchangeable_varying_sigma,0.18,fixed,0.18,0.18,fixed,0.18,1.0,sin,anchor_grid,500,0.6,-0.0575378353664302,0.02225164630227885,0.028069536499988973,0.010574253678358042,0.01208304800589914,0.020090160450352914,0.024853852756332985,0.010901094499252917,0.011388921657537224,0.05692980968805405,0.07249815773484279,0.0575378353664302,
5000,base1,19,142,1,,2741.292539374903,exchangeable_varying_sigma,0.18,fixed,0.18,0.18,fixed,0.18,1.0,sin,anchor_grid,500,0.9,-0.09826584044191411,0.02202977008732414,0.027983513324410323,0.011249042500014933,0.012839298231918298,0.01637893149659541,0.01968585486343138,0.01168184335801864,0.011970545416641595,0.05313350035545934,0.06991212165285707,0.09826584044191411,
2000,base6,19,142,1,,1105.3276801574975,exchangeable_varying_sigma,0.18,fixed,0.18,0.18,fixed,0.18,1.0,constant,anchor_grid,500,0.0,0.0008939393825071352,0.047846131041802714,0.06349737083540281,0.021749013268734324,0.023412593825605392,0.04873400731955827,0.06469287517426897,0.021530969682733325,0.023519138625886435,0.1053879676245656,0.1298167476625189,0.0008939393825071352,
2000,base6,19,142,1,,1137.482609855011,exchangeable_varying_sigma,0.18,fixed,0.18,0.18,fixed,0.18,1.0,constant,anchor_grid,500,0.6,-0.14702576265972928,0.04712997143070698,0.062453995276288914,0.04309025051963812,0.04568167600905566,0.044955393123710545,0.059881348504844355,0.04193198565471812,0.04404884659824653,0.07782583839063903,0.10363838320679401,0.14702576265972928,
2000,base2,20,143,1,,1056.1657765805721,exchangeable_varying_sigma,0.18,fixed,0.18,0.18,fixed,0.18,1.0,sin2,anchor_grid,500,0.0,0.013969283620627257,0.029290968387068333,0.03813100460098225,0.014389611071287944,0.015074337992404813,0.029426558228464263,0.03827073960222454,0.011602472563654292,0.013418775094469197,0.14339365070743534,0.14630735800129605,0.013969283620627257,
2000,base6,19,142,1,,1897.4202708005905,exchangeable_varying_sigma,0.18,fixed,0.18,0.18,fixed,0.18,1.0,constant,anchor_grid,500,0.3,-0.02823075315923479,0.04686338433927705,0.06238957689763478,0.03921957564446553,0.04141696393217678,0.04679210358415021,0.062476247482855345,0.038473654601364066,0.04051504453935286,0.0814726743236974,0.10498325116058867,0.02823075315923479,
5000,base3,19,142,1,,2705.573285223916,exchangeable_varying_sigma,0.18,fixed,0.18,0.18,fixed,0.18,1.0,mixed,anchor_grid,500,0.6,-0.1866050451939476,0.04237891631505767,0.05274541779272442,0.014159290033170707,0.015639428345729574,0.04199935189522998,0.05251438989546459,0.014194477659216942,0.015163591751187063,0.23659927586008217,0.2752555019105394,0.1866050451939476,
2000,base6,19,142,1,,1743.434116749093,exchangeable_varying_sigma,0.18,fixed,0.18,0.18,fixed,0.18,1.0,constant,anchor_grid,500,0.9,-0.275365860655053,0.047400624058105405,0.06238748189074054,0.04660790865908496,0.04956824407175712,0.04140378717278434,0.054973819471429194,0.044965598741669444,0.047235504145934526,0.08526749393032676,0.10897416562772338,0.275365860655053,
5000,base3,19,142,1,,2780.2544936947525,exchangeable_varying_sigma,0.18,fixed,0.18,0.18,fixed,0.18,1.0,mixed,anchor_grid,500,0.9,-0.2833089177111445,0.04235366798883669,0.05290318137513153,0.014795325142090393,0.016324845909757555,0.039971050763775766,0.05051537183072241,0.014918823942352583,0.015902796318288802,0.2381111416386936,0.27559371822672074,0.2833089177111445,
2000,base2,20,143,1,,1106.3361266870052,exchangeable_varying_sigma,0.18,fixed,0.18,0.18,fixed,0.18,1.0,sin2,anchor_grid,500,0.3,-0.049695792554475815,0.02893491307060164,0.037634285324848894,0.012472863808157347,0.013797470422255483,0.028694650662200012,0.037463323960039194,0.014187250557560371,0.01510825942291014,0.14887336458451816,0.15385618629271972,0.049695792554475815,
5000,base3,19,142,1,,3623.2183547038585,exchangeable_varying_sigma,0.18,fixed,0.18,0.18,fixed,0.18,1.0,mixed,anchor_grid,500,0.0,0.027828167715636266,0.041835116222033966,0.051857721832744806,0.010124412418180212,0.011004188271989635,0.04288109001945591,0.05343717213634177,0.007844689140719396,0.008774418480068392,0.2291989862411913,0.2658980660716717,0.027828167715636266,
2000,base2,20,143,1,,1150.0448871981353,exchangeable_varying_sigma,0.18,fixed,0.18,0.18,fixed,0.18,1.0,sin2,anchor_grid,500,0.6,-0.11321251416120459,0.02884667701547319,0.037561965443735,0.012662798305924525,0.01377249818299217,0.026446423197409096,0.03467613501791027,0.013979332586742027,0.015262573797729433,0.1487431206071672,0.15361250595410006,0.11321251416120459,
5000,base6,19,142,1,,2657.784322300926,exchangeable_varying_sigma,0.18,fixed,0.18,0.18,fixed,0.18,1.0,constant,anchor_grid,500,0.6,-0.13888034192792187,0.03700049526249092,0.046501121278571984,0.00704349666411308,0.00839805992637811,0.036634601631685325,0.046126615858698865,0.005683665217992878,0.007328542727878014,0.15727378872163855,0.19181517971845735,0.13888034192792187,
5000,base6,19,142,1,,2756.6536245327443,exchangeable_varying_sigma,0.18,fixed,0.18,0.18,fixed,0.18,1.0,constant,anchor_grid,500,0.3,-0.056376993809068104,0.03720144759296891,0.04664734879525702,0.006418134762784272,0.007774370565188437,0.03776293325526129,0.047364571709550496,0.005521721093055987,0.007206587245202473,0.15588420083363244,0.18863080876119262,0.056376993809068104,
5000,base6,19,142,1,,2699.0979524217546,exchangeable_varying_sigma,0.18,fixed,0.18,0.18,fixed,0.18,1.0,constant,anchor_grid,500,0.9,-0.22369728224386343,0.03673264730765231,0.04630539798368134,0.00748021616548783,0.00884254262247735,0.03445082767376985,0.04390371217472581,0.006213726199510827,0.0071394589792322565,0.15904314054942023,0.19553534444815493,0.22369728224386343,
5000,base3,19,142,1,,4210.592122446746,exchangeable_varying_sigma,0.18,fixed,0.18,0.18,fixed,0.18,1.0,mixed,anchor_grid,500,0.3,-0.09050747734174894,0.04241920819939483,0.052623140733195226,0.013360063771352126,0.014761203455327884,0.0431288609879957,0.053735774748730404,0.013143479884226511,0.01411347783056501,0.23461266903367492,0.27414002040158814,0.09050747734174894,
2000,base2,20,143,1,,1880.966091344133,exchangeable_varying_sigma,0.18,fixed,0.18,0.18,fixed,0.18,1.0,sin2,anchor_grid,500,0.9,-0.17736954348218636,0.028764904483422133,0.03749958556650241,0.012434096815689855,0.013317197592682092,0.020841424226843618,0.027613619664621256,0.013442744866118198,0.015574695336175204,0.14833208287889557,0.1532164628775108,0.17736954348218636,
2000,base6,20,143,1,,1068.2008365038782,exchangeable_varying_sigma,0.18,fixed,0.18,0.18,fixed,0.18,1.0,constant,anchor_grid,500,0.3,-0.07835928500438719,0.04714488691164268,0.06160095545897673,0.014715941338076355,0.017100069669624293,0.04805130122748336,0.06275471682109193,0.013497860061299272,0.01461495610333052,0.11320774386005406,0.13459488722600796,0.07835928500438719,
5000,base6,19,142,1,,3751.1628418471664,exchangeable_varying_sigma,0.18,fixed,0.18,0.18,fixed,0.18,1.0,constant,anchor_grid,500,0.0,0.007340265027469112,0.037743325102184595,0.04748583116617642,0.009953821124772305,0.010569187067116232,0.03850063046357269,0.04852708099686694,0.00860190141910172,0.009279982807029647,0.15751833607196664,0.18967312157156224,0.007340265027469112,
2000,base6,20,143,1,,1076.2567562889308,exchangeable_varying_sigma,0.18,fixed,0.18,0.18,fixed,0.18,1.0,constant,anchor_grid,500,0.6,-0.18681676966027805,0.0469360485564937,0.06149847411523047,0.01465750868462716,0.017433404848449758,0.046422304228564984,0.06079241126362792,0.01311650852230331,0.01445712724446528,0.11392876552842308,0.13509494929956978,0.18681676966027805,
2000,base6,20,143,1,,1101.8619582690299,exchangeable_varying_sigma,0.18,fixed,0.18,0.18,fixed,0.18,1.0,constant,anchor_grid,500,0.9,-0.2973995731540343,0.046588282141680315,0.06139428381586483,0.01439669442664035,0.017463182104479724,0.04254320606434986,0.056382362731140556,0.01241664345094104,0.014527556105441373,0.11445920004422742,0.13542499384203144,0.2973995731540343,
2000,base6,20,143,1,,1695.5355480331928,exchangeable_varying_sigma,0.18,fixed,0.18,0.18,fixed,0.18,1.0,constant,anchor_grid,500,0.0,0.024687929218643132,0.04793328068352027,0.06237733425482702,0.01987543148588558,0.020524344399193973,0.04858374864208236,0.06320129363133949,0.019068418622987526,0.02001311435306098,0.10285317111329559,0.12350382767961268,0.024687929218643132,
5000,base2,20,143,1,,2746.088132660836,exchangeable_varying_sigma,0.18,fixed,0.18,0.18,fixed,0.18,1.0,sin2,anchor_grid,500,0.0,0.021715262861253946,0.019298310604237118,0.024333400814957513,0.008824190145470867,0.010609833307511318,0.019493066084927856,0.02459315123382353,0.008001912285469787,0.010363879363926074,0.0439563941281815,0.05611962162832016,0.021715262861253946,
5000,base2,20,143,1,,2766.183439390734,exchangeable_varying_sigma,0.18,fixed,0.18,0.18,fixed,0.18,1.0,sin2,anchor_grid,500,0.6,-0.07458401139189608,0.019235933057085666,0.024573789683494607,0.0055307682850170015,0.007129911652493901,0.017679159130102488,0.022671335106492958,0.005403975898906066,0.006348293449573222,0.04708089556542942,0.060271350565637115,0.07458401139189608,
5000,base2,20,143,1,,2832.1747514754534,exchangeable_varying_sigma,0.18,fixed,0.18,0.18,fixed,0.18,1.0,sin2,anchor_grid,500,0.9,-0.10652285574943687,0.019197544415443243,0.0245103110327466,0.00609669101460554,0.007906053788353688,0.014407592653254312,0.01883662182839396,0.0059098724825348,0.006953464286666406,0.04885357945619859,0.06301596331679796,0.10652285574943687,
2000,base1,21,144,1,,1361.2118899784982,exchangeable_varying_sigma,0.18,fixed,0.18,0.18,fixed,0.18,1.0,sin,anchor_grid,500,0.0,0.01517097180765283,0.03289287142860906,0.04357198427652932,0.02309791081348958,0.02576887708847065,0.03294298171015684,0.04371803124773642,0.022253725636851712,0.02408823741439645,0.2153687788634049,0.2331125460102265,0.01517097180765283,
2000,base1,21,144,1,,1100.5074193980545,exchangeable_varying_sigma,0.18,fixed,0.18,0.18,fixed,0.18,1.0,sin,anchor_grid,500,0.6,-0.11171886484455601,0.033085369051962896,0.04418864559518901,0.02049137293754344,0.024894773744468364,0.029878335745729265,0.039726694678751694,0.019984386649141678,0.024279317394462447,0.2102207238435234,0.23256240695133532,0.11171886484455601,
2000,base1,21,144,1,,1331.379318503663,exchangeable_varying_sigma,0.18,fixed,0.18,0.18,fixed,0.18,1.0,sin,anchor_grid,500,0.3,-0.0450125466755828,0.033348472646289165,0.044597824858773644,0.01823654473809208,0.02228781488437168,0.032820604258203975,0.043811457984347074,0.017973673275843427,0.02149709475747219,0.21485476102310894,0.23547573188027437,0.0450125466755828,
2000,base1,21,144,1,,1384.234494170174,exchangeable_varying_sigma,0.18,fixed,0.18,0.18,fixed,0.18,1.0,sin,anchor_grid,500,0.9,-0.1810964997670006,0.0327507714331507,0.04358556961322475,0.022622951187944523,0.027455753511967888,0.022985462656789135,0.030252519233620847,0.02206022688770641,0.027245042364389297,0.2048855388534407,0.22862078483546647,0.1810964997670006,
5000,base2,20,143,1,,3832.573701305315,exchangeable_varying_sigma,0.18,fixed,0.18,0.18,fixed,0.18,1.0,sin2,anchor_grid,500,0.3,-0.040459237095009815,0.01931474251581686,0.02466593467476776,0.00490289761293454,0.006278574446596588,0.019148018156365413,0.024492784566254186,0.004910646514682981,0.005814644608526924,0.04542749125685394,0.05804686856960926,0.040459237095009815,
5000,base6,20,143,1,,3071.3165055066347,exchangeable_varying_sigma,0.18,fixed,0.18,0.18,fixed,0.18,1.0,constant,anchor_grid,500,0.0,0.020941953999720823,0.03699139932926125,0.04698863100024077,0.0103196381967363,0.012121135395115407,0.03781898140248526,0.04812323376914205,0.009515234163125635,0.011808943132924488,0.16413205471990677,0.2030197832227671,0.020941953999720823,
2000,base3,21,144,1,,1109.5812018942088,exchangeable_varying_sigma,0.18,fixed,0.18,0.18,fixed,0.18,1.0,mixed,anchor_grid,500,0.0,0.011723190423618659,0.05201318594499561,0.06596413130607494,0.021100050263317127,0.023855146958977842,0.05339035621843187,0.06775531157796179,0.02140873617099187,0.023935207710243257,0.16338556974927804,0.202382547352412,0.011723190423618659,
5000,base6,20,143,1,,3258.7126023471355,exchangeable_varying_sigma,0.18,fixed,0.18,0.18,fixed,0.18,1.0,constant,anchor_grid,500,0.3,-0.0837341290560229,0.037459930914749515,0.047479806362314705,0.00824461093547632,0.009115508089583902,0.037923878641515356,0.04818295867344992,0.007450087717892129,0.008457318203336242,0.16543723882061637,0.20818483485319186,0.0837341290560229,
2000,base3,21,144,1,,1156.8359617069364,exchangeable_varying_sigma,0.18,fixed,0.18,0.18,fixed,0.18,1.0,mixed,anchor_grid,500,0.3,-0.10406078458780224,0.05264009965769126,0.06610879885696366,0.021169105265950727,0.025638591091854943,0.05379181385301932,0.0674887018871753,0.018453844743702,0.02200703005073084,0.16479164860746537,0.20512774666248945,0.10406078458780224,
5000,base6,20,143,1,,2990.6647893749177,exchangeable_varying_sigma,0.18,fixed,0.18,0.18,fixed,0.18,1.0,constant,anchor_grid,500,0.6,-0.16365242920170875,0.037411790194496614,0.04744569174473544,0.00889744249472968,0.009945856985073638,0.03685258404645745,0.046970810506078466,0.007704558901455244,0.008918156081975518,0.1641168664738201,0.208345613210552,0.16365242920170875,
5000,base6,20,143,1,,3032.054147319868,exchangeable_varying_sigma,0.18,fixed,0.18,0.18,fixed,0.18,1.0,constant,anchor_grid,500,0.9,-0.24188018110791154,0.03733084251324185,0.04742249283048424,0.00947828991756737,0.010718087453792042,0.0348285714732636,0.04473306614149666,0.007904517972777414,0.009431624198356001,0.1620845153690504,0.20746950599778116,0.24188018110791154,
2000,base3,21,144,1,,1507.8365242742002,exchangeable_varying_sigma,0.18,fixed,0.18,0.18,fixed,0.18,1.0,mixed,anchor_grid,500,0.9,-0.36304866261925584,0.0515371449560815,0.06444032615495392,0.025862111190403825,0.03155328940606115,0.04773506359107611,0.05967592885926161,0.022491055721490502,0.0282412942155123,0.16784594936975453,0.20833977771969706,0.36304866261925584,
5000,base1,21,144,1,,2908.722720734775,exchangeable_varying_sigma,0.18,fixed,0.18,0.18,fixed,0.18,1.0,sin,anchor_grid,500,0.0,0.0134654152378171,0.0224646113336738,0.028633303185237474,0.010350446911113087,0.014768651620686586,0.02243191091818057,0.02861944805852237,0.009615442716671252,0.014065748691431674,0.07924988497609435,0.09476065354842286,0.0134654152378171,
5000,base1,21,144,1,,2824.9402244240046,exchangeable_varying_sigma,0.18,fixed,0.18,0.18,fixed,0.18,1.0,sin,anchor_grid,500,0.3,-0.031675067980619864,0.02192176681889648,0.02797292434134848,0.00857930065372392,0.01055420373101552,0.02142817342631516,0.02735307303775009,0.008035411045270807,0.010273431528814037,0.07469729324559853,0.09122398639575334,0.031675067980619864,
2000,base3,21,144,1,,1904.6726139001548,exchangeable_varying_sigma,0.18,fixed,0.18,0.18,fixed,0.18,1.0,mixed,anchor_grid,500,0.6,-0.23139738826275957,0.05221542611023444,0.0654317420259089,0.02358240723268648,0.028599212003644205,0.051792230219676515,0.06480591470676772,0.020721405496809536,0.02508209604053818,0.16604000924058926,0.20656912340748948,0.23139738826275957,
2000,base6,21,144,1,,1122.709324479103,exchangeable_varying_sigma,0.18,fixed,0.18,0.18,fixed,0.18,1.0,constant,anchor_grid,500,0.0,0.00039538612124894406,0.04561029663776676,0.05903648162077603,0.02228339454164785,0.024686408252439455,0.04661122618905855,0.06025584353594342,0.021956441516872177,0.024079051330950296,0.11437905741330838,0.1362204986259911,0.00039538612124894406,
2000,base6,21,144,1,,1110.0238509681076,exchangeable_varying_sigma,0.18,fixed,0.18,0.18,fixed,0.18,1.0,constant,anchor_grid,500,0.3,-0.09797630106954378,0.04624414290085824,0.0603046530261833,0.019451089188989412,0.023662440853850896,0.04644980893933127,0.06039907846159214,0.01742509475951859,0.02100913196843487,0.10951271230191748,0.13143486039077604,0.09797630106954378,
5000,base1,21,144,1,,2888.7375042177737,exchangeable_varying_sigma,0.18,fixed,0.18,0.18,fixed,0.18,1.0,sin,anchor_grid,500,0.6,-0.06594298075149696,0.02196821270232107,0.027943639807220137,0.009567974138834645,0.011727964345287275,0.019775274347720306,0.024985430342230663,0.008911086837938648,0.011409173149463403,0.07504038126844516,0.09156349857829042,0.06594298075149696,
2000,base6,21,144,1,,1121.0611775089055,exchangeable_varying_sigma,0.18,fixed,0.18,0.18,fixed,0.18,1.0,constant,anchor_grid,500,0.9,-0.3102657896890113,0.046342258140264526,0.060353232109322766,0.023296500815737725,0.027893206410438433,0.040578717291362316,0.05316516284452098,0.02022961068196212,0.023600355236883634,0.09931605882646281,0.11852203773567356,0.3102657896890113,
2000,base6,21,144,1,,1616.1257471740246,exchangeable_varying_sigma,0.18,fixed,0.18,0.18,fixed,0.18,1.0,constant,anchor_grid,500,0.6,-0.20322255453399457,0.046264188676378964,0.06033746315385044,0.021494932959925078,0.025817590596477473,0.04444226389378955,0.05786382055771386,0.019003511125986514,0.022381167610422064,0.10458945432093114,0.12517002093654542,0.20322255453399457,
2000,base2,22,145,1,,1089.5604540482163,exchangeable_varying_sigma,0.18,fixed,0.18,0.18,fixed,0.18,1.0,sin2,anchor_grid,500,0.0,0.011486377656402086,0.02826744455631263,0.036639146787280495,0.007914169032992788,0.008784173782681506,0.02846669639616677,0.03700048222538425,0.005348031489175842,0.00661053561107702,0.137782231993837,0.14508472639740022,0.011486377656402086,
5000,base3,21,144,1,,2927.3096108864993,exchangeable_varying_sigma,0.18,fixed,0.18,0.18,fixed,0.18,1.0,mixed,anchor_grid,500,0.0,0.024260602176724596,0.042276702629543486,0.05251296173537224,0.012636150688601383,0.014208033488351705,0.04347172966818408,0.05416851462977956,0.011694689471257097,0.013933641366025089,0.21923524565867492,0.2558216208552623,0.024260602176724596,
5000,base3,21,144,1,,2786.4108272772282,exchangeable_varying_sigma,0.18,fixed,0.18,0.18,fixed,0.18,1.0,mixed,anchor_grid,500,0.3,-0.10882890151654004,0.042780967824011584,0.05296904234945469,0.013942684983104692,0.015069568364187052,0.04340566040655808,0.05404778206373477,0.014681517769507407,0.015725252277200587,0.21790089974973725,0.25232411990998915,0.10882890151654004,
5000,base3,21,144,1,,2751.6328085958958,exchangeable_varying_sigma,0.18,fixed,0.18,0.18,fixed,0.18,1.0,mixed,anchor_grid,500,0.6,-0.2037854527666637,0.042994584429523044,0.05316692973054035,0.014908765375094724,0.016288374921559524,0.04243452497244712,0.05296972113027607,0.01580876742760448,0.017060695146776692,0.21676926580387934,0.25048432894891304,0.2037854527666637,
5000,base3,21,144,1,,2776.4799358006567,exchangeable_varying_sigma,0.18,fixed,0.18,0.18,fixed,0.18,1.0,mixed,anchor_grid,500,0.9,-0.297384989423111,0.04325261889474305,0.05343369995539024,0.015789303633682555,0.017466378821955838,0.04061501483703463,0.051056451380488234,0.017017482752062857,0.018606496127791514,0.21517572311315183,0.24826257329409712,0.297384989423111,
2000,base2,22,145,1,,1154.1411611121148,exchangeable_varying_sigma,0.18,fixed,0.18,0.18,fixed,0.18,1.0,sin2,anchor_grid,500,0.3,-0.07369946488790127,0.029560483574297764,0.03775070217874772,0.015133473192943364,0.018306275003704835,0.029215402997640454,0.037456663016556396,0.008227034841198758,0.011379760588112802,0.15331550699714153,0.1631753256191153,0.07369946488790127,
5000,base1,21,144,1,,4529.611602447927,exchangeable_varying_sigma,0.18,fixed,0.18,0.18,fixed,0.18,1.0,sin,anchor_grid,500,0.9,-0.10025751481192202,0.022091251849110462,0.02795535771391548,0.010724255262349519,0.012840870029446096,0.016242194234987736,0.01973319518448289,0.010100843175227164,0.012830382989284243,0.07519620096429291,0.09199732329147793,0.10025751481192202,
2000,base2,22,145,1,,1131.2061229180545,exchangeable_varying_sigma,0.18,fixed,0.18,0.18,fixed,0.18,1.0,sin2,anchor_grid,500,0.9,-0.19277478774441048,0.028859980223975183,0.036872602958711705,0.018255930868560477,0.022831346030109976,0.020884647098588324,0.02702678975370785,0.010711939512777283,0.01490698897938459,0.159479644676078,0.1706310178863514,0.19277478774441048,
5000,base6,21,144,1,,2854.169958660379,exchangeable_varying_sigma,0.18,fixed,0.18,0.18,fixed,0.18,1.0,constant,anchor_grid,500,0.0,0.018935502996539524,0.03790237285174029,0.04815196681035397,0.010800389754286932,0.015788527378509325,0.03852203991238461,0.04901626032103504,0.010465696749200906,0.01584622728596817,0.13752167765498932,0.17228690751045295,0.018935502996539524,
2000,base2,22,145,1,,1622.0067975725979,exchangeable_varying_sigma,0.18,fixed,0.18,0.18,fixed,0.18,1.0,sin2,anchor_grid,500,0.6,-0.13354681035958033,0.029288687387698683,0.03736367069609547,0.01671635291738416,0.020520930929307065,0.026694036811513965,0.034329799247200414,0.009577902376516262,0.01310710995943871,0.1570017511535993,0.16742848994100662,0.13354681035958033,
5000,base6,21,144,1,,2792.9700155369937,exchangeable_varying_sigma,0.18,fixed,0.18,0.18,fixed,0.18,1.0,constant,anchor_grid,500,0.6,-0.14701383491922526,0.03723446391823024,0.046926515370678344,0.007839060851745017,0.010067976664126928,0.036943441210548565,0.04675847768608453,0.006908573242237606,0.009559434437034515,0.14776380783556708,0.18335652223922763,0.14701383491922526,
5000,base6,21,144,1,,2858.837792955339,exchangeable_varying_sigma,0.18,fixed,0.18,0.18,fixed,0.18,1.0,constant,anchor_grid,500,0.9,-0.23263246683947414,0.03699711006748945,0.0466834367573456,0.008236785019264725,0.011016387628243177,0.034764343381829,0.044347578646783535,0.007751500101399883,0.010547954695614653,0.14792483821210511,0.1841034112461577,0.23263246683947414,
2000,base6,22,145,1,,1188.1234549377114,exchangeable_varying_sigma,0.18,fixed,0.18,0.18,fixed,0.18,1.0,constant,anchor_grid,500,0.0,0.024361545348043356,0.046027416641285165,0.059282192114895646,0.006620849149142488,0.007934889012341437,0.04682762214350967,0.06028840136431013,0.008178130377506004,0.008862452578774627,0.09797531772193573,0.11714250550547052,0.024361545348043356,
2000,base6,22,145,1,,1246.8506458941847,exchangeable_varying_sigma,0.18,fixed,0.18,0.18,fixed,0.18,1.0,constant,anchor_grid,500,0.6,-0.2160087678544032,0.048397035199232274,0.06179660271575151,0.0184510165325745,0.02351874481579723,0.04698510231011541,0.060308639455771654,0.02125315815888615,0.02656254452851067,0.11946012422698651,0.13796271782588762,0.2160087678544032,
2000,base6,22,145,1,,1114.0270646885037,exchangeable_varying_sigma,0.18,fixed,0.18,0.18,fixed,0.18,1.0,constant,anchor_grid,500,0.9,-0.31989647583652336,0.04817717145694617,0.06145620311294696,0.020037434899981055,0.025879834549522446,0.04297160813214485,0.05554652116179673,0.022908685289037653,0.02916914681412181,0.1254939386157113,0.14368534579017514,0.31989647583652336,
2000,base6,22,145,1,,1710.1137128863484,exchangeable_varying_sigma,0.18,fixed,0.18,0.18,fixed,0.18,1.0,constant,anchor_grid,500,0.3,-0.11307072905897592,0.04849508930024699,0.06202697808805729,0.01689397496714777,0.02134557543139306,0.048883348181462546,0.06258992481463982,0.01932153552096473,0.023928077637854064,0.11383774540423264,0.13259261388529886,0.11307072905897592,
5000,base6,21,144,1,,4019.334321603179,exchangeable_varying_sigma,0.18,fixed,0.18,0.18,fixed,0.18,1.0,constant,anchor_grid,500,0.3,-0.06309239408102726,0.03738148015260329,0.04712028928135443,0.007346833047286186,0.009079121171217218,0.03797972449161558,0.047999858821050324,0.006626961954638036,0.008723604879914103,0.14825146891595353,0.18384617869645087,0.06309239408102726,
5000,base2,22,145,1,,2774.9608274400234,exchangeable_varying_sigma,0.18,fixed,0.18,0.18,fixed,0.18,1.0,sin2,anchor_grid,500,0.0,-0.021021258594094736,0.020239930252828758,0.025738492047833524,0.007426731326865166,0.008008914225776941,0.020365017281469198,0.025925725725612296,0.006873708066454015,0.008718417248892565,0.03647444018405609,0.046778791115070384,0.021021258594094736,
5000,base2,22,145,1,,2807.1159071549773,exchangeable_varying_sigma,0.18,fixed,0.18,0.18,fixed,0.18,1.0,sin2,anchor_grid,500,0.3,-0.032228124595901964,0.01930569668739837,0.024619481903989635,0.009944303587224729,0.010948857451817211,0.019147276760940767,0.024498948334619863,0.008668843988398803,0.010935751612306874,0.03975415149439583,0.04741919224109657,0.032228124595901964,
5000,base2,22,145,1,,2921.119914425537,exchangeable_varying_sigma,0.18,fixed,0.18,0.18,fixed,0.18,1.0,sin2,anchor_grid,500,0.9,-0.09843400704332839,0.018986777011983567,0.02426433079619926,0.012481397732684266,0.013198598123709434,0.014299659767914016,0.018720421344471494,0.010873982322763237,0.013037972865341507,0.0436016030217531,0.05132628778559478,0.09843400704332839,
2000,base1,23,146,1,,1118.5546473991126,exchangeable_varying_sigma,0.18,fixed,0.18,0.18,fixed,0.18,1.0,sin,anchor_grid,500,0.0,0.047391376015642354,0.03475449616481719,0.04672418899161109,0.02132139213493528,0.026252529008868927,0.03494411685607826,0.047019842825652344,0.0215331875586266,0.027103704681273013,0.25024608179994917,0.2638210072647144,0.047391376015642354,
2000,base1,23,146,1,,1123.058646518737,exchangeable_varying_sigma,0.18,fixed,0.18,0.18,fixed,0.18,1.0,sin,anchor_grid,500,0.3,-0.07538423684736226,0.03552754550062528,0.04658827121271454,0.02280478775881814,0.029636030671566106,0.03447733414125325,0.04528544099020026,0.02118620983112711,0.025774251126405284,0.24851427902965514,0.2629646123082629,0.07538423684736226,
5000,base6,22,145,1,,2759.9665446598083,exchangeable_varying_sigma,0.18,fixed,0.18,0.18,fixed,0.18,1.0,constant,anchor_grid,500,0.3,-0.07587500571909442,0.036450756187588314,0.04601138347129498,0.013522114319885398,0.013895940030300136,0.03696742496612634,0.04673051184230857,0.01333848593303559,0.01400736205801346,0.12933366069121977,0.16461477683323467,0.07587500571909442,
5000,base2,22,145,1,,3982.555478580296,exchangeable_varying_sigma,0.18,fixed,0.18,0.18,fixed,0.18,1.0,sin2,anchor_grid,500,0.6,-0.06550953627819511,0.019177272463840704,0.024463358670958103,0.011215183133641574,0.012094328062818243,0.017653839755373598,0.022659063291029305,0.009484577279285658,0.011915639104148154,0.041674991617388434,0.04928523002565319,0.06550953627819511,
2000,base1,23,146,1,,1780.161401066929,exchangeable_varying_sigma,0.18,fixed,0.18,0.18,fixed,0.18,1.0,sin,anchor_grid,500,0.9,-0.22421557278092086,0.036279891806437564,0.04749752402083254,0.02531436753731338,0.034890054447877614,0.025482093645484365,0.03315700673241508,0.022880505462441206,0.029635975130311024,0.2464976143406328,0.2609430574677321,0.22421557278092086,
5000,base6,22,145,1,,2690.172038247809,exchangeable_varying_sigma,0.18,fixed,0.18,0.18,fixed,0.18,1.0,constant,anchor_grid,500,0.6,-0.15049773239087566,0.03636694316863294,0.045937961220338656,0.01502100513674394,0.015360654561237414,0.03602416180751975,0.045631497438081266,0.01440554628305557,0.015125555344944063,0.12401656291313509,0.15947345807463073,0.15049773239087566,
2000,base1,23,146,1,,1957.8809464965016,exchangeable_varying_sigma,0.18,fixed,0.18,0.18,fixed,0.18,1.0,sin,anchor_grid,500,0.6,-0.15012562819717323,0.03587900478735681,0.046962118091097155,0.024364348581691606,0.03243780734980808,0.03170180295994165,0.0415767875709754,0.022711407896462976,0.028112311358393084,0.24673797931272573,0.2612768875673903,0.15012562819717323,
2000,base3,23,146,1,,1152.7107194904238,exchangeable_varying_sigma,0.18,fixed,0.18,0.18,fixed,0.18,1.0,mixed,anchor_grid,500,0.0,0.0750685454947437,0.05408921968620855,0.06863465216783692,0.015936107575856923,0.017757273928106942,0.05550257973888921,0.07042214927113481,0.0164088700979739,0.017519323457780067,0.1603046604884032,0.20577022649347093,0.0750685454947437,
5000,base6,22,145,1,,2909.934337094426,exchangeable_varying_sigma,0.18,fixed,0.18,0.18,fixed,0.18,1.0,constant,anchor_grid,500,0.9,-0.2236523368242298,0.03629165669005301,0.04589579657738844,0.01653296835107415,0.01681474477798943,0.03416425573247241,0.043595689334712015,0.015937055446070908,0.01652118964916561,0.11873467842701198,0.15399002101800097,0.2236523368242298,
5000,base6,22,145,1,,3606.146780282259,exchangeable_varying_sigma,0.18,fixed,0.18,0.18,fixed,0.18,1.0,constant,anchor_grid,500,0.0,-0.01645115773776629,0.03783621367725645,0.047483303983942085,0.007339164208366528,0.009271875620280331,0.03839361204582862,0.04827520548929377,0.008030953473699504,0.009729776464950799,0.13084994765235286,0.1654101308818011,0.01645115773776629,
2000,base3,23,146,1,,1122.417087847367,exchangeable_varying_sigma,0.18,fixed,0.18,0.18,fixed,0.18,1.0,mixed,anchor_grid,500,0.3,-0.08992123565960597,0.05339747894301159,0.0669841692792619,0.03283957591139795,0.04173348715179485,0.05429704463365676,0.06802014888457356,0.034606122795870886,0.042239854253299645,0.13459323992189534,0.17337517803907987,0.08992123565960597,
5000,base1,23,146,1,,2639.6928902044892,exchangeable_varying_sigma,0.18,fixed,0.18,0.18,fixed,0.18,1.0,sin,anchor_grid,500,0.0,-0.0021465941636957444,0.023010711217969847,0.029054499226856906,0.008348824043514363,0.010282203949206984,0.023003654015452235,0.02907404416003549,0.007372988409733938,0.009871030594590878,0.085288124566433,0.10556668825166353,0.0021465941636957444,
2000,base3,23,146,1,,1303.8140110224485,exchangeable_varying_sigma,0.18,fixed,0.18,0.18,fixed,0.18,1.0,mixed,anchor_grid,500,0.6,-0.225507127161869,0.0532996830886536,0.06694033077995316,0.0343388768503773,0.04434709678213186,0.05263162433426936,0.06577649703444566,0.03624052816365696,0.044868692141920144,0.1305378165175218,0.16648374902373067,0.225507127161869,
5000,base1,23,146,1,,2860.6605081949383,exchangeable_varying_sigma,0.18,fixed,0.18,0.18,fixed,0.18,1.0,sin,anchor_grid,500,0.3,-0.03963407613972214,0.022933988511410167,0.029098813102083333,0.010748023550149519,0.014346478572623384,0.0222377350150918,0.028163173009068027,0.011415088151473976,0.014988143727736014,0.09320044725314496,0.11311682608395357,0.03963407613972214,
2000,base6,23,146,1,,894.3690826352686,exchangeable_varying_sigma,0.18,fixed,0.18,0.18,fixed,0.18,1.0,constant,anchor_grid,500,0.3,-0.11467600195163533,0.04647378468522238,0.061308373670903554,0.016370804581971807,0.01839464797819562,0.046426051846779476,0.06122094531361419,0.017737089564443295,0.019091871510796506,0.1083969856497928,0.12822133889172385,0.11467600195163533,
2000,base3,23,146,1,,2072.744214596227,exchangeable_varying_sigma,0.18,fixed,0.18,0.18,fixed,0.18,1.0,mixed,anchor_grid,500,0.9,-0.36517842416495205,0.053183303796856984,0.06689218112997793,0.0352623068947623,0.04664397880231901,0.04905921020961665,0.06127919723861893,0.03651415489738147,0.04652350353743519,0.12675122812203854,0.16020796158099715,0.36517842416495205,
5000,base1,23,146,1,,3156.99604935199,exchangeable_varying_sigma,0.18,fixed,0.18,0.18,fixed,0.18,1.0,sin,anchor_grid,500,0.9,-0.10845657174703249,0.02298030927343028,0.029099935874017314,0.013028899154414075,0.017398338210169156,0.016409571233125596,0.019914690825038356,0.013312821031332023,0.017786361770866555,0.09340686527967018,0.11233116955471881,0.10845657174703249,
2000,base6,23,146,1,,1826.538162585348,exchangeable_varying_sigma,0.18,fixed,0.18,0.18,fixed,0.18,1.0,constant,anchor_grid,500,0.0,0.022329530228110447,0.04717970938758683,0.06093507472795182,0.02897035756448299,0.037443009808827254,0.04807788543846371,0.062062060586165715,0.028525597662946378,0.03673114206502229,0.13160459557265317,0.14790450011950965,0.022329530228110447,
2000,base6,23,146,1,,1258.9381152503192,exchangeable_varying_sigma,0.18,fixed,0.18,0.18,fixed,0.18,1.0,constant,anchor_grid,500,0.9,-0.337110753731936,0.04762954525875786,0.062398804368265184,0.018724889206347586,0.022705638615443977,0.04200302683117833,0.05553547720888535,0.018709581977898418,0.021593848538625386,0.1072238247316514,0.13046029693242536,0.337110753731936,
5000,base3,23,146,1,,2401.639157196507,exchangeable_varying_sigma,0.18,fixed,0.18,0.18,fixed,0.18,1.0,mixed,anchor_grid,500,0.6,-0.19309840766311231,0.042635981838273024,0.05243384267654592,0.014431245934558717,0.018252890282509336,0.04239983947898819,0.05246836540641272,0.013663834928584959,0.01704921611940475,0.20362411312752118,0.23460947641538724,0.19309840766311231,
5000,base3,23,146,1,,2805.8036802690476,exchangeable_varying_sigma,0.18,fixed,0.18,0.18,fixed,0.18,1.0,mixed,anchor_grid,500,0.0,-0.015800653595939684,0.04242641336689229,0.0525015682486618,0.0068550865511835535,0.008893539462561337,0.04360276811711373,0.054166606028259706,0.007410105039821452,0.008716956046099978,0.21454950556740815,0.2456564849928488,0.015800653595939684,
5000,base1,23,146,1,,4061.3222848176956,exchangeable_varying_sigma,0.18,fixed,0.18,0.18,fixed,0.18,1.0,sin,anchor_grid,500,0.6,-0.07394985374441243,0.02296071879909911,0.029118613558704216,0.011937964836245166,0.015935739590534254,0.020309022964516928,0.02548115569038188,0.012516044045331423,0.016448098949154468,0.09359727140343509,0.11306257761483973,0.07394985374441243,
2000,base6,23,146,1,,2085.6737612076104,exchangeable_varying_sigma,0.18,fixed,0.18,0.18,fixed,0.18,1.0,constant,anchor_grid,500,0.6,-0.2274046783710737,0.04690696116700705,0.06172937587575579,0.017849752544160366,0.02066173572566338,0.044927024186296245,0.05922061808831736,0.01893564507068088,0.02081058124151534,0.10656431782276593,0.12791001903803065,0.2274046783710737,
2000,base2,24,147,1,,939.7446317579597,exchangeable_varying_sigma,0.18,fixed,0.18,0.18,fixed,0.18,1.0,sin2,anchor_grid,500,0.6,-0.14571780507427912,0.029252584103142413,0.03770112323739912,0.021418985732805762,0.023489951623509624,0.02551728890590969,0.033017358315093795,0.018338790371313862,0.020715337595981532,0.16196303453611463,0.1679680487676238,0.14571780507427912,
2000,base2,24,147,1,,973.7632270641625,exchangeable_varying_sigma,0.18,fixed,0.18,0.18,fixed,0.18,1.0,sin2,anchor_grid,500,0.9,-0.20829601348779359,0.029708608086924514,0.03833079938289611,0.02321707694203154,0.02528974578349873,0.020118282739463055,0.026229059155380464,0.020655642578499694,0.022598338291545172,0.16092343045462834,0.16739879175571085,0.20829601348779359,
2000,base2,24,147,1,,1624.5419987197965,exchangeable_varying_sigma,0.18,fixed,0.18,0.18,fixed,0.18,1.0,sin2,anchor_grid,500,0.3,-0.08258675660118625,0.028870529472395122,0.037194854979468055,0.01950656315490326,0.021511491613684604,0.02792533288259485,0.03609475220219407,0.01617683271706738,0.01894258961270778,0.16210593634622417,0.16747769032521723,0.08258675660118625,
2000,base2,24,147,1,,1693.8785949200392,exchangeable_varying_sigma,0.18,fixed,0.18,0.18,fixed,0.18,1.0,sin2,anchor_grid,500,0.0,0.008119227970013455,0.02904204600789356,0.037779422346496,0.008169310511367392,0.009123470480836813,0.029156367485633692,0.038002634108960834,0.010078797212241558,0.01117781209397968,0.16728889486481227,0.1725624615432013,0.008119227970013455,
5000,base3,23,146,1,,3808.7157770413905,exchangeable_varying_sigma,0.18,fixed,0.18,0.18,fixed,0.18,1.0,mixed,anchor_grid,500,0.9,-0.28900295766956074,0.042715031735167094,0.052375277603782334,0.01555300831486979,0.01978069306753874,0.04037019529290351,0.050226575676357625,0.014502436774386743,0.01839654694432825,0.20359948495042174,0.2340507636406401,0.28900295766956074,
5000,base6,23,146,1,,2380.8215809408575,exchangeable_varying_sigma,0.18,fixed,0.18,0.18,fixed,0.18,1.0,constant,anchor_grid,500,0.3,-0.08365134661711093,0.03779836844769588,0.04753246930338047,0.010179718752442238,0.013202037621113518,0.03826439655760993,0.048122430505895646,0.009137697632284267,0.012027037848393889,0.13111628257699773,0.16870483945665093,0.08365134661711093,
5000,base6,23,146,1,,2343.000260192901,exchangeable_varying_sigma,0.18,fixed,0.18,0.18,fixed,0.18,1.0,constant,anchor_grid,500,0.9,-0.24882282065383277,0.037610570685565614,0.047584619207452696,0.012521034347180687,0.016264883392074624,0.03501475717054823,0.04453305890306284,0.010921196649371204,0.014199687408423077,0.13137688819431498,0.1644145580165988,0.24882282065383277,
5000,base3,23,146,1,,4916.706840673462,exchangeable_varying_sigma,0.18,fixed,0.18,0.18,fixed,0.18,1.0,mixed,anchor_grid,500,0.3,-0.09737108508888523,0.04258573919915313,0.052465003888683165,0.013172435092240545,0.016574761839188035,0.04343529251411335,0.053709445430280264,0.0125146530141695,0.015509068907616181,0.20417795805545452,0.23566212645492124,0.09737108508888523,
2000,base6,24,147,1,,788.2286299113184,exchangeable_varying_sigma,0.18,fixed,0.18,0.18,fixed,0.18,1.0,constant,anchor_grid,500,0.9,-0.33660196144274657,0.04778799806553776,0.06134342283453374,0.030894898512263153,0.03452084611136621,0.04220335747373579,0.05451578574371997,0.030531536854941976,0.03298333856816432,0.11171550195417686,0.12767792740577727,0.33660196144274657,
5000,base2,24,147,1,,2011.9582060277462,exchangeable_varying_sigma,0.18,fixed,0.18,0.18,fixed,0.18,1.0,sin2,anchor_grid,500,0.6,-0.07396769200067022,0.019905424771514645,0.025276790963877565,0.008942028965650967,0.010869360515517585,0.01766344762866522,0.022681933683758582,0.008389840145129404,0.010274843677380519,0.04077635015363824,0.045942669151735435,0.07396769200067022,
2000,base6,24,147,1,,1807.9736481588334,exchangeable_varying_sigma,0.18,fixed,0.18,0.18,fixed,0.18,1.0,constant,anchor_grid,500,0.0,-0.0014117353159091726,0.04699800841589284,0.06049105858746229,0.009170233077633788,0.01109845900059347,0.04772416904051285,0.061340849253400026,0.009280797610187269,0.011453520371191512,0.09749742174174177,0.12140744313260257,0.0014117353159091726,
5000,base6,23,146,1,,3987.3545357566327,exchangeable_varying_sigma,0.18,fixed,0.18,0.18,fixed,0.18,1.0,constant,anchor_grid,500,0.6,-0.16617123022533736,0.03770264007495535,0.047566304831101414,0.011395354029401797,0.014802560506008536,0.037134387904161896,0.04681894672043701,0.010136716180819627,0.013195278546128847,0.13097386014683907,0.16626781061076373,0.16617123022533736,
2000,base6,24,147,1,,1940.2592538557947,exchangeable_varying_sigma,0.18,fixed,0.18,0.18,fixed,0.18,1.0,constant,anchor_grid,500,0.3,-0.118977218900917,0.047198086031708913,0.06065494778105374,0.026712434547852493,0.030348967766664313,0.04719288712528121,0.06075416793892337,0.026416741347144668,0.02956622118379555,0.1041452804719871,0.12355350259537082,0.118977218900917,
2000,base6,24,147,1,,2021.5861519053578,exchangeable_varying_sigma,0.18,fixed,0.18,0.18,fixed,0.18,1.0,constant,anchor_grid,500,0.6,-0.22759377833141425,0.047455449248946055,0.06095041683355946,0.028855827330822592,0.0325341346628909,0.045512687375940546,0.05861578225050706,0.028526875230458687,0.03135327721635382,0.10859400799612973,0.1261335807982974,0.22759377833141425,
5000,base6,23,146,1,,4892.518213361502,exchangeable_varying_sigma,0.18,fixed,0.18,0.18,fixed,0.18,1.0,constant,anchor_grid,500,0.0,0.0004301667179990116,0.03762662887663848,0.0470176162872772,0.007512791156158466,0.011790679081548685,0.038442847179315655,0.048148938717402445,0.007846272503313406,0.011779116037346027,0.1329027422203313,0.17350865816466662,0.0004301667179990116,
5000,base2,24,147,1,,2969.411565637216,exchangeable_varying_sigma,0.18,fixed,0.18,0.18,fixed,0.18,1.0,sin2,anchor_grid,500,0.9,-0.11376137657304164,0.019978548670368117,0.025345984942207595,0.009742077454738693,0.01200541878927782,0.014252813920538671,0.018746804746248697,0.008698500310389504,0.010609932610299005,0.04211206578958154,0.04628078523706561,0.11376137657304164,
2000,base1,25,148,1,,839.8398208357394,exchangeable_varying_sigma,0.18,fixed,0.18,0.18,fixed,0.18,1.0,sin,anchor_grid,500,0.3,-0.04944930546757709,0.033688150500893174,0.045129688397814345,0.017206236685802317,0.020185981961751098,0.03308968635363312,0.04418598256104389,0.020131091657468236,0.022732604603302845,0.2379877970018187,0.25399252247199283,0.04944930546757709,
5000,base6,24,147,1,,2300.2517964225262,exchangeable_varying_sigma,0.18,fixed,0.18,0.18,fixed,0.18,1.0,constant,anchor_grid,500,0.0,-0.004119155093650572,0.03647101100569732,0.04590993525280755,0.00938533566964797,0.013865377934028596,0.03725721702133379,0.04693106482026689,0.008789340577436217,0.012741255695902502,0.13899737285833738,0.17160009201712367,0.004119155093650572,
5000,base2,24,147,1,,4539.525109356269,exchangeable_varying_sigma,0.18,fixed,0.18,0.18,fixed,0.18,1.0,sin2,anchor_grid,500,0.0,-0.0018495897504438134,0.01897470048630693,0.024154398367600347,0.007418408914445479,0.011574757896136862,0.019177693497788775,0.02444240095749578,0.008958771207865562,0.01267039751112662,0.04565925506950924,0.05272297858821015,0.0018495897504438134,
5000,base6,24,147,1,,2406.440221471712,exchangeable_varying_sigma,0.18,fixed,0.18,0.18,fixed,0.18,1.0,constant,anchor_grid,500,0.6,-0.16917847316263868,0.03745961269677572,0.04695734553498765,0.011005558464704066,0.013363227626265314,0.0366739639641002,0.046203602207320886,0.00903879130597278,0.011667829008843002,0.141888759911714,0.17698857652126318,0.16917847316263868,
2000,base1,25,148,1,,1645.529269469902,exchangeable_varying_sigma,0.18,fixed,0.18,0.18,fixed,0.18,1.0,sin,anchor_grid,500,0.0,0.022861754837955342,0.035753243993602746,0.04694604847846899,0.01315346944604423,0.015407341088250849,0.03579402942737623,0.04712396127769356,0.014198326862997004,0.015558677023531257,0.2460220583469155,0.2594248309481655,0.022861754837955342,
5000,base2,24,147,1,,4689.118644556031,exchangeable_varying_sigma,0.18,fixed,0.18,0.18,fixed,0.18,1.0,sin2,anchor_grid,500,0.3,-0.035190531927490776,0.019833919213877914,0.025220977540922486,0.0080685515730744,0.009685156014893987,0.019345452562036358,0.02469261866552269,0.00795766127570681,0.009642017078072418,0.040068468999721475,0.046531285314395335,0.035190531927490776,
2000,base1,25,148,1,,1873.7729456890374,exchangeable_varying_sigma,0.18,fixed,0.18,0.18,fixed,0.18,1.0,sin,anchor_grid,500,0.6,-0.12126671041694354,0.033608912192950854,0.045237855089089826,0.018455186800796275,0.021651904507886666,0.030226373016428533,0.040386377860399676,0.022163080431364612,0.02526109498469026,0.23630649936949974,0.25227900458191016,0.12126671041694354,
5000,base6,24,147,1,,2299.2615668438375,exchangeable_varying_sigma,0.18,fixed,0.18,0.18,fixed,0.18,1.0,constant,anchor_grid,500,0.9,-0.2502261254009547,0.03745273406239686,0.04695211070671389,0.01202220083355518,0.014673558438023347,0.03468347827190013,0.043991097273786105,0.009586325680811872,0.012391892957802126,0.13953456070290268,0.17574231121013795,0.2502261254009547,
2000,base1,25,148,1,,1894.8202029131353,exchangeable_varying_sigma,0.18,fixed,0.18,0.18,fixed,0.18,1.0,sin,anchor_grid,500,0.9,-0.19364956942074496,0.033631164309321004,0.04551785770994379,0.019335283097677902,0.02273523750415257,0.023671980728128122,0.031527120532136604,0.023452439362563693,0.027479592445533118,0.23512186849121403,0.2513810143750367,0.19364956942074496,
5000,base6,24,147,1,,3935.9242845531553,exchangeable_varying_sigma,0.18,fixed,0.18,0.18,fixed,0.18,1.0,constant,anchor_grid,500,0.3,-0.08760673048602996,0.03744884734932423,0.046959541346330916,0.00990656952728261,0.01197878766716653,0.037769136406904116,0.04746774978638891,0.008512553535132361,0.010759176585462514,0.14320107449786645,0.17782680146211335,0.08760673048602996,
5000,base1,25,148,1,,2448.7705920990556,exchangeable_varying_sigma,0.18,fixed,0.18,0.18,fixed,0.18,1.0,sin,anchor_grid,500,0.3,-0.04898609090272499,0.02317869775744743,0.029415535695787313,0.012986049349757,0.014199451706032278,0.022442212644404748,0.0285064533831955,0.011499891726356487,0.01336363282319216,0.08245215284530837,0.10071016011834334,0.04898609090272499,
2000,base3,25,148,1,,1737.3483125045896,exchangeable_varying_sigma,0.18,fixed,0.18,0.18,fixed,0.18,1.0,mixed,anchor_grid,500,0.6,-0.24406251180930166,0.05130889985660497,0.06526199599764647,0.021610697591348316,0.02334100257253389,0.050696705662863856,0.06417407628724842,0.020099926275991775,0.021742401926882544,0.14866149049753546,0.18752978430894576,0.24406251180930166,
2000,base3,25,148,1,,1809.5500799119473,exchangeable_varying_sigma,0.18,fixed,0.18,0.18,fixed,0.18,1.0,mixed,anchor_grid,500,0.3,-0.11920519612180269,0.05116585032436305,0.06504198237142772,0.020030769786417768,0.021422483175667938,0.0521579005033153,0.06616451610322213,0.018280268888656498,0.019400737152074736,0.1494284859063917,0.18818417700132273,0.11920519612180269,
2000,base3,25,148,1,,2063.3039563931525,exchangeable_varying_sigma,0.18,fixed,0.18,0.18,fixed,0.18,1.0,mixed,anchor_grid,500,0.0,0.0032828439932539293,0.05232941195632775,0.06633675390311768,0.01459616447927678,0.01566724591114256,0.05346649146901596,0.06783918393358818,0.013690280718865258,0.015548145537071551,0.1406919508918403,0.18322453622440485,0.0032828439932539293,
2000,base3,25,148,1,,1787.2716051954776,exchangeable_varying_sigma,0.18,fixed,0.18,0.18,fixed,0.18,1.0,mixed,anchor_grid,500,0.9,-0.3676001062998069,0.05168922578991117,0.06569002865521549,0.022827853747223625,0.02493241792594168,0.04758122967004929,0.06017934446687753,0.021495237353566454,0.023985618767094135,0.14752285713652152,0.18674044157329467,0.3676001062998069,
5000,base1,25,148,1,,3075.795479629189,exchangeable_varying_sigma,0.18,fixed,0.18,0.18,fixed,0.18,1.0,sin,anchor_grid,500,0.6,-0.08121015893436034,0.023322588493655202,0.029476558694743978,0.014048934929944315,0.015411358542183768,0.020577127873943415,0.025842514091827275,0.012422721362608594,0.01461293967366266,0.08683506229488913,0.10718585174962979,0.08121015893436034,
5000,base1,25,148,1,,3208.178424950689,exchangeable_varying_sigma,0.18,fixed,0.18,0.18,fixed,0.18,1.0,sin,anchor_grid,500,0.9,-0.11072837557163528,0.02343017994168573,0.029510316742699775,0.014933991482607864,0.016484597382114493,0.016669075340596064,0.02022345939204781,0.012958469694990774,0.015606758237765644,0.09255944006734357,0.11465072359809814,0.11072837557163528,
2000,base6,25,148,1,,1074.6322269886732,exchangeable_varying_sigma,0.18,fixed,0.18,0.18,fixed,0.18,1.0,constant,anchor_grid,500,0.0,0.009095276789138181,0.04632053775809236,0.060592967167350076,0.012798181406929454,0.01638235471979786,0.04714391655205258,0.06175134986935704,0.014187637134186304,0.017512108515598115,0.12249080988479111,0.14529663555844557,0.009095276789138181,
5000,base1,25,148,1,,4021.546238148585,exchangeable_varying_sigma,0.18,fixed,0.18,0.18,fixed,0.18,1.0,sin,anchor_grid,500,0.0,-0.011536885484116733,0.021563974860136274,0.02780279532212594,0.006936724829605279,0.008136433175986576,0.021579434746980177,0.027823470904101776,0.007636685943626126,0.008761449470745841,0.07719054897718998,0.09314328385335285,0.011536885484116733,
5000,base3,25,148,1,,2846.053199728951,exchangeable_varying_sigma,0.18,fixed,0.18,0.18,fixed,0.18,1.0,mixed,anchor_grid,500,0.3,-0.09807496809092864,0.042931334413762574,0.053121860731903545,0.010187724853010505,0.012786478147945876,0.04376885070047041,0.05440531838323492,0.011134091669949081,0.014045943920819858,0.24676451279619124,0.2800537744721856,0.09807496809092864,
2000,base6,25,148,1,,1834.8068266082555,exchangeable_varying_sigma,0.18,fixed,0.18,0.18,fixed,0.18,1.0,constant,anchor_grid,500,0.3,-0.11098791830818433,0.04654885942375838,0.06160763238194159,0.018006336691774427,0.02138182219764552,0.04652258167836254,0.061437263252524126,0.017284156178883542,0.02084005730802884,0.11924821014357119,0.14058393922502047,0.11098791830818433,
2000,base6,25,148,1,,1836.406729279086,exchangeable_varying_sigma,0.18,fixed,0.18,0.18,fixed,0.18,1.0,constant,anchor_grid,500,0.6,-0.21764079906474387,0.046499627511790674,0.061834941825584605,0.01911307866163417,0.023022671064981372,0.044419913316886446,0.05892652613203521,0.01853311291554005,0.023084030925980558,0.11992664073538789,0.14012634258573875,0.21764079906474387,
2000,base6,25,148,1,,2075.611300462857,exchangeable_varying_sigma,0.18,fixed,0.18,0.18,fixed,0.18,1.0,constant,anchor_grid,500,0.9,-0.32332329834911766,0.046575828386927004,0.06221989727878468,0.019805778320764383,0.02432129074718591,0.04062085293299433,0.05441690557489671,0.019406133919554286,0.025307010328176102,0.12058916575716429,0.139667709940328,0.32332329834911766,
2000,base2,26,149,1,,891.7266823612154,exchangeable_varying_sigma,0.18,fixed,0.18,0.18,fixed,0.18,1.0,sin2,anchor_grid,500,0.3,-0.09024458122641557,0.030142239986380385,0.03908426238648655,0.007681161116238011,0.009306253626533256,0.029537302178871284,0.03841681488776567,0.006454683156098512,0.00803280068787599,0.147666884918954,0.14917956864266127,0.09024458122641557,
2000,base2,26,149,1,,1898.0373379159719,exchangeable_varying_sigma,0.18,fixed,0.18,0.18,fixed,0.18,1.0,sin2,anchor_grid,500,0.0,0.005792300016182473,0.029409505877027238,0.038428666939180726,0.0044435626558854135,0.004958535881322416,0.029540576296050017,0.03870418723716432,0.0049109064488829235,0.0051464458296168955,0.14474927770363416,0.1477645416247481,0.005792300016182473,
5000,base3,25,148,1,,4561.161950370297,exchangeable_varying_sigma,0.18,fixed,0.18,0.18,fixed,0.18,1.0,mixed,anchor_grid,500,0.0,0.00306853997195481,0.04408847769937081,0.05421102558172199,0.007509358264660704,0.008527407227324698,0.04521922012517687,0.05583071146643293,0.00816148072647585,0.009160376642647895,0.23858058502706517,0.27473509144471764,0.00306853997195481,
5000,base3,25,148,1,,4440.417911283672,exchangeable_varying_sigma,0.18,fixed,0.18,0.18,fixed,0.18,1.0,mixed,anchor_grid,500,0.6,-0.19356660716378787,0.042886080675555466,0.05301174991436741,0.011136867383602339,0.013867125203190332,0.042621815569879075,0.05304479348306718,0.012445280406752163,0.015413746025267539,0.2467567008586174,0.2781679225989336,0.19356660716378787,
5000,base6,25,148,1,,2534.617512980476,exchangeable_varying_sigma,0.18,fixed,0.18,0.18,fixed,0.18,1.0,constant,anchor_grid,500,0.6,-0.17114791984233113,0.03712425077855599,0.046867628175567035,0.0104030514688645,0.01072474207986969,0.036309718861655044,0.04568844366154655,0.010810155376736921,0.011408612271665605,0.12600328780973097,0.15629392596675903,0.17114791984233113,
5000,base3,25,148,1,,3739.3946322128177,exchangeable_varying_sigma,0.18,fixed,0.18,0.18,fixed,0.18,1.0,mixed,anchor_grid,500,0.9,-0.28731571738343475,0.042813052822178635,0.052836785822140644,0.011927966706908669,0.01483057887129015,0.04046346885998166,0.05056809435588054,0.013518322023024915,0.016522927022381662,0.24724780418959558,0.2769265892915967,0.28731571738343475,
2000,base2,26,149,1,,1556.9447215925902,exchangeable_varying_sigma,0.18,fixed,0.18,0.18,fixed,0.18,1.0,sin2,anchor_grid,500,0.6,-0.15417494002076249,0.030283550992564308,0.039276417413254265,0.007860950438880798,0.009477424956288465,0.027089329940451597,0.03534985398938135,0.007058848823209313,0.008165072431964402,0.15179820510082817,0.1528429465944682,0.15417494002076249,
2000,base2,26,149,1,,1658.2667443938553,exchangeable_varying_sigma,0.18,fixed,0.18,0.18,fixed,0.18,1.0,sin2,anchor_grid,500,0.9,-0.21580944355790987,0.030542818934824283,0.0395853722311791,0.007773915752869204,0.009404003294830097,0.02160545092686893,0.028616701641863793,0.007591536663837856,0.008358372038343758,0.15638721239490302,0.1573561364225455,0.21580944355790987,
5000,base6,25,148,1,,2793.4675419498235,exchangeable_varying_sigma,0.18,fixed,0.18,0.18,fixed,0.18,1.0,constant,anchor_grid,500,0.9,-0.2432929089017437,0.037300403547010794,0.04706098734945347,0.011280653068177979,0.01168306022256224,0.034357753650438874,0.04360981138114887,0.011363837640274058,0.012303811587604687,0.11986808343439388,0.14899669840507127,0.2432929089017437,
5000,base6,25,148,1,,3550.5052441637963,exchangeable_varying_sigma,0.18,fixed,0.18,0.18,fixed,0.18,1.0,constant,anchor_grid,500,0.3,-0.09530400839865621,0.037044957406323076,0.04673140851225462,0.009359797720577948,0.009662114335403486,0.03732916106380458,0.046962329440751814,0.009888972058515938,0.010310225402614209,0.13473413811619878,0.16435087568046844,0.09530400839865621,
5000,base6,25,148,1,,3922.112020397559,exchangeable_varying_sigma,0.18,fixed,0.18,0.18,fixed,0.18,1.0,constant,anchor_grid,500,0.0,-0.017040991636729008,0.035872358139358636,0.04530513806448465,0.01370299720164328,0.01520980090180221,0.03673128273438782,0.04645299353322694,0.014415120079701388,0.016238544975194755,0.1511769125298422,0.18665224581920073,0.017040991636729008,
2000,base6,26,149,1,,1500.8065672237426,exchangeable_varying_sigma,0.18,fixed,0.18,0.18,fixed,0.18,1.0,constant,anchor_grid,500,0.6,-0.24525822660641494,0.04852183943971837,0.06202717746998952,0.012542659051774152,0.014652600132215381,0.04677276027201453,0.059934739154377414,0.012372117777429859,0.014866570556976074,0.0890225165582635,0.1065277840793553,0.24525822660641494,
2000,base6,26,149,1,,1657.8545237071812,exchangeable_varying_sigma,0.18,fixed,0.18,0.18,fixed,0.18,1.0,constant,anchor_grid,500,0.3,-0.13799981624086938,0.04854204912162342,0.062032703455691465,0.012380132895591894,0.014606951641937073,0.0488057953104539,0.06241684968011041,0.011907108534904204,0.014306331023892237,0.08837624970732301,0.10671867935511652,0.13799981624086938,
2000,base6,26,149,1,,1729.2174974698573,exchangeable_varying_sigma,0.18,fixed,0.18,0.18,fixed,0.18,1.0,constant,anchor_grid,500,0.0,0.002118774719358425,0.046449076721712015,0.06156260101309902,0.008227871648185447,0.009571602802321487,0.04730937187685814,0.06269478243706417,0.009276071133305641,0.010645609374472662,0.09754308381220099,0.11533739929580153,0.002118774719358425,
2000,base6,26,149,1,,1804.6198931597173,exchangeable_varying_sigma,0.18,fixed,0.18,0.18,fixed,0.18,1.0,constant,anchor_grid,500,0.9,-0.35133814819975795,0.04843687379066933,0.06209682272812458,0.012415700126442497,0.014360401951037364,0.042769383946104945,0.05517967040230951,0.012656393032802332,0.015088423334065057,0.09190453925954156,0.10879345400481523,0.35133814819975795,
2000,base1,27,150,1,,1001.3292727991939,exchangeable_varying_sigma,0.18,fixed,0.18,0.18,fixed,0.18,1.0,sin,anchor_grid,500,0.0,-0.013376970824390412,0.035987925306344946,0.04858440111075371,0.012935028352054706,0.017433894364253102,0.036074912916331484,0.04875411566552454,0.013445609754414833,0.014950891104310188,0.2576280754921113,0.2727423084670508,0.013376970824390412,
2000,base1,27,150,1,,1323.0259327497333,exchangeable_varying_sigma,0.18,fixed,0.18,0.18,fixed,0.18,1.0,sin,anchor_grid,500,0.6,-0.1389683600194156,0.036455571501350946,0.05060355402990746,0.021649959076266462,0.02200077825910943,0.03246020108464459,0.04497166599701512,0.01867657244825853,0.01928488656805602,0.25146586017025313,0.2687069188499094,0.1389683600194156,
5000,base2,26,149,1,,3937.8116127476096,exchangeable_varying_sigma,0.18,fixed,0.18,0.18,fixed,0.18,1.0,sin2,anchor_grid,500,0.3,-0.041931193017408386,0.020011141130964423,0.025327304815926256,0.007168516187826712,0.0075262539901538505,0.019833127226180067,0.02512194755287199,0.006538348561328705,0.007054586568785533,0.042748268657749,0.049282199842178964,0.041931193017408386,
5000,base2,26,149,1,,4249.288570538163,exchangeable_varying_sigma,0.18,fixed,0.18,0.18,fixed,0.18,1.0,sin2,anchor_grid,500,0.0,-0.01901243583281761,0.020357487747759376,0.025619867675697995,0.006525258685129237,0.008221900563000619,0.020482194548683694,0.02580141194871754,0.0061864502215906725,0.007975989345082934,0.04298690792878115,0.04803520172410866,0.01901243583281761,
2000,base1,27,150,1,,1721.8425737135112,exchangeable_varying_sigma,0.18,fixed,0.18,0.18,fixed,0.18,1.0,sin,anchor_grid,500,0.3,-0.07461596600971859,0.03628342943336422,0.0502036208620805,0.01954647359619624,0.0197340984675437,0.03543474663100351,0.049045727380126,0.017822864960693963,0.018111419711414764,0.24924445143915228,0.2663031544130208,0.07461596600971859,
5000,base2,26,149,1,,3877.128428310156,exchangeable_varying_sigma,0.18,fixed,0.18,0.18,fixed,0.18,1.0,sin2,anchor_grid,500,0.6,-0.07768679478884011,0.01989032816090913,0.025167719762803627,0.00773614251625207,0.008055142071746393,0.0183535683037932,0.023259731651611937,0.007050458617194638,0.007708549817762232,0.04542731545093733,0.053289557555266466,0.07768679478884011,
5000,base6,26,149,1,,2808.4927973430604,exchangeable_varying_sigma,0.18,fixed,0.18,0.18,fixed,0.18,1.0,constant,anchor_grid,500,0.6,-0.1674008712733941,0.03867061347530848,0.048649766231722485,0.0071140325720365355,0.008316702185766337,0.0380617751030108,0.04816054967399563,0.007161850055573321,0.008501949090686467,0.14867634873271582,0.19106785597583723,0.1674008712733941,
2000,base1,27,150,1,,1973.4886648785323,exchangeable_varying_sigma,0.18,fixed,0.18,0.18,fixed,0.18,1.0,sin,anchor_grid,500,0.9,-0.20177578435560062,0.03671076399378986,0.0510739659971967,0.023553734845522367,0.024228284205562157,0.02581935503772464,0.035744552899887976,0.019242126919750566,0.0204046851660458,0.2537697174962021,0.2709659509703226,0.20177578435560062,
5000,base2,26,149,1,,4010.497582504526,exchangeable_varying_sigma,0.18,fixed,0.18,0.18,fixed,0.18,1.0,sin2,anchor_grid,500,0.9,-0.11168171075683386,0.019755440710575445,0.02502900905060748,0.00813430687672817,0.008413826286784129,0.014890259979494735,0.01922713061035969,0.007109611416640502,0.008085268817987209,0.048517196915610336,0.05796950565734599,0.11168171075683386,
5000,base6,26,149,1,,3805.3100506551564,exchangeable_varying_sigma,0.18,fixed,0.18,0.18,fixed,0.18,1.0,constant,anchor_grid,500,0.0,-0.003053114231960612,0.03793940315543387,0.047978789540601065,0.009309162472792815,0.010742119249033328,0.03867823420728607,0.049038679076603746,0.00928513636229214,0.010433668274313105,0.15366036125030705,0.19589949034023407,0.003053114231960612,
5000,base6,26,149,1,,4288.674169428647,exchangeable_varying_sigma,0.18,fixed,0.18,0.18,fixed,0.18,1.0,constant,anchor_grid,500,0.3,-0.08383808609822574,0.038765867759056855,0.048771367839450915,0.006534118358979796,0.007778926639552488,0.0392688732967407,0.04951197939559051,0.0062702039424029354,0.007613547577424236,0.14929034597464697,0.1914865493473664,0.08383808609822574,
2000,base3,27,150,1,,1545.73179785721,exchangeable_varying_sigma,0.18,fixed,0.18,0.18,fixed,0.18,1.0,mixed,anchor_grid,500,0.3,-0.1350783981340158,0.05420104418411049,0.06937086602261806,0.0217865659574505,0.022522245621632603,0.0550095460637602,0.07037397738704718,0.02237924361918245,0.02302841437603298,0.13960217201665925,0.185594844317412,0.1350783981340158,
5000,base6,26,149,1,,4090.3437955919653,exchangeable_varying_sigma,0.18,fixed,0.18,0.18,fixed,0.18,1.0,constant,anchor_grid,500,0.9,-0.25019433923915424,0.03856090702124181,0.0485077114589041,0.0074740252631986664,0.008672775752451293,0.03571425123749904,0.045613899137982576,0.007777962027071983,0.009133304202769286,0.14833414120547245,0.19056161586181125,0.25019433923915424,
2000,base3,27,150,1,,1986.6265491116792,exchangeable_varying_sigma,0.18,fixed,0.18,0.18,fixed,0.18,1.0,mixed,anchor_grid,500,0.0,-0.007685981881595341,0.05330882787172357,0.06834384677530071,0.014323486133158508,0.018257125712124074,0.054678997338715604,0.07001733190096368,0.012678212854685567,0.01685347486533497,0.1289976045324926,0.1716333535468075,0.007685981881595341,
2000,base3,27,150,1,,1911.542698174715,exchangeable_varying_sigma,0.18,fixed,0.18,0.18,fixed,0.18,1.0,mixed,anchor_grid,500,0.6,-0.2582948391851852,0.054495325861792863,0.06978553564058927,0.023758819526293745,0.024438407179363297,0.053536367057335776,0.06819460223099359,0.02422880663602367,0.025058210312234524,0.13698338700109855,0.18316750508408672,0.2582948391851852,
2000,base3,27,150,1,,1852.0454060975462,exchangeable_varying_sigma,0.18,fixed,0.18,0.18,fixed,0.18,1.0,mixed,anchor_grid,500,0.9,-0.3818997221579358,0.05466139499262259,0.0702980398032776,0.025498691759128986,0.02627659480656413,0.05054879038270175,0.06389463383269645,0.026208731221574466,0.027249960457066028,0.13458018103260155,0.18126606270864376,0.3818997221579358,
5000,base1,27,150,1,,2799.4063052963465,exchangeable_varying_sigma,0.18,fixed,0.18,0.18,fixed,0.18,1.0,sin,anchor_grid,500,0.3,-0.0170055957443479,0.021344506006008627,0.027414277128973603,0.004836056705849745,0.005356108088947277,0.021002806561014352,0.02692348801912098,0.0053892721729418,0.006082076681592738,0.08438010785329413,0.10392716762009278,0.0170055957443479,
5000,base1,27,150,1,,3218.485866367817,exchangeable_varying_sigma,0.18,fixed,0.18,0.18,fixed,0.18,1.0,sin,anchor_grid,500,0.9,-0.09889199530912351,0.021287241714432026,0.027383545586917003,0.005712349447671267,0.006074202782338046,0.015964868571159904,0.01944333890475776,0.007003834163388817,0.007658477770521627,0.07595946624410273,0.09397237983440816,0.09889199530912351,
2000,base6,27,150,1,,1596.987772513181,exchangeable_varying_sigma,0.18,fixed,0.18,0.18,fixed,0.18,1.0,constant,anchor_grid,500,0.0,-0.013104585664537883,0.04867435131446688,0.06454039108403736,0.013925460895352848,0.01453870186091675,0.04945077966872105,0.06556603600247668,0.014365481372728528,0.014658298929815024,0.13279392209444557,0.15236916448308135,0.013104585664537883,
5000,base1,27,150,1,,3762.2810597382486,exchangeable_varying_sigma,0.18,fixed,0.18,0.18,fixed,0.18,1.0,sin,anchor_grid,500,0.6,-0.057139278570857543,0.021261351395650954,0.027327712874749437,0.0053148389470901725,0.005774255263700162,0.01934169940506102,0.024542385547821136,0.006377057970159472,0.007078219325025051,0.07985195766018141,0.09825461066075633,0.057139278570857543,
5000,base1,27,150,1,,4348.224131017923,exchangeable_varying_sigma,0.18,fixed,0.18,0.18,fixed,0.18,1.0,sin,anchor_grid,500,0.0,-0.012365516423744376,0.0232617246230364,0.02942840181514246,0.00646033255617913,0.006695969818677838,0.023313853364288015,0.029499786629657795,0.004830825597807981,0.004836374029580067,0.09284339770867393,0.11284701739208963,0.012365516423744376,
2000,base6,27,150,1,,1667.859168201685,exchangeable_varying_sigma,0.18,fixed,0.18,0.18,fixed,0.18,1.0,constant,anchor_grid,500,0.3,-0.10526099221620203,0.04826755633629649,0.06406308737413662,0.0172117414983759,0.01856337107856546,0.048475045277075225,0.0643527241456152,0.01719383392063327,0.018137162996546878,0.11371178510175943,0.12906048830261213,0.10526099221620203,
2000,base6,27,150,1,,1794.4940228108317,exchangeable_varying_sigma,0.18,fixed,0.18,0.18,fixed,0.18,1.0,constant,anchor_grid,500,0.6,-0.20942022619608253,0.04829625679040184,0.06413436136612818,0.019114711108383878,0.020526854968403185,0.046472876424930934,0.061769252539266864,0.018562364176040624,0.01929419431589298,0.11253908694136153,0.12790756372336695,0.20942022619608253,
2000,base6,27,150,1,,1845.27005138807,exchangeable_varying_sigma,0.18,fixed,0.18,0.18,fixed,0.18,1.0,constant,anchor_grid,500,0.9,-0.3122073267871861,0.04847899041638494,0.06422906475845543,0.0208003170629264,0.02245840391391026,0.04263027763777897,0.05685216136111736,0.019838006825811466,0.02046781343727413,0.11312030125520174,0.12869125815316504,0.3122073267871861,
5000,base3,27,150,1,,3954.61520585604,exchangeable_varying_sigma,0.18,fixed,0.18,0.18,fixed,0.18,1.0,mixed,anchor_grid,500,0.3,-0.09442604142166366,0.04330519855043365,0.052921578024906435,0.0033948846159464197,0.0042633843246174755,0.044102617079412224,0.054102854359624156,0.0054750673973706365,0.005726881721979253,0.21927340211835436,0.2509437423493734,0.09442604142166366,
2000,base2,28,151,1,,854.1683668829501,exchangeable_varying_sigma,0.18,fixed,0.18,0.18,fixed,0.18,1.0,sin2,anchor_grid,500,0.3,-0.0679899089157932,0.02932987018276557,0.03762736617834267,0.014943719160074309,0.018050112065923333,0.02836079166808752,0.036675937639776564,0.010599662441210661,0.014682104059779108,0.1392160724040109,0.151493256927756,0.0679899089157932,
5000,base3,27,150,1,,3123.278220685199,exchangeable_varying_sigma,0.18,fixed,0.18,0.18,fixed,0.18,1.0,mixed,anchor_grid,500,0.9,-0.2963709558693902,0.043541489917729076,0.05332210733450976,0.004140327478118988,0.004771760904582256,0.04124197069454011,0.05120096239028688,0.006507158885755038,0.00703153600178539,0.22487564045855551,0.2610072996474789,0.2963709558693902,
5000,base3,27,150,1,,4356.787522945553,exchangeable_varying_sigma,0.18,fixed,0.18,0.18,fixed,0.18,1.0,mixed,anchor_grid,500,0.0,-0.004035579395649231,0.043313607749988645,0.05301855656915684,0.0052947207792236745,0.005365172640867831,0.044445407561757855,0.05452282034663799,0.0036796466403620637,0.004227468260103061,0.20641399672454463,0.23566628217531668,0.004035579395649231,
2000,base2,28,151,1,,1637.2501671724021,exchangeable_varying_sigma,0.18,fixed,0.18,0.18,fixed,0.18,1.0,sin2,anchor_grid,500,0.0,-0.01956522404708173,0.02862428384984262,0.03667269291168129,0.016554354819038275,0.018892534059433003,0.02871443674995768,0.03679828780035424,0.015469615645975501,0.018321250009834568,0.1496088720396221,0.15654640271080203,0.01956522404708173,
2000,base2,28,151,1,,1715.6005226876587,exchangeable_varying_sigma,0.18,fixed,0.18,0.18,fixed,0.18,1.0,sin2,anchor_grid,500,0.6,-0.14528002273053792,0.029622789080027332,0.037969004553054395,0.01613297640685482,0.01943737852003611,0.025766574729535207,0.033509021829257746,0.011153782916391963,0.015812855861559387,0.13415999817988994,0.14492145887238098,0.14528002273053792,
5000,base3,27,150,1,,4304.973479583859,exchangeable_varying_sigma,0.18,fixed,0.18,0.18,fixed,0.18,1.0,mixed,anchor_grid,500,0.6,-0.1953280766756838,0.04337617219457677,0.053059399530019875,0.003812640910348636,0.0045827553616498,0.043120443515896924,0.053020078263231234,0.0062050214632575484,0.0065305182826320375,0.22229724983479238,0.25604597903816617,0.1953280766756838,
2000,base2,28,151,1,,1758.5129056088626,exchangeable_varying_sigma,0.18,fixed,0.18,0.18,fixed,0.18,1.0,sin2,anchor_grid,500,0.9,-0.2234615898034088,0.03006866327271125,0.038534223452122277,0.017064114739328895,0.02058646739137929,0.02025121890807727,0.026678094703272193,0.01195455921159952,0.016893609584426216,0.13079990291727553,0.13952457275581942,0.2234615898034088,
5000,base6,27,150,1,,3482.9606859497726,exchangeable_varying_sigma,0.18,fixed,0.18,0.18,fixed,0.18,1.0,constant,anchor_grid,500,0.0,-0.009144079515556179,0.0378789419665374,0.04792998927836204,0.004864068913939007,0.005455395926689612,0.03877128850069457,0.04911449512541946,0.0038090492487524996,0.0043105857798568705,0.13044343973627998,0.15608844211969677,0.009144079515556179,
2000,base6,28,151,1,,800.6321073528379,exchangeable_varying_sigma,0.18,fixed,0.18,0.18,fixed,0.18,1.0,constant,anchor_grid,500,0.6,-0.22948646321030997,0.04595638053064685,0.05841099004614763,0.019625187865600358,0.023578115974227216,0.04371001485020351,0.05588119575525761,0.019914412668341958,0.025042201926181402,0.11241464330116482,0.13203212278386026,0.22948646321030997,
2000,base6,28,151,1,,1644.0457871370018,exchangeable_varying_sigma,0.18,fixed,0.18,0.18,fixed,0.18,1.0,constant,anchor_grid,500,0.0,-0.02814130624179574,0.04634091398145359,0.0594194034206562,0.017492151925148774,0.023301090411905413,0.04699783518488828,0.06012127420267479,0.01819914933137863,0.024914709335128852,0.10076407724569769,0.12070528098501491,0.02814130624179574,
5000,base2,28,151,1,,2552.0037947930396,exchangeable_varying_sigma,0.18,fixed,0.18,0.18,fixed,0.18,1.0,sin2,anchor_grid,500,0.3,-0.020358959121735243,0.01904580663355036,0.02429058914559646,0.010058835650038178,0.011481362172642114,0.018791940330756842,0.02409324243156721,0.00856047793716841,0.010447471454276753,0.04357485421772537,0.051361616859802665,0.020358959121735243,
2000,base6,28,151,1,,1751.1840323098004,exchangeable_varying_sigma,0.18,fixed,0.18,0.18,fixed,0.18,1.0,constant,anchor_grid,500,0.3,-0.11413958881183076,0.04546140973171035,0.05802170015067402,0.018638518343223803,0.02213287945462237,0.04539509593894683,0.05812398696163398,0.019202839049320464,0.023624656644088658,0.11513293447292762,0.1357531047848393,0.11413958881183076,
5000,base6,27,150,1,,4505.455444363877,exchangeable_varying_sigma,0.18,fixed,0.18,0.18,fixed,0.18,1.0,constant,anchor_grid,500,0.3,-0.053174782114343316,0.03739756775141891,0.04764496363348574,0.006611838803108228,0.007306376177144595,0.03816238361034536,0.048657084066308504,0.007481136359406226,0.008425318727650335,0.1268114454086436,0.15286590014897422,0.053174782114343316,
5000,base6,27,150,1,,4309.292300580069,exchangeable_varying_sigma,0.18,fixed,0.18,0.18,fixed,0.18,1.0,constant,anchor_grid,500,0.6,-0.13915193158880917,0.03716245167222217,0.04738173784074574,0.007057700006870754,0.007709632174876823,0.03717067781248328,0.047488299991951075,0.008080023150741161,0.009295059125567452,0.13254259212100322,0.16053741929965618,0.13915193158880917,
5000,base6,27,150,1,,4164.49528446421,exchangeable_varying_sigma,0.18,fixed,0.18,0.18,fixed,0.18,1.0,constant,anchor_grid,500,0.9,-0.22782288475795298,0.0368751274731913,0.047074953030337006,0.007414783772230371,0.00799885829165138,0.03510528892190736,0.045087448628601236,0.008303197460023587,0.009788504380359109,0.13830952212598419,0.16842865739609383,0.22782288475795298,
2000,base6,28,151,1,,1851.071120198816,exchangeable_varying_sigma,0.18,fixed,0.18,0.18,fixed,0.18,1.0,constant,anchor_grid,500,0.9,-0.34426506977845983,0.04666246639489289,0.0591600464481012,0.020355575311554575,0.024838419142016174,0.040639872962862526,0.051880429196455094,0.021006026728036697,0.026448343630686804,0.108838432901389,0.1277238416622796,0.34426506977845983,
5000,base2,28,151,1,,3829.4943743161857,exchangeable_varying_sigma,0.18,fixed,0.18,0.18,fixed,0.18,1.0,sin2,anchor_grid,500,0.0,0.009846464005030153,0.01908316926286501,0.024514221028719224,0.003928718763512126,0.005026649771846231,0.019216394135315604,0.024736857313863603,0.00424079614362953,0.004383206271481888,0.05170979514681335,0.06186336038165437,0.009846464005030153,
5000,base2,28,151,1,,3641.772229736671,exchangeable_varying_sigma,0.18,fixed,0.18,0.18,fixed,0.18,1.0,sin2,anchor_grid,500,0.6,-0.061081952056911915,0.018978774202363193,0.024165964689263252,0.010702870840161721,0.012056468913470368,0.017287633409855944,0.022308651022066535,0.009645004064723933,0.01165818767138971,0.04050171916590798,0.04746787370805438,0.061081952056911915,
5000,base6,28,151,1,,2509.4932752102613,exchangeable_varying_sigma,0.18,fixed,0.18,0.18,fixed,0.18,1.0,constant,anchor_grid,500,0.0,-0.002570037285272745,0.03770807526259201,0.04719303216418815,0.00521418263211211,0.005765048267095973,0.03850820983393326,0.04826819363795739,0.00426743887019268,0.004666562689808394,0.1379723516432136,0.16283099405511894,0.002570037285272745,
2000,base1,29,152,1,,1056.6681548282504,exchangeable_varying_sigma,0.18,fixed,0.18,0.18,fixed,0.18,1.0,sin,anchor_grid,500,0.9,-0.20527324384930257,0.034951811122085986,0.04631693594892021,0.014169811501688293,0.01745680552604131,0.024825314329774233,0.03302539047776289,0.010149591485642498,0.011491787030995614,0.24079695888119915,0.2649402915980049,0.20527324384930257,
2000,base1,29,152,1,,1354.1437334958464,exchangeable_varying_sigma,0.18,fixed,0.18,0.18,fixed,0.18,1.0,sin,anchor_grid,500,0.6,-0.15179754057494277,0.03534158712218544,0.04680137112139662,0.013801898997529899,0.016324642470628502,0.03177027728357645,0.04211156552984165,0.010688730903081131,0.011803492825123047,0.2358856761655643,0.261022857779862,0.15179754057494277,
2000,base1,29,152,1,,1677.6035454124212,exchangeable_varying_sigma,0.18,fixed,0.18,0.18,fixed,0.18,1.0,sin,anchor_grid,500,0.3,-0.09586030774207577,0.0357147639006373,0.04733326518147429,0.013097554216356153,0.015032429848959547,0.03506971396242758,0.046423032185827696,0.010500973226269916,0.011258304711987202,0.22830485973390482,0.2540673809179442,0.09586030774207577,
5000,base2,28,151,1,,4420.826139746234,exchangeable_varying_sigma,0.18,fixed,0.18,0.18,fixed,0.18,1.0,sin2,anchor_grid,500,0.9,-0.10442554418302552,0.018924892937642296,0.024009816585284744,0.01111999179237802,0.012322730219575933,0.014003653939133474,0.018490809470778545,0.010273521375249589,0.012223408769474892,0.039078714798487894,0.044701750525006495,0.10442554418302552,
2000,base1,29,152,1,,2008.6851907726377,exchangeable_varying_sigma,0.18,fixed,0.18,0.18,fixed,0.18,1.0,sin,anchor_grid,500,0.0,0.015090964796588684,0.036173862423688585,0.0492651448307922,0.009563858486670157,0.01163181798431876,0.03618817797941609,0.04936363141793429,0.007249562056615949,0.007626621934281234,0.21589675571040953,0.23393451087896278,0.015090964796588684,
2000,base3,29,152,1,,896.184950016439,exchangeable_varying_sigma,0.18,fixed,0.18,0.18,fixed,0.18,1.0,mixed,anchor_grid,500,0.0,-0.009271021500417538,0.05187966043476427,0.06709103157782569,0.012271792071205767,0.012449734411324546,0.05327822729922469,0.06886920744908008,0.012781882897034913,0.013528118477792004,0.15674074113579814,0.20293641136411666,0.009271021500417538,
5000,base6,28,151,1,,2695.001559343189,exchangeable_varying_sigma,0.18,fixed,0.18,0.18,fixed,0.18,1.0,constant,anchor_grid,500,0.9,-0.24992561201428765,0.037054510595998964,0.04689804272535993,0.013748911942074865,0.014715660911103497,0.03427143469011302,0.04378504701494846,0.016239705295431672,0.01778742916108641,0.14024255296671267,0.1662232083160404,0.24992561201428765,
5000,base6,28,151,1,,3651.401403706521,exchangeable_varying_sigma,0.18,fixed,0.18,0.18,fixed,0.18,1.0,constant,anchor_grid,500,0.3,-0.07887383836284395,0.03720303311263247,0.04706733697695716,0.012907336186976232,0.014059177113334962,0.03745465093867455,0.04748529358972281,0.014179057131629924,0.015727458679507925,0.13860345925569112,0.16419475842176726,0.07887383836284395,
2000,base3,29,152,1,,1753.447715766728,exchangeable_varying_sigma,0.18,fixed,0.18,0.18,fixed,0.18,1.0,mixed,anchor_grid,500,0.3,-0.1808262554714132,0.05188158902528086,0.06574101066491626,0.007856197885667951,0.009482473321148028,0.05253579128387638,0.06656467163213264,0.009818328384543565,0.011035938195590442,0.1552102283249236,0.20532827375197693,0.1808262554714132,
5000,base6,28,151,1,,4343.354293815792,exchangeable_varying_sigma,0.18,fixed,0.18,0.18,fixed,0.18,1.0,constant,anchor_grid,500,0.6,-0.16361963002497976,0.03715929469660222,0.04699087787452574,0.013463775226541658,0.01456109029870895,0.03627819561156362,0.04610154278835183,0.015449015361429508,0.017077912749796195,0.1393359017772075,0.16499288756989272,0.16361963002497976,
2000,base3,29,152,1,,1848.6371519956738,exchangeable_varying_sigma,0.18,fixed,0.18,0.18,fixed,0.18,1.0,mixed,anchor_grid,500,0.9,-0.39458462839972397,0.05204500196478317,0.06584744485334762,0.009446015773008451,0.011332994601376548,0.04734160832900835,0.05995861585741198,0.00992747907286691,0.012053364368454384,0.15012225070093496,0.20508601906876808,0.39458462839972397,
2000,base3,29,152,1,,2002.5234430618584,exchangeable_varying_sigma,0.18,fixed,0.18,0.18,fixed,0.18,1.0,mixed,anchor_grid,500,0.6,-0.29050421672292176,0.051877497456416226,0.0656557508844752,0.008691360721625435,0.010416930753327,0.050565802670883585,0.06404697942547283,0.010138390025827698,0.011830844907185016,0.15225545559258244,0.20514552245580212,0.29050421672292176,
5000,base1,29,152,1,,4077.1667351778597,exchangeable_varying_sigma,0.18,fixed,0.18,0.18,fixed,0.18,1.0,sin,anchor_grid,500,0.0,-0.00967643762126663,0.022991125894816156,0.02889898806184557,0.013841680271826001,0.01438246969474055,0.022979547153355345,0.028865334485547522,0.015395138168644767,0.015892323738465507,0.06555964596893214,0.0857965058415682,0.00967643762126663,
5000,base3,29,152,1,,2340.6024762280285,exchangeable_varying_sigma,0.18,fixed,0.18,0.18,fixed,0.18,1.0,mixed,anchor_grid,500,0.3,-0.09590377818456125,0.04257205592938311,0.05218284577908791,0.01829646630466371,0.020269816804222865,0.0433532916107408,0.053282813905531155,0.01621086146116059,0.018216552353846307,0.22743115726036944,0.25721106031668106,0.09590377818456125,
2000,base6,29,152,1,,849.4469745326787,exchangeable_varying_sigma,0.18,fixed,0.18,0.18,fixed,0.18,1.0,constant,anchor_grid,500,0.9,-0.313045838112329,0.04752093617705166,0.06179674133410727,0.012237687077654227,0.015309908074211892,0.042953078275714096,0.056327492524954406,0.010671734359020218,0.013373867815220106,0.1134305425712852,0.1358721544940149,0.313045838112329,
5000,base1,29,152,1,,3823.6554210074246,exchangeable_varying_sigma,0.18,fixed,0.18,0.18,fixed,0.18,1.0,sin,anchor_grid,500,0.6,-0.08191975063386814,0.022628213954270948,0.028752782987066974,0.015326872690814633,0.017860840552587534,0.01995120576269107,0.025182120109129607,0.016696755048993678,0.018792641930797906,0.06368901717144465,0.08482007409067893,0.08191975063386814,
5000,base3,29,152,1,,2518.1902898345143,exchangeable_varying_sigma,0.18,fixed,0.18,0.18,fixed,0.18,1.0,mixed,anchor_grid,500,0.6,-0.18911454634401553,0.04250647296597783,0.05209656458847029,0.019546148864835106,0.021721494616962458,0.04228645960383652,0.052060433077410366,0.016933124250877854,0.019118281452795274,0.22438105323583246,0.2536820325611184,0.18911454634401553,
2000,base6,29,152,1,,1874.962150413543,exchangeable_varying_sigma,0.18,fixed,0.18,0.18,fixed,0.18,1.0,constant,anchor_grid,500,0.0,0.0067271667163687834,0.04914778022662124,0.06431424620446377,0.010383305314357674,0.01329877490577164,0.04991921827052166,0.0652892242201582,0.009271516496215798,0.01192159405137854,0.1258713973427671,0.13998801550963963,0.0067271667163687834,
5000,base3,29,152,1,,2435.210093827918,exchangeable_varying_sigma,0.18,fixed,0.18,0.18,fixed,0.18,1.0,mixed,anchor_grid,500,0.9,-0.28098050001576247,0.042459534406381574,0.051988622464958945,0.020466908380209425,0.022841082649794096,0.0400958645724433,0.04984133426557671,0.01703830494367052,0.01940026378051912,0.22144120375922358,0.25034627590183056,0.28098050001576247,
5000,base1,29,152,1,,4330.837990354747,exchangeable_varying_sigma,0.18,fixed,0.18,0.18,fixed,0.18,1.0,sin,anchor_grid,500,0.9,-0.10876393208635049,0.022673534432221285,0.0288075601035251,0.016056808849006052,0.01887376506234023,0.01627206729173559,0.019701604639577347,0.01684822583721292,0.019001666643355657,0.06793873483171682,0.08880404804286446,0.10876393208635049,
5000,base1,29,152,1,,4482.867763325572,exchangeable_varying_sigma,0.18,fixed,0.18,0.18,fixed,0.18,1.0,sin,anchor_grid,500,0.3,-0.05172606462333873,0.022550308100157037,0.02870754773102563,0.014292515464880307,0.01654795876699254,0.021801576092399015,0.027807620433748938,0.01588910703316987,0.017869101019141284,0.06017857278978729,0.08102871325846624,0.05172606462333873,
2000,base6,29,152,1,,1784.4410255365074,exchangeable_varying_sigma,0.18,fixed,0.18,0.18,fixed,0.18,1.0,constant,anchor_grid,500,0.6,-0.2164724191884801,0.04800365768566424,0.06242486271768388,0.0119275062299425,0.014517965085277251,0.04699318639156463,0.06127277105111336,0.011025376136984455,0.013814529464325938,0.11095783878808961,0.13429662682724533,0.2164724191884801,
2000,base6,29,152,1,,1813.353558704257,exchangeable_varying_sigma,0.18,fixed,0.18,0.18,fixed,0.18,1.0,constant,anchor_grid,500,0.3,-0.11838732536218313,0.04846365158178118,0.06300979888151832,0.011334994880317598,0.013614143995685913,0.0491418356698216,0.06385567721058431,0.010912318401493246,0.013528026432299865,0.110347376289004,0.13330251900127094,0.11838732536218313,
5000,base3,29,152,1,,3812.4622959047556,exchangeable_varying_sigma,0.18,fixed,0.18,0.18,fixed,0.18,1.0,mixed,anchor_grid,500,0.0,-0.019536570373147686,0.043224771499181636,0.05284013899641132,0.012955682837035881,0.013399745679279247,0.04435135759725901,0.0543633013872763,0.012540974740343186,0.01302098059662812,0.22923101892732298,0.26008824418746374,0.019536570373147686,
5000,base6,29,152,1,,1167.1325559634715,exchangeable_varying_sigma,0.18,fixed,0.18,0.18,fixed,0.18,1.0,constant,anchor_grid,500,0.9,-0.23513766326650398,0.03700901386003694,0.04685353220478333,0.015528239073804406,0.017781689725977635,0.03434926533509402,0.043884322292523634,0.014014594398809865,0.01643738281705776,0.12685644566858714,0.16440144878754653,0.23513766326650398,
5000,base6,29,152,1,,1545.2548422329128,exchangeable_varying_sigma,0.18,fixed,0.18,0.18,fixed,0.18,1.0,constant,anchor_grid,500,0.3,-0.08178218132984244,0.037054678238407565,0.04690531584963812,0.013509233786096017,0.015270479600423974,0.037475320723858445,0.04753833486180364,0.013071571201147617,0.014955005753359481,0.1331226656719519,0.1725603003577848,0.08178218132984244,
5000,base6,29,152,1,,1610.7565843760967,exchangeable_varying_sigma,0.18,fixed,0.18,0.18,fixed,0.18,1.0,constant,anchor_grid,500,0.6,-0.1591478491279148,0.03705240110244431,0.04688234682097403,0.01467089438755051,0.01667869516947823,0.03642856015960788,0.046263103601441,0.013820595519489026,0.015955127821665506,0.12988708981694735,0.16843756802804627,0.1591478491279148,
5000,base6,29,152,1,,1906.3395438715816,exchangeable_varying_sigma,0.18,fixed,0.18,0.18,fixed,0.18,1.0,constant,anchor_grid,500,0.0,0.023181833165828718,0.03737289379893908,0.04701820889928599,0.016200114246496894,0.017134123634157707,0.03816573981310514,0.04809950020014093,0.015513660065516799,0.01632270631529216,0.1273789027500123,0.17006035957274251,0.023181833165828718,
