image_type,rank,block,block_row,block_col,t,age,A_hat,bootstrap_mean,bootstrap_bias,bootstrap_se,ci_lower_pointwise,ci_upper_pointwise,confidence_level,ci_method,n_success,local_support_pairs,support_ok
roi,1,1,1,1,0.0,18.0,-0.5628127476186092,-0.5060492005598484,0.056763547058760855,0.46444427637254876,-1.3891608777101885,0.42593744259525107,0.95,percentile,500,269,True
roi,1,2,2,1,0.0,18.0,0.8569691517635443,0.8287291696251518,-0.028239982138392516,0.42405793443236683,-0.029609134313376972,1.6417697854269169,0.95,percentile,500,269,True
roi,1,3,3,1,0.0,18.0,-0.40385776229049164,-0.4025333137752921,0.0013244485151995278,0.34899821565836164,-1.0347953216199144,0.24472032750908124,0.95,percentile,500,269,True
roi,1,4,4,1,0.0,18.0,-0.25551500001002414,-0.2446948663770616,0.010820133632962553,0.3351975967652112,-0.8951599871944396,0.43007154913165596,0.95,percentile,500,269,True
roi,1,5,5,1,0.0,18.0,0.37058001711565036,0.33344366694843264,-0.037136350167217724,0.258343414312611,-0.20444406247487484,0.7987400461940527,0.95,percentile,500,269,True
roi,1,6,6,1,0.0,18.0,-0.001976795932060209,0.06351971466954034,0.06549651060160055,0.21384801109133228,-0.3559632101085753,0.5123654367970786,0.95,percentile,500,269,True
roi,1,7,1,2,0.0,18.0,-0.11143650766611678,-0.031897243179133374,0.0795392644869834,0.324253040586608,-0.6952459980636162,0.5625062135055711,0.95,percentile,500,269,True
roi,1,8,2,2,0.0,18.0,0.24060669301831356,0.174643694649746,-0.06596299836856756,0.34010109520880505,-0.45756860987490117,0.7888973272521393,0.95,percentile,500,269,True
roi,1,9,3,2,0.0,18.0,0.5708698412656308,0.5892764256605783,0.018406584394947467,0.3486017008914567,-0.029210990907832635,1.3489477549868567,0.95,percentile,500,269,True
roi,1,10,4,2,0.0,18.0,-0.7908250405036094,-0.8169995380266608,-0.026174497523051454,0.38140426192402066,-1.669110907171357,-0.16269011344946063,0.95,percentile,500,269,True
roi,1,11,5,2,0.0,18.0,-0.24424430313573217,-0.26658602172887985,-0.02234171859314768,0.32299230550424923,-0.905402630917734,0.3550822564581982,0.95,percentile,500,269,True
roi,1,12,6,2,0.0,18.0,0.30772231545360124,0.34100877304786154,0.0332864575942603,0.22745887838359202,-0.0984981914531968,0.7877325257464158,0.95,percentile,500,269,True
roi,1,1,1,1,0.01,18.61,-0.5423061053063419,-0.4877470786840447,0.054559026622297224,0.4537665305905595,-1.3515167046063363,0.41343128810545543,0.95,percentile,500,269,True
roi,1,2,2,1,0.01,18.61,0.8271333423027246,0.8002264917821518,-0.026906850520572845,0.41264067841606406,-0.03633322725962849,1.590158548129466,0.95,percentile,500,269,True
roi,1,3,3,1,0.01,18.61,-0.3848500127507414,-0.3840341076760956,0.0008159050746457952,0.3392249846203833,-0.9921957650614445,0.24074566303758582,0.95,percentile,500,269,True
roi,1,4,4,1,0.01,18.61,-0.2392677678033274,-0.2287420069628941,0.010525760840433301,0.3265307552514139,-0.8659468939484662,0.42839541891680916,0.95,percentile,500,269,True
roi,1,5,5,1,0.01,18.61,0.34868188830187713,0.31187168068329985,-0.036810207618577284,0.25062072108616257,-0.20791256909275724,0.7674042345978532,0.95,percentile,500,269,True
roi,1,6,6,1,0.01,18.61,0.020876148254612748,0.08529416606410346,0.06441801780949072,0.2088249899669279,-0.3245781182906392,0.5212492511772394,0.95,percentile,500,269,True
roi,1,7,1,2,0.01,18.61,-0.10658740854861606,-0.02975380221814492,0.07683360633047115,0.3170790312102127,-0.6710746297540133,0.5506423612642206,0.95,percentile,500,269,True
roi,1,8,2,2,0.01,18.61,0.2190788618872963,0.154991802098318,-0.0640870597889783,0.332126147137476,-0.4643468527933732,0.7559328682082643,0.95,percentile,500,269,True
roi,1,9,3,2,0.01,18.61,0.5861138533981956,0.6054664978826592,0.01935264448446361,0.3422178851617435,-0.013484205894298516,1.3511384212786044,0.95,percentile,500,269,True
roi,1,10,4,2,0.01,18.61,-0.8163182295749759,-0.8445249663325667,-0.028206736757590778,0.37304380758298433,-1.682834827762671,-0.19795606949064676,0.95,percentile,500,269,True
roi,1,11,5,2,0.01,18.61,-0.2736891753831842,-0.297353968110969,-0.023664792727784767,0.31380536893233457,-0.9254449625148056,0.3035969821871468,0.95,percentile,500,269,True
roi,1,12,6,2,0.01,18.61,0.3192931348699609,0.35227622474327347,0.032983089873312554,0.22214101833052816,-0.0678398849833501,0.7901875651818395,0.95,percentile,500,269,True
roi,1,1,1,1,0.02,19.22,-0.522917918375834,-0.4703554273549365,0.052562491020897495,0.44343878616405036,-1.3131337372798233,0.4016056876629516,0.95,percentile,500,269,True
roi,1,2,2,1,0.02,19.22,0.7989304733712393,0.7733856898176908,-0.0255447835535485,0.4016805724479221,-0.042525427325226337,1.543051372983498,0.95,percentile,500,269,True
roi,1,3,3,1,0.02,19.22,-0.367140563560263,-0.3669118685617234,0.0002286949985395581,0.3299487043912631,-0.9540510739632582,0.2407594316727311,0.95,percentile,500,269,True
roi,1,4,4,1,0.02,19.22,-0.22394688034519017,-0.21374961493346245,0.010197265411727718,0.3182961189981536,-0.8315011876934222,0.4269286982471909,0.95,percentile,500,269,True
roi,1,5,5,1,0.02,19.22,0.3273463408614366,0.29073623978219515,-0.03661010107924145,0.24339506659524557,-0.2116930562782998,0.7346917244784718,0.95,percentile,500,269,True
roi,1,6,6,1,0.02,19.22,0.0422236690300031,0.1057060226978279,0.0634823536678248,0.20405681905763962,-0.29250839245960264,0.5225646459574514,0.95,percentile,500,269,True
roi,1,7,1,2,0.02,19.22,-0.10156263325634635,-0.027137730472955784,0.07442490278339056,0.31027215575851835,-0.6626057611219406,0.5445090032690761,0.95,percentile,500,269,True
roi,1,8,2,2,0.02,19.22,0.19889712228452977,0.13667554357329845,-0.06222157871123132,0.3243341764003191,-0.4723958351228895,0.7282943979448884,0.95,percentile,500,269,True
roi,1,9,3,2,0.02,19.22,0.5993084380935565,0.6193877290964988,0.020079291002942257,0.3359684961184562,0.01107348142638348,1.3542594835350545,0.95,percentile,500,269,True
roi,1,10,4,2,0.02,19.22,-0.8395598473348224,-0.8695758184387168,-0.030015971103894423,0.3649706912688904,-1.6965560594067044,-0.2232707816279865,0.95,percentile,500,269,True
roi,1,11,5,2,0.02,19.22,-0.3018102949824009,-0.3268202800911795,-0.02500998510877861,0.30502111981874974,-0.9389715288530607,0.2575444302767532,0.95,percentile,500,269,True
roi,1,12,6,2,0.02,19.22,0.32998752632184536,0.3627941057981893,0.03280657947634397,0.21707774499848065,-0.04210623220099293,0.7859568445196891,0.95,percentile,500,269,True
roi,1,1,1,1,0.03,19.83,-0.5045058327917051,-0.45374560366267125,0.050760229129033885,0.43340575740740805,-1.2740193250813892,0.3915944469886071,0.95,percentile,500,269,True
roi,1,2,2,1,0.03,19.83,0.7721438355725814,0.7479599967448837,-0.0241838388276977,0.39111181903715125,-0.05272032636546616,1.49721562133388,0.95,percentile,500,269,True
roi,1,3,3,1,0.03,19.83,-0.35055453476237636,-0.35095471300271536,-0.00040017824033899974,0.3210819272455744,-0.9221278474917205,0.24137610358031028,0.95,percentile,500,269,True
roi,1,4,4,1,0.03,19.83,-0.20944692633912645,-0.19958484654958808,0.009862079789538375,0.3104179297557766,-0.803529892354215,0.42897313128674247,0.95,percentile,500,269,True
roi,1,5,5,1,0.03,19.83,0.30654891666999234,0.2700186719101371,-0.036530244759855224,0.2366031285679492,-0.2154704060805164,0.7012506995571729,0.95,percentile,500,269,True
roi,1,6,6,1,0.03,19.83,0.062235175022780684,0.1249188570578793,0.06268368203509862,0.19950086312751386,-0.26549722734998443,0.5264460686496801,0.95,percentile,500,269,True
roi,1,7,1,2,0.03,19.83,-0.09640116293699036,-0.024134903704797903,0.07226625923219246,0.30374998447545826,-0.6355547716002269,0.548120296896154,0.95,percentile,500,269,True
roi,1,8,2,2,0.03,19.83,0.1799081498798154,0.11953292694670062,-0.060375222933114786,0.3167114692369113,-0.47538158428096755,0.6934457551652282,0.95,percentile,500,269,True
roi,1,9,3,2,0.03,19.83,0.6107058443704387,0.6313399427531294,0.020634098382690702,0.32983417899921424,0.03326611086653102,1.3543855119020585,0.95,percentile,500,269,True
roi,1,10,4,2,0.03,19.83,-0.8608224822091697,-0.8924748254566799,-0.031652343247510206,0.3571608600663884,-1.6992604917663527,-0.24723087420938974,0.95,percentile,500,269,True
roi,1,11,5,2,0.03,19.83,-0.3287515046603008,-0.3551379886586491,-0.02638648399834831,0.2966242931199916,-0.9549973915471032,0.2052054900769521,0.95,percentile,500,269,True
roi,1,12,6,2,0.03,19.83,0.33990365937994976,0.3726492512083905,0.03274559182844072,0.21223291852109336,-0.025341521742795095,0.7813642800630477,0.95,percentile,500,269,True
roi,1,1,1,1,0.04,20.44,-0.48695114856006744,-0.43781299824176384,0.0491381503183036,0.423625891440444,-1.241097411923894,0.38452603262351154,0.95,percentile,500,269,True
roi,1,2,2,1,0.04,20.44,0.746594448422559,0.7237506901222814,-0.022843758300277517,0.3808863257694802,-0.06315401310057567,1.4519434139640668,0.95,percentile,500,269,True
roi,1,3,3,1,0.04,20.44,-0.3349475056604518,-0.3359927513798273,-0.0010452457193755316,0.3125634609619316,-0.8968069948883507,0.2458940764928216,0.95,percentile,500,269,True
roi,1,4,4,1,0.04,20.44,-0.19567777944248188,-0.18613878347629648,0.009538995966185404,0.30284327307756304,-0.776726074425718,0.43316060680539525,0.95,percentile,500,269,True
roi,1,5,5,1,0.04,20.44,0.2862626460463291,0.24969750554620215,-0.036565140500126964,0.23019939584977497,-0.22341295713488277,0.6668918982076258,0.95,percentile,500,269,True
roi,1,6,6,1,0.04,20.44,0.08105396503567318,0.14306894352754232,0.06201497849186914,0.19512842340228226,-0.24090239186640422,0.5350640258264564,0.95,percentile,500,269,True
roi,1,7,1,2,0.04,20.44,-0.09113166750163648,-0.0208107664985044,0.07032090100313208,0.297455272942064,-0.615251794445577,0.5463119104453102,0.95,percentile,500,269,True
roi,1,8,2,2,0.04,20.44,0.1619824223272941,0.10342915267993398,-0.058553269647360115,0.30924989239213485,-0.48235000739873773,0.6590282034413862,0.95,percentile,500,269,True
roi,1,9,3,2,0.04,20.44,0.6205153181682868,0.6415671467579659,0.021051828589679134,0.3238054729204861,0.06348519185157825,1.3499122302079627,0.95,percentile,500,269,True
roi,1,10,4,2,0.04,20.44,-0.8803329271602127,-0.9134852004119738,-0.033152273251761066,0.3496013141806329,-1.6987341380871324,-0.28467074863560915,0.95,percentile,500,269,True
roi,1,11,5,2,0.04,20.44,-0.35463599763408826,-0.3824357650123237,-0.027799767378235418,0.28860746281186944,-0.9749829598850009,0.15500859384626123,0.95,percentile,500,269,True
roi,1,12,6,2,0.04,20.44,0.3491263505944366,0.3819164056694688,0.03279005507503219,0.20758113747437731,-0.003920202033253006,0.7773394941895844,0.95,percentile,500,269,True
roi,1,1,1,1,0.05,21.05,-0.4701541291846231,-0.4224715556497705,0.04768257353485261,0.41406748302086976,-1.2091808652714433,0.3802221973544935,0.95,percentile,500,269,True
roi,1,2,2,1,0.05,21.05,0.7221331154021888,0.7005956975194332,-0.02153741788275565,0.3709688675883059,-0.06725299817734066,1.4107651083286132,0.95,percentile,500,269,True
roi,1,3,3,1,0.05,21.05,-0.32019914798555216,-0.32188803745127625,-0.0016888894657240971,0.3043506644880273,-0.8647659671637127,0.24886289626895627,0.95,percentile,500,269,True
roi,1,4,4,1,0.05,21.05,-0.1825620537796899,-0.17332125312442567,0.009240800655264225,0.29553528244359606,-0.7500199233834984,0.4368600885111857,0.95,percentile,500,269,True
roi,1,5,5,1,0.05,21.05,0.26645991229453114,0.2297505127064544,-0.03670939958807673,0.2241513074043944,-0.23434602107624908,0.6325918981958526,0.95,percentile,500,269,True
roi,1,6,6,1,0.05,21.05,0.09880204282751846,0.16027077496038566,0.0614687321328672,0.1909204601857275,-0.22037702236331277,0.5437946295050793,0.95,percentile,500,269,True
roi,1,7,1,2,0.05,21.05,-0.08577555316831632,-0.01721612044620913,0.0685594327221072,0.2913476249547369,-0.6050683083524433,0.539544835289052,0.95,percentile,500,269,True
roi,1,8,2,2,0.05,21.05,0.14500975883184264,0.08825100766265695,-0.05675875116918569,0.30194552270120206,-0.48783551511974316,0.6305918894107935,0.95,percentile,500,269,True
roi,1,9,3,2,0.05,21.05,0.6289121081262237,0.6502704965691196,0.021358388442895948,0.3178796976364618,0.09142792508914452,1.3473497643529007,0.95,percentile,500,269,True
roi,1,10,4,2,0.05,21.05,-0.8982816289595238,-0.9328243317828067,-0.03454270282328287,0.3422869672395809,-1.6967255973720328,-0.3201551591456365,0.95,percentile,500,269,True
roi,1,11,5,2,0.05,21.05,-0.3795697665868235,-0.40882256022157915,-0.029252793634755636,0.2809694283837706,-0.987017636574253,0.10863552548584078,0.95,percentile,500,269,True
roi,1,12,6,2,0.05,21.05,0.3577289573167643,0.39065988305469884,0.03293092573793455,0.2031045788962224,0.020116092840204033,0.7777517920714735,0.95,percentile,500,269,True
roi,1,1,1,1,0.06,21.66,-0.45411092140956383,-0.4077687173347945,0.046342204074769355,0.40466557957995697,-1.175043279740064,0.37806828626847255,0.95,percentile,500,270,True
roi,1,2,2,1,0.06,21.66,0.6989571140524741,0.6788048622566729,-0.020152251795801157,0.36125111355045386,-0.06378972906735383,1.374716161894515,0.95,percentile,500,270,True
roi,1,3,3,1,0.06,21.66,-0.3062962714727137,-0.3086697905239498,-0.002373519051236117,0.2963438387308392,-0.8331953775421735,0.24958490221281962,0.95,percentile,500,270,True
roi,1,4,4,1,0.06,21.66,-0.16975067474647745,-0.1607113515646987,0.009039323181778747,0.28846675789931203,-0.7232137415380813,0.43489088697988276,0.95,percentile,500,270,True
roi,1,5,5,1,0.06,21.66,0.24691088986220427,0.2098799565914309,-0.037030933270773364,0.21839772562674023,-0.24547967438148727,0.6033565216244013,0.95,percentile,500,270,True
roi,1,6,6,1,0.06,21.66,0.11557127543245252,0.1766227554282471,0.06105147999579458,0.18684570380404794,-0.1951709066844149,0.5519755465225656,0.95,percentile,500,270,True
roi,1,7,1,2,0.06,21.66,-0.08050706397087118,-0.013630411258522422,0.06687665271234876,0.28530846619818,-0.592611905995928,0.5282407345847497,0.95,percentile,500,270,True
roi,1,8,2,2,0.06,21.66,0.12903756772206748,0.07413979643712856,-0.05489777128493892,0.2946913551665663,-0.49189240305783954,0.6054612383008695,0.95,percentile,500,270,True
roi,1,9,3,2,0.06,21.66,0.6361583860903279,0.6577326618708511,0.021574275780523178,0.31200353872535985,0.116031392602504,1.344920968989588,0.95,percentile,500,270,True
roi,1,10,4,2,0.06,21.66,-0.9150540113782056,-0.950961540628067,-0.0359075292498614,0.3351782617821711,-1.6914079508418605,-0.3523300657107646,0.95,percentile,500,270,True
roi,1,11,5,2,0.06,21.66,-0.40352575542859703,-0.43426505537565374,-0.03073929994705671,0.27371507443151755,-1.0076773694436427,0.05979324390376013,0.95,percentile,500,270,True
roi,1,12,6,2,0.06,21.66,0.3654884556854862,0.39858152286291876,0.033093067177432545,0.1987702779109379,0.03819778337334052,0.7799310237529811,0.95,percentile,500,270,True
roi,1,1,1,1,0.07,22.27,-0.43858453302763845,-0.3934410991280906,0.045143433899547836,0.39544154562358375,-1.1413037498101495,0.3752313349219568,0.95,percentile,500,271,True
roi,1,2,2,1,0.07,22.27,0.6766712725843173,0.6578769596336278,-0.01879431295068945,0.3518018155404489,-0.06515482793415783,1.3327952766646802,0.95,percentile,500,271,True
roi,1,3,3,1,0.07,22.27,-0.29309917916242184,-0.2961311606940652,-0.0030319815316433574,0.28858790579655363,-0.8090527825750193,0.24905794672659004,0.95,percentile,500,271,True
roi,1,4,4,1,0.07,22.27,-0.15740765174427365,-0.14850247849213025,0.008905173252143406,0.2816085735024869,-0.6945651851955329,0.4247737490345987,0.95,percentile,500,271,True
roi,1,5,5,1,0.07,22.27,0.22764538603177645,0.19015183076057643,-0.03749355527120002,0.2129561344340601,-0.25288570277726646,0.579101188778424,0.95,percentile,500,271,True
roi,1,6,6,1,0.07,22.27,0.13177433768355346,0.19258562124130998,0.06081128355775653,0.18293212607089188,-0.17089694984978981,0.5596445489343084,0.95,percentile,500,271,True
roi,1,7,1,2,0.07,22.27,-0.07536127626003458,-0.010061466569523893,0.06529980969051069,0.27944106699382937,-0.5714519018180029,0.5104460331587188,0.95,percentile,500,271,True
roi,1,8,2,2,0.07,22.27,0.11375155999704993,0.06067026162147644,-0.05308129837557349,0.28758144444289263,-0.4953955717376071,0.5799088551202443,0.95,percentile,500,271,True
roi,1,9,3,2,0.07,22.27,0.6423380884971014,0.6640744616841626,0.02173637318706123,0.3062581996681156,0.13852183585388142,1.340062343881874,0.95,percentile,500,271,True
roi,1,10,4,2,0.07,22.27,-0.9306155433845901,-0.9678511299946503,-0.03723558661006021,0.3283252392312998,-1.682706193876764,-0.37807169353675846,0.95,percentile,500,271,True
roi,1,11,5,2,0.07,22.27,-0.4269227864132807,-0.4592622933936062,-0.032339506980325505,0.26677742557308187,-1.0109876218907932,0.009460962429203095,0.95,percentile,500,271,True
roi,1,12,6,2,0.07,22.27,0.37293101182401533,0.40631712858136176,0.03338611675734643,0.19456226916489158,0.051211490370321015,0.7839139652709685,0.95,percentile,500,271,True
roi,1,1,1,1,0.08,22.88,-0.4232594176474793,-0.3791952320094051,0.04406418563807424,0.3863756614289741,-1.1077650517243736,0.37123676158707775,0.95,percentile,500,271,True
roi,1,2,2,1,0.08,22.88,0.6551598576761203,0.6377309586602942,-0.017428899015826116,0.34262608995264465,-0.06770072280817058,1.2917415384987112,0.95,percentile,500,271,True
roi,1,3,3,1,0.08,22.88,-0.2805463586527425,-0.2841709229106395,-0.0036245642578969783,0.2810693275965616,-0.7856118792161789,0.24747805377543702,0.95,percentile,500,271,True
roi,1,4,4,1,0.08,22.88,-0.14534050848916016,-0.13642120798621984,0.00891930050294032,0.2749060729169768,-0.6608297482444174,0.42199458583980043,0.95,percentile,500,271,True
roi,1,5,5,1,0.08,22.88,0.20828745783552088,0.17009858651568086,-0.03818887131984003,0.2077906652859799,-0.2551054182180987,0.544270424614214,0.95,percentile,500,271,True
roi,1,6,6,1,0.08,22.88,0.14828144193891818,0.20917355434689483,0.06089211240797665,0.17922863082492851,-0.1468368743605024,0.568019295861539,0.95,percentile,500,271,True
roi,1,7,1,2,0.08,22.88,-0.07073551925468462,-0.006975779994459411,0.06375973926022521,0.27383386942999083,-0.5523261169496521,0.49492955537523176,0.95,percentile,500,271,True
roi,1,8,2,2,0.08,22.88,0.09879655419407198,0.04743045706255817,-0.051366097131513806,0.28060236519386444,-0.5048526777088459,0.5456193933173427,0.95,percentile,500,271,True
roi,1,9,3,2,0.08,22.88,0.6477515568712028,0.6696851461082266,0.02193358923702382,0.3007164274785497,0.16017419942593156,1.3303862631226482,0.95,percentile,500,271,True
roi,1,10,4,2,0.08,22.88,-0.9451959110477463,-0.983849210023296,-0.0386532989755497,0.321765417400166,-1.6781812989788123,-0.4068099614538774,0.95,percentile,500,271,True
roi,1,11,5,2,0.08,22.88,-0.4504002590508183,-0.4846300677101873,-0.03422980865936898,0.26001352714143355,-1.0263733375774837,-0.034870941564577054,0.95,percentile,500,271,True
roi,1,12,6,2,0.08,22.88,0.38062631991584017,0.4145434487910505,0.03391712887521031,0.19040543813485172,0.06766371112870681,0.7848104614214169,0.95,percentile,500,271,True
roi,1,1,1,1,0.09,23.490000000000002,-0.4084914249154159,-0.3654150455173824,0.04307637939803349,0.37741032932868757,-1.0752271902969668,0.36663550481727586,0.95,percentile,500,272,True
roi,1,2,2,1,0.09,23.490000000000002,0.6342172930142554,0.6180740385009066,-0.01614325451334886,0.3337182187763653,-0.07035029503369292,1.2573080521519544,0.95,percentile,500,272,True
roi,1,3,3,1,0.09,23.490000000000002,-0.268473919037153,-0.27265208932105356,-0.004178170283900551,0.2737927301166462,-0.7623075547529282,0.2420164712456365,0.95,percentile,500,272,True
roi,1,4,4,1,0.09,23.490000000000002,-0.1337867580414881,-0.12485188749482999,0.008934870546658105,0.26842197438042975,-0.6255906296051914,0.41420978172609535,0.95,percentile,500,272,True
roi,1,5,5,1,0.09,23.490000000000002,0.18940515588060114,0.1504730240906016,-0.03893213178999955,0.2029681497229196,-0.26323400302696204,0.5186128252410535,0.95,percentile,500,272,True
roi,1,6,6,1,0.09,23.490000000000002,0.1639540998606169,0.2249761031566922,0.061022003296075294,0.17566927508382776,-0.12423503311910002,0.5735473000405992,0.95,percentile,500,272,True
roi,1,7,1,2,0.09,23.490000000000002,-0.06610199220131986,-0.0037581704178741866,0.06234382178344568,0.26832840500771665,-0.5378427488795238,0.4855130922819825,0.95,percentile,500,272,True
roi,1,8,2,2,0.09,23.490000000000002,0.08459144391203154,0.03491929388636811,-0.04967215002566343,0.27381004736181835,-0.5134713773730254,0.5200029237453045,0.95,percentile,500,272,True
roi,1,9,3,2,0.09,23.490000000000002,0.6521342254512826,0.6741971916578017,0.02206296620651904,0.2953166720801354,0.17521351076909744,1.3215417465756285,0.95,percentile,500,272,True
roi,1,10,4,2,0.09,23.490000000000002,-0.9586001688908893,-0.9985867068177998,-0.03998653792691054,0.31553289828205394,-1.6815699572056353,-0.43896188206582004,0.95,percentile,500,272,True
roi,1,11,5,2,0.09,23.490000000000002,-0.4730990880661834,-0.5092227544167218,-0.03612366635053843,0.2537615486309969,-1.04445835921739,-0.07199085377068873,0.95,percentile,500,272,True
roi,1,12,6,2,0.09,23.490000000000002,0.3879212308858122,0.4224361190446148,0.034514888158802604,0.18639855779670503,0.08570835366139264,0.7832364365548429,0.95,percentile,500,272,True
roi,1,1,1,1,0.1,24.1,-0.3942359227645582,-0.3520681095033288,0.042167813261229425,0.36853214343105156,-1.0498888175772514,0.3614660140161344,0.95,percentile,500,272,True
roi,1,2,2,1,0.1,24.1,0.6137699615096316,0.5988370996526068,-0.014932861857024804,0.3250725571543955,-0.0716651312943919,1.222696854779493,0.95,percentile,500,272,True
roi,1,3,3,1,0.1,24.1,-0.2568359454510735,-0.2615273840336917,-0.004691438582618168,0.26675734569156195,-0.7391588854047407,0.23449236423179526,0.95,percentile,500,272,True
roi,1,4,4,1,0.1,24.1,-0.12270707728907498,-0.11374638332147023,0.008960693967604752,0.26215430697953757,-0.5975014155059519,0.40519227246316897,0.95,percentile,500,272,True
roi,1,5,5,1,0.1,24.1,0.17094651325199567,0.13120930363208802,-0.03973720961990765,0.1984841101659329,-0.27054131170888956,0.4991556393004792,0.95,percentile,500,272,True
roi,1,6,6,1,0.1,24.1,0.1789238372298889,0.24014636250476687,0.06122252527487798,0.17225544628648948,-0.10734037104684294,0.582619382695495,0.95,percentile,500,272,True
roi,1,7,1,2,0.1,24.1,-0.061535663205093113,-0.0005134215582294513,0.061022241646863665,0.2629174338305573,-0.5244388024070544,0.47399618442678054,0.95,percentile,500,272,True
roi,1,8,2,2,0.1,24.1,0.07106827260534994,0.023065095923992397,-0.04800317668135754,0.2672014751258143,-0.520184603884853,0.49633061001145984,0.95,percentile,500,272,True
roi,1,9,3,2,0.1,24.1,0.6555843234671952,0.6777226386828206,0.02213831521562537,0.290071713785518,0.18762449400157827,1.3080469479441525,0.95,percentile,500,272,True
roi,1,10,4,2,0.1,24.1,-0.9709177901150294,-1.01216088002398,-0.04124308990895065,0.309638016568747,-1.685467441110659,-0.46353420730936473,0.95,percentile,500,272,True
roi,1,11,5,2,0.1,24.1,-0.4951171354449282,-0.5331519137472271,-0.038034778302298955,0.24801829691932617,-1.0708490482618291,-0.10660471263165863,0.95,percentile,500,272,True
roi,1,12,6,2,0.1,24.1,0.39491167928162424,0.4301078245670955,0.03519614528547127,0.18252533229273937,0.10142119306487483,0.7819134810367896,0.95,percentile,500,272,True
roi,1,1,1,1,0.11,24.71,-0.38050774972895723,-0.33915324670044145,0.04135450302851579,0.3598479318618263,-1.016935266041288,0.36132040928737286,0.95,percentile,500,272,True
roi,1,2,2,1,0.11,24.71,0.5938454651908862,0.5800400970010479,-0.013805368189838352,0.31668933553669326,-0.07097278420332948,1.1883709692869233,0.95,percentile,500,272,True
roi,1,3,3,1,0.11,24.71,-0.24555946225842287,-0.250716832488069,-0.005157370229646102,0.25998244387507635,-0.7203726224319118,0.23156951727716582,0.95,percentile,500,272,True
roi,1,4,4,1,0.11,24.71,-0.11208540469585877,-0.10309755167685535,0.008987853019003428,0.256110650050959,-0.5811152974048701,0.4069870732580636,0.95,percentile,500,272,True
roi,1,5,5,1,0.11,24.71,0.15310059029029893,0.11255815873650937,-0.04054243155378956,0.19433153388196708,-0.2758086493523471,0.47786204363264445,0.95,percentile,500,272,True
roi,1,6,6,1,0.11,24.71,0.19298438769923548,0.2544134382616217,0.061429050562386234,0.16899578564100812,-0.08473369785760598,0.5892698670818773,0.95,percentile,500,272,True
roi,1,7,1,2,0.11,24.71,-0.056729671489210654,0.0031265901132309115,0.05985626160244156,0.25760883989501154,-0.5109021884043103,0.4587191726092063,0.95,percentile,500,272,True
roi,1,8,2,2,0.11,24.71,0.05815999492727896,0.011789085861875243,-0.04637090906540372,0.26082180960635865,-0.5238959991452318,0.4762252875421546,0.95,percentile,500,272,True
roi,1,9,3,2,0.11,24.71,0.65818734136313,0.6803463277796634,0.022158986416533466,0.2849841616302594,0.19921677412166128,1.2958128682618537,0.95,percentile,500,272,True
roi,1,10,4,2,0.11,24.71,-0.9823452623145492,-1.0247791500614076,-0.04243388774685841,0.3040601769585043,-1.6678647155242863,-0.4886590400422284,0.95,percentile,500,272,True
roi,1,11,5,2,0.11,24.71,-0.5164022527161368,-0.5563248723741456,-0.03992261965800881,0.24280515912826003,-1.0918214314697228,-0.13300734601205924,0.95,percentile,500,272,True
roi,1,12,6,2,0.11,24.71,0.4014847276414104,0.4373982030891799,0.035913475447769516,0.17885274354188535,0.1123970972625073,0.7807661807124378,0.95,percentile,500,272,True
roi,1,1,1,1,0.12,25.32,-0.36724001447090643,-0.3265965542522913,0.040643460218615146,0.35134374867760837,-0.9894108277288459,0.3631540076513776,0.95,percentile,500,272,True
roi,1,2,2,1,0.12,25.32,0.5743887125060101,0.5616272305545748,-0.012761481951435338,0.30856636197636456,-0.07013888709910544,1.1541786700856427,0.95,percentile,500,272,True
roi,1,3,3,1,0.12,25.32,-0.23461839926299807,-0.24019855318969496,-0.00558015392669689,0.2534716735862605,-0.7000208881254345,0.2262760883176138,0.95,percentile,500,272,True
roi,1,4,4,1,0.12,25.32,-0.10188333363695495,-0.09285920405043388,0.009024129586521074,0.25029343297805545,-0.5626009665589615,0.41210531739621714,0.95,percentile,500,272,True
roi,1,5,5,1,0.12,25.32,0.1358205268725585,0.09446334345600853,-0.04135718341654997,0.19050526482808774,-0.28640676896277173,0.4524733317064263,0.95,percentile,500,272,True
roi,1,6,6,1,0.12,25.32,0.20621246934615786,0.2678617546389816,0.061649285292823736,0.16589052172566277,-0.06552304806511777,0.5969849930085717,0.95,percentile,500,272,True
roi,1,7,1,2,0.12,25.32,-0.051714747148154376,0.007107666620370408,0.05882241376852478,0.2523999059811435,-0.4960907636453477,0.4471071369714411,0.95,percentile,500,272,True
roi,1,8,2,2,0.12,25.32,0.04581673954929198,0.0010425105891074314,-0.04477422896018455,0.2546755059367246,-0.5240640692273049,0.45185034497923643,0.95,percentile,500,272,True
roi,1,9,3,2,0.12,25.32,0.6600071877870807,0.6821362300943834,0.022129042307302726,0.28006726855193226,0.20464836693955735,1.287955220432686,0.95,percentile,500,272,True
roi,1,10,4,2,0.12,25.32,-0.9929431837024276,-1.0365023494061572,-0.04355916570372953,0.298809509388136,-1.651245199475108,-0.49838820311247417,0.95,percentile,500,272,True
roi,1,11,5,2,0.12,25.32,-0.5370111884755938,-0.5787986953249677,-0.041787506849373934,0.23812362874918042,-1.1075399259759635,-0.15454238164466733,0.95,percentile,500,272,True
roi,1,12,6,2,0.12,25.32,0.40767237574798004,0.4443327963490559,0.03666042060107588,0.1753726635873499,0.12288610399149479,0.7796734461963234,0.95,percentile,500,272,True
roi,1,1,1,1,0.13,25.93,-0.3543771018187243,-0.31434106754049373,0.04003603427823055,0.34300924555734885,-0.9628186640620899,0.3573170884685047,0.95,percentile,500,272,True
roi,1,2,2,1,0.13,25.93,0.5553525740322471,0.543552766069832,-0.011799807962415088,0.30070486068419955,-0.06921904202842756,1.1129475844778507,0.95,percentile,500,272,True
roi,1,3,3,1,0.13,25.93,-0.22398868574075456,-0.22995120245880865,-0.0059625167180540894,0.2472326056366224,-0.6772297268615408,0.2313657081378718,0.95,percentile,500,272,True
roi,1,4,4,1,0.13,25.93,-0.09206678284626263,-0.08299173114436133,0.009075051701901302,0.24470806015071203,-0.5434772275326462,0.4082090653985916,0.95,percentile,500,272,True
roi,1,5,5,1,0.13,25.93,0.11906486758478721,0.0768766998154925,-0.04218816776929471,0.18700357069072282,-0.2899416573679121,0.4318089075571441,0.95,percentile,500,272,True
roi,1,6,6,1,0.13,25.93,0.2186752702059455,0.28056397811743294,0.061888707911487456,0.16294237936855324,-0.04825880408940942,0.6056776326123834,0.95,percentile,500,272,True
roi,1,7,1,2,0.13,25.93,-0.04651617307732532,0.011386297041689857,0.05790247011901518,0.2472897832182615,-0.47538712539939987,0.4386047325175807,0.95,percentile,500,272,True
roi,1,8,2,2,0.13,25.93,0.0339944130938985,-0.009217589089087059,-0.04321200218298556,0.24876969556926803,-0.5261453737275299,0.43301378487121184,0.95,percentile,500,272,True
roi,1,9,3,2,0.13,25.93,0.6611008200635815,0.6831536293832754,0.02205280931969389,0.27533560268163193,0.21527483487273313,1.277475691409304,0.95,percentile,500,272,True
roi,1,10,4,2,0.13,25.93,-1.0027665809805513,-1.0473879237884547,-0.04462134280790342,0.2938984640758764,-1.6525951717171297,-0.5120151231638651,0.95,percentile,500,272,True
roi,1,11,5,2,0.13,25.93,-0.5569948140070042,-0.6006259727314293,-0.04363115872442502,0.23397806782970793,-1.1214802708187859,-0.17177835358286905,0.95,percentile,500,272,True
roi,1,12,6,2,0.13,25.93,0.41350372013021974,0.4509365657817308,0.03743284565151106,0.17208007597725664,0.13933082960697415,0.7786192766390349,0.95,percentile,500,272,True
roi,1,1,1,1,0.14,26.54,-0.34187237497744355,-0.30234196828259724,0.03953040669484631,0.3348368763337628,-0.9372942132404682,0.35035524884041375,0.95,percentile,500,272,True
roi,1,2,2,1,0.14,26.54,0.5366964534185202,0.5257786406961846,-0.010917812722335607,0.29310901463544126,-0.0745474110722899,1.0754394589220626,0.95,percentile,500,272,True
roi,1,3,3,1,0.14,26.54,-0.2136482144816352,-0.21995457393002552,-0.0063063594483903085,0.24127598522790247,-0.659268282791157,0.2386513145190869,0.95,percentile,500,272,True
roi,1,4,4,1,0.14,26.54,-0.08260543954744971,-0.07346090178033958,0.009144537767110134,0.23936237871878807,-0.5206594089038459,0.40192616690594535,0.95,percentile,500,272,True
roi,1,5,5,1,0.14,26.54,0.10279683166001136,0.059756680014714667,-0.04304015164529669,0.18382718287700933,-0.29981688906896975,0.41273993365460526,0.95,percentile,500,272,True
roi,1,6,6,1,0.14,26.54,0.2304318535451091,0.29258300471008875,0.06215115116497966,0.16015590649188405,-0.028901886924789812,0.613887652668922,0.95,percentile,500,272,True
roi,1,7,1,2,0.14,26.54,-0.04115496561318953,0.015926981130937934,0.05708194674412746,0.24227905907751673,-0.4570138177488993,0.43387428935310796,0.95,percentile,500,272,True
roi,1,8,2,2,0.14,26.54,0.022653929077464583,-0.019029129225804287,-0.04168305830326887,0.24311372787754046,-0.5285432606562793,0.4150999588719408,0.95,percentile,500,272,True
roi,1,9,3,2,0.14,26.54,0.6615190952998302,0.68345358728999,0.021934491990159732,0.2708047791519385,0.22276295048643302,1.2615781651490485,0.95,percentile,500,272,True
roi,1,10,4,2,0.14,26.54,-1.0118653503281954,-1.0574891969956237,-0.04562384666742836,0.2893411283170658,-1.6530305928312496,-0.5248839040683193,0.95,percentile,500,272,True
roi,1,11,5,2,0.14,26.54,-0.576398747158394,-0.6218545888737197,-0.045455841715325684,0.2303744555508918,-1.1359569608627293,-0.19837465863857748,0.95,percentile,500,272,True
roi,1,12,6,2,0.14,26.54,0.4190051362606064,0.4572331034359185,0.03822796717531207,0.16897237468768025,0.15256617723531435,0.7811617971953538,0.95,percentile,500,272,True
roi,1,1,1,1,0.15,27.15,-0.3296864222177157,-0.29056338460678005,0.03912303761093566,0.3268213699183232,-0.9119691072427117,0.3401588376173286,0.95,percentile,500,272,True
roi,1,2,2,1,0.15,27.15,0.5183851636147985,0.508272776155365,-0.010112387459433436,0.2857856162373329,-0.08152558483805362,1.0392231888689099,0.95,percentile,500,272,True
roi,1,3,3,1,0.15,27.15,-0.2035767482282463,-0.21018985643195837,-0.006613108203712054,0.23561519378977186,-0.6483155257400632,0.24576393117608739,0.95,percentile,500,272,True
roi,1,4,4,1,0.15,27.15,-0.0734722794761606,-0.06423693871317893,0.009235340762981673,0.23426627287407534,-0.5008684819737635,0.39374329177491346,0.95,percentile,500,272,True
roi,1,5,5,1,0.15,27.15,0.08698369763843065,0.043067206439352315,-0.04391649119907834,0.18097853901752717,-0.30988105162840035,0.3937030659474922,0.95,percentile,500,272,True
roi,1,6,6,1,0.15,27.15,0.24153432304715453,0.3039735540849751,0.06243923103782059,0.15753698280427275,-0.008937697840709451,0.6206110430768316,0.95,percentile,500,272,True
roi,1,7,1,2,0.15,27.15,-0.03564876105849933,0.02070035408694406,0.05634911514544339,0.23736948028145344,-0.44051566487606053,0.4332115175095489,0.95,percentile,500,272,True
roi,1,8,2,2,0.15,27.15,0.011760550178047379,-0.028425649006044294,-0.04018619918409167,0.23771882354283425,-0.5302810466872305,0.3929027636722138,0.95,percentile,500,272,True
roi,1,9,3,2,0.15,27.15,0.661307512577697,0.6830855125309551,0.02177799995325802,0.26649125001316004,0.22291576762790424,1.2451892443622037,0.95,percentile,500,272,True
roi,1,10,4,2,0.15,27.15,-1.020284708639608,-1.066855184143614,-0.04657047550400595,0.28515267578911213,-1.6461856704377889,-0.5473844346195574,0.95,percentile,500,272,True
roi,1,11,5,2,0.15,27.15,-0.5952639294964956,-0.6425278666795612,-0.04726393718306554,0.22731930643879678,-1.1377366544458758,-0.22306258628940756,0.95,percentile,500,272,True
roi,1,12,6,2,0.15,27.15,0.42420049439580443,0.46324430173681386,0.03904380734100943,0.16604884059025082,0.16077822840897366,0.7839415596721856,0.95,percentile,500,272,True
roi,1,1,1,1,0.16,27.759999999999998,-0.31683297348418943,-0.27754743442302865,0.03928553906116078,0.3189156663507958,-0.8855008995721306,0.33124269097441883,0.95,percentile,500,273,True
roi,1,2,2,1,0.16,27.759999999999998,0.49994117774634783,0.4903798022971193,-0.009561375449228526,0.27870976347158105,-0.09317848005357564,1.002543676182377,0.95,percentile,500,273,True
roi,1,3,3,1,0.16,27.759999999999998,-0.1935896069086178,-0.20038679899765713,-0.006797192089039339,0.23021162021501876,-0.6348369323917736,0.2459106307353448,0.95,percentile,500,273,True
roi,1,4,4,1,0.16,27.759999999999998,-0.06442059433093113,-0.05495606024808144,0.009464534082849689,0.22935830172110544,-0.4838826442612803,0.38672045434864216,0.95,percentile,500,273,True
roi,1,5,5,1,0.16,27.759999999999998,0.07153377430170563,0.026709480608315007,-0.044824293693390624,0.1784095336613063,-0.31952500938211015,0.37157341968199226,0.95,percentile,500,273,True
roi,1,6,6,1,0.16,27.759999999999998,0.2519699506776048,0.3147473659062789,0.06277741522867408,0.15507820863689503,0.008191224759542821,0.6213041417586092,0.95,percentile,500,273,True
roi,1,7,1,2,0.16,27.759999999999998,-0.02935084908046759,0.02669527768976862,0.05604612677023621,0.23256989917067156,-0.4278566213292473,0.4338261781281865,0.95,percentile,500,273,True
roi,1,8,2,2,0.16,27.759999999999998,0.0009752368539847912,-0.037874362904613636,-0.038849599758598426,0.23248000397547497,-0.5237309903161812,0.3739457632165875,0.95,percentile,500,273,True
roi,1,9,3,2,0.16,27.759999999999998,0.6605833829600294,0.6822877897993085,0.0217044068392791,0.2624888358613575,0.22217458766842907,1.2330712938237662,0.95,percentile,500,273,True
roi,1,10,4,2,0.16,27.759999999999998,-1.02826560418273,-1.0759285409624813,-0.0476629367797512,0.28148692836607214,-1.638412277922389,-0.5575997032724291,0.95,percentile,500,273,True
roi,1,11,5,2,0.16,27.759999999999998,-0.6140278844753891,-0.6632718727423521,-0.04924398826696297,0.2249158762680961,-1.1414996434310922,-0.24512086434976393,0.95,percentile,500,273,True
roi,1,12,6,2,0.16,27.759999999999998,0.42912287803158433,0.4690523858219712,0.03992950779038684,0.1632952526292538,0.1729721911149518,0.7813829466208687,0.95,percentile,500,273,True
roi,1,1,1,1,0.17,28.37,-0.30446044520924187,-0.26510268537901743,0.03935775983022444,0.3112104350895863,-0.8567130344916354,0.3241822451931914,0.95,percentile,500,273,True
roi,1,2,2,1,0.17,28.37,0.48191464051550575,0.4729042121810593,-0.00901042833444643,0.27194699258057214,-0.0972242285052396,0.9762664599925266,0.95,percentile,500,273,True
roi,1,3,3,1,0.17,28.37,-0.1838796065598898,-0.1908620083633551,-0.0069824018034652935,0.22515169006848915,-0.6078773849759653,0.24923458587425695,0.95,percentile,500,273,True
roi,1,4,4,1,0.17,28.37,-0.05575763658239673,-0.04612285593208188,0.009634780650314846,0.2247401631675942,-0.46748912414149296,0.3882489236270465,0.95,percentile,500,273,True
roi,1,5,5,1,0.17,28.37,0.05661783398375121,0.010934039231288707,-0.04568379475246251,0.1761735030181806,-0.3287393697612821,0.3531648171905043,0.95,percentile,500,273,True
roi,1,6,6,1,0.17,28.37,0.2618648307299192,0.32501437871186845,0.06314954798194927,0.15281001795892243,0.02410055027048456,0.6231301418740125,0.95,percentile,500,273,True
roi,1,7,1,2,0.17,28.37,-0.02302295819835876,0.03269925996142479,0.05572221815978355,0.22789535023175167,-0.41632225382888793,0.43227989197399175,0.95,percentile,500,273,True
roi,1,8,2,2,0.17,28.37,-0.00935372588610922,-0.046876270242751594,-0.03752254435664237,0.22757401928711668,-0.5147958140673319,0.3524342755939438,0.95,percentile,500,273,True
roi,1,9,3,2,0.17,28.37,0.6592580271050353,0.6808252892666534,0.021567262161618084,0.2587171679636698,0.222681139219581,1.228208833939928,0.95,percentile,500,273,True
roi,1,10,4,2,0.17,28.37,-1.0355201677935977,-1.0841353805069718,-0.0486152127133741,0.2781687931209214,-1.6282156624497657,-0.5632394223968235,0.95,percentile,500,273,True
roi,1,11,5,2,0.17,28.37,-0.6320730154363116,-0.6831540978300439,-0.051081082393732324,0.22303888412672898,-1.1454862582884378,-0.27714773568215206,0.95,percentile,500,273,True
roi,1,12,6,2,0.17,28.37,0.43378077612900373,0.47462283790427623,0.0408420617752725,0.16075599020468817,0.18613762247844537,0.7787526270449444,0.95,percentile,500,273,True
roi,1,1,1,1,0.18,28.98,-0.2925210298884188,-0.2531373338586726,0.03938369602974623,0.3036853294114517,-0.8288438438364777,0.3187033009564334,0.95,percentile,500,273,True
roi,1,2,2,1,0.18,28.98,0.464272459852715,0.45580081240814213,-0.00847164744457285,0.2655042286004567,-0.1051033368559027,0.9515364560096128,0.95,percentile,500,273,True
roi,1,3,3,1,0.18,28.98,-0.1744284452051739,-0.1815877311849376,-0.007159285979763702,0.2204529057350779,-0.589021665391838,0.25254061032684033,0.95,percentile,500,273,True
roi,1,4,4,1,0.18,28.98,-0.04745145903938705,-0.03767509067541476,0.00977636836397229,0.22042531224957834,-0.45157617195998695,0.3958579146096281,0.95,percentile,500,273,True
roi,1,5,5,1,0.18,28.98,0.04219714961126883,-0.004327096066812879,-0.04652424567808171,0.1742668500882596,-0.33608071380644555,0.3330903046429301,0.95,percentile,500,273,True
roi,1,6,6,1,0.18,28.98,0.271253390884502,0.33480691350251307,0.06355352261801106,0.15073812348944005,0.04026544926000333,0.6269794216844778,0.95,percentile,500,273,True
roi,1,7,1,2,0.18,28.98,-0.01666887083046774,0.03872085017434809,0.05538972100481583,0.22334146079185946,-0.40116146298406546,0.43066363757845544,0.95,percentile,500,273,True
roi,1,8,2,2,0.18,28.98,-0.019253912181923315,-0.055456458611737175,-0.03620254642981386,0.22300106222194027,-0.5108545574276016,0.3289365106377605,0.95,percentile,500,273,True
roi,1,9,3,2,0.18,28.98,0.6573677669253016,0.678745753438662,0.021377986513360314,0.25520047596238815,0.22696700195267025,1.2225017607876099,0.95,percentile,500,273,True
roi,1,10,4,2,0.18,28.98,-1.0420925478230894,-1.0915496746401083,-0.04945712681701897,0.275228385370011,-1.626892883586454,-0.5768350585124467,0.95,percentile,500,273,True
roi,1,11,5,2,0.18,28.98,-0.649447776034417,-0.7022559883918615,-0.052808212357444595,0.2216833536336433,-1.1501949909934654,-0.31122850454659595,0.95,percentile,500,273,True
roi,1,12,6,2,0.18,28.98,0.43818705920103984,0.47995508698567496,0.04176802778463512,0.15842248625044944,0.19768416406865477,0.7815713774457508,0.95,percentile,500,273,True
roi,1,1,1,1,0.19,29.59,-0.28097383069428966,-0.24158316545704767,0.039390665237241995,0.2963291697653708,-0.7991719005687007,0.3101283913505826,0.95,percentile,500,273,True
roi,1,2,2,1,0.19,29.59,0.4469855157048329,0.43903263443948004,-0.007952881265352874,0.25939162036432645,-0.10531029054433168,0.9284426928970153,0.95,percentile,500,273,True
roi,1,3,3,1,0.19,29.59,-0.16521951333837653,-0.17254137344309528,-0.007321860104718747,0.21613362278563134,-0.5731009528783967,0.25475018990009646,0.95,percentile,500,273,True
roi,1,4,4,1,0.19,29.59,-0.03947413124010299,-0.029565946014579694,0.009908185225523294,0.21642615837437756,-0.43448980624672695,0.3960683463409769,0.95,percentile,500,273,True
roi,1,5,5,1,0.19,29.59,0.028237872146350363,-0.019126181795180303,-0.04736405394153066,0.17268702318752177,-0.34523617113898397,0.31087809213157336,0.95,percentile,500,273,True
roi,1,6,6,1,0.19,29.59,0.28016646961547714,0.34415434052067073,0.06398787090519359,0.14886894096993575,0.053848338975075544,0.6288330270820067,0.95,percentile,500,273,True
roi,1,7,1,2,0.19,29.59,-0.010291792383425898,0.04476437315296854,0.05505616553639443,0.21890750100078293,-0.38752832992675323,0.4329281343520623,0.95,percentile,500,273,True
roi,1,8,2,2,0.19,29.59,-0.02875026755259215,-0.063639102485108,-0.03488883493251585,0.21876686946535318,-0.5105699155640038,0.31044106675436645,0.95,percentile,500,273,True
roi,1,9,3,2,0.19,29.59,0.654945319942844,0.6760901534314584,0.0211448334886144,0.2519598690103744,0.23314649250360991,1.2130295323260873,0.95,percentile,500,273,True
roi,1,10,4,2,0.19,29.59,-1.0480224131371703,-1.0982315070537096,-0.05020909391653938,0.27268819561691904,-1.6374428291407592,-0.5803214570931611,0.95,percentile,500,273,True
roi,1,11,5,2,0.19,29.59,-0.6661954305172466,-0.7206441639076155,-0.05444873339036893,0.22084531705712793,-1.1591240965991867,-0.33649217406048654,0.95,percentile,500,273,True
roi,1,12,6,2,0.19,29.59,0.44235411629504007,0.4850541589320626,0.04270004263702254,0.15629084353897307,0.21321276315897233,0.7849351283742758,0.95,percentile,500,273,True
roi,1,1,1,1,0.2,30.200000000000003,-0.2697836366442377,-0.23038729175047473,0.03939634489376298,0.2891361237647886,-0.7725237830798215,0.30670199066935816,0.95,percentile,500,273,True
roi,1,2,2,1,0.2,30.200000000000003,0.43002806368566,0.4225687279334566,-0.0074593357522033665,0.2536217536676011,-0.09899386876287558,0.9069440650456827,0.95,percentile,500,273,True
roi,1,3,3,1,0.2,30.200000000000003,-0.1562377218513631,-0.16370388323528876,-0.007466161383925668,0.21221285286291613,-0.5633164751711159,0.254749526493947,0.95,percentile,500,273,True
roi,1,4,4,1,0.2,30.200000000000003,-0.03180110728140708,-0.021758573686501647,0.010042533594905433,0.21275525760519728,-0.4217434859278927,0.3941528307968734,0.95,percentile,500,273,True
roi,1,5,5,1,0.2,30.200000000000003,0.014710279128502764,-0.033504952296501724,-0.04821523142500449,0.17143193758518002,-0.3598931186649087,0.2943286314662187,0.95,percentile,500,273,True
roi,1,6,6,1,0.2,30.200000000000003,0.2886317329808259,0.35308319188062554,0.06445145889979964,0.14720915957729158,0.06592441171073599,0.6350529283548345,0.95,percentile,500,273,True
roi,1,7,1,2,0.2,30.200000000000003,-0.0038944657042543174,0.050831923383920674,0.05472638908817499,0.21459499464471415,-0.3721595075543791,0.43509846357553544,0.95,percentile,500,273,True
roi,1,8,2,2,0.2,30.200000000000003,-0.037865372029699626,-0.07144682302825298,-0.03358145099855335,0.21488052897384796,-0.5099670128950113,0.30088544523106886,0.95,percentile,500,273,True
roi,1,9,3,2,0.2,30.200000000000003,0.6520201993537745,0.6728943332477073,0.020874133893932778,0.24901491785218813,0.23616188496926405,1.2062817147592697,0.95,percentile,500,273,True
roi,1,10,4,2,0.2,30.200000000000003,-1.053345471122849,-1.1042314306874408,-0.050885959564591854,0.27056658247751914,-1.640743232549137,-0.5928195044011896,0.95,percentile,500,273,True
roi,1,11,5,2,0.2,30.200000000000003,-0.6823547125154406,-0.7383746779754771,-0.056019965460036514,0.22052042473756564,-1.1726269954486492,-0.3623496552702359,0.95,percentile,500,273,True
roi,1,12,6,2,0.2,30.200000000000003,0.44629373672611683,0.48992774115712695,0.04363400443101012,0.1543598826003963,0.21818126558927242,0.7873073655960509,0.95,percentile,500,273,True
roi,1,1,1,1,0.21,30.81,-0.25891995529598566,-0.2195075036665442,0.03941245162944146,0.2821038939261636,-0.7480219297699384,0.31297787267379334,0.95,percentile,500,273,True
roi,1,2,2,1,0.21,30.81,0.41337724838206596,0.4063827569748654,-0.006994491407200543,0.2482091015261508,-0.09819505352228297,0.8891158535266086,0.95,percentile,500,273,True
roi,1,3,3,1,0.21,30.81,-0.14746934776382234,-0.15505884811844428,-0.007589500354621942,0.20870984746066196,-0.5426455506165564,0.26239354235695234,0.95,percentile,500,273,True
roi,1,4,4,1,0.21,30.81,-0.02441071650439626,-0.014223078534932668,0.010187637969463592,0.20942549277461533,-0.4129275888082403,0.39327303707707284,0.95,percentile,500,273,True
roi,1,5,5,1,0.21,30.81,0.0015881692743907685,-0.047497604802045325,-0.04908577407643609,0.17049953889467429,-0.375112191414316,0.27010159798817873,0.95,percentile,500,273,True
roi,1,6,6,1,0.21,30.81,0.29667403524352925,0.36161737082392653,0.06494333558039728,0.14576542928300634,0.07530995527536723,0.6387993488106496,0.95,percentile,500,273,True
roi,1,7,1,2,0.21,30.81,0.002520739669275411,0.05692433198173637,0.054403592312460954,0.21040703758729148,-0.35694295566739276,0.4337139868135465,0.95,percentile,500,273,True
roi,1,8,2,2,0.21,30.81,-0.04661967667332308,-0.07890048719430413,-0.03228081052098106,0.2113531620373963,-0.502705971953502,0.29118927754144364,0.95,percentile,500,273,True
roi,1,9,3,2,0.21,30.81,0.6486190616005766,0.6691899822467104,0.02057092064613386,0.24638415450685175,0.23612702721830445,1.1952198739302107,0.95,percentile,500,273,True
roi,1,10,4,2,0.21,30.81,-1.0580939122926476,-1.1095928758477567,-0.05149896355510908,0.2688790233236078,-1.6491880828937355,-0.6100601193130817,0.95,percentile,500,273,True
roi,1,11,5,2,0.21,30.81,-0.6979603816530843,-0.7554955382121699,-0.05753515655908559,0.22070312286236557,-1.1884942876635824,-0.37677966915948174,0.95,percentile,500,273,True
roi,1,12,6,2,0.21,30.81,0.45001704891282723,0.4945847116880764,0.04456766277524915,0.15263008858982305,0.2253906334824264,0.7885613139515739,0.95,percentile,500,273,True
roi,1,1,1,1,0.22,31.42,-0.24835624115893648,-0.20890939338580647,0.03944684777313001,0.2752327513156037,-0.7278935006094049,0.31798314080234064,0.95,percentile,500,273,True
roi,1,2,2,1,0.22,31.42,0.3970127026368678,0.390452037694996,-0.006560664941871797,0.24316957126687552,-0.093648987889527,0.8684080727219564,0.95,percentile,500,273,True
roi,1,3,3,1,0.22,31.42,-0.13890189645817222,-0.14659192667866794,-0.007690030220495719,0.2056435825197082,-0.531742824821876,0.26802476280758086,0.95,percentile,500,273,True
roi,1,4,4,1,0.22,31.42,-0.017283748983634575,-0.006934670331060568,0.010349078652574006,0.20644989768260175,-0.4066974987736859,0.3972309759297049,0.95,percentile,500,273,True
roi,1,5,5,1,0.22,31.42,-0.011151630071826122,-0.061132679731334426,-0.0499810496595083,0.16988746353800196,-0.392343837208021,0.2620541021147269,0.95,percentile,500,273,True
roi,1,6,6,1,0.22,31.42,0.30431573097467673,0.3697783866253541,0.06546265565067738,0.14454410849280316,0.08742210487447138,0.6435215572214763,0.95,percentile,500,273,True
roi,1,7,1,2,0.22,31.42,0.008951757374637435,0.06304168312674911,0.054089925752111676,0.2063479120987303,-0.3417272793968868,0.437323663815873,0.95,percentile,500,273,True
roi,1,8,2,2,0.22,31.42,-0.055031714748078706,-0.08601919753042321,-0.030987482782344505,0.2081970015073077,-0.5114068083722034,0.2766188144336971,0.95,percentile,500,273,True
roi,1,9,3,2,0.22,31.42,0.644766008598591,0.6650052986445455,0.020239290045954483,0.2440851608832662,0.23544879672967567,1.1995262281585994,0.95,percentile,500,273,True
roi,1,10,4,2,0.22,31.42,-1.0622967931071345,-1.1143536571449268,-0.052056864037792305,0.2676385339077142,-1.6566619626303905,-0.6243087785931197,0.95,percentile,500,273,True
roi,1,11,5,2,0.22,31.42,-0.7130436961724976,-0.7720483637870664,-0.059004667614568795,0.22138616635879857,-1.208638376608113,-0.3954341774008416,0.95,percentile,500,273,True
roi,1,12,6,2,0.22,31.42,0.4535344966751693,0.4990343487036026,0.04549985202843326,0.15110295647894748,0.23270929068917987,0.7931658310423196,0.95,percentile,500,273,True
roi,1,1,1,1,0.23,32.03,-0.23806927466866573,-0.1985644500836843,0.03950482458498142,0.26852497854454627,-0.7055438452601943,0.319204537625391,0.95,percentile,500,273,True
roi,1,2,2,1,0.23,32.03,0.3809162151586484,0.374756844083049,-0.006159371075599385,0.23852008309328102,-0.0973482948814512,0.8482207732894643,0.95,percentile,500,273,True
roi,1,3,3,1,0.23,32.03,-0.13052397912168698,-0.1382904594912769,-0.007766480369589934,0.20303219087378052,-0.5122416620856605,0.2769431109916287,0.95,percentile,500,273,True
roi,1,4,4,1,0.23,32.03,-0.010403115188071202,0.00012755000229626958,0.010530665190367472,0.20384134357074218,-0.40122583016711144,0.40598020807774415,0.95,percentile,500,273,True
roi,1,5,5,1,0.23,32.03,-0.023529667181992356,-0.07443432315609042,-0.05090465597409806,0.1695927817531489,-0.40716911204230966,0.2559448613169817,0.95,percentile,500,273,True
roi,1,6,6,1,0.23,32.03,0.3115769453646542,0.37758558535964687,0.06600863999499268,0.14355104916035116,0.09956934380091706,0.6464196118067376,0.95,percentile,500,273,True
roi,1,7,1,2,0.23,32.03,0.015396768654288243,0.06918360876894623,0.053786840114657994,0.2024228449339369,-0.326514596797849,0.43614842329913633,0.95,percentile,500,273,True
roi,1,8,2,2,0.23,32.03,-0.06311828940126146,-0.09282036631165472,-0.029702076910393255,0.20542466846543891,-0.513666230634427,0.2689576185107923,0.95,percentile,500,273,True
roi,1,9,3,2,0.23,32.03,0.6404828507900524,0.6603654827615821,0.01988263197152973,0.24213447867732485,0.22663167542094179,1.1909844804753025,0.95,percentile,500,273,True
roi,1,10,4,2,0.23,32.03,-1.0659803665813419,-1.1185470006052927,-0.05256663402395079,0.26685575551386154,-1.6488055707236968,-0.6444061128324661,0.95,percentile,500,273,True
roi,1,11,5,2,0.23,32.03,-0.7276328161210369,-0.7880695551689655,-0.06043673904792857,0.22256036791343728,-1.2196401843193252,-0.40058227410127256,0.95,percentile,500,273,True
roi,1,12,6,2,0.23,32.03,0.4568558398192183,0.5032858910599638,0.04643005124074551,0.14978054128413376,0.239797720075232,0.7958705520376175,0.95,percentile,500,273,True
roi,1,1,1,1,0.24,32.64,-0.22803865810879587,-0.18844873840885037,0.03958991969994549,0.2619845308233023,-0.6884842946568481,0.32029356290178007,0.95,percentile,500,273,True
roi,1,2,2,1,0.24,32.64,0.36507145278295927,0.3592798885065026,-0.005791564276456662,0.23427814646539163,-0.10191464726132714,0.8303860990893036,0.95,percentile,500,273,True
roi,1,3,3,1,0.24,32.64,-0.12232520382519659,-0.13014318650326878,-0.007817982678072197,0.20089237225265089,-0.5014023839173155,0.28371634046145483,0.95,percentile,500,273,True
roi,1,4,4,1,0.24,32.64,-0.0037535642101358987,0.006981429358225067,0.010734993568360966,0.20161217107540333,-0.3964522056223736,0.41081731177032527,0.95,percentile,500,273,True
roi,1,5,5,1,0.24,32.64,-0.035564200331863194,-0.0874231749793947,-0.0518589746475315,0.16961181413706383,-0.4191886623761624,0.24853198031568371,0.95,percentile,500,273,True
roi,1,6,6,1,0.24,32.64,0.318475808594463,0.3850563643439603,0.06658055574949728,0.1427914106984807,0.11128709790250361,0.655575463921327,0.95,percentile,500,273,True
roi,1,7,1,2,0.24,32.64,0.021854158018651666,0.07534946488998578,0.05349530687133412,0.19863784169550217,-0.30785566662924213,0.43261993499638957,0.95,percentile,500,273,True
roi,1,8,2,2,0.24,32.64,-0.07089464000782233,-0.09931982468351024,-0.0284251846756879,0.2030485583094469,-0.5170207061475491,0.25761753292424155,0.95,percentile,500,273,True
roi,1,9,3,2,0.24,32.64,0.6357893364111012,0.6552931233159472,0.019503786904846,0.24054743616936164,0.22444693155420695,1.1633440569331681,0.95,percentile,500,273,True
roi,1,10,4,2,0.24,32.64,-1.0691683685781788,-1.1222022873249484,-0.05303391874676966,0.2665389143830984,-1.6464195406952373,-0.6555053940668641,0.95,percentile,500,273,True
roi,1,11,5,2,0.24,32.64,-0.7417531487289474,-0.8035911608494214,-0.06183801212047402,0.22421452727221705,-1.2285615320280412,-0.41561283025347856,0.95,percentile,500,273,True
roi,1,12,6,2,0.24,32.64,0.45999017010958676,0.5073482924984454,0.047358122388858614,0.14866512652860153,0.24666729164125245,0.7970393508147733,0.95,percentile,500,273,True
roi,1,1,1,1,0.25,33.25,-0.21824640333076847,-0.1785419476052744,0.03970445572549408,0.2556168211726439,-0.6715496324158964,0.3251512504998955,0.95,percentile,500,273,True
roi,1,2,2,1,0.25,33.25,0.3494637269466267,0.3440059220135643,-0.005457804933062416,0.23046141750076488,-0.10742892299043898,0.8115117150599236,0.95,percentile,500,273,True
roi,1,3,3,1,0.25,33.25,-0.11429607885909689,-0.12214003254296563,-0.00784395368386874,0.1992388093795699,-0.4904262414155351,0.27900308980941396,0.95,percentile,500,273,True
roi,1,4,4,1,0.25,33.25,0.002678551194943587,0.013642365566508729,0.010963814371565142,0.19977380624613678,-0.37815206138818935,0.415237057384542,0.95,percentile,500,273,True
roi,1,5,5,1,0.25,33.25,-0.04727147631251475,-0.10011701654306918,-0.052845540230554426,0.16994001439293385,-0.43633266951973565,0.245131229311939,0.95,percentile,500,273,True
roi,1,6,6,1,0.25,33.25,0.32502865928105595,0.39220636599791087,0.06717770671685491,0.14226950063596933,0.12259642902439075,0.6643553794109779,0.95,percentile,500,273,True
roi,1,7,1,2,0.25,33.25,0.028322477601136535,0.0815384405442795,0.053215962943142965,0.19499956324060774,-0.2932753728522687,0.43163358821319836,0.95,percentile,500,273,True
roi,1,8,2,2,0.25,33.25,-0.07837458933850959,-0.10553194289956999,-0.0271573535610604,0.2010802968950481,-0.5219993122759493,0.2484323355345518,0.95,percentile,500,273,True
roi,1,9,3,2,0.25,33.25,0.6307033515664464,0.6498085100078459,0.019105158441399483,0.23933793905173006,0.22302526393790034,1.1389618255042102,0.95,percentile,500,273,True
roi,1,10,4,2,0.25,33.25,-1.0718822663431995,-1.1253456159318787,-0.053463349588679154,0.26669374870330104,-1.6502946168966595,-0.659205881369432,0.95,percentile,500,273,True
roi,1,11,5,2,0.25,33.25,-0.7554276454143828,-0.8186415424801217,-0.06321389706573888,0.22633550055787122,-1.245760847821276,-0.4239039084550122,0.95,percentile,500,273,True
roi,1,12,6,2,0.25,33.25,0.46294593662464767,0.5112300875539307,0.048284150929283065,0.14775896802396207,0.2533286275281957,0.8023059350458844,0.95,percentile,500,273,True
roi,1,1,1,1,0.26,33.86,-0.20867659215076798,-0.16882668761421413,0.03984990453655385,0.24942857925439524,-0.6527436969493406,0.32648701505068056,0.95,percentile,500,273,True
roi,1,2,2,1,0.26,33.86,0.3340797961882077,0.32892142003084024,-0.0051583761573674725,0.2270872317572674,-0.11828937259410743,0.7942934918103045,0.95,percentile,500,273,True
roi,1,3,3,1,0.26,33.86,-0.10642792696862385,-0.1142719391200945,-0.007844012151470653,0.19808362143849959,-0.4893463644092162,0.2788426984532105,0.95,percentile,500,273,True
roi,1,4,4,1,0.26,33.86,0.008905471853517265,0.020123754679003528,0.011218282825486262,0.1983363844122338,-0.3699957697026641,0.42248255761214104,0.95,percentile,500,273,True
roi,1,5,5,1,0.26,33.86,-0.05866596383395651,-0.1125312563452015,-0.05386529251124499,0.17057191137444028,-0.44958149713181245,0.23661577535718362,0.95,percentile,500,273,True
roi,1,6,6,1,0.26,33.86,0.33125022130613413,0.3990496504935771,0.06779942918744297,0.1419886431227733,0.1319093113223619,0.6740219830191299,0.95,percentile,500,273,True
roi,1,7,1,2,0.26,33.86,0.0348004182993248,0.08774962693515903,0.05294920863583423,0.1915152248379901,-0.27890739707851,0.43427266458257113,0.95,percentile,500,273,True
roi,1,8,2,2,0.26,33.86,-0.08557067360049672,-0.11146974988161931,-0.02589907628112259,0.19953025311091035,-0.5327555526458347,0.2492494839346029,0.95,percentile,500,273,True
roi,1,9,3,2,0.26,33.86,0.6252410950375382,0.6439298919034918,0.018688796865953594,0.23851825351619088,0.21718048905447834,1.118451400416798,0.95,percentile,500,273,True
roi,1,10,4,2,0.26,33.86,-1.0741414747300233,-1.1280002419102557,-0.053858767180232414,0.2673234518699862,-1.6562359247586604,-0.6598969486436194,0.95,percentile,500,273,True
roi,1,11,5,2,0.26,33.86,-0.768677058078285,-0.8332458988115978,-0.06456884073331282,0.22890837541876158,-1.2717750923176085,-0.43768783824889007,0.95,percentile,500,273,True
roi,1,12,6,2,0.26,33.86,0.4657309764552882,0.514939323691409,0.04920834723612083,0.1470640905261129,0.2559775451610738,0.8070136782439827,0.95,percentile,500,273,True
roi,1,1,1,1,0.27,34.47,-0.19931509477664736,-0.159287955900582,0.04002713887606535,0.24342775426276747,-0.6337919249221303,0.32835754112517673,0.95,percentile,500,273,True
roi,1,2,2,1,0.27,34.47,0.31890769820674586,0.31401433084219804,-0.004893367364547818,0.22417211558000982,-0.12710106754021366,0.7681382364619479,0.95,percentile,500,273,True
roi,1,3,3,1,0.27,34.47,-0.09871280926424852,-0.1065307292016623,-0.007817919937413778,0.19743588806029588,-0.4842492726664443,0.2895739097185535,0.95,percentile,500,273,True
roi,1,4,4,1,0.27,34.47,0.014938198728585029,0.026437331180727875,0.011499132452142846,0.1973084010172569,-0.3596011200203786,0.42216466047274287,0.95,percentile,500,273,True
roi,1,5,5,1,0.27,34.47,-0.06976055014779495,-0.12467930272355034,-0.05491875257575539,0.1715011032616595,-0.4573087132494508,0.22599158939007402,0.95,percentile,500,273,True
roi,1,6,6,1,0.27,34.47,0.3371537576612393,0.405598848200201,0.0684450905389617,0.14195107763720072,0.13581572452453608,0.6835940881361214,0.95,percentile,500,273,True
roi,1,7,1,2,0.27,34.47,0.04128678623917318,0.09398206185719654,0.05269527561802336,0.18819250626076436,-0.26458750461616626,0.43710497912862073,0.95,percentile,500,273,True
roi,1,8,2,2,0.27,34.47,-0.09249425726470803,-0.11714504644077695,-0.024650789176068916,0.1984071085649998,-0.5474650145725422,0.2438531368758653,0.95,percentile,500,273,True
roi,1,9,3,2,0.27,34.47,0.6194172311696652,0.6376736941305475,0.018256462960882347,0.23809880165764674,0.21052743667779292,1.1199400668212078,0.95,percentile,500,273,True
roi,1,10,4,2,0.27,34.47,-1.0759635446466558,-1.1301869291142643,-0.05422338446760855,0.26842865782456177,-1.6623572234378108,-0.6597097435749841,0.95,percentile,500,273,True
roi,1,11,5,2,0.27,34.47,-0.7815201609478016,-0.8474266867318068,-0.06590652578400513,0.2319167209079242,-1.3109811070325723,-0.45678958828813926,0.95,percentile,500,273,True
roi,1,12,6,2,0.27,34.47,0.46835254800956005,0.5184835332875006,0.050130985277940576,0.14658212522493028,0.25502344387761433,0.8129280994249649,0.95,percentile,500,273,True
roi,1,1,1,1,0.28,35.08,-0.19014933495618402,-0.1499127258495191,0.04023660910666493,0.2376234430863897,-0.6152546974734355,0.3278603239651713,0.95,percentile,500,273,True
roi,1,2,2,1,0.28,35.08,0.3039366063892022,0.2992738713834273,-0.0046627350057749095,0.22173128678657106,-0.13881067842637423,0.7477567395219245,0.95,percentile,500,273,True
roi,1,3,3,1,0.28,35.08,-0.09114345771183806,-0.09890899638655919,-0.007765538674721129,0.19730127573556355,-0.4750442852928015,0.3025700705656863,0.95,percentile,500,273,True
roi,1,4,4,1,0.28,35.08,0.020786634322448632,0.032593432229928644,0.011806797907480012,0.19669640682249945,-0.3551577716075207,0.4171665681134194,0.95,percentile,500,273,True
roi,1,5,5,1,0.28,35.08,-0.08056670744662336,-0.13657285517690074,-0.05600614773027737,0.17272029614098552,-0.4715294413274469,0.2119490838202468,0.95,percentile,500,273,True
roi,1,6,6,1,0.28,35.08,0.3427512044304571,0.4118652935932545,0.06911408916279743,0.14215789027715445,0.14073826306425372,0.6910795160562131,0.95,percentile,500,273,True
roi,1,7,1,2,0.28,35.08,0.04778048343959197,0.10023475850900455,0.05245427506941258,0.18503946510915156,-0.2504136332614849,0.44525602064111897,0.95,percentile,500,273,True
roi,1,8,2,2,0.28,35.08,-0.09915563440522861,-0.12256850965136777,-0.023412875246139164,0.19771749276447317,-0.5532714682446185,0.23897227104639748,0.95,percentile,500,273,True
roi,1,9,3,2,0.28,35.08,0.6132450237162631,0.6310547014546828,0.017809677738419682,0.2380879849473313,0.2053937521006319,1.1182725897056416,0.95,percentile,500,273,True
roi,1,10,4,2,0.28,35.08,-1.0773643275687224,-1.1319242362002409,-0.054559908631518494,0.27000748107694544,-1.6810549354746405,-0.6558313914060822,0.95,percentile,500,273,True
roi,1,11,5,2,0.28,35.08,-0.7939739431663912,-0.8612039649334642,-0.06723002176707293,0.23534288371701453,-1.3443985373533787,-0.465810682279181,0.95,percentile,500,273,True
roi,1,12,6,2,0.28,35.08,0.4708173651362978,0.5218697296334738,0.051052364497175984,0.1463141815630055,0.25842378708715585,0.8185026467981443,0.95,percentile,500,273,True
roi,1,1,1,1,0.29,35.69,-0.18116809298351613,-0.14068962388950754,0.040478469094008596,0.23202583068940796,-0.5968881501617063,0.32393432896522817,0.95,percentile,500,273,True
roi,1,2,2,1,0.29,35.69,0.2891567066748049,0.2846903594380301,-0.004466347236774804,0.21977816194515415,-0.14814565173191666,0.7231268208131576,0.95,percentile,500,273,True
roi,1,3,3,1,0.29,35.69,-0.08371321521107353,-0.0914000126937522,-0.00768679748267867,0.19768179330205032,-0.47284469343975666,0.323935710780923,0.95,percentile,500,273,True
roi,1,4,4,1,0.29,35.69,0.026459703286125624,0.03860120652466773,0.012141503238542108,0.1965047632308929,-0.35475061431514593,0.42392553647978437,0.95,percentile,500,273,True
roi,1,5,5,1,0.29,35.69,-0.091094634185108,-0.14822213559298722,-0.057127501407879214,0.17422137870544557,-0.4872729590768014,0.19805542092200504,0.95,percentile,500,273,True
roi,1,6,6,1,0.29,35.69,0.34805328753911763,0.4178591424929234,0.06980585495380576,0.1426089792318443,0.14487223814014044,0.6967820642738792,0.95,percentile,500,273,True
roi,1,7,1,2,0.29,35.69,0.05428049181876508,0.10650672415725636,0.05222623233849128,0.18206444813527617,-0.23186117234647513,0.4535364710267625,0.95,percentile,500,273,True
roi,1,8,2,2,0.29,35.69,-0.10556411808464258,-0.1277497875306855,-0.022185669446042916,0.19746569531565458,-0.5696532580653708,0.2390149410557142,0.95,percentile,500,273,True
roi,1,9,3,2,0.29,35.69,0.6067364530535518,0.6240862149283223,0.017349761874770442,0.23849204836299998,0.20558043578215185,1.1185198093057358,0.95,percentile,500,273,True
roi,1,10,4,2,0.29,35.69,-1.0783581192783782,-1.1332287533076932,-0.054870634029315024,0.272055615242959,-1.6728063616934226,-0.6571304882284487,0.95,percentile,500,273,True
roi,1,11,5,2,0.29,35.69,-0.8060537763584876,-0.8745956779336693,-0.0685419015751817,0.23916830572152412,-1.3740943055933459,-0.4710920220784196,0.95,percentile,500,273,True
roi,1,12,6,2,0.29,35.69,0.47313163087252164,0.5251044172428083,0.05197278637028668,0.14626074981825243,0.2684307196825405,0.8253937623041459,0.95,percentile,500,273,True
roi,1,1,1,1,0.3,36.3,-0.17236133963604636,-0.1316086727291155,0.04075266690693086,0.22664613277879503,-0.5859313776463486,0.3176089257049803,0.95,percentile,500,273,True
roi,1,2,2,1,0.3,36.3,0.2745590914620703,0.27025507432156753,-0.004304017140502769,0.21832389243104533,-0.16186430649451236,0.7005899686254605,0.95,percentile,500,273,True
roi,1,3,3,1,0.3,36.3,-0.07641598240089438,-0.0839976509090796,-0.007581668508185216,0.19857569403527964,-0.4648630921385811,0.34979135971682723,0.95,percentile,500,273,True
roi,1,4,4,1,0.3,36.3,0.03196545572936111,0.04446878186966258,0.012503326140301467,0.19673547075687756,-0.3499721225589802,0.43243609971297486,0.95,percentile,500,273,True
roi,1,5,5,1,0.3,36.3,-0.10135337545027395,-0.15963607409132383,-0.058282698641049874,0.17599552447583575,-0.5030885683928712,0.1843066427592655,0.95,percentile,500,273,True
roi,1,6,6,1,0.3,36.3,0.35306962449906276,0.4235894744629756,0.07051984996391286,0.14330305470931606,0.14910779409273112,0.7048053517016395,0.95,percentile,500,273,True
roi,1,7,1,2,0.3,36.3,0.06078585984876455,0.1127969720863461,0.05201111223758156,0.17927599700912186,-0.22122013822246606,0.46152918056608,0.95,percentile,500,273,True
roi,1,8,2,2,0.3,36.3,-0.1117281191332982,-0.13269758403572748,-0.020969464902429277,0.19765346624645327,-0.5766929916987382,0.23515210927877117,0.95,percentile,500,273,True
roi,1,9,3,2,0.3,36.3,0.5999023188280924,0.6167801862434744,0.016877867415381997,0.23931499463898917,0.2019424088871024,1.115555264051221,0.95,percentile,500,273,True
roi,1,10,4,2,0.3,36.3,-1.0789577855257382,-1.134115299717772,-0.05515751419203374,0.274566487578876,-1.6797983138265695,-0.6540617271745999,0.95,percentile,500,273,True
roi,1,11,5,2,0.3,36.3,-0.8177735607379607,-0.8876178931521808,-0.06984433241422006,0.24337384186949648,-1.3990554806949933,-0.47573647677863495,0.95,percentile,500,273,True
roi,1,12,6,2,0.3,36.3,0.47530107006773925,0.5281936103967776,0.05289254032903834,0.14642163232225774,0.2780379669251342,0.8300363898015705,0.95,percentile,500,273,True
roi,1,1,1,1,0.31,36.91,-0.16372009553814518,-0.12266108474511374,0.04105901079303144,0.22149653253754373,-0.5716162936829187,0.31732142584573175,0.95,percentile,500,273,True
roi,1,2,2,1,0.31,36.91,0.26013566789967296,0.2559601401934872,-0.004175527706185789,0.21737695419305147,-0.170129220774039,0.6788752241317254,0.95,percentile,500,273,True
roi,1,3,3,1,0.31,36.91,-0.06924617044342136,-0.07669631855366782,-0.0074501481102464545,0.19997752999432006,-0.4570662005672493,0.3629058597721783,0.95,percentile,500,273,True
roi,1,4,4,1,0.31,36.91,0.037311156024358125,0.05020340132187718,0.012892245297519055,0.19738807957483964,-0.3488429312760761,0.4334077355234829,0.95,percentile,500,273,True
roi,1,5,5,1,0.31,36.91,-0.11135092567134328,-0.1708224599096728,-0.059471534238329515,0.17803331300071046,-0.5170565099268882,0.17660338510116746,0.95,percentile,500,273,True
roi,1,6,6,1,0.31,36.91,0.3578088130539978,0.4290643820657749,0.0712555690117771,0.1442376720191788,0.14821282351184337,0.7145300965714004,0.95,percentile,500,273,True
roi,1,7,1,2,0.31,36.91,0.06729569133419384,0.11910452903638609,0.051808837702192245,0.17668274624433108,-0.21041595577813355,0.46633871008131383,0.95,percentile,500,273,True
roi,1,8,2,2,0.31,36.91,-0.11765521552078849,-0.1374197348204167,-0.019764519299628205,0.19827991234609216,-0.5753529882752844,0.23017684764947094,0.95,percentile,500,273,True
roi,1,9,3,2,0.31,36.91,0.5927523298307974,0.6091473333637557,0.016395003532958308,0.24055855465892503,0.189052244987387,1.1173024731980719,0.95,percentile,500,273,True
roi,1,10,4,2,0.31,36.91,-1.0791748719154481,-1.1345970902503717,-0.055422218334923556,0.2775314623842642,-1.6938360186984167,-0.6504726618964232,0.95,percentile,500,273,True
roi,1,11,5,2,0.31,36.91,-0.8291458527273736,-0.9002850004107702,-0.07113914768339658,0.247940062025327,-1.4130453129707303,-0.4802603085623518,0.95,percentile,500,273,True
roi,1,12,6,2,0.31,36.91,0.47733096042907497,0.5311428561026386,0.05381189567356359,0.14679590171069243,0.28255814245347766,0.8363109096776977,0.95,percentile,500,273,True
roi,1,1,1,1,0.32,37.519999999999996,-0.15523631153493087,-0.11383909401040612,0.04139721752452474,0.21659010417919686,-0.5532915952563754,0.3224046091887275,0.95,percentile,500,273,True
roi,1,2,2,1,0.32,37.519999999999996,0.24587907831060063,0.24179842757172662,-0.004080650738874009,0.216942816122049,-0.18355908574941218,0.6658406080057299,0.95,percentile,500,273,True
roi,1,3,3,1,0.32,37.519999999999996,-0.06219865909223221,-0.06949090128679493,-0.0072922421945627175,0.20187835140879523,-0.454251740157182,0.37232721763036103,0.95,percentile,500,273,True
roi,1,4,4,1,0.32,37.519999999999996,0.042503359378173386,0.05581153501166413,0.013308175633490744,0.19845968588147692,-0.3382096485289982,0.44824104489186123,0.95,percentile,500,273,True
roi,1,5,5,1,0.32,37.519999999999996,-0.12109431632593262,-0.18178806488965932,-0.060693748563726696,0.18032486196636496,-0.5319657877686153,0.16591700844719784,0.95,percentile,500,273,True
roi,1,6,6,1,0.32,37.519999999999996,0.3622785083157924,0.43429104849360306,0.07201254017781067,0.14540929491296964,0.14788186146823973,0.721756084930842,0.95,percentile,500,273,True
roi,1,7,1,2,0.32,37.519999999999996,0.07380913589656728,0.12542843957091002,0.05161930367434274,0.17429331210951768,-0.19693060860387415,0.47160717515759254,0.95,percentile,500,273,True
roi,1,8,2,2,0.32,37.519999999999996,-0.12335221335646133,-0.14192327438925437,-0.018571061032793032,0.19934149225003117,-0.5695561688765566,0.21755960747571382,0.95,percentile,500,273,True
roi,1,9,3,2,0.32,37.519999999999996,0.5852951825599222,0.6011972402467521,0.01590205768682995,0.24222221630373084,0.17380221540590945,1.1022072411520276,0.95,percentile,500,273,True
roi,1,10,4,2,0.32,37.519999999999996,-1.0790196998825392,-1.1346858761567573,-0.055666176274218104,0.28094008303891804,-1.6988500614768536,-0.6491496881226806,0.95,percentile,500,273,True
roi,1,11,5,2,0.32,37.519999999999996,-0.8401819765378479,-0.9126098809058962,-0.07242790436804836,0.2528475250521182,-1.426684553196682,-0.48254625986889105,0.95,percentile,500,273,True
roi,1,12,6,2,0.32,37.519999999999996,0.4792261617235355,0.5339572590469887,0.05473109732345316,0.14738188457043766,0.2830188349601426,0.8376349599515409,0.95,percentile,500,273,True
roi,1,1,1,1,0.33,38.13,-0.14690276657066942,-0.10513581850332297,0.041766948067346446,0.2119407167237176,-0.5351403728404182,0.31977895225499137,0.95,percentile,500,273,True
roi,1,2,2,1,0.33,38.13,0.23178263099778693,0.22776346965581357,-0.00401916134197336,0.21702370877988847,-0.1933871033279288,0.6541787588756013,0.95,percentile,500,273,True
roi,1,3,3,1,0.33,38.13,-0.055268759484069244,-0.062376714079432835,-0.007107954595363591,0.20426603204388474,-0.4629588286381548,0.38931720184481416,0.95,percentile,500,273,True
roi,1,4,4,1,0.33,38.13,0.04754797801899835,0.0612989728369385,0.013750994817940149,0.199945012047875,-0.3281739660399601,0.46353210226886904,0.95,percentile,500,273,True
roi,1,5,5,1,0.33,38.13,-0.1305896908032521,-0.19253874513161337,-0.06194905432836126,0.1828599629817172,-0.5484779241808118,0.1507180804585924,0.95,percentile,500,273,True
roi,1,6,6,1,0.33,38.13,0.36648548976380546,0.4392758149106754,0.07279032514686995,0.14681338488082554,0.14694738724168685,0.7303679670062011,0.95,percentile,500,273,True
roi,1,7,1,2,0.33,38.13,0.08032538081840643,0.1317677683325701,0.05144238751416366,0.17211617240404956,-0.18600680632276212,0.48057248377890643,0.95,percentile,500,273,True
roi,1,8,2,2,0.33,38.13,-0.12882520039873913,-0.14621449535022762,-0.0173892949514885,0.20083210683871175,-0.5820469179063394,0.21693776007687635,0.95,percentile,500,273,True
roi,1,9,3,2,0.33,38.13,0.5775386297569733,0.5929384429064477,0.015399813149474362,0.24430331030892877,0.15486837558862768,1.0854244023247783,0.95,percentile,500,273,True
roi,1,10,4,2,0.33,38.13,-1.0785014504044959,-1.1343920648757888,-0.055890614471292954,0.2847803407315852,-1.7151604569810164,-0.6422353790385023,0.95,percentile,500,273,True
roi,1,11,5,2,0.33,38.13,-0.8508921218013675,-0.9246040510673624,-0.0737119292659949,0.25807701779701214,-1.444732498677978,-0.48160258258010014,0.95,percentile,500,273,True
roi,1,12,6,2,0.33,38.13,0.48099114302000323,0.5366415070214724,0.055650364001469166,0.14817716850270385,0.284496196059483,0.8391189082742069,0.95,percentile,500,273,True
roi,1,1,1,1,0.34,38.74,-0.13871298021850126,-0.09654514618325373,0.04216783403524753,0.20756291200887894,-0.5230722260374017,0.31698965326199935,0.95,percentile,500,273,True
roi,1,2,2,1,0.34,38.74,0.217840239937929,0.2138493908163574,-0.003990849121571605,0.21761850917133022,-0.2078665333455286,0.6381253247602858,0.95,percentile,500,273,True
roi,1,3,3,1,0.34,38.74,-0.04845218115748655,-0.05534945886120181,-0.00689727770371526,0.20712569241292259,-0.4587847269477015,0.3966887016802604,0.95,percentile,500,273,True
roi,1,4,4,1,0.34,38.74,0.05245033848594915,0.0666709019117994,0.014220563425850256,0.20183656296781094,-0.32245695399630525,0.4736267298622325,0.95,percentile,500,273,True
roi,1,5,5,1,0.34,38.74,-0.13984236815704465,-0.2030795249945582,-0.06323715683751355,0.1856282149264546,-0.5602250324501545,0.14210770606052664,0.95,percentile,500,273,True
roi,1,6,6,1,0.34,38.74,0.37043571924897484,0.44402423866376095,0.07358851941478611,0.14844451105825968,0.14832746229166496,0.739032097544494,0.95,percentile,500,273,True
roi,1,7,1,2,0.34,38.74,0.08684364399031605,0.13812160083142433,0.05127795684110828,0.17015953803058836,-0.17515649211082304,0.48366458548535857,0.95,percentile,500,273,True
roi,1,8,2,2,0.34,38.74,-0.13407959287655574,-0.15029900046255468,-0.016219407585998935,0.20274327539632553,-0.5916503661540237,0.21370529557455972,0.95,percentile,500,273,True
roi,1,9,3,2,0.34,38.74,0.5694895400141948,0.5843785036338317,0.014888963619636875,0.24679714822370014,0.1385236873187567,1.0663425587421493,0.95,percentile,500,273,True
roi,1,10,4,2,0.34,38.74,-1.077628236826913,-1.1337248220240188,-0.05609658519710581,0.2890389575106821,-1.727570288057465,-0.6438387036998671,0.95,percentile,500,273,True
roi,1,11,5,2,0.34,38.74,-0.8612854290181899,-0.936277785519929,-0.07499235650173908,0.26360975544254606,-1.4775390621667233,-0.4804241249294881,0.95,percentile,500,273,True
roi,1,12,6,2,0.34,38.74,0.4826300079508352,0.5391998958759707,0.05656988792513551,0.14917863014077232,0.28373814741863096,0.84443994240111,0.95,percentile,500,273,True
roi,1,1,1,1,0.35000000000000003,39.35,-0.13066113753130665,-0.08806164014990406,0.04259949738140259,0.20347175175184476,-0.5049276735670291,0.31410839826938936,0.95,percentile,500,273,True
roi,1,2,2,1,0.35000000000000003,39.35,0.2040463720930362,0.2000508451728604,-0.003995526920175796,0.2187227489096038,-0.21984639302011055,0.6162175731900787,0.95,percentile,500,273,True
roi,1,3,3,1,0.35000000000000003,39.35,-0.04174500283187076,-0.048405187623953246,-0.0066601847920824825,0.2104401875478889,-0.46060115477458635,0.4039108315467305,0.95,percentile,500,273,True
roi,1,4,4,1,0.35000000000000003,39.35,0.05721523128666701,0.07193197170164894,0.014716740414981937,0.20412484630930156,-0.3239029448839104,0.4792790481814916,0.95,percentile,500,273,True
roi,1,5,5,1,0.35000000000000003,39.35,-0.14885689718914272,-0.21341466660509778,-0.06455776941595506,0.18861915001816779,-0.5664469854824781,0.14438755035741746,0.95,percentile,500,273,True
roi,1,6,6,1,0.35000000000000003,39.35,0.374134390970175,0.4485411433528073,0.07440675238263234,0.15029647479712588,0.15032080909654247,0.7493804046951946,0.95,percentile,500,273,True
roi,1,7,1,2,0.35000000000000003,39.35,0.09336316773283969,0.14448904320272202,0.05112587546988233,0.16843121834460864,-0.1642552795325401,0.48751309271459176,0.95,percentile,500,273,True
roi,1,8,2,2,0.35000000000000003,39.35,-0.13912017627498421,-0.15418174813109672,-0.01506157185611251,0.20506438279667505,-0.5986852237803829,0.21506780912974632,0.95,percentile,500,273,True
roi,1,9,3,2,0.35000000000000003,39.35,0.5611539493392845,0.5755240748529187,0.014370125513634147,0.24969720468579584,0.11628679648446712,1.056282934785724,0.95,percentile,500,273,True
roi,1,10,4,2,0.35000000000000003,39.35,-1.0764071679264462,-1.1326921582541243,-0.056284990327678086,0.2937016719111738,-1.7384356676843724,-0.6268867232198672,0.95,percentile,500,273,True
roi,1,11,5,2,0.35000000000000003,39.35,-0.8713700642703198,-0.9476402224763909,-0.07627015820607108,0.2694275427360719,-1.5012139328292915,-0.47901667432954204,0.95,percentile,500,273,True
roi,1,12,6,2,0.35000000000000003,39.35,0.48414651800625214,0.5416363534292198,0.05748983542296765,0.15038248118258454,0.2825995822337844,0.8504248083177166,0.95,percentile,500,273,True
roi,1,1,1,1,0.36,39.96,-0.12274202434108854,-0.07968045921918038,0.04306156512190816,0.19968262966646694,-0.4861385088396915,0.31452778704804096,0.95,percentile,500,273,True
roi,1,2,2,1,0.36,39.96,0.19039600136191925,0.18636296360514112,-0.0040330377567781295,0.2203287436546242,-0.2284909584679727,0.6002617170259753,0.95,percentile,500,273,True
roi,1,3,3,1,0.36,39.96,-0.03514364659039433,-0.04154027016181203,-0.006396623571417702,0.2141906250705506,-0.46316540477828194,0.41547855469778044,0.95,percentile,500,273,True
roi,1,4,4,1,0.36,39.96,0.06184695393776721,0.07708634910339582,0.01523939516562861,0.2067986411006197,-0.3319337535525243,0.48478542041281375,0.95,percentile,500,273,True
roi,1,5,5,1,0.36,39.96,-0.15763710201897546,-0.22354772730734743,-0.06591062528837197,0.1918223490697533,-0.590094227247697,0.13874901520523855,0.95,percentile,500,273,True
roi,1,6,6,1,0.36,39.96,0.37758597424634066,0.45283066160841223,0.07524468736207157,0.15236244283191178,0.1516994303480448,0.7594725000373963,0.95,percentile,500,273,True
roi,1,7,1,2,0.36,39.96,0.09988321332378183,0.15086922123288474,0.050986007909102904,0.16693848327825916,-0.15348192862865098,0.4861486726772394,0.95,percentile,500,273,True
roi,1,8,2,2,0.36,39.96,-0.14395114065733483,-0.15786709194211157,-0.01391595128477674,0.20778297944972282,-0.6064326694796713,0.22112378095519472,0.95,percentile,500,273,True
roi,1,9,3,2,0.36,39.96,0.5525371054782302,0.566380953828024,0.013843848349793797,0.2529953342071981,0.08998469534383616,1.051986618504267,0.95,percentile,500,273,True
roi,1,10,4,2,0.36,39.96,-1.074844402226244,-1.1313010030738155,-0.056456600847571536,0.29875351686396046,-1.7487417119541941,-0.6202141761348569,0.95,percentile,500,273,True
roi,1,11,5,2,0.36,39.96,-0.8811532844778196,-0.9586994542234623,-0.07754616974564266,0.27551289787193567,-1.5258714154050952,-0.4773853425088595,0.95,percentile,500,273,True
roi,1,12,6,2,0.36,39.96,0.4855441139523926,0.5439544620143435,0.05841034806195089,0.15178432911739756,0.2786010519318499,0.8562555584462732,0.95,percentile,500,273,True
roi,1,1,1,1,0.37,40.57,-0.11495097145048444,-0.07139729107162318,0.04355368037886126,0.19621104636664824,-0.4648217806714306,0.31702772403264273,0.95,percentile,500,273,True
roi,1,2,2,1,0.37,40.57,0.1768845682885896,0.17278130786973772,-0.004103260418851867,0.22242583245390954,-0.23768270091657703,0.5914923809377894,0.95,percentile,500,273,True
roi,1,3,3,1,0.37,40.57,-0.02864485514814985,-0.03475136578918851,-0.006106510641038662,0.2183568820505384,-0.4680792868871568,0.42925488400117306,0.95,percentile,500,273,True
roi,1,4,4,1,0.37,40.57,0.06634934821473303,0.08213776521850123,0.015788417003768207,0.20984529750332842,-0.33362935800437904,0.4901499482358707,0.95,percentile,500,273,True
roi,1,5,5,1,0.37,40.57,-0.16618612007012892,-0.23348160692740094,-0.06729548685727202,0.1952275436528991,-0.6115129939465519,0.1364933243540538,0.95,percentile,500,273,True
roi,1,6,6,1,0.37,40.57,0.3807942497509584,0.45689627128633553,0.07610202153537715,0.1546350832795637,0.14797455958942687,0.7721401748879686,0.95,percentile,500,273,True
roi,1,7,1,2,0.37,40.57,0.10640305606880468,0.15726127885577706,0.050858222786972385,0.16568792614887398,-0.1467775228879335,0.48626488605021406,0.95,percentile,500,273,True
roi,1,8,2,2,0.37,40.57,-0.14857611099930287,-0.16135881476394512,-0.012782703764642245,0.2108851141696382,-0.614387282518706,0.22787339918250557,0.95,percentile,500,273,True
roi,1,9,3,2,0.37,40.57,0.5436435056007657,0.556954129212519,0.01331062361175328,0.2566820115871067,0.07337227797116318,1.0486340701068546,0.95,percentile,500,273,True
roi,1,10,4,2,0.37,40.57,-1.0729451943255086,-1.1295572672851708,-0.056612072959662196,0.30417908153316287,-1.7571614268348361,-0.5982693982575176,0.95,percentile,500,273,True
roi,1,11,5,2,0.37,40.57,-0.8906414942167566,-0.9694626048365252,-0.0788211106197686,0.2818491423075566,-1.5493088288379837,-0.47699719574119387,0.95,percentile,500,273,True
roi,1,12,6,2,0.37,40.57,0.4868259354432739,0.546157479492861,0.05933154404958707,0.15337924910023748,0.27761512049959325,0.8635655368034122,0.95,percentile,500,273,True
roi,1,1,1,1,0.38,41.18,-0.10728380643722622,-0.0632082957462296,0.04407551069099662,0.19307234714815935,-0.4440046534277332,0.3227114946823804,0.95,percentile,500,273,True
roi,1,2,2,1,0.38,41.18,0.16350794481521586,0.15930183074506346,-0.004206114070152395,0.22500070787915064,-0.2526753885921555,0.5871940126454723,0.95,percentile,500,273,True
roi,1,3,3,1,0.38,41.18,-0.022245671914519823,-0.028035398497898472,-0.0057897265833786495,0.2229180945541256,-0.47166864126661423,0.446538375671121,0.95,percentile,500,273,True
roi,1,4,4,1,0.38,41.18,0.07072583232887734,0.08708955519272964,0.016363722863852292,0.21325105072257136,-0.33509566695958104,0.49697227652320186,0.95,percentile,500,273,True
roi,1,5,5,1,0.38,41.18,-0.17450643324866288,-0.24321858631042678,-0.0687121530617639,0.19882470399177907,-0.6323921875889743,0.13089665245817764,0.95,percentile,500,273,True
roi,1,6,6,1,0.38,41.18,0.3837623397904586,0.4607408256740396,0.07697848588358103,0.157106699367252,0.1510538905283968,0.7839620203162107,0.95,percentile,500,273,True
roi,1,7,1,2,0.38,41.18,0.1129219808181724,0.16366437625578772,0.05074239543761533,0.16468533179635345,-0.13677784051057476,0.4894084726961913,0.95,percentile,500,273,True
roi,1,8,2,2,0.38,41.18,-0.15299817297843682,-0.16466015786824875,-0.011661984889811933,0.21435568050810389,-0.6252186606312378,0.23481687453927744,0.95,percentile,500,273,True
roi,1,9,3,2,0.38,41.18,0.5344769279412631,0.5472478202487489,0.012770892307485737,0.26074658494907554,0.056669947728691494,1.0474791429711883,0.95,percentile,500,273,True
roi,1,10,4,2,0.38,41.18,-1.0707139339940124,-1.127465895374558,-0.05675196138054561,0.30996275091059,-1.7562968653078144,-0.5877763626022806,0.95,percentile,500,273,True
roi,1,11,5,2,0.38,41.18,-0.8998402950494598,-0.9799358968592967,-0.08009560180983688,0.2884204606718786,-1.5784062946362616,-0.484944939014423,0.95,percentile,500,273,True
roi,1,12,6,2,0.38,41.18,0.48799483896786594,0.5482483586780359,0.060253519710169956,0.15516186339225171,0.27835037223877296,0.8728558438554493,0.95,percentile,500,273,True
roi,1,1,1,1,0.39,41.79,-0.09973681202122528,-0.05511005772280279,0.04462675429842249,0.19028142574694068,-0.4258740835239709,0.3219012548413553,0.95,percentile,500,273,True
roi,1,2,2,1,0.39,41.79,0.15026240348146117,0.14592084133164843,-0.004341562149812739,0.2280378126094063,-0.27373387633335505,0.5864391764222843,0.95,percentile,500,273,True
roi,1,3,3,1,0.39,41.79,-0.0159434236256447,-0.0213895351125146,-0.005446111486869899,0.22785310066307365,-0.47542678308815395,0.46392001065389843,0.95,percentile,500,273,True
roi,1,4,4,1,0.39,41.79,0.07497942859596789,0.09194469220840837,0.01696526361244048,0.21700133355148837,-0.3410708165702055,0.5029170725213399,0.95,percentile,500,273,True
roi,1,5,5,1,0.39,41.79,-0.1825998929004248,-0.2527603582622607,-0.07016046536183587,0.20260411233236875,-0.6512405405688858,0.12180001493104806,0.95,percentile,500,273,True
roi,1,6,6,1,0.39,41.79,0.3864927330651688,0.464366578197892,0.07787384513272322,0.15976935667393177,0.15704677275645762,0.7891749512307842,0.95,percentile,500,273,True
roi,1,7,1,2,0.39,41.79,0.11943927779735534,0.1700776876673587,0.050638409870003356,0.1639355551503976,-0.13042246009821887,0.5012064949418253,0.95,percentile,500,273,True
roi,1,8,2,2,0.39,41.79,-0.15721989450882692,-0.1677738454620006,-0.010553950953173685,0.21817875910591691,-0.6381052304669018,0.247680811082873,0.95,percentile,500,273,True
roi,1,9,3,2,0.39,41.79,0.5250404577753961,0.5372655092844009,0.01222505150900477,0.265177531117822,0.03499179109958915,1.0461578501636355,0.95,percentile,500,273,True
roi,1,10,4,2,0.39,41.79,-1.068154178520592,-1.1250309089255237,-0.0568767304049318,0.31608891917346876,-1.7710788810345326,-0.5781345825407853,0.95,percentile,500,273,True
roi,1,11,5,2,0.39,41.79,-0.9087545280432143,-0.9901247083647493,-0.08137018032153498,0.29521193528802664,-1.6123571063539075,-0.4873554707326554,0.95,percentile,500,273,True
roi,1,12,6,2,0.39,41.79,0.4890534142025702,0.5502297651737819,0.06117635097121166,0.15712642493023146,0.2800692595833357,0.8833131374129666,0.95,percentile,500,273,True
roi,1,1,1,1,0.4,42.400000000000006,-0.09230669012661924,-0.04709954519289771,0.04520714493372153,0.18785240070967474,-0.4073455952824148,0.31878220294757537,0.95,percentile,500,273,True
roi,1,2,2,1,0.4,42.400000000000006,0.13714459057324657,0.1326349747887178,-0.00450961578452877,0.23151977581083158,-0.2967433683265813,0.5852220433855593,0.95,percentile,500,273,True
roi,1,3,3,1,0.4,42.400000000000006,-0.009735705357601815,-0.014811166082511254,-0.005075460724909438,0.2331408248782177,-0.47933881343645646,0.47045489568679105,0.95,percentile,500,273,True
roi,1,4,4,1,0.4,42.400000000000006,0.07911278707572542,0.09670581649089145,0.017593029415166037,0.22108107461397186,-0.34801414909553646,0.5131241762327229,0.95,percentile,500,273,True
roi,1,5,5,1,0.4,42.400000000000006,-0.19046773904777659,-0.26210805177017715,-0.07164031272240057,0.2065564222530334,-0.6727954248581126,0.12071556524015226,0.95,percentile,500,273,True
roi,1,6,6,1,0.4,42.400000000000006,0.38898730430395473,0.46777520202450595,0.07878789772055123,0.16261500067992365,0.16091825096555815,0.8000859960838153,0.95,percentile,500,273,True
roi,1,7,1,2,0.4,42.400000000000006,0.12595423867774005,0.17650039892583005,0.05054616024809,0.16344241543826793,-0.12754375623676364,0.5050777520452445,0.95,percentile,500,273,True
roi,1,8,2,2,0.4,42.400000000000006,-0.16124334333233745,-0.17070210495082067,-0.009458761618483219,0.2223379417606815,-0.6499765999395574,0.2503474994958233,0.95,percentile,500,273,True
roi,1,9,3,2,0.4,42.400000000000006,0.5153365081130065,0.5270099681266152,0.011673460013608694,0.2699627043857768,0.006233004915037338,1.0408907136601369,0.95,percentile,500,273,True
roi,1,10,4,2,0.4,42.400000000000006,-1.065268678817336,-1.1222554418963064,-0.05698676307897044,0.3225421747818754,-1.7839891553556897,-0.5685758348582947,0.95,percentile,500,273,True
roi,1,11,5,2,0.4,42.400000000000006,-0.9173883101856929,-1.000033621550753,-0.08264531136506015,0.3022095598202626,-1.6459267936540836,-0.4880305278437273,0.95,percentile,500,273,True
roi,1,12,6,2,0.4,42.400000000000006,0.49000399892863244,0.552104093677839,0.062100094749206525,0.15926690189601508,0.2797036251455655,0.8883860932085413,0.95,percentile,500,273,True
roi,1,1,1,1,0.41000000000000003,43.010000000000005,-0.08499053090480163,-0.03917407539914572,0.04581645550565591,0.18579827482139147,-0.3906997511428816,0.31619846802306345,0.95,percentile,500,273,True
roi,1,2,2,1,0.41000000000000003,43.010000000000005,0.12415150279340369,0.11944116591501454,-0.004710336878389149,0.23542786324062953,-0.3231039179983595,0.5795664419958122,0.95,percentile,500,273,True
roi,1,3,3,1,0.41000000000000003,43.010000000000005,-0.003620367760231359,-0.00829788860848458,-0.004677520848253221,0.23876059833532004,-0.4834019662950468,0.4839564653875168,0.95,percentile,500,273,True
roi,1,4,4,1,0.41000000000000003,43.010000000000005,0.08312820555672439,0.10137526002307952,0.018247054466355134,0.22547497249520607,-0.3537760456220607,0.5313885369489392,0.95,percentile,500,273,True
roi,1,5,5,1,0.41000000000000003,43.010000000000005,-0.19811061422888152,-0.27126225017424205,-0.07315163594536053,0.21067270490255674,-0.6844166805794791,0.12228815251092635,0.95,percentile,500,273,True
roi,1,6,6,1,0.41000000000000003,43.010000000000005,0.39124732904006204,0.47096780486467715,0.07972047582461511,0.16563556244182712,0.16237253875692975,0.807993177794148,0.95,percentile,500,273,True
roi,1,7,1,2,0.41000000000000003,43.010000000000005,0.13246615280759838,0.18293170480136575,0.05046555199376737,0.1632086109387474,-0.12322082892843579,0.5154776716719319,0.95,percentile,500,273,True
roi,1,8,2,2,0.41000000000000003,43.010000000000005,-0.16507010087273763,-0.17344668319919776,-0.00837658232646013,0.22681662662303437,-0.6686949140027633,0.2537082983405826,0.95,percentile,500,273,True
roi,1,9,3,2,0.41000000000000003,43.010000000000005,0.5053668353750594,0.5164832786556927,0.011116443280633215,0.27508957147640245,-0.022204373540525645,1.0342138832819303,0.95,percentile,500,273,True
roi,1,10,4,2,0.41000000000000003,43.010000000000005,-1.0620593996260181,-1.119141768437927,-0.05708236881190887,0.32930745698427594,-1.7904725711449778,-0.5506934414784647,0.95,percentile,500,273,True
roi,1,11,5,2,0.41000000000000003,43.010000000000005,-0.9257450651830654,-1.0096664638197195,-0.08392139863665404,0.3094002362969155,-1.6663444073203857,-0.4838127877692123,0.95,percentile,500,273,True
roi,1,12,6,2,0.41000000000000003,43.010000000000005,0.49084869260652336,0.5538734828244674,0.063024790217944,0.16157706058291588,0.27499230905373717,0.8947924222820417,0.95,percentile,500,273,True
roi,1,1,1,1,0.42,43.62,-0.07778578613162843,-0.03133128514551113,0.046454500986117295,0.18413059171159255,-0.37298065696484245,0.319742465888396,0.95,percentile,500,273,True
roi,1,2,2,1,0.42,43.62,0.11128046711266917,0.10633662609270195,-0.004943841019967227,0.23974241795358125,-0.3483158367602416,0.5836268466268244,0.95,percentile,500,273,True
roi,1,3,3,1,0.42,43.62,0.002404493604940178,-0.0018474918633757944,-0.004251985468315973,0.2446924146075409,-0.4876139023350311,0.49228402973556806,0.95,percentile,500,273,True
roi,1,4,4,1,0.42,43.62,0.08702764620228062,0.1059550675152712,0.018927421312990578,0.23016773921358472,-0.3562293548675819,0.5477419875926739,0.95,percentile,500,273,True
roi,1,5,5,1,0.42,43.62,-0.2055285722138284,-0.2802230037870698,-0.07469443157324143,0.2149444834907187,-0.7068548762595294,0.12409536508591383,0.95,percentile,500,273,True
roi,1,6,6,1,0.42,43.62,0.39327349374041964,0.4739449392082762,0.08067144546785654,0.16882305116038263,0.1611200987736982,0.8176700313826765,0.95,percentile,500,273,True
roi,1,7,1,2,0.42,43.62,0.1389743035225703,0.18937080612516144,0.050396502602591126,0.1632356584708319,-0.12180078141913064,0.5178242509599934,0.95,percentile,500,273,True
roi,1,8,2,2,0.42,43.62,-0.16870127251161474,-0.17600885898848995,-0.007307586476875211,0.23159827772267058,-0.6800734984099751,0.2664010734628277,0.95,percentile,500,273,True
roi,1,9,3,2,0.42,43.62,0.4951325502228333,0.5056868480093442,0.010554297786510847,0.28054542742849586,-0.047978691977108356,1.0298407426795284,0.95,percentile,500,273,True
roi,1,10,4,2,0.42,43.62,-1.0585275340731906,-1.1156913237676183,-0.0571637896944277,0.3363701847220829,-1.8017975489805398,-0.5321674125584961,0.95,percentile,500,273,True
roi,1,11,5,2,0.42,43.62,-0.9338275490878011,-1.0190263421167118,-0.08519879302891076,0.31677175934766966,-1.6983551712177587,-0.47906737022790874,0.95,percentile,500,273,True
roi,1,12,6,2,0.42,43.62,0.4915893687260218,0.5555398286575169,0.06395045993149512,0.1640505443594348,0.2722131839260983,0.9025716550497113,0.95,percentile,500,273,True
roi,1,1,1,1,0.43,44.230000000000004,-0.07069024647078005,-0.02356910574895477,0.047121140721825286,0.18285910676398934,-0.3605736741560351,0.32996277819023945,0.95,percentile,500,273,True
roi,1,2,2,1,0.43,44.230000000000004,0.09852912350206187,0.0933188231885028,-0.005210300313559069,0.24444327300367924,-0.3733845399481247,0.5906939211989188,0.95,percentile,500,273,True
roi,1,3,3,1,0.43,44.230000000000004,0.008340546922421912,0.004542055893723673,-0.0037984910286982393,0.2509171247937574,-0.4919726968645798,0.5019896098327608,0.95,percentile,500,273,True
roi,1,4,4,1,0.43,44.230000000000004,0.09081274910528228,0.11044701407335697,0.01963426496807469,0.23514430952333049,-0.36079200342801826,0.56786080402583,0.95,percentile,500,273,True
roi,1,5,5,1,0.43,44.230000000000004,-0.2127210817508166,-0.2889898373208603,-0.0762687555700437,0.21936375755597864,-0.7224478219811901,0.12614055949695815,0.95,percentile,500,273,True
roi,1,6,6,1,0.43,44.230000000000004,0.39506590142658005,0.47670660814569565,0.08164070671911561,0.1721696332364169,0.1557035723598755,0.8281532733577645,0.95,percentile,500,273,True
roi,1,7,1,2,0.43,44.230000000000004,0.1454779644785161,0.19581690670588614,0.05033894222737004,0.16352386069699532,-0.11789424181078291,0.5203282073311807,0.95,percentile,500,273,True
roi,1,8,2,2,0.43,44.230000000000004,-0.1721374944127898,-0.1783894518229421,-0.0062519574101523034,0.23666664547611635,-0.6950999100723942,0.27647667000317255,0.95,percentile,500,273,True
roi,1,9,3,2,0.43,44.230000000000004,0.48463412369981707,0.49462141856250685,0.009987294862689788,0.28631758901931587,-0.0695673782161705,1.0348050046419688,0.95,percentile,500,273,True
roi,1,10,4,2,0.43,44.230000000000004,-1.0546735128049773,-1.1119047184841604,-0.05723120567918305,0.3437163598859114,-1.8209946443276077,-0.5100283628924827,0.95,percentile,500,273,True
roi,1,11,5,2,0.43,44.230000000000004,-0.9416378711319017,-1.0281156711585886,-0.08647780002668692,0.32431279100347377,-1.7321960672753245,-0.47412829936762374,0.95,percentile,500,273,True
roi,1,12,6,2,0.43,44.230000000000004,0.49222768605078515,0.5571047968346181,0.06487711078383296,0.16668094706360745,0.26942384215136,0.9080928177789314,0.95,percentile,500,273,True
roi,1,1,1,1,0.44,44.84,-0.06370202220450548,-0.015885741849323027,0.047816280355182456,0.1819914912302511,-0.35402978262109586,0.33783795299133074,0.95,percentile,500,273,True
roi,1,2,2,1,0.44,44.84,0.08589541032772373,0.08038546408575636,-0.0055099462419673645,0.2495101228132027,-0.3974724149557866,0.5873239566210676,0.95,percentile,500,273,True
roi,1,3,3,1,0.44,44.84,0.014189230819422218,0.010872618467953565,-0.003316612351468653,0.2574165781571508,-0.4964768316011249,0.52664703618162,0.95,percentile,500,273,True
roi,1,4,4,1,0.44,44.84,0.09448484292754877,0.11485261991247964,0.020367776984930863,0.2403900151302544,-0.36453836433910003,0.5871370427442716,0.95,percentile,500,273,True
roi,1,5,5,1,0.44,44.84,-0.21968702540673302,-0.2975617523521676,-0.07787472694543457,0.22392301859630134,-0.744732839584204,0.12866240199262607,0.95,percentile,500,273,True
roi,1,6,6,1,0.44,44.84,0.39662407284945245,0.47925226685808237,0.08262819400862992,0.17566769807529697,0.14688079832857207,0.8396838935487474,0.95,percentile,500,273,True
roi,1,7,1,2,0.44,44.84,0.1519763959396301,0.2022692100163152,0.050292814076685094,0.16407230291971733,-0.11292417175128303,0.522829689424769,0.95,percentile,500,273,True
roi,1,8,2,2,0.44,44.84,-0.17537893694543874,-0.1805888271733721,-0.005209890227933361,0.24200594772280934,-0.7098995156252985,0.2848954062036547,0.95,percentile,500,273,True
roi,1,9,3,2,0.44,44.84,0.4738713887023737,0.48328707283620403,0.009415684133830315,0.29239356406982747,-0.09297199020009936,1.039537499113641,0.95,percentile,500,273,True
roi,1,10,4,2,0.44,44.84,-1.0504970077779354,-1.1077817465881588,-0.057284738810223335,0.35133264752020776,-1.8345058820683648,-0.4853234426322367,0.95,percentile,500,273,True
roi,1,11,5,2,0.44,44.84,-0.9491775100502537,-1.036936196061645,-0.08775868601139125,0.33201282891194533,-1.758182863112131,-0.4689970248760933,0.95,percentile,500,273,True
roi,1,12,6,2,0.44,44.84,0.4927650988719845,0.5585698336666378,0.06580473479465332,0.16946187968105045,0.2666076242808632,0.9187705105573414,0.95,percentile,500,273,True
roi,1,1,1,1,0.45,45.45,-0.05681952709394856,-0.008279653602123849,0.04853987349182471,0.181533088476772,-0.3498996267930339,0.3555502922743194,0.95,percentile,500,273,True
roi,1,2,2,1,0.45,45.45,0.0733775522158242,0.0675344795745365,-0.005843072641287708,0.25492284512460894,-0.41961949416938854,0.5888853167881949,0.95,percentile,500,273,True
roi,1,3,3,1,0.45,45.45,0.019951759124579957,0.01714590126749752,-0.002805857857082438,0.26417371593719435,-0.5011251902364048,0.5489182958384711,0.95,percentile,500,273,True
roi,1,4,4,1,0.45,45.45,0.09804495274277475,0.11917316238895453,0.021128209646179785,0.24589072493640488,-0.3721928656565027,0.5980025790825446,0.95,percentile,500,273,True
roi,1,5,5,1,0.45,45.45,-0.22642469346885255,-0.30593722494691034,-0.07951253147805779,0.2286152586438982,-0.7639444126661553,0.133726136372207,0.95,percentile,500,273,True
roi,1,6,6,1,0.45,45.45,0.39794694320664764,0.4815808197926382,0.08363387658599059,0.17930991140952846,0.13914621041038894,0.8505908198280528,0.95,percentile,500,273,True
roi,1,7,1,2,0.45,45.45,0.15846884094903535,0.2087269156233792,0.050258074674343844,0.16487887948310007,-0.10770523236729708,0.5244114050147836,0.95,percentile,500,273,True
roi,1,8,2,2,0.45,45.45,-0.1784253047140089,-0.18260689820092305,-0.004181593486914159,0.24760101304166804,-0.724471262175499,0.29488534373671266,0.95,percentile,500,273,True
roi,1,9,3,2,0.45,45.45,0.4628435367665726,0.47168323339413604,0.008839696627563454,0.29876119643973664,-0.11766200427207711,1.0413055965394888,0.95,percentile,500,273,True
roi,1,10,4,2,0.45,45.45,-1.0459969307357928,-1.1033213873695618,-0.05732445663376895,0.35920643591994994,-1.8530164856704343,-0.4678941634295522,0.95,percentile,500,273,True
roi,1,11,5,2,0.45,45.45,-0.9564473260943097,-1.0454890097762384,-0.08904168368192866,0.33986217032772603,-1.7799314657604592,-0.46367452846267937,0.95,percentile,500,273,True
roi,1,12,6,2,0.45,45.45,0.49320286636171323,0.5599361761024307,0.0667333097407175,0.17238702964621425,0.2637666285028896,0.9240988716240364,0.95,percentile,500,273,True
roi,1,1,1,1,0.46,46.06,-0.05004146509479333,-0.0007495418791900168,0.049291923215603314,0.1814867392907676,-0.34568265655601305,0.37673232177193156,0.95,percentile,500,273,True
roi,1,2,2,1,0.46,46.06,0.06097405024003752,0.05476401138926177,-0.0062100388507757495,0.26066177017287917,-0.4468620146614106,0.5963068357880901,0.95,percentile,500,273,True
roi,1,3,3,1,0.46,46.06,0.02562912368408557,0.02336345931344054,-0.002265664370645029,0.27117262640855133,-0.5059170579034992,0.5619142230499845,0.95,percentile,500,273,True
roi,1,4,4,1,0.46,46.06,0.10149380516298451,0.12340968554940128,0.021915880386416772,0.2516329538811045,-0.38326066386530017,0.6159587466792701,0.95,percentile,500,273,True
roi,1,5,5,1,0.46,46.06,-0.232931772804889,-0.31411419845585425,-0.08118242565096526,0.23343397328119314,-0.7825985474024088,0.14075915491642924,0.95,percentile,500,273,True
roi,1,6,6,1,0.46,46.06,0.39903285433786245,0.48369061346415204,0.08465775912628959,0.1830892572528174,0.13384380677564736,0.8590894398701384,0.95,percentile,500,273,True
roi,1,7,1,2,0.46,46.06,0.16495452133872668,0.2151892153186059,0.05023469397987923,0.1659403483023336,-0.10282263340735863,0.5296105049291008,0.95,percentile,500,273,True
roi,1,8,2,2,0.46,46.06,-0.18127583319147342,-0.1844431239417186,-0.0031672907502451886,0.25343738962099377,-0.7302888803161649,0.3026468020516063,0.95,percentile,500,273,True
roi,1,9,3,2,0.46,46.06,0.4515491101171495,0.45980865769891205,0.00825954758176256,0.3054087876721144,-0.14285480999669678,1.0467934961582417,0.95,percentile,500,273,True
roi,1,10,4,2,0.46,46.06,-1.0411714263733391,-1.0985218012177642,-0.05735037484442507,0.3673258797026449,-1.867311770838388,-0.45376497747502087,0.95,percentile,500,273,True
roi,1,11,5,2,0.46,46.06,-0.9634475689546634,-1.0537745656432655,-0.09032699668860211,0.34785187380680593,-1.812687073970295,-0.4581132758842721,0.95,percentile,500,273,True
roi,1,12,6,2,0.46,46.06,0.4935420611704748,0.5612048607694307,0.06766279959895588,0.1754502125221029,0.2606703746771021,0.9333408325563997,0.95,percentile,500,273,True
roi,1,1,1,1,0.47000000000000003,46.67,-0.04336681971694442,0.0067056638279904554,0.050072483544934876,0.1818526891383913,-0.34292688693261614,0.3806454824302004,0.95,percentile,500,273,True
roi,1,2,2,1,0.47000000000000003,46.67,0.04868367433047634,0.042072401210446184,-0.006611273120030153,0.2667078975140328,-0.4671418663034508,0.6001825807491387,0.95,percentile,500,273,True
roi,1,3,3,1,0.47000000000000003,46.67,0.031222095202464138,0.029526703789555776,-0.0016953914129083612,0.278398569029799,-0.5119809359164899,0.5700445125997725,0.95,percentile,500,273,True
roi,1,4,4,1,0.47000000000000003,46.67,0.10483183078859594,0.1275630073533231,0.02273117656472716,0.25760394387041663,-0.39598175633631105,0.6300358855623888,0.95,percentile,500,273,True
roi,1,5,5,1,0.47000000000000003,46.67,-0.2392053304816923,-0.32209007140203955,-0.08288474092034726,0.23837316049127769,-0.8010896308325589,0.14711302068280002,0.95,percentile,500,273,True
roi,1,6,6,1,0.47000000000000003,46.67,0.399879542245322,0.4855794247580533,0.0856998825127313,0.18699906981888884,0.12788955799770096,0.8684817125623042,0.95,percentile,500,273,True
roi,1,7,1,2,0.47000000000000003,46.67,0.17143263349434426,0.22165528889819025,0.05022265540384599,0.1672524106063565,-0.0890812120257783,0.5355069699687004,0.95,percentile,500,273,True
roi,1,8,2,2,0.47000000000000003,46.67,-0.1839292818308659,-0.18609650388219282,-0.0021672220513269114,0.2595014238812113,-0.7367759380043941,0.30748265980852746,0.95,percentile,500,273,True
roi,1,9,3,2,0.47000000000000003,46.67,0.43998598877153616,0.4476614278204262,0.007675439048890065,0.31232519710306655,-0.16614565508412568,1.0520655398229677,0.95,percentile,500,273,True
roi,1,10,4,2,0.47000000000000003,46.67,-1.0360178600153558,-1.0933803193102367,-0.05736245929488093,0.3756799288999305,-1.8777122981930536,-0.4315941324957273,0.95,percentile,500,273,True
roi,1,11,5,2,0.47000000000000003,46.67,-0.9701778816461447,-1.0617926853054596,-0.09161480365931485,0.35597372013641626,-1.8388227209180499,-0.4523336518965618,0.95,percentile,500,273,True
roi,1,12,6,2,0.47000000000000003,46.67,0.49378357735132233,0.5623767321849765,0.06859315483365419,0.17864541616461793,0.25578697636106734,0.9432708487821301,0.95,percentile,500,273,True
roi,1,1,1,1,0.48,47.28,-0.03679484586651661,0.014086815029905775,0.05088166089642238,0.1826285845801845,-0.34066406107626135,0.3912065008869477,0.95,percentile,500,273,True
roi,1,2,2,1,0.48,47.28,0.03650545784150202,0.029458181512429356,-0.007047276329072663,0.27304306378253373,-0.48663003708540503,0.6003589334695016,0.95,percentile,500,273,True
roi,1,3,3,1,0.48,47.28,0.036731222000710016,0.0356369071436157,-0.0010943148570943181,0.2858379748969452,-0.5254504208028427,0.5781693623529607,0.95,percentile,500,273,True
roi,1,4,4,1,0.48,47.28,0.10805916391932299,0.13163372464901985,0.023574560729696853,0.26379172075161345,-0.4059423287800995,0.6513372231180221,0.95,percentile,500,273,True
roi,1,5,5,1,0.48,47.28,-0.2452417918218764,-0.32986168026383544,-0.08461988844195906,0.24342731659765848,-0.8167278591946513,0.14872954123815807,0.95,percentile,500,273,True
roi,1,6,6,1,0.48,47.28,0.40048411970982767,0.48724444452776794,0.08676032481794027,0.1910330568343724,0.12167339841277651,0.8808984613064647,0.95,percentile,500,273,True
roi,1,7,1,2,0.48,47.28,0.17790234380292055,0.22812429952507537,0.05022195572215482,0.16880981180637114,-0.08424516508941343,0.5462526749245897,0.95,percentile,500,273,True
roi,1,8,2,2,0.48,47.28,-0.18638392353021738,-0.1875655687891171,-0.0011816452588997162,0.2657803134610393,-0.7487446716617551,0.31688781073234046,0.95,percentile,500,273,True
roi,1,9,3,2,0.48,47.28,0.42815137248456786,0.43523893480208464,0.007087562317516782,0.31949992281516126,-0.18646117123477163,1.0571082055478074,0.95,percentile,500,273,True
roi,1,10,4,2,0.48,47.28,-1.0305327996457452,-1.0878934270401317,-0.05736062739438652,0.3842583469704834,-1.8874142958475688,-0.41228543322063366,0.95,percentile,500,273,True
roi,1,11,5,2,0.48,47.28,-0.9766373004571188,-1.069542562138451,-0.09290526168133206,0.3642201737154013,-1.8646160233808384,-0.4463627043425952,0.95,percentile,500,273,True
roi,1,12,6,2,0.48,47.28,0.4939281377492607,0.5634524502583416,0.06952431250908087,0.18196683774768904,0.2485009033314192,0.9544902897341072,0.95,percentile,500,273,True
roi,1,1,1,1,0.49,47.89,-0.03032506405725241,0.021394551564323697,0.05171961562157611,0.1838095593941862,-0.33655554067428056,0.4022383226792859,0.95,percentile,500,273,True
roi,1,2,2,1,0.49,47.89,0.024438694275134884,0.01692006815542429,-0.007518626119710593,0.27965006647992724,-0.5025732848405636,0.5976650127166555,0.95,percentile,500,273,True
roi,1,3,3,1,0.49,47.89,0.04215682656139577,0.041695206743379544,-0.0004616198180162276,0.2934784298623952,-0.5342981900449121,0.596151950941057,0.95,percentile,500,273,True
roi,1,4,4,1,0.49,47.89,0.11117563944567725,0.135622215951997,0.024446576506319748,0.2701851314393491,-0.4144821170533511,0.673097844521917,0.95,percentile,500,273,True
roi,1,5,5,1,0.49,47.89,-0.2510369124817117,-0.3374252768628675,-0.08638836438115577,0.24859143042737863,-0.8347774063777119,0.14673620327541712,0.95,percentile,500,273,True
roi,1,6,6,1,0.49,47.89,0.40084305369319945,0.4886822562013773,0.08783920250817784,0.19518531569970438,0.11699655915552645,0.8908391995811328,0.95,percentile,500,273,True
roi,1,7,1,2,0.49,47.89,0.18436278371308076,0.23459538859529577,0.05023260488221501,0.17060645860416768,-0.07957328785194105,0.561239534714416,0.95,percentile,500,273,True
roi,1,8,2,2,0.49,47.89,-0.1886375302533657,-0.1888483676005554,-0.00021083734718971292,0.2722621392337475,-0.760490618287582,0.3242199492066628,0.95,percentile,500,273,True
roi,1,9,3,2,0.49,47.89,0.41604175720783104,0.4225378574047271,0.00649610019689606,0.3269231661562479,-0.20710579662184514,1.0664156505039488,0.95,percentile,500,273,True
roi,1,10,4,2,0.49,47.89,-1.0247119919895673,-1.0820567409420006,-0.057344748952433244,0.3930517204267419,-1.9057749213703532,-0.3936576257307231,0.95,percentile,500,273,True
roi,1,11,5,2,0.49,47.89,-0.9828242509443427,-1.0770227602975884,-0.0941985093532457,0.37258434532099405,-1.894761055351534,-0.440199734600743,0.95,percentile,500,273,True
roi,1,12,6,2,0.49,47.89,0.4939763009719121,0.5644324972112598,0.07045619623934768,0.1854089142283441,0.23986692201746682,0.96463605923919,0.95,percentile,500,273,True
roi,1,1,1,1,0.5,48.5,-0.023957256889788045,0.028629306744909343,0.05258656363469739,0.18538840423877706,-0.33015828485953475,0.41602475605814465,0.95,percentile,500,273,True
roi,1,2,2,1,0.5,48.5,0.01248293610381138,0.004456954669410047,-0.008025981434401332,0.2865127499218402,-0.5162071836121507,0.5985907104369096,0.95,percentile,500,273,True
roi,1,3,3,1,0.5,48.5,0.04749899973768213,0.04770260704118571,0.00020360730350357792,0.30130864574267907,-0.5427152485780659,0.6258436500591305,0.95,percentile,500,273,True
roi,1,4,4,1,0.5,48.5,0.11418078681201826,0.1395286420122588,0.02534785520024055,0.2767738651620233,-0.4257749501890778,0.6925256266412273,0.95,percentile,500,273,True
roi,1,5,5,1,0.5,48.5,-0.2565857440378423,-0.34477649994282505,-0.08819075590498276,0.25386097669411933,-0.8530174623002879,0.14755120900873686,0.95,percentile,500,273,True
roi,1,6,6,1,0.5,48.5,0.4009521371264321,0.489888809016944,0.08893667189051191,0.19945034390538896,0.1127286021742593,0.9018886641348871,0.95,percentile,500,273,True
roi,1,7,1,2,0.5,48.5,0.19081304431897456,0.2410676700091327,0.05025462569015815,0.1726355470626787,-0.06803500171324886,0.5777494201824116,0.95,percentile,500,273,True
roi,1,8,2,2,0.5,48.5,-0.19068735454515243,-0.1899424501031564,0.0007449044419960138,0.2789358808081549,-0.7727363330764205,0.33359866923962544,0.95,percentile,500,273,True
roi,1,9,3,2,0.5,48.5,0.4036529056369088,0.4095541348381336,0.005901229201224767,0.33458588269151307,-0.22990874044555898,1.075916416517281,0.95,percentile,500,273,True
roi,1,10,4,2,0.5,48.5,-1.0185503322645344,-1.0758649787594228,-0.05731464649488838,0.40205146252446944,-1.9239306882948735,-0.3741286273252969,0.95,percentile,500,273,True
roi,1,11,5,2,0.5,48.5,-0.9887365399410075,-1.0842312094097768,-0.09549466946876928,0.3810599569886899,-1.9258884536405354,-0.4338435870127747,0.95,percentile,500,273,True
roi,1,12,6,2,0.5,48.5,0.4939284680887662,0.5653171840532053,0.07138871596443908,0.18896634696477624,0.2317514311641099,0.9746673266520646,0.95,percentile,500,273,True
roi,1,1,1,1,0.51,49.11,-0.017691467810060424,0.03579131040745251,0.05348277821751293,0.18735580779399036,-0.32614616206791186,0.43270380073155407,0.95,percentile,500,273,True
roi,1,2,2,1,0.51,49.11,0.0006379958501910885,-0.007932091790291753,-0.008570087640482841,0.2936160598196925,-0.5372600668772323,0.6019113319120191,0.95,percentile,500,273,True
roi,1,3,3,1,0.51,49.11,0.052757592302103806,0.05365998016704143,0.000902387864937626,0.3093184241374959,-0.55199697346609,0.6490480772145493,0.95,percentile,500,273,True
roi,1,4,4,1,0.51,49.11,0.11707382077049046,0.14335294410786623,0.026279123337375768,0.2835484625519492,-0.4384648934987806,0.7027382013401,0.95,percentile,500,273,True
roi,1,5,5,1,0.51,49.11,-0.26188259236515504,-0.3519103403985452,-0.09002774803339014,0.2592319094980178,-0.8709565749480734,0.1527582540899923,0.95,percentile,500,273,True
roi,1,6,6,1,0.51,49.11,0.4008064545625613,0.49085938540600355,0.09005293084344224,0.2038230450364807,0.1040410158921633,0.9147114389954963,0.95,percentile,500,273,True
roi,1,7,1,2,0.51,49.11,0.197252170346132,0.2475402237313991,0.05028805338526712,0.1748896963740067,-0.06344708350072055,0.5945363385256285,0.95,percentile,500,273,True
roi,1,8,2,2,0.51,49.11,-0.1925301065593595,-0.19084484504733015,0.0016852615120293568,0.28579141960813415,-0.7911850505322006,0.34822551697252857,0.95,percentile,500,273,True
roi,1,9,3,2,0.51,49.11,0.3909798112926104,0.3962829329892539,0.005303121696643487,0.34247982246592756,-0.26967872789410907,1.0805674244645296,0.95,percentile,500,273,True
roi,1,10,4,2,0.51,49.11,-1.012041827103053,-1.0693119221927005,-0.057270095089647644,0.41124981320916243,-1.9301994998160172,-0.35375149900091046,0.95,percentile,500,273,True
roi,1,11,5,2,0.51,49.11,-0.9943713434648577,-1.0911651948872456,-0.09679385142238794,0.38964130955804377,-1.9568264077552389,-0.4324494117107807,0.95,percentile,500,273,True
roi,1,12,6,2,0.51,49.11,0.49378488920448826,0.5661066567679871,0.07232176756349884,0.19263412128728696,0.22436136143537955,0.9846456739060256,0.95,percentile,500,273,True
roi,1,1,1,1,0.52,49.72,-0.011528002115193442,0.0428805898805983,0.05440859199579174,0.18970065300912653,-0.3300116193719654,0.4397606613404204,0.95,percentile,500,273,True
roi,1,2,2,1,0.52,49.72,-0.011096050576613281,-0.020247832799221283,-0.009151782222608002,0.3009460728605037,-0.5627554178934898,0.602510860130511,0.95,percentile,500,273,True
roi,1,3,3,1,0.52,49.72,0.057932203631424234,0.05956806482656551,0.0016358611951412735,0.3174986165433152,-0.5574712327991777,0.6699813162701118,0.95,percentile,500,273,True
roi,1,4,4,1,0.52,49.72,0.11985362871849742,0.1470948399450273,0.027241211226529893,0.29050031593054315,-0.4464506288769347,0.7225296844344115,0.95,percentile,500,273,True
roi,1,5,5,1,0.52,49.72,-0.26692096800810927,-0.35882109946454865,-0.09190013145643938,0.2647006567449986,-0.885145991186379,0.15256535308181676,0.95,percentile,500,273,True
roi,1,6,6,1,0.52,49.72,0.40040034106691835,0.49158856192114436,0.09118822085422601,0.20829873159546036,0.09484750607485751,0.928523255197526,0.95,percentile,500,273,True
roi,1,7,1,2,0.52,49.72,0.20367915345541887,0.25401208849822987,0.050332935042811,0.1773610834261014,-0.060394539607866816,0.6071248485144595,0.95,percentile,500,273,True
roi,1,8,2,2,0.52,49.72,-0.19416192626529163,-0.19155203325473205,0.002609893010559583,0.29281953319444826,-0.8010799772989082,0.3685337592281833,0.95,percentile,500,273,True
roi,1,9,3,2,0.52,49.72,0.3780166555742085,0.38271860352140186,0.004701947947193363,0.3505975624010485,-0.3126513309666693,1.0882809517071976,0.95,percentile,500,273,True
roi,1,10,4,2,0.52,49.72,-1.0051795501267995,-1.062390371723837,-0.0572108215970375,0.420639837305872,-1.9393331548315613,-0.31270990230212764,0.95,percentile,500,273,True
roi,1,11,5,2,0.52,49.72,-0.9997251904403398,-1.0978213437703095,-0.09809615332996968,0.398323253325111,-1.9874917539937094,-0.4208442030236361,0.95,percentile,500,273,True
roi,1,12,6,2,0.52,49.72,0.49354567010429123,0.5668009023831114,0.07325523227882019,0.19640752185894847,0.21899551808183315,0.9946366152457282,0.95,percentile,500,273,True
roi,1,1,1,1,0.53,50.33,-0.005467430276741774,0.04989696885982072,0.05536439913656249,0.19241034975920493,-0.32548631027057306,0.45772266345611967,0.95,percentile,500,273,True
roi,1,2,2,1,0.53,50.33,-0.022718858080142127,-0.03249085927095371,-0.00977200119081158,0.30849000723403647,-0.5813205062310828,0.6020785333436763,0.95,percentile,500,273,True
roi,1,3,3,1,0.53,50.33,0.06302216707338337,0.06542746332898104,0.0024052962555976692,0.32584108374434695,-0.5695500976262766,0.6872055823186203,0.95,percentile,500,273,True
roi,1,4,4,1,0.53,50.33,0.1225187541718592,0.15075381698732027,0.028235062815461065,0.2976216637677841,-0.4566233079484499,0.7357661897664336,0.95,percentile,500,273,True
roi,1,5,5,1,0.53,50.33,-0.27169352745781883,-0.365502339008042,-0.09380881155022319,0.270264116213569,-0.9003737793799326,0.16024691874772737,0.95,percentile,500,273,True
roi,1,6,6,1,0.53,50.33,0.3997273335505641,0.4920701629718826,0.0923428294213185,0.21287312577305584,0.08517326171441661,0.9420675420257139,0.95,percentile,500,273,True
roi,1,7,1,2,0.53,50.33,0.21009292469037322,0.26048225349769,0.05038932880731678,0.18004157389887088,-0.06454301642811998,0.6187413267132711,0.95,percentile,500,273,True
roi,1,8,2,2,0.53,50.33,-0.19557835019630465,-0.19205991516183676,0.003518435034467887,0.3000118840331443,-0.8107695617761002,0.37940262902218547,0.95,percentile,500,273,True
roi,1,9,3,2,0.53,50.33,0.3647567568331455,0.3688546350762183,0.004097878243072783,0.35893253351355225,-0.34843813284545133,1.0958057218068595,0.95,percentile,500,273,True
roi,1,10,4,2,0.53,50.33,-0.997955589271025,-1.0550920927819198,-0.05713650351089483,0.43021542271384705,-1.9520514243671883,-0.2819956193371819,0.95,percentile,500,273,True
roi,1,11,5,2,0.53,50.33,-1.0047939419034844,-1.1041956059587403,-0.09940166405525597,0.40710116214529574,-2.015102567152995,-0.4135974880601315,0.95,percentile,500,273,True
roi,1,12,6,2,0.53,50.33,0.49321077914179406,0.5673997551301742,0.07418897598838009,0.20028214468082783,0.21433342481814494,1.0017351084762678,0.95,percentile,500,273,True
roi,1,1,1,1,0.54,50.940000000000005,0.0004894063379559084,0.05684006412082654,0.05635065778287063,0.19547118496125548,-0.32157130196918365,0.47557934102288896,0.95,percentile,500,273,True
roi,1,2,2,1,0.54,50.940000000000005,-0.034229803958389704,-0.044661590217509886,-0.010431786259120182,0.3162362194573847,-0.6089138760904685,0.6071744938763682,0.95,percentile,500,273,True
roi,1,3,3,1,0.54,50.940000000000005,0.06802653157688295,0.07123863650613664,0.003212104929253695,0.3343386568523897,-0.5813397460688278,0.7007152084826496,0.95,percentile,500,273,True
roi,1,4,4,1,0.54,50.940000000000005,0.1250673759574723,0.1543291229527689,0.0292617469952966,0.3049055819226445,-0.4668159554247333,0.7439405532578808,0.95,percentile,500,273,True
roi,1,5,5,1,0.54,50.940000000000005,-0.2761920041176349,-0.3719468228528229,-0.09575481873518799,0.27591965397354445,-0.9154320336507925,0.17041062301102397,0.95,percentile,500,273,True
roi,1,6,6,1,0.54,50.940000000000005,0.39878011360946214,0.4922972064601034,0.09351709285064125,0.21754235919868625,0.07520295531872358,0.9553116665571669,0.95,percentile,500,273,True
roi,1,7,1,2,0.54,50.940000000000005,0.2164923459386458,0.2669496488175202,0.0504573028788744,0.182922846433469,-0.07177787505021739,0.6304866369919887,0.95,percentile,500,273,True
roi,1,8,2,2,0.54,50.940000000000005,-0.19677427222025434,-0.19236377212147734,0.004410500098776998,0.30736100550267875,-0.8197105943960368,0.3913310993586374,0.95,percentile,500,273,True
roi,1,9,3,2,0.54,50.940000000000005,0.35119251066746376,0.35468359563437235,0.0034910849669085864,0.3674790455302637,-0.37941138755935766,1.103179935014142,0.95,percentile,500,273,True
roi,1,10,4,2,0.54,50.940000000000005,-0.9903609851601357,-1.0474077523293592,-0.05704676716922352,0.43997128023084975,-1.9644303276864865,-0.2554430714841269,0.95,percentile,500,273,True
roi,1,11,5,2,0.54,50.940000000000005,-1.0095727655783027,-1.1102832306147266,-0.10071046503642389,0.41597091129106295,-2.038043507930702,-0.4056794368769063,0.95,percentile,500,273,True
roi,1,12,6,2,0.54,50.940000000000005,0.49278005466235547,0.5679029029343732,0.0751228482720177,0.2042539065820469,0.2114676276903901,1.0049057562143717,0.95,percentile,500,273,True
roi,1,1,1,1,0.55,51.550000000000004,0.006341387188856037,0.06370927994971326,0.05736789276085722,0.19886867275081627,-0.3209051536973101,0.49332961556139876,0.95,percentile,500,273,True
roi,1,2,2,1,0.55,51.550000000000004,-0.04562797655195172,-0.05676026950567019,-0.011132292953718467,0.3241741922312019,-0.6316826236516483,0.6106496162149935,0.95,percentile,500,273,True
roi,1,3,3,1,0.55,51.550000000000004,0.07294403892582677,0.0770018962172005,0.004057857291373729,0.34298510193514353,-0.5926970025530975,0.7201104031417057,0.95,percentile,500,273,True
roi,1,4,4,1,0.55,51.550000000000004,0.1274972824559877,0.1578197531545305,0.030322470698542797,0.3123459739376447,-0.4778244635259191,0.7519882628521894,0.95,percentile,500,273,True
roi,1,5,5,1,0.55,51.550000000000004,-0.28040712735781564,-0.378146447839451,-0.09773932048163536,0.2816651058251522,-0.9302274340957777,0.1782589397261924,0.95,percentile,500,273,True
roi,1,6,6,1,0.55,51.550000000000004,0.39755044070647455,0.4922618402220719,0.09471139951559737,0.22230297261636925,0.06675047328970297,0.9668561927895737,0.95,percentile,500,273,True
roi,1,7,1,2,0.55,51.550000000000004,0.22287620019166163,0.27341313440290077,0.05053693421123914,0.18599650730328351,-0.07523046271718915,0.6458381043841439,0.95,percentile,500,273,True
roi,1,8,2,2,0.55,51.550000000000004,-0.1977438974851895,-0.1924582206232877,0.005285676861901789,0.3148602875584574,-0.8285135008701511,0.4048241539077401,0.95,percentile,500,273,True
roi,1,9,3,2,0.55,51.550000000000004,0.3373153201410932,0.3401970648943946,0.002881744753301385,0.3762323113641143,-0.4157874771240226,1.1082542652151741,0.95,percentile,500,273,True
roi,1,10,4,2,0.55,51.550000000000004,-0.982385659308171,-1.0393268447769934,-0.05694118546882243,0.4499029465234041,-1.9819534935014589,-0.22793151726201707,0.95,percentile,500,273,True
roi,1,11,5,2,0.55,51.550000000000004,-1.01405610537375,-1.1160787374776517,-0.10202263210390172,0.4249288593510197,-2.060747347645925,-0.3982576258026419,0.95,percentile,500,273,True
roi,1,12,6,2,0.55,51.550000000000004,0.4922532132278258,0.568309894531092,0.07605668130326626,0.20831905302110446,0.20500553644563219,1.0152056497119366,0.95,percentile,500,273,True
roi,1,1,1,1,0.56,52.160000000000004,0.01208710156428359,0.07050380011713195,0.05841669855284836,0.2025878901953665,-0.3202285403790796,0.5109720241092893,0.95,percentile,500,273,True
roi,1,2,2,1,0.56,52.160000000000004,-0.056912160700222154,-0.0687869603953252,-0.011874799695103043,0.3322945174001943,-0.6517338371870253,0.6119760472684656,0.95,percentile,500,273,True
roi,1,3,3,1,0.56,52.160000000000004,0.07777309592262742,0.08271739502515096,0.004944299102523544,0.35177508979104255,-0.6041363686469511,0.7465129590881544,0.95,percentile,500,273,True
roi,1,4,4,1,0.56,52.160000000000004,0.12980584021496006,0.1612244342296702,0.031418594014710144,0.31993756237246423,-0.49206065093432977,0.7756094885760335,0.95,percentile,500,273,True
roi,1,5,5,1,0.56,52.160000000000004,-0.2843285278165773,-0.38409216300193566,-0.09976363518535836,0.28749878246114247,-0.9447518290739961,0.18305183058614133,0.95,percentile,500,273,True
roi,1,6,6,1,0.56,52.160000000000004,0.39602907429959056,0.4919552679390879,0.09592619363949734,0.22715191637571466,0.05836186913365657,0.9781609230876405,0.95,percentile,500,273,True
roi,1,7,1,2,0.56,52.160000000000004,0.22924318038558011,0.2798714872121488,0.05062830682656866,0.189254193900068,-0.07789397247526286,0.6581660782191773,0.95,percentile,500,273,True
roi,1,8,2,2,0.56,52.160000000000004,-0.19848068865943153,-0.19233715840703847,0.006143530252393059,0.32250396417963584,-0.8372632384132317,0.41716308328578783,0.95,percentile,500,273,True
roi,1,9,3,2,0.56,52.160000000000004,0.3231155145824246,0.32538555526367907,0.0022700406812544704,0.38518847383230903,-0.4424103405496076,1.1096214925491188,0.95,percentile,500,273,True
roi,1,10,4,2,0.56,52.160000000000004,-0.9740183309207854,-1.0308376058723872,-0.05681927495160177,0.4600067916825443,-1.9990721395285571,-0.2021719378029401,0.95,percentile,500,273,True
roi,1,11,5,2,0.56,52.160000000000004,-1.0182376454464175,-1.1215758827363298,-0.10333823728991232,0.4339718344505003,-2.083212602574709,-0.3929615094938565,0.95,percentile,500,273,True
roi,1,12,6,2,0.56,52.160000000000004,0.4916298590150814,0.5686201475666142,0.07699028855153278,0.21247416500266902,0.2027571341190427,1.0256479110416319,0.95,percentile,500,273,True
roi,1,1,1,1,0.5700000000000001,52.77,0.017724834558113457,0.07722257715638409,0.059497742598270634,0.2066137876573454,-0.31953627486735353,0.5262122730648147,0.95,percentile,500,273,True
roi,1,2,2,1,0.5700000000000001,52.77,-0.06808081945712903,-0.08074153757824945,-0.01266071812112042,0.34058887756051287,-0.6728519846457974,0.6126692471761273,0.95,percentile,500,273,True
roi,1,3,3,1,0.5700000000000001,52.77,0.08251174049116368,0.0883851125360967,0.005873372044933017,0.3607041722469454,-0.6156578068271789,0.7707647040564486,0.95,percentile,500,273,True
roi,1,4,4,1,0.5700000000000001,52.77,0.13198995592224952,0.16454160370701765,0.03255164778476813,0.32767588297457184,-0.5013658129031283,0.799504271876712,0.95,percentile,500,273,True
roi,1,5,5,1,0.5700000000000001,52.77,-0.2879446266057057,-0.3897738749044109,-0.10182924829870521,0.29341947909307325,-0.9589960987359397,0.18948285648254923,0.95,percentile,500,273,True
roi,1,6,6,1,0.5700000000000001,52.77,0.39420568321350413,0.4913676628997848,0.09716197968628065,0.23208655258520372,0.04972159342367674,0.9892163893075872,0.95,percentile,500,273,True
roi,1,7,1,2,0.5700000000000001,52.77,0.23559187652999158,0.28632338618872916,0.05073150965873757,0.19268766617195598,-0.07884894953990071,0.6752443761159106,0.95,percentile,500,273,True
roi,1,8,2,2,0.5700000000000001,52.77,-0.19897730331465222,-0.19199370123273274,0.006983602081919477,0.33028710451276455,-0.8458734705007761,0.4298869568731263,0.95,percentile,500,273,True
roi,1,9,3,2,0.5700000000000001,52.77,0.3085822552577681,0.31023841979491107,0.0016561645371429567,0.3943446370038489,-0.469109553979569,1.1108599924538771,0.95,percentile,500,273,True
roi,1,10,4,2,0.5700000000000001,52.77,-0.9652464207928668,-1.0219269129797501,-0.05668049218688331,0.4702800328444964,-2.016321257976521,-0.17500048692239636,0.95,percentile,500,273,True
roi,1,11,5,2,0.5700000000000001,52.77,-1.0221102683924348,-1.1267676190658937,-0.10465735067345894,0.443097125143417,-2.1054373309998904,-0.3817004932233007,0.95,percentile,500,273,True
roi,1,12,6,2,0.5700000000000001,52.77,0.4909094948527994,0.5688329581336398,0.07792346328084038,0.2167161659040541,0.19861466015158707,1.038764113055973,0.95,percentile,500,273,True
roi,1,1,1,1,0.58,53.379999999999995,0.023252549776793554,0.08386431862778033,0.06061176885098678,0.21093146676845487,-0.32068309718863297,0.5396141983296938,0.95,percentile,500,273,True
roi,1,2,2,1,0.58,53.379999999999995,-0.0791320717036659,-0.09262367633888621,-0.013491604635220311,0.3490500293690951,-0.6988793266391331,0.6148207851836203,0.95,percentile,500,273,True
roi,1,3,3,1,0.58,53.379999999999995,0.08715760066432804,0.09400483773293669,0.0068472370686086526,0.3697687661881408,-0.627410146622895,0.7914818670400134,0.95,percentile,500,273,True
roi,1,4,4,1,0.58,53.379999999999995,0.1340460306048484,0.16776938469506825,0.03372335409021984,0.3355572833153811,-0.5085766421220556,0.8133067789833377,0.95,percentile,500,273,True
roi,1,5,5,1,0.58,53.379999999999995,-0.29124250559517745,-0.3951803367191617,-0.10393783112398425,0.29942649037977176,-0.9729500691314296,0.19625090257220607,0.95,percentile,500,273,True
roi,1,6,6,1,0.58,53.379999999999995,0.39206874019593185,0.49048806764734293,0.09841932745141108,0.23710465977927261,0.03986223201731688,1.0000475589748692,0.95,percentile,500,273,True
roi,1,7,1,2,0.58,53.379999999999995,0.24192076081753308,0.2927673945688153,0.050846633751282205,0.19628888585515902,-0.07985025616977919,0.6923974988828296,0.95,percentile,500,273,True
roi,1,8,2,2,0.58,53.379999999999995,-0.19922552116794193,-0.19142010876655013,0.0078054124013917925,0.33820560950769013,-0.8602027773431122,0.4452244903100858,0.95,percentile,500,273,True
roi,1,9,3,2,0.58,53.379999999999995,0.29370342585648884,0.2947437450004974,0.001040319144008539,0.4036989046259924,-0.4928898153591661,1.1117612135435015,0.95,percentile,500,273,True
roi,1,10,4,2,0.58,53.379999999999995,-0.9560559403580557,-1.0125801698033592,-0.05652422944530344,0.4807207554044552,-2.0330687611399294,-0.1513281688706726,0.95,percentile,500,273,True
roi,1,11,5,2,0.58,53.379999999999995,-1.0256660069136676,-1.1316460493352496,-0.10598004242158199,0.45230247636511334,-2.127419131503227,-0.3758133316953626,0.95,percentile,500,273,True
roi,1,12,6,2,0.58,53.379999999999995,0.4900915354414006,0.5689475123053899,0.07885597686398926,0.22104232900084214,0.18801749083261932,1.0530332432330554,0.95,percentile,500,273,True
roi,1,1,1,1,0.59,53.989999999999995,0.02866786829529772,0.0904274699687452,0.06175960167344749,0.21552642261294788,-0.327546672003726,0.5498740969642143,0.95,percentile,500,273,True
roi,1,2,2,1,0.59,53.989999999999995,-0.09006366482008916,-0.10443283836071837,-0.014369173540629207,0.35767179127556376,-0.7353024733282447,0.6200836865959998,0.95,percentile,500,273,True
roi,1,3,3,1,0.59,53.989999999999995,0.0917078449223958,0.09957614645366708,0.007868301531271285,0.3789661465391163,-0.6394857626324864,0.8122712106302379,0.95,percentile,500,273,True
roi,1,4,4,1,0.59,53.989999999999995,0.13596990456679808,0.1709055547779505,0.034935650211152414,0.3435789274815082,-0.514868391741435,0.8291003060911031,0.95,percentile,500,273,True
roi,1,5,5,1,0.59,53.989999999999995,-0.29420775530326904,-0.40029901806373414,-0.1060912627604651,0.30551963161664825,-0.9866024116964948,0.1986105608846519,0.95,percentile,500,273,True
roi,1,6,6,1,0.59,53.989999999999995,0.38960539914191034,0.48930427710829777,0.09969887796638743,0.24220444097663527,0.026623715524511926,1.0106461822813324,0.95,percentile,500,273,True
roi,1,7,1,2,0.59,53.989999999999995,0.24822817027254848,0.2992019389390221,0.0509737686664736,0.20005008393460663,-0.0832737840738827,0.7095974679660978,0.95,percentile,500,273,True
roi,1,8,2,2,0.59,53.989999999999995,-0.19921615947044055,-0.1906076977286532,0.008608461741787338,0.34625621582485555,-0.8755315392513651,0.45992157909441866,0.95,percentile,500,273,True
roi,1,9,3,2,0.59,53.989999999999995,0.27846550529875574,0.27888822606780705,0.0004227207690513102,0.41325042825085023,-0.5169254864793588,1.1148161885937242,0.95,percentile,500,273,True
roi,1,10,4,2,0.59,53.989999999999995,-0.9464313637456431,-1.0027811732425014,-0.056349809496858305,0.49132794350883113,-2.04929182352252,-0.12990029655701815,0.95,percentile,500,273,True
roi,1,11,5,2,0.59,53.989999999999995,-1.0288959883545714,-1.1362023734262403,-0.1073063850716689,0.46158609095408354,-2.149923108308557,-0.3683500143163813,0.95,percentile,500,273,True
roi,1,12,6,2,0.59,53.989999999999995,0.4891753234755168,0.5689629003819747,0.07978757690645794,0.22545028650305493,0.17566445044890291,1.0661892477449022,0.95,percentile,500,273,True
roi,1,1,1,1,0.6,54.6,0.033968043408442776,0.09691019340623723,0.06294214999779446,0.2203847498287547,-0.3286652630008055,0.5622115799358349,0.95,percentile,500,273,True
roi,1,2,2,1,0.6,54.6,-0.10087294170624293,-0.11616825354126369,-0.015295311835020753,0.3664490381673274,-0.77415606871274,0.6284954020513923,0.95,percentile,500,273,True
roi,1,3,3,1,0.6,54.6,0.09615912216878479,0.10509837291322158,0.008939250744436786,0.3882944494670021,-0.6514435446863839,0.8331373491325663,0.95,percentile,500,273,True
roi,1,4,4,1,0.6,54.6,0.13775679128879464,0.17394750796126948,0.03619071667247484,0.35173880842141836,-0.521342383172889,0.8544493981495732,0.95,percentile,500,273,True
roi,1,5,5,1,0.6,54.6,-0.2968242961397364,-0.40511595191634764,-0.10829165577661126,0.311699267340994,-1.0014396641590932,0.19774104037495843,0.95,percentile,500,273,True
roi,1,6,6,1,0.6,54.6,0.38680135192061393,0.4878027022703152,0.10100135034970126,0.2473845360922395,0.013027087047693543,1.0202218629703013,0.95,percentile,500,273,True
roi,1,7,1,2,0.6,54.6,0.2545122864452634,0.3056252842969081,0.05111299785164469,0.2039638172074994,-0.08500011301836781,0.7250366257821824,0.95,percentile,500,273,True
roi,1,8,2,2,0.6,54.6,-0.1989389746245184,-0.18954673998806287,0.009392234636455526,0.3544365088696468,-0.8907765196722339,0.4750537793643539,0.95,percentile,500,273,True
roi,1,9,3,2,0.6,54.6,0.2628534198765781,0.2626570214205718,-0.00019639845600633032,0.4229994679698769,-0.5475913835509508,1.1201553994884752,0.95,percentile,500,273,True
roi,1,10,4,2,0.6,54.6,-0.9363554801805991,-0.9925119595728785,-0.05615647939227941,0.5021015217522846,-2.0649651381286382,-0.10393241733684973,0.95,percentile,500,273,True
roi,1,11,5,2,0.6,54.6,-1.0317903713341003,-1.1404268275149823,-0.10863645618088191,0.4709466373864999,-2.1728514237256378,-0.3563074546159331,0.95,percentile,500,273,True
roi,1,12,6,2,0.6,54.6,0.48816014955083875,0.5688781347639447,0.08071798521310591,0.22993804096199472,0.16258899302215443,1.0751963236226931,0.95,percentile,500,273,True
roi,1,1,1,1,0.61,55.21,0.03914993055825506,0.10331034229203888,0.06416041173378381,0.22549331483731286,-0.3314260590113873,0.5800007934348238,0.95,percentile,500,273,True
roi,1,2,2,1,0.61,55.21,-0.11155680104675618,-0.1278288970386913,-0.016272095991935118,0.3753777053415356,-0.8073078431894779,0.6340595588780316,0.95,percentile,500,273,True
roi,1,3,3,1,0.61,55.21,0.10050748896305094,0.1105705738888845,0.010063084925833563,0.39775268727527946,-0.657685750176142,0.8544019459979302,0.95,percentile,500,273,True
roi,1,4,4,1,0.61,55.21,0.1394011978612965,0.17689220821748913,0.03749101035619262,0.36003576967317935,-0.5282474840138417,0.8758871559408258,0.95,percentile,500,273,True
roi,1,5,5,1,0.61,55.21,-0.2990741675941465,-0.4096155540428027,-0.11054138644865619,0.3179663487531286,-1.018556966074076,0.19706638770920004,0.95,percentile,500,273,True
roi,1,6,6,1,0.61,55.21,0.3836406610246027,0.4859682108009499,0.10232754977634717,0.25264403978800054,-0.0009431659123493338,1.029694192706055,0.95,percentile,500,273,True
roi,1,7,1,2,0.61,55.21,0.2607711115627168,0.3120355041885911,0.05126439262587429,0.2080230151649475,-0.0843226512177684,0.7364103631948323,0.95,percentile,500,273,True
roi,1,8,2,2,0.61,55.21,-0.19838254764564872,-0.18822634277908754,0.010156204866561186,0.3627449470407002,-0.903619491156718,0.4917624894964582,0.95,percentile,500,273,True
roi,1,9,3,2,0.61,55.21,0.2468503710506471,0.24603358291771904,-0.0008167881329280702,0.4329474691334546,-0.5875265968475072,1.120694153601209,0.95,percentile,500,273,True
roi,1,10,4,2,0.61,55.21,-0.925809223498128,-0.9817526265893147,-0.05594340309118673,0.5130424103513309,-2.0760603974229292,-0.07075603789591906,0.95,percentile,500,273,True
roi,1,11,5,2,0.61,55.21,-1.034338273573628,-1.1443086150887636,-0.10997034151513563,0.480383264548278,-2.195601134538865,-0.339757725766051,0.95,percentile,500,273,True
roi,1,12,6,2,0.61,55.21,0.48704527702739453,0.5686921726289198,0.08164689560152527,0.23450397998161535,0.15086141923156365,1.0839463137843517,0.95,percentile,500,273,True
roi,1,1,1,1,0.62,55.82,0.04420995169068509,0.10962543003574264,0.06541547834505755,0.23083989822518292,-0.33801341098236476,0.5978177463957899,0.95,percentile,500,273,True
roi,1,2,2,1,0.62,55.82,-0.1221116496127186,-0.13941346050386202,-0.017301810891143424,0.3844548042788371,-0.8382133091758979,0.6371583071566811,0.95,percentile,500,273,True
roi,1,3,3,1,0.62,55.82,0.10474832129971759,0.11599148373460884,0.011243162434891249,0.40734077671566427,-0.6639723572784283,0.8759680739427328,0.95,percentile,500,273,True
roi,1,4,4,1,0.62,55.82,0.14089682921243987,0.1797361327362061,0.038839303523766217,0.36846953839985525,-0.5369807696995998,0.894774289089698,0.95,percentile,500,273,True
roi,1,5,5,1,0.62,55.82,-0.3009372788198187,-0.4137804092107052,-0.1128431303908865,0.32432246168858975,-1.035461210411746,0.19644967724021484,0.95,percentile,500,273,True
roi,1,6,6,1,0.62,55.82,0.380105563382108,0.4837839401533779,0.1036783767712699,0.2579825260492202,-0.015304361298807018,1.0384689620559573,0.95,percentile,500,273,True
roi,1,7,1,2,0.62,55.82,0.2670024403382304,0.3184304447403026,0.05142800440207218,0.21222101862329376,-0.08352162821902001,0.7476579251886846,0.95,percentile,500,273,True
roi,1,8,2,2,0.62,55.82,-0.19753415049316558,-0.18663430750403873,0.010899842989126857,0.371180899629778,-0.9172594540453324,0.5074640173943956,0.95,percentile,500,273,True
roi,1,9,3,2,0.62,55.82,0.23043763437607637,0.22899945708771138,-0.0014381772883649835,0.4430971590644115,-0.6135470663850904,1.1201901041612579,0.95,percentile,500,273,True
roi,1,10,4,2,0.62,55.82,-0.9147714748577203,-0.9704811276033882,-0.05570965274566797,0.5241525965524184,-2.0814857235664266,-0.03669694585089637,0.95,percentile,500,273,True
roi,1,11,5,2,0.62,55.82,-1.0365276898172648,-1.1478358288733577,-0.11130813905609283,0.48989562462349995,-2.2183107752610307,-0.3236021543070881,0.95,percentile,500,273,True
roi,1,12,6,2,0.62,55.82,0.485829973259328,0.5684039449355613,0.08257397167623337,0.23914689530363287,0.14038346373465038,1.0925410149397141,0.95,percentile,500,273,True
roi,1,1,1,1,0.63,56.43,0.049144053064013496,0.11585259261248237,0.06670853954846888,0.2364133125577257,-0.3469939800457126,0.6154432433918153,0.95,percentile,500,273,True
roi,1,2,2,1,0.63,56.43,-0.1325333448306557,-0.15092031618930543,-0.018386971358649723,0.3936784529242035,-0.8618226195083822,0.6448108165234241,0.95,percentile,500,273,True
roi,1,3,3,1,0.63,56.43,0.10887620711762241,0.1213594578930537,0.01248325077543129,0.4170595829071555,-0.6703033062424255,0.902124432805042,0.95,percentile,500,273,True
roi,1,4,4,1,0.63,56.43,0.14223647233003242,0.1824752024875254,0.04023873015749299,0.3770407720257053,-0.5476914303991494,0.9136434915480884,0.95,percentile,500,273,True
roi,1,5,5,1,0.63,56.43,-0.30239111227217214,-0.41759101701561013,-0.115199904743438,0.3307698873220559,-1.054198619025253,0.19863016932334993,0.95,percentile,500,273,True
roi,1,6,6,1,0.63,56.43,0.37617623956894086,0.481231077625854,0.10505483805691312,0.263400081048419,-0.028328024863096844,1.0496458349098667,0.95,percentile,500,273,True
roi,1,7,1,2,0.63,56.43,0.27320382649937824,0.32480768108181657,0.051603854582438324,0.21655161168901618,-0.0826708119710806,0.7604769411833907,0.95,percentile,500,273,True
roi,1,8,2,2,0.63,56.43,-0.19637958973042208,-0.1847569627264151,0.011622627004006986,0.3797447013499054,-0.9305648002174652,0.5231172423504556,0.95,percentile,500,273,True
roi,1,9,3,2,0.63,56.43,0.21359432413560936,0.21153405173471154,-0.002060272400897817,0.4534526686826326,-0.6463063380964393,1.1251521133128037,0.95,percentile,500,273,True
roi,1,10,4,2,0.63,56.43,-0.9032188341038639,-0.9586730323277763,-0.0554541982239124,0.5354352256669911,-2.0866475372897715,-0.0009234336362988881,0.95,percentile,500,273,True
roi,1,11,5,2,0.63,56.43,-1.038345398789223,-1.1509953627761194,-0.1126499639868963,0.4994839054738428,-2.2410199126952985,-0.3059906579782984,0.95,percentile,500,273,True
roi,1,12,6,2,0.63,56.43,0.4845135491139592,0.5680123937415932,0.08349884462763396,0.24386600751253285,0.12901122900211012,1.1009783853016681,0.95,percentile,500,273,True
roi,1,1,1,1,0.64,57.04,0.05394765547952638,0.1219885433457,0.06804088786617363,0.24220350169748156,-0.36160004644479576,0.6294867363006598,0.95,percentile,500,273,True
roi,1,2,2,1,0.64,57.04,-0.14281712577240435,-0.1623474722191396,-0.019530346446735236,0.4030479235944715,-0.8850342888818379,0.6516387249932588,0.95,percentile,500,273,True
roi,1,3,3,1,0.64,57.04,0.11288481499712391,0.12667240184109388,0.013787586843969968,0.4269109815752179,-0.6763366111919297,0.9235632190225275,0.95,percentile,500,273,True
roi,1,4,4,1,0.64,57.04,0.14341185584253627,0.18510469700279492,0.04169284116025865,0.3857511212253732,-0.5590276566234661,0.9320768538015713,0.95,percentile,500,273,True
roi,1,5,5,1,0.64,57.04,-0.30341036990673476,-0.4210254882464917,-0.11761511833975696,0.3373116783786983,-1.0716917271527722,0.20331573306809106,0.95,percentile,500,273,True
roi,1,6,6,1,0.64,57.04,0.3718305412091942,0.4782886004696962,0.106458059260502,0.2688973462532533,-0.036252356466038686,1.0589816952423854,0.95,percentile,500,273,True
roi,1,7,1,2,0.64,57.04,0.27937254288485974,0.3311644642315132,0.05179192134665345,0.2210090487299675,-0.08195942922051833,0.7758349905750751,0.95,percentile,500,273,True
roi,1,8,2,2,0.64,57.04,-0.1949030231194171,-0.1825789658179576,0.012324057301459496,0.3884377272663674,-0.9436153650656205,0.541710367116691,0.95,percentile,500,273,True
roi,1,9,3,2,0.64,57.04,0.1962971167664858,0.19361436084419253,-0.0026827559222932784,0.46401968522789605,-0.6881017938348555,1.1251819433565566,0.95,percentile,500,273,True
roi,1,10,4,2,0.64,57.04,-0.8911253538964036,-0.9463012485652315,-0.055175894668827885,0.5468947160443366,-2.0927759797337204,0.03257766911903948,0.95,percentile,500,273,True
roi,1,11,5,2,0.64,57.04,-1.0397768577440092,-1.1537728128816565,-0.11399595513764726,0.5091488743373032,-2.264167912900112,-0.28778744589554633,0.95,percentile,500,273,True
roi,1,12,6,2,0.64,57.04,0.48309540923233696,0.5675165204483416,0.0844211112160046,0.2486609978793222,0.11754532136944357,1.109056442795241,0.95,percentile,500,273,True
roi,1,1,1,1,0.65,57.65,0.0586155954272127,0.12802951832208842,0.06941392289487572,0.24820162817977479,-0.3699081079811282,0.6495675288982229,0.95,percentile,500,273,True
roi,1,2,2,1,0.65,57.65,-0.15295752980439611,-0.17369251678521247,-0.020734986980816356,0.4125637122722385,-0.9131166541402995,0.657788801527255,0.95,percentile,500,273,True
roi,1,3,3,1,0.65,57.65,0.11676673294254901,0.13192768142975303,0.01516094848720402,0.4368979431485115,-0.6818913881568366,0.9469405859284886,0.95,percentile,500,273,True
roi,1,4,4,1,0.65,57.65,0.14441347891502945,0.1876191493225399,0.043205670407510444,0.3946033127217241,-0.5703710208003974,0.9540694702316717,0.95,percentile,500,273,True
roi,1,5,5,1,0.65,57.65,-0.30396654859833,-0.42405918020487615,-0.12009263160654615,0.3439517543949804,-1.0918258756040837,0.2085482710682044,0.95,percentile,500,273,True
roi,1,6,6,1,0.65,57.65,0.36704366748350864,0.47493296734543833,0.10788929986192969,0.2744755742528054,-0.04628340016798708,1.067585690206711,0.95,percentile,500,273,True
roi,1,7,1,2,0.65,57.65,0.2855055335768367,0.33749765594829,0.051992122371453287,0.2255880780906266,-0.08050573024178236,0.7918566303057368,0.95,percentile,500,273,True
roi,1,8,2,2,0.65,57.65,-0.1930867436816328,-0.18008306625418577,0.013003677427447041,0.3972624929743178,-0.9631152865509077,0.5608983308156192,0.95,percentile,500,273,True
roi,1,9,3,2,0.65,57.65,0.17851992469622754,0.1752146389259291,-0.003305285770298455,0.4748056439457524,-0.7375360426660682,1.125338524705113,0.95,percentile,500,273,True
roi,1,10,4,2,0.65,57.65,-0.8784622297183728,-0.9333356972284595,-0.054873467510086704,0.558536903418441,-2.098282168025089,0.061766119065077146,0.95,percentile,500,273,True
roi,1,11,5,2,0.65,57.65,-1.0408060830793397,-1.1561523664923865,-0.11534628341304676,0.5188919351802807,-2.289196716630588,-0.2759663561176243,0.95,percentile,500,273,True
roi,1,12,6,2,0.65,57.65,0.48157511616569054,0.5669154484183945,0.08534033225270393,0.2535320492108804,0.10674539682309571,1.1159737975334967,0.95,percentile,500,273,True
roi,1,1,1,1,0.66,58.260000000000005,0.06314205550794182,0.13397121035364395,0.07082915484570214,0.25440015556030565,-0.3700454745199881,0.6722184004571635,0.95,percentile,500,273,True
roi,1,2,2,1,0.66,58.260000000000005,-0.16294829174127945,-0.18495254836527356,-0.022004256623994106,0.4222276339874126,-0.9470732481768378,0.6722147506691839,0.95,percentile,500,273,True
roi,1,3,3,1,0.66,58.260000000000005,0.12051326951458527,0.13712200932004612,0.016608739805460848,0.4470246432711982,-0.6897387271724701,0.9738415801229178,0.95,percentile,500,273,True
roi,1,4,4,1,0.66,58.260000000000005,0.14523040169552828,0.19001221586721867,0.04478181417169039,0.4036012562512147,-0.5788504400108624,0.9707538247862239,0.95,percentile,500,273,True
roi,1,5,5,1,0.66,58.260000000000005,-0.3040274276957908,-0.42666425614281,-0.12263682844701923,0.3506950206299155,-1.1116177311144202,0.21549484460117624,0.95,percentile,500,273,True
roi,1,6,6,1,0.66,58.260000000000005,0.3617877792666342,0.47113775011493764,0.10934997084830345,0.28013670052325995,-0.06076805506586201,1.0757805541596213,0.95,percentile,500,273,True
roi,1,7,1,2,0.66,58.260000000000005,0.2915993562214666,0.34380364830091087,0.05220429207944427,0.2302839643627122,-0.0780279593620687,0.8078285527379239,0.95,percentile,500,273,True
roi,1,8,2,2,0.66,58.260000000000005,-0.19091092447051022,-0.1772498216222381,0.013661102848272128,0.40622278641122345,-0.9792694384515063,0.5805372897853616,0.95,percentile,500,273,True
roi,1,9,3,2,0.66,58.260000000000005,0.16023350995262425,0.15630601361245414,-0.003927496340170117,0.48581996897702623,-0.7827555524754608,1.1244613892559416,0.95,percentile,500,273,True
roi,1,10,4,2,0.66,58.260000000000005,-0.8651974370782028,-0.9197429314817241,-0.0545454944035213,0.5703692216894132,-2.1043784142367308,0.09339654525627711,0.95,percentile,500,273,True
roi,1,11,5,2,0.66,58.260000000000005,-1.0414155152637423,-1.1581166782311403,-0.11670116296739796,0.5287152027984645,-2.3134153308120826,-0.2639417025812114,0.95,percentile,500,273,True
roi,1,12,6,2,0.66,58.260000000000005,0.4799524726000917,0.56620850455924,0.08625603195914827,0.25847989809419963,0.09546232519630705,1.1267321971669981,0.95,percentile,500,273,True
roi,1,1,1,1,0.67,58.870000000000005,0.06752048195415887,0.13980868880207026,0.07228820684791139,0.2607929329960252,-0.37400400450938603,0.6979541301565876,0.95,percentile,500,273,True
roi,1,2,2,1,0.67,58.870000000000005,-0.17278222115990566,-0.1961240880794528,-0.02334186691954715,0.43204295027400885,-0.9748326239410183,0.6820334568558601,0.95,percentile,500,273,True
roi,1,3,3,1,0.67,58.870000000000005,0.12411420698209112,0.14225130038557815,0.01813709340348703,0.4572966057106411,-0.6984993498756449,0.9993554823115454,0.95,percentile,500,273,True
roi,1,4,4,1,0.67,58.870000000000005,0.14584998714069888,0.19227651425027095,0.04642652710957207,0.4127501813251253,-0.594868233315047,0.9899489049157121,0.95,percentile,500,273,True
roi,1,5,5,1,0.67,58.870000000000005,-0.3035564467816332,-0.4288091495792909,-0.1252527027976577,0.35754751663689277,-1.1310393513310961,0.2270062241005745,0.95,percentile,500,273,True
roi,1,6,6,1,0.67,58.870000000000005,0.35603153632021467,0.46687319189649445,0.11084165557627979,0.28588343534366295,-0.07665164686533693,1.083536888798438,0.95,percentile,500,273,True
roi,1,7,1,2,0.67,58.870000000000005,0.29765011215942183,0.35007826368172307,0.052428151522301236,0.23509251112642765,-0.07647133867498342,0.823746607972826,0.95,percentile,500,273,True
roi,1,8,2,2,0.67,58.870000000000005,-0.18835331565490346,-0.17405725482465967,0.01429606083024379,0.41532383980883353,-0.9898604919313239,0.6006669787978752,0.95,percentile,500,273,True
roi,1,9,3,2,0.67,58.870000000000005,0.14140502438073196,0.13685602226128346,-0.004549002119448503,0.49707437690936185,-0.8230821173990474,1.1266942230693806,0.95,percentile,500,273,True
roi,1,10,4,2,0.67,58.870000000000005,-0.8512953055028716,-0.9054856885513114,-0.054190383048439816,0.5824009293420529,-2.111568760290493,0.13553366428191135,0.95,percentile,500,273,True
roi,1,11,5,2,0.67,58.870000000000005,-1.0415858663684012,-1.1596467323220019,-0.11806086595360066,0.5386215977425834,-2.330252472029329,-0.24965300717522032,0.95,percentile,500,273,True
roi,1,12,6,2,0.67,58.870000000000005,0.47822762725291573,0.5653953260331025,0.08716769878018676,0.2635059016060069,0.08407226568841387,1.1391523140552964,0.95,percentile,500,273,True
roi,1,1,1,1,0.68,59.480000000000004,0.07174348666669102,0.1455363018188013,0.0737928151521103,0.26737528984501735,-0.3867780337686094,0.7168229378981952,0.95,percentile,500,273,True
roi,1,2,2,1,0.68,59.480000000000004,-0.18245105262072142,-0.20720296904954827,-0.024751916428826848,0.4420145365002486,-1.0010909710023632,0.692249378849992,0.95,percentile,500,273,True
roi,1,3,3,1,0.68,59.480000000000004,0.12755749322424725,0.14731048653288514,0.01975299330863789,0.4677208855060173,-0.7098151349615759,1.0241883511331258,0.95,percentile,500,273,True
roi,1,4,4,1,0.68,59.480000000000004,0.14625758096411917,0.19440341977637343,0.04814583881225426,0.4220568110653608,-0.6066855776625305,1.0126773457559424,0.95,percentile,500,273,True
roi,1,5,5,1,0.68,59.480000000000004,-0.3025119448248944,-0.4304579083757992,-0.12794596355090482,0.36451660240670936,-1.1500584834059546,0.23893381376239664,0.95,percentile,500,273,True
roi,1,6,6,1,0.68,59.480000000000004,0.3497395385731938,0.4621056732507715,0.11236613467757772,0.2917193814610153,-0.09419700059736709,1.090821492904985,0.95,percentile,500,273,True
roi,1,7,1,2,0.68,59.480000000000004,0.30365336130739756,0.35631662960154414,0.05266326829414658,0.2400100862452779,-0.07524567297361837,0.8396059601326036,0.95,percentile,500,273,True
roi,1,8,2,2,0.68,59.480000000000004,-0.1853888832480478,-0.1704804375213199,0.01490844572672792,0.4245725532871435,-0.998235444946494,0.6213333910554971,0.95,percentile,500,273,True
roi,1,9,3,2,0.68,59.480000000000004,0.12199745946442464,0.11682805426220123,-0.005169405202223407,0.5085832609340607,-0.8645632249325228,1.128554674999369,0.95,percentile,500,273,True
roi,1,10,4,2,0.68,59.480000000000004,-0.8367160158148047,-0.8905223598904662,-0.05380634407566154,0.5946433936015598,-2.1185412205260983,0.17907150136092212,0.95,percentile,500,273,True
roi,1,11,5,2,0.68,59.480000000000004,-1.0412959477953625,-1.1607216904174054,-0.11942574262204286,0.5486149674498428,-2.3470230773369116,-0.23140587555781406,0.95,percentile,500,273,True
roi,1,12,6,2,0.68,59.480000000000004,0.4764012116626536,0.5644760004173482,0.08807478875469466,0.26861212252651256,0.07257220722995612,1.1517299318197876,0.95,percentile,500,273,True
roi,1,1,1,1,0.6900000000000001,60.09,0.07580273037212848,0.15114755651117442,0.07534482613904595,0.27414414894385825,-0.3987972134644531,0.7349664951248096,0.95,percentile,500,273,True
roi,1,2,2,1,0.6900000000000001,60.09,-0.19194526139498572,-0.21818419582586596,-0.02623893443088024,0.4521490993613081,-1.02798498934539,0.7031019914708223,0.95,percentile,500,273,True
roi,1,3,3,1,0.6900000000000001,60.09,0.1308288541119477,0.1522932779483203,0.021464423836372593,0.4783063028299789,-0.7214458036306353,1.047875137487774,0.95,percentile,500,273,True
roi,1,4,4,1,0.6900000000000001,60.09,0.14643611182105268,0.19638280817233236,0.049946696351279685,0.4315295827457619,-0.6207091510854358,1.0359144847578108,0.95,percentile,500,273,True
roi,1,5,5,1,0.6900000000000001,60.09,-0.3008462231006182,-0.4315693854344021,-0.1307231623337839,0.3716111926536076,-1.1686619315598143,0.2513139086747734,0.95,percentile,500,273,True
roi,1,6,6,1,0.6900000000000001,60.09,0.34287164712149065,0.45679706291965055,0.1139254157981599,0.29764918503918214,-0.10997446762011043,1.0975967356158467,0.95,percentile,500,273,True
roi,1,7,1,2,0.6900000000000001,60.09,0.30960401787881103,0.3625130206828975,0.05290900280408645,0.24503365210127817,-0.07686524501092304,0.8592683999352668,0.95,percentile,500,273,True
roi,1,8,2,2,0.6900000000000001,60.09,-0.18198937605471505,-0.16649098015866337,0.015498395896051675,0.4339777858440983,-1.0060105741609884,0.6425900760604861,0.95,percentile,500,273,True
roi,1,9,3,2,0.6900000000000001,60.09,0.10196898439035447,0.09618067531162654,-0.005788309078727932,0.520364179871628,-0.9130304585687885,1.1300228493889528,0.95,percentile,500,273,True
roi,1,10,4,2,0.6900000000000001,60.09,-0.8214150044780925,-0.8748063616789046,-0.05339135720081212,0.6071104485210452,-2.133410992922372,0.22467063356622444,0.95,percentile,500,273,True
roi,1,11,5,2,0.6900000000000001,60.09,-1.0405224762989784,-1.1613187248409684,-0.12079624854199,0.558700240819149,-2.3667101652619227,-0.21485427237367447,0.95,percentile,500,273,True
roi,1,12,6,2,0.6900000000000001,60.09,0.4744745178585632,0.5634512506725929,0.08897673281402974,0.27380143843718124,0.0609589522340281,1.16448803737626,0.95,percentile,500,273,True
roi,1,1,1,1,0.7000000000000001,60.7,0.07968878293655816,0.15663497113539146,0.0769461881988333,0.28109816861749526,-0.4047463380292308,0.7598890160649527,0.95,percentile,500,273,True
roi,1,2,2,1,0.7000000000000001,60.7,-0.201253835821887,-0.2290617644194981,-0.02780792859761111,0.4624554582934807,-1.0573235074187295,0.7145119330670824,0.95,percentile,500,273,True
roi,1,3,3,1,0.7000000000000001,60.7,0.1339113027759168,0.15719185291391913,0.023280550138002315,0.48906374155247206,-0.7365699628729753,1.078127383673597,0.95,percentile,500,273,True
roi,1,4,4,1,0.7000000000000001,60.7,0.14636558846241166,0.19820272760913,0.051837139146718336,0.44117892779063356,-0.6398148248745609,1.0598019153573566,0.95,percentile,500,273,True
roi,1,5,5,1,0.7000000000000001,60.7,-0.298504382041941,-0.4320962318280899,-0.1335918497861489,0.3788420534647343,-1.1868296366520608,0.26427900066082977,0.95,percentile,500,273,True
roi,1,6,6,1,0.7000000000000001,60.7,0.33538215280044853,0.4509039221416094,0.11552176934116087,0.3036787301550372,-0.12622070583011574,1.103819794755869,0.95,percentile,500,273,True
roi,1,7,1,2,0.7000000000000001,60.7,0.3154962219414669,0.3686606575848156,0.05316443564334866,0.25016080362699733,-0.08078370293302488,0.8753839449949447,0.95,percentile,500,273,True
roi,1,8,2,2,0.7000000000000001,60.7,-0.17812280387876187,-0.16205640246898642,0.016066401409775444,0.4435507356258618,-1.013139415415122,0.6602012126464928,0.95,percentile,500,273,True
roi,1,9,3,2,0.7000000000000001,60.7,0.08127214481972136,0.07486680252666016,-0.006405342293061209,0.532438485279809,-0.9665182013302533,1.128881033308092,0.95,percentile,500,273,True
roi,1,10,4,2,0.7000000000000001,60.7,-0.8053422542920701,-0.8582853827867726,-0.05294312849470251,0.6198188488016864,-2.1380505284751457,0.28129683200077077,0.95,percentile,500,273,True
roi,1,11,5,2,0.7000000000000001,60.7,-1.0392398560508607,-1.1614128380066517,-0.12217298195579107,0.568883625971912,-2.387958417713901,-0.19374744771208383,0.95,percentile,500,273,True
roi,1,12,6,2,0.7000000000000001,60.7,0.4724497301798208,0.5623226805520023,0.08987295037218151,0.27907768197920924,0.049229122417739885,1.1774538409079307,0.95,percentile,500,273,True
roi,1,1,1,1,0.71,61.309999999999995,0.08339095548393065,0.16198989151050902,0.07859893602657837,0.28823792567188494,-0.40726686687234775,0.7899048568250958,0.95,percentile,500,273,True
roi,1,2,2,1,0.71,61.309999999999995,-0.21036399356067306,-0.23982842991656209,-0.029464436355889023,0.4729449094206009,-1.086870259511593,0.7259347207576268,0.95,percentile,500,273,True
roi,1,3,3,1,0.71,61.309999999999995,0.13678451262742966,0.1619964513971797,0.02521193876975003,0.5000065314470116,-0.7457737122706959,1.1082771073963904,0.95,percentile,500,273,True
roi,1,4,4,1,0.71,61.309999999999995,0.14602246143995476,0.19984897674099375,0.05382651530103899,0.4510176283608803,-0.6516922603906972,1.08453498009377,0.95,percentile,500,273,True
roi,1,5,5,1,0.71,61.309999999999995,-0.2954228647568327,-0.43198363279952234,-0.13656076804268963,0.3862221807345914,-1.20446615209916,0.2801431718433676,0.95,percentile,500,273,True
roi,1,6,6,1,0.71,61.309999999999995,0.3272187497176662,0.44437652141733064,0.11715777169966446,0.3098153910222269,-0.14297199268294772,1.109441724729166,0.95,percentile,500,273,True
roi,1,7,1,2,0.71,61.309999999999995,0.32132318016198264,0.37475144881415406,0.05342826865217143,0.2553898177613263,-0.08203687422707504,0.8984794014418829,0.95,percentile,500,273,True
roi,1,8,2,2,0.71,61.309999999999995,-0.17375280492538253,-0.15713934930819454,0.016613455617187994,0.4533054403371026,-1.0221944509736933,0.6762724327862956,0.95,percentile,500,273,True
roi,1,9,3,2,0.71,61.309999999999995,0.05985288635312425,0.05283268910716478,-0.007020197245959474,0.5448321328225575,-1.0100318765851777,1.1232967746534337,0.95,percentile,500,273,True
roi,1,10,4,2,0.71,61.309999999999995,-0.7884414450361316,-0.8409004809480968,-0.05245903591196521,0.6327888492204252,-2.148415267884302,0.3394585110942226,0.95,percentile,500,273,True
roi,1,11,5,2,0.71,61.309999999999995,-1.0374199346169886,-1.1609766703340534,-0.12355673571706483,0.5791728645483538,-2.408793857645231,-0.1758617730037944,0.95,percentile,500,273,True
roi,1,12,6,2,0.71,61.309999999999995,0.47033022937425556,0.5610931022120497,0.0907628728377941,0.28444582225756876,0.03724934440282231,1.1906598041359893,0.95,percentile,500,273,True
roi,1,1,1,1,0.72,61.92,0.08689709788909372,0.16720226117836434,0.08030516328927062,0.29556615501998307,-0.4137830739259254,0.8009960433159785,0.95,percentile,500,273,True
roi,1,2,2,1,0.72,61.92,-0.21926082547571643,-0.250475403472014,-0.031214577996297593,0.4836316975552176,-1.116634411753363,0.7280633216756603,0.95,percentile,500,273,True
roi,1,3,3,1,0.72,61.92,0.13942400954204842,0.16669483756113593,0.027270828019087506,0.5111509399658719,-0.758546726084174,1.135328448426317,0.95,percentile,500,273,True
roi,1,4,4,1,0.72,61.92,0.14537880582924576,0.20130455637909722,0.055925750549851466,0.4610612738188302,-0.662361230924686,1.1110876147507993,0.95,percentile,500,273,True
roi,1,5,5,1,0.72,61.92,-0.2915276164718588,-0.4311677053050323,-0.13964008883317347,0.39376728722631976,-1.2187777938763455,0.2998819473492782,0.95,percentile,500,273,True
roi,1,6,6,1,0.72,61.92,0.31832125667997835,0.43715761444633006,0.11883635776635171,0.3160683617994298,-0.1602698442480408,1.1144063069271215,0.95,percentile,500,273,True
roi,1,7,1,2,0.72,61.92,0.32707696721525625,0.38077565594072565,0.0536986887254694,0.2607197191818472,-0.08354178606588025,0.921243131346914,0.95,percentile,500,273,True
roi,1,8,2,2,0.72,61.92,-0.16883787433847655,-0.15169660387219108,0.01714127046628547,0.4632594420039131,-1.036354620242017,0.6929097113932996,0.95,percentile,500,273,True
roi,1,9,3,2,0.72,61.92,0.03764935608434282,0.030016663024809386,-0.007632693059533433,0.5575767430222625,-1.0504049645134221,1.1173797926421718,0.95,percentile,500,273,True
roi,1,10,4,2,0.72,61.92,-0.7706489309630246,-0.8225849893228544,-0.05193605835982984,0.6460449510172793,-2.147062818553993,0.38455016527121977,0.95,percentile,500,273,True
roi,1,11,5,2,0.72,61.92,-1.035031731576481,-1.1599803015267884,-0.12494856995030745,0.5895775609489735,-2.4292046315447506,-0.1616776307738364,0.95,percentile,500,273,True
roi,1,12,6,2,0.72,61.92,0.46812099401803625,0.5597669766237672,0.09164598260573092,0.28991220129916623,0.02550883939147004,1.2041449790709469,0.95,percentile,500,273,True
roi,1,1,1,1,0.73,62.53,0.09019335330353398,0.1722603310839401,0.08206697778040611,0.3030880667021629,-0.4215506366966482,0.8047273204011025,0.95,percentile,500,273,True
roi,1,2,2,1,0.73,62.53,-0.22792684477590733,-0.26099195282554405,-0.03306510804963672,0.4945336317497786,-1.1492518160151781,0.7327638250238666,0.95,percentile,500,273,True
roi,1,3,3,1,0.73,62.53,0.14180012087870952,0.17127158144347704,0.029471460564767515,0.5225168094980454,-0.7733143434645093,1.150642545617482,0.95,percentile,500,273,True
roi,1,4,4,1,0.73,62.53,0.14440126430446862,0.20254894907465468,0.05814768477018606,0.4713288490859391,-0.6726925077306279,1.1439217835440454,0.95,percentile,500,273,True
roi,1,5,5,1,0.73,62.53,-0.28673173499076815,-0.42957344460874936,-0.1428417096179812,0.4014964359202769,-1.2363853966031886,0.3204392959155892,0.95,percentile,500,273,True
roi,1,6,6,1,0.73,62.53,0.30862000887062513,0.42918089401245163,0.1205608851418265,0.32244909225494406,-0.17827322896161227,1.1186486203168666,0.95,percentile,500,273,True
roi,1,7,1,2,0.73,62.53,0.3327482765103338,0.3867214548304427,0.053973178320108894,0.2661503691122925,-0.08530803903948168,0.9424538830390903,0.95,percentile,500,273,True
roi,1,8,2,2,0.73,62.53,-0.16333041715727564,-0.14567783181644506,0.017652585340830584,0.4734346805945358,-1.052710537016094,0.7101795859085275,0.95,percentile,500,273,True
roi,1,9,3,2,0.73,62.53,0.01459042024218538,0.006347544009635092,-0.008242876232550288,0.5707110048917176,-1.1045311951264893,1.113413138659146,0.95,percentile,500,273,True
roi,1,10,4,2,0.73,62.53,-0.7518925022077038,-0.8032631841145651,-0.05137068190686134,0.6596168735580301,-2.1446388865731443,0.43230398913999807,0.95,percentile,500,273,True
roi,1,11,5,2,0.73,62.53,-1.0320411393391113,-1.1583910544160363,-0.12634991507692495,0.6001096123563278,-2.448858617111161,-0.14902588444166148,0.95,percentile,500,273,True
roi,1,12,6,2,0.73,62.53,0.465829133892299,0.5583510104104095,0.09252187651811045,0.2954848452625536,0.011704744249379565,1.21728386324014,0.95,percentile,500,273,True
roi,1,1,1,1,0.74,63.14,0.0932638591748389,0.17715028919400763,0.08388643001916873,0.3108117688698667,-0.43020195803174865,0.8082494496142706,0.95,percentile,500,273,True
roi,1,2,2,1,0.74,63.14,-0.2363414108737665,-0.271364869060519,-0.03502345818675248,0.5056728944362526,-1.1824791140546589,0.7482207709340728,0.95,percentile,500,273,True
roi,1,3,3,1,0.74,63.14,0.14387659370895667,0.17570708783502414,0.03183049412606748,0.5341283905006213,-0.7863775941556013,1.1663807073858707,0.95,percentile,500,273,True
roi,1,4,4,1,0.74,63.14,0.14304966543532022,0.20355716115415232,0.0605074957188321,0.48184349945378097,-0.685025299470216,1.1780867636631385,0.95,percentile,500,273,True
roi,1,5,5,1,0.74,63.14,-0.28093243818356944,-0.4271120619883566,-0.14617962380478716,0.4094328733426591,-1.2491226416809211,0.34189269684344176,0.95,percentile,500,273,True
roi,1,6,6,1,0.74,63.14,0.2980338128280088,0.42036902597442577,0.12233521314641699,0.32897187022086943,-0.1969689763300659,1.1220932482403467,0.95,percentile,500,273,True
roi,1,7,1,2,0.74,63.14,0.33832610528463924,0.3925743537947561,0.05424824851011684,0.27168258718016824,-0.0870975177889644,0.9677931591787168,0.95,percentile,500,273,True
roi,1,8,2,2,0.74,63.14,-0.1571755778274245,-0.13902396250408922,0.018151615323335285,0.4838587124562908,-1.072062615578894,0.7322800854610472,0.95,percentile,500,273,True
roi,1,9,3,2,0.74,63.14,-0.009406184607511523,-0.01825736620527604,-0.008851181597764516,0.5842825590577503,-1.16362620073369,1.121547499480417,0.95,percentile,500,273,True
roi,1,10,4,2,0.74,63.14,-0.7320898748468624,-0.782848648036609,-0.05075877318974664,0.6735408347823617,-2.1587007540881493,0.4842767191558413,0.95,percentile,500,273,True
roi,1,11,5,2,0.74,63.14,-1.0284105979300229,-1.156173317605921,-0.12776271967589814,0.6107837763110954,-2.4705590128355572,-0.13625026249306035,0.95,percentile,500,273,True
roi,1,12,6,2,0.74,63.14,0.46346460407807816,0.5568549721246842,0.093390368046606,0.301173878814389,-0.0018641754941535731,1.2272022496863302,0.95,percentile,500,273,True
roi,1,1,1,1,0.75,63.75,0.09609038120451803,0.18185578265200342,0.08576540144748539,0.31874883720190395,-0.4418920546961337,0.8130435657295444,0.95,percentile,500,273,True
roi,1,2,2,1,0.75,63.75,-0.24447998543650248,-0.28157774479468084,-0.037097759358178356,0.5170771159998776,-1.2112040850362293,0.7648794897200583,0.95,percentile,500,273,True
roi,1,3,3,1,0.75,63.75,0.145608757110272,0.17997626645326406,0.03436750934299207,0.5460154424446267,-0.8027643368476208,1.1924544246624516,0.95,percentile,500,273,True
roi,1,4,4,1,0.75,63.75,0.14127519616726888,0.20429843195592529,0.0630232357886564,0.4926335349521761,-0.7044436318941297,1.2140703372957724,0.95,percentile,500,273,True
roi,1,5,5,1,0.75,63.75,-0.27400710302799913,-0.4236774883156164,-0.14967038528761728,0.41760514087648065,-1.2670543777744776,0.3643327757374207,0.95,percentile,500,273,True
roi,1,6,6,1,0.75,63.75,0.2864673152387612,0.41063111585795814,0.12416380061919696,0.33565461125832236,-0.21639241320621297,1.1272674577886401,0.95,percentile,500,273,True
roi,1,7,1,2,0.75,63.75,0.3437973541048755,0.39831641184436256,0.054519057739487065,0.27731832154977926,-0.0891802337920768,0.9930713702825058,0.95,percentile,500,273,True
roi,1,8,2,2,0.75,63.75,-0.15030978319693336,-0.13166507246394593,0.01864471073298743,0.4945663995747066,-1.0841883221148787,0.764417331716898,0.95,percentile,500,273,True
roi,1,9,3,2,0.75,63.75,-0.03443617807205368,-0.043894868769252644,-0.009458690697198964,0.5983505642643987,-1.228360585156372,1.1267249571736104,0.95,percentile,500,273,True
roi,1,10,4,2,0.75,63.75,-0.7111468380438706,-0.7612422423776282,-0.05009540433375759,0.6878612624798255,-2.171363288469336,0.5360140653355475,0.95,percentile,500,273,True
roi,1,11,5,2,0.75,63.75,-1.0240987496021858,-1.1532884149201637,-0.12918966531797782,0.6216184290570084,-2.4877882415397368,-0.115450031129218,0.95,percentile,500,273,True
roi,1,12,6,2,0.75,63.75,0.4610411690309583,0.5552928204571459,0.09425165142618758,0.30699208444466686,-0.013787648821152947,1.2378697197995872,0.95,percentile,500,273,True
roi,1,1,1,1,0.76,64.36,0.09865186311063033,0.18635729344532412,0.08770543033469379,0.32691508977117806,-0.45494590206194824,0.8271495462917483,0.95,percentile,500,273,True
roi,1,2,2,1,0.76,64.36,-0.2523131612024869,-0.29160998154025186,-0.03929682033776494,0.5287808198998115,-1.2378490988633946,0.7821577655362352,0.95,percentile,500,273,True
roi,1,3,3,1,0.76,64.36,0.1469410473864719,0.18404668471411642,0.03710563732764452,0.558214706915775,-0.8230391557902261,1.2207792736518055,0.95,percentile,500,273,True
roi,1,4,4,1,0.76,64.36,0.13901795334267875,0.20473446913680013,0.06571651579412138,0.503733764861221,-0.7207981711765893,1.2488967039668937,0.95,percentile,500,273,True
roi,1,5,5,1,0.76,64.36,-0.2658080233144416,-0.41914171651311194,-0.15333369319867035,0.42604857959068404,-1.282065438659932,0.3878664868777444,0.95,percentile,500,273,True
roi,1,6,6,1,0.76,64.36,0.27380757282006124,0.39985940069110837,0.12605182787104713,0.3425199466706778,-0.23662163774901032,1.133146086532885,0.95,percentile,500,273,True
roi,1,7,1,2,0.76,64.36,0.3491463142195729,0.40392517289245583,0.05477885867288296,0.2830608914980313,-0.09418386564303212,1.0164895382384305,0.95,percentile,500,273,True
roi,1,8,2,2,0.76,64.36,-0.14265891566912003,-0.12351757258521409,0.019141343083905943,0.5056022972531323,-1.0965882260543578,0.7916350175207962,0.95,percentile,500,273,True
roi,1,9,3,2,0.76,64.36,-0.06061169224994494,-0.07067924191192548,-0.010067549661980542,0.6129892583727076,-1.2863923637768715,1.116734927589418,0.95,percentile,500,273,True
roi,1,10,4,2,0.76,64.36,-0.6889549639427418,-0.7383295689642249,-0.04937460502148305,0.7026331184682705,-2.170144576705227,0.590225078728735,0.95,percentile,500,273,True
roi,1,11,5,2,0.76,64.36,-1.0190600853737746,-1.1496945691605875,-0.13063448378681297,0.63263659319616,-2.506412985663783,-0.08537452022684924,0.95,percentile,500,273,True
roi,1,12,6,2,0.76,64.36,0.45857771629129307,0.5536842824849196,0.09510656619362656,0.3129556695948822,-0.031165294751956722,1.2491664040868047,0.95,percentile,500,273,True
roi,1,1,1,1,0.77,64.97,0.10092387010150979,0.190631310811833,0.0897074407103232,0.3353316557360895,-0.4637286977962348,0.8486637000528261,0.95,percentile,500,273,True
roi,1,2,2,1,0.77,64.97,-0.25980537825612127,-0.30143539972201483,-0.04163002146589356,0.5408273952727201,-1.264018396477904,0.7906170876346227,0.95,percentile,500,273,True
roi,1,3,3,1,0.77,64.97,0.14780362895030008,0.18787596033377849,0.040072331383478405,0.5707719072117158,-0.8482675603634794,1.254688547051285,0.95,percentile,500,273,True
roi,1,4,4,1,0.77,64.97,0.13620361673772238,0.20481699675737164,0.06861338001964926,0.5151872949347139,-0.7372869452872803,1.2761779529512458,0.95,percentile,500,273,True
roi,1,5,5,1,0.77,64.97,-0.2561553706902713,-0.41334849891263487,-0.1571931282223636,0.4348074037621087,-1.2880391398067774,0.409832071726376,0.95,percentile,500,273,True
roi,1,6,6,1,0.77,64.97,0.25991951530840035,0.38792486518357067,0.12800534987517032,0.3495967506769385,-0.25988164106292616,1.1346882813887225,0.95,percentile,500,273,True
roi,1,7,1,2,0.77,64.97,0.35435400712484516,0.4093721884227649,0.055018181297919744,0.2889153423208599,-0.0996887343371609,1.0301692673774212,0.95,percentile,500,273,True
roi,1,8,2,2,0.77,64.97,-0.13413600577988366,-0.1144803994793031,0.019655606300580566,0.5170241051500406,-1.108698124511521,0.8227372169282666,0.95,percentile,500,273,True
roi,1,9,3,2,0.77,64.97,-0.08806506750033435,-0.09874672124377963,-0.010681653743445277,0.6282930011444015,-1.343358810440846,1.1249787039086794,0.95,percentile,500,273,True
roi,1,10,4,2,0.77,64.97,-0.665388756920336,-0.7139777575542258,-0.04858900063388971,0.7179251141778231,-2.16745262428552,0.6350328574663797,0.95,percentile,500,273,True
roi,1,11,5,2,0.77,64.97,-1.0132446077342505,-1.1453470406274875,-0.13210243289323698,0.6438673530111624,-2.5245890034135496,-0.05986840125750805,0.95,percentile,500,273,True
roi,1,12,6,2,0.77,64.97,0.45610006535646175,0.5520570923308178,0.09595702697435604,0.3190853385693929,-0.04786135922375587,1.2656324538216563,0.95,percentile,500,273,True
roi,1,1,1,1,0.78,65.58,0.10287789816080904,0.19464921583788028,0.09177131767707124,0.3440264742044592,-0.4735969172896877,0.8788046914090097,0.95,percentile,500,273,True
roi,1,2,2,1,0.78,65.58,-0.26691320430706744,-0.31102025159474883,-0.04410704728768139,0.5532718374829998,-1.2949327936324662,0.7972164174971537,0.95,percentile,500,273,True
roi,1,3,3,1,0.78,65.58,0.14810770989650882,0.19140801393465764,0.04330030403814883,0.5837445079500627,-0.8713871331558438,1.2960363638137853,0.95,percentile,500,273,True
roi,1,4,4,1,0.78,65.58,0.1327388576968577,0.20448428674462057,0.07174542904776288,0.5270479853424268,-0.7521251491084315,1.3119304724427097,0.95,percentile,500,273,True
roi,1,5,5,1,0.78,65.58,-0.2448275911005715,-0.40610466763594555,-0.16127707653537404,0.44393761572778195,-1.2918214236206669,0.4338845051647034,0.95,percentile,500,273,True
roi,1,6,6,1,0.78,65.58,0.24463984638514547,0.37467133676014264,0.13003149037499717,0.3569223304107984,-0.28491494384433613,1.1349478441140368,0.95,percentile,500,273,True
roi,1,7,1,2,0.78,65.58,0.3593973287413187,0.4146209305152562,0.055223601773937536,0.29488898119875684,-0.10603583723175483,1.0389964759029278,0.95,percentile,500,273,True
roi,1,8,2,2,0.78,65.58,-0.12463829684568874,-0.1044297453968679,0.020208551448820833,0.5289077855256795,-1.1302611852542266,0.8557286217989339,0.95,percentile,500,273,True
roi,1,9,3,2,0.78,65.58,-0.11695378132519953,-0.1282615682399827,-0.011307786914783166,0.6443835844170439,-1.4071468352657077,1.1124268148116967,0.95,percentile,500,273,True
roi,1,10,4,2,0.78,65.58,-0.6403020781691143,-0.6880313454477955,-0.04772926727868121,0.733824255566226,-2.173020210051659,0.6932221482851205,0.95,percentile,500,273,True
roi,1,11,5,2,0.78,65.58,-1.0065975532658238,-1.1401985771881324,-0.13360102392230866,0.6553478403487732,-2.543127749854086,-0.0335171818514462,0.95,percentile,500,273,True
roi,1,12,6,2,0.78,65.58,0.4536434873891479,0.5504502179665779,0.09680673057743,0.3254078233071059,-0.06383005680234934,1.2825553989547553,0.95,percentile,500,273,True
roi,1,1,1,1,0.79,66.19,0.10448051388848237,0.19837574868704097,0.0938952347985586,0.3530364401526355,-0.49245153422321064,0.9066144405818666,0.95,percentile,500,273,True
roi,1,2,2,1,0.79,66.19,-0.27358299578823086,-0.3203203115077919,-0.04673731571956102,0.5661846351561602,-1.328998842425454,0.8024049857388486,0.95,percentile,500,273,True
roi,1,3,3,1,0.79,66.19,0.147738937171225,0.19456757158881413,0.04682863441758914,0.5972055966979697,-0.9071853948510978,1.3387945179062422,0.95,percentile,500,273,True
roi,1,4,4,1,0.79,66.19,0.12850489238560958,0.20365615219642005,0.07515125981081047,0.539383871728969,-0.7686758045336185,1.3498112134772262,0.95,percentile,500,273,True
roi,1,5,5,1,0.79,66.19,-0.23154806720353602,-0.39716794424972907,-0.16561987704619305,0.45351119913457827,-1.2993809359464175,0.4607471161837049,0.95,percentile,500,273,True
roi,1,6,6,1,0.79,66.19,0.22776869438734362,0.35990738528943106,0.13213869090208744,0.3645456454424995,-0.31141940377756994,1.1349137254362158,0.95,percentile,500,273,True
roi,1,7,1,2,0.79,66.19,0.3642479350888536,0.4196237780293724,0.05537584294051878,0.30099221733577375,-0.11370787125799188,1.0572648745079631,0.95,percentile,500,273,True
roi,1,8,2,2,0.79,66.19,-0.11404348660136364,-0.09321157767254379,0.02083190892881985,0.5413553848220005,-1.148970951077052,0.8981053005720631,0.95,percentile,500,273,True
roi,1,9,3,2,0.79,66.19,-0.14746692588642776,-0.15942448556571084,-0.01195755967928308,0.6614211190413947,-1.4762019908736443,1.1020335791036917,0.95,percentile,500,273,True
roi,1,10,4,2,0.79,66.19,-0.6135236288616124,-0.6603069088793767,-0.04678328001776433,0.7504424280546603,-2.1922419335800294,0.7554686498538135,0.95,percentile,500,273,True
roi,1,11,5,2,0.79,66.19,-0.9990592538487463,-1.1342004109007442,-0.13514115705199792,0.6671260812984595,-2.569262361289414,-0.007448863732304191,0.95,percentile,500,273,True
roi,1,12,6,2,0.79,66.19,0.45125626096386284,0.5489186002189129,0.09766233925505008,0.33195812613748693,-0.0855762504479128,1.2967599076778036,0.95,percentile,500,273,True
roi,1,1,1,1,0.8,66.80000000000001,0.10569228202135182,0.20176685314532622,0.0960745711239744,0.36241055495539454,-0.5161960093584831,0.9244726427496959,0.95,percentile,500,273,True
roi,1,2,2,1,0.8,66.80000000000001,-0.2797476641648433,-0.32927649341536214,-0.049528829250518824,0.5796574198643565,-1.3672815836346557,0.8269431427779182,0.95,percentile,500,273,True
roi,1,3,3,1,0.8,66.80000000000001,0.14654790775505536,0.19725190790528838,0.05070400015023302,0.6112494657543984,-0.9413612625408206,1.3694357862388291,0.95,percentile,500,273,True
roi,1,4,4,1,0.8,66.80000000000001,0.12334825467975931,0.20222655356276653,0.07887829888300722,0.5522820237702981,-0.7866019933140878,1.382178250219359,0.95,percentile,500,273,True
roi,1,5,5,1,0.8,66.80000000000001,-0.21596622356775289,-0.38622943451420266,-0.17026321094644978,0.4636223162478609,-1.3066932314220987,0.4909196773668551,0.95,percentile,500,273,True
roi,1,6,6,1,0.8,66.80000000000001,0.20905794625550547,0.34339498267145124,0.13433703641594577,0.37253218061606075,-0.3392591221639583,1.1318804307926589,0.95,percentile,500,273,True
roi,1,7,1,2,0.8,66.80000000000001,0.36887078734716217,0.42431754976465014,0.05544676241748797,0.3072399392449793,-0.11743972069073684,1.0785110065753474,0.95,percentile,500,273,True
roi,1,8,2,2,0.8,66.80000000000001,-0.102204890773136,-0.08063069291784535,0.02157419785529066,0.5545074126832059,-1.162250313150642,0.9520627675449638,0.95,percentile,500,273,True
roi,1,9,3,2,0.8,66.80000000000001,-0.179833830850075,-0.19248462179279438,-0.01265079094271937,0.6796207667629788,-1.558739911606133,1.1039134861712545,0.95,percentile,500,273,True
roi,1,10,4,2,0.8,66.80000000000001,-0.5848512046232637,-0.6305859301133702,-0.04573472549010649,0.7679262187627883,-2.2026084974094347,0.8038404668124699,0.95,percentile,500,273,True
roi,1,11,5,2,0.8,66.80000000000001,-0.9905652750601924,-1.1273042116431953,-0.13673893658300285,0.679265179570131,-2.5767117827101242,0.029544010662879247,0.95,percentile,500,273,True
roi,1,12,6,2,0.8,66.80000000000001,0.44900476334501255,0.5475402679851613,0.09853550464014876,0.33878290733058175,-0.10154359543115385,1.3100384027659995,0.95,percentile,500,273,True
roi,1,1,1,1,0.81,67.41,0.1064664303333391,0.20476655943257524,0.09830012909923615,0.3722146953126688,-0.53397225587725,0.9422376903678847,0.95,percentile,500,273,True
roi,1,2,2,1,0.81,67.41,-0.2853221209742002,-0.33780802509695196,-0.05248590412275178,0.5938114205081899,-1.3980972104833642,0.8709780862991882,0.95,percentile,500,273,True
roi,1,3,3,1,0.81,67.41,0.14433624531927552,0.1993181004665917,0.05498185514731618,0.6259998490340319,-0.9549067232633651,1.4106490601187875,0.95,percentile,500,273,True
roi,1,4,4,1,0.81,67.41,0.11706730119144587,0.20005239087953222,0.08298508968808635,0.5658556083277273,-0.7998782728472882,1.4139939170179903,0.95,percentile,500,273,True
roi,1,5,5,1,0.81,67.41,-0.19763015296085856,-0.3728878485189054,-0.17525769555804682,0.4743967644402731,-1.3118751310603591,0.5250420670447917,0.95,percentile,500,273,True
roi,1,6,6,1,0.81,67.41,0.1881945635849983,0.3248332608996137,0.13663869731461536,0.3809715807225483,-0.3698107309968642,1.1274945926478008,0.95,percentile,500,273,True
roi,1,7,1,2,0.81,67.41,0.37322225404032966,0.4286166737008731,0.055394419660543426,0.31365389410896455,-0.12779506880368996,1.0897505994261594,0.95,percentile,500,273,True
roi,1,8,2,2,0.81,67.41,-0.08894520615268675,-0.06643409964210793,0.02251110651057882,0.5685632644510307,-1.1655839840614999,1.0107348528162277,0.95,percentile,500,273,True
roi,1,9,3,2,0.81,67.41,-0.21433569780872494,-0.22775730101305627,-0.013421603204331334,0.6992794274879254,-1.6483310190120695,1.1068876549224778,0.95,percentile,500,273,True
roi,1,10,4,2,0.81,67.41,-0.5540443461563909,-0.5986050775488383,-0.04456073139244743,0.7864720823533262,-2.197083000251779,0.8547927279780911,0.95,percentile,500,273,True
roi,1,11,5,2,0.81,67.41,-0.981047076855985,-1.1194657307221534,-0.13841865386616836,0.6918496459828779,-2.5937849970982656,0.06563070192109263,0.95,percentile,500,273,True
roi,1,12,6,2,0.81,67.41,0.4469808805861612,0.5464273069698042,0.09944642638364304,0.3459457934003675,-0.12466777263951917,1.3243259755629808,0.95,percentile,500,273,True
roi,1,1,1,1,0.8200000000000001,68.02000000000001,0.10674720002920195,0.20730231614576028,0.10055511611655833,0.38253910562766374,-0.5363290317558985,0.9692952951251337,0.95,percentile,500,273,True
roi,1,2,2,1,0.8200000000000001,68.02000000000001,-0.2901967271873886,-0.34580137603070055,-0.055604648843311955,0.6088105684878946,-1.42864454446195,0.9114949929167051,0.95,percentile,500,273,True
roi,1,3,3,1,0.8200000000000001,68.02000000000001,0.1408356769466955,0.20056270909941792,0.05972703215272243,0.6416224574173945,-0.9632403642373213,1.4580690110693124,0.95,percentile,500,273,True
roi,1,4,4,1,0.8200000000000001,68.02000000000001,0.10939198707964999,0.1969359938572378,0.08754400677758782,0.5802544433729456,-0.8183287718806963,1.4460495743514028,0.95,percentile,500,273,True
roi,1,5,5,1,0.8200000000000001,68.02000000000001,-0.17594593819868612,-0.3566104213219232,-0.1806644831232371,0.48600697216852257,-1.3177346153184748,0.5640295191905742,0.95,percentile,500,273,True
roi,1,6,6,1,0.8200000000000001,68.02000000000001,0.16477607930585997,0.30383465564898604,0.13905857634312607,0.3899901236745556,-0.4023597421579019,1.1234441555723333,0.95,percentile,500,273,True
roi,1,7,1,2,0.8200000000000001,68.02000000000001,0.3772476561549118,0.43240233025743824,0.055154674102526446,0.3202670607239467,-0.13666623150088728,1.098089619169072,0.95,percentile,500,273,True
roi,1,8,2,2,0.8200000000000001,68.02000000000001,-0.07404849865374298,-0.05028461486075404,0.023763883792988938,0.5838166417908608,-1.1969589818677742,1.0711385121435424,0.95,percentile,500,273,True
roi,1,9,3,2,0.8200000000000001,68.02000000000001,-0.2513215153245723,-0.26565137064064936,-0.014329855316077056,0.7208202441661701,-1.7463001048384297,1.1059806741591813,0.95,percentile,500,273,True
roi,1,10,4,2,0.8200000000000001,68.02000000000001,-0.5208149112575496,-0.5640424947089421,-0.04322758345139244,0.806350754627907,-2.1893239605495505,0.90928754301575,0.95,percentile,500,273,True
roi,1,11,5,2,0.8200000000000001,68.02000000000001,-0.970433633504963,-1.1106514818259445,-0.1402178483209815,0.7049953127363745,-2.6108462410247926,0.09388502111045165,0.95,percentile,500,273,True
roi,1,12,6,2,0.8200000000000001,68.02000000000001,0.4453129933572056,0.5457433226397472,0.10043032928254164,0.35353608065598824,-0.148868006001852,1.3390127792456534,0.95,percentile,500,273,True
roi,1,1,1,1,0.8300000000000001,68.63,0.10646784439960459,0.20927767811091683,0.10280983371131223,0.39351072013711247,-0.5383022217847098,0.9925297903994932,0.95,percentile,500,273,True
roi,1,2,2,1,0.8300000000000001,68.63,-0.294227648438009,-0.3530913673339625,-0.05886371889595349,0.6248827151007837,-1.462071629229438,0.9424673242311047,0.95,percentile,500,273,True
roi,1,3,3,1,0.8300000000000001,68.63,0.13567572391770358,0.20068808744894365,0.06501236353124007,0.6583447855464479,-0.9685615255736485,1.4942628903083603,0.95,percentile,500,273,True
roi,1,4,4,1,0.8300000000000001,68.63,0.09995270079965689,0.19259677672804587,0.09264407592838898,0.5956812965840643,-0.8395004382898438,1.456748572841291,0.95,percentile,500,273,True
roi,1,5,5,1,0.8300000000000001,68.63,-0.15011541606550943,-0.33667166610954485,-0.18655625004403542,0.49869693455187675,-1.323871670884319,0.6105009546176562,0.95,percentile,500,273,True
roi,1,6,6,1,0.8300000000000001,68.63,0.13827348823750818,0.2798888933528207,0.1416154051153125,0.39977218647039725,-0.4377664217834295,1.114351081863458,0.95,percentile,500,273,True
roi,1,7,1,2,0.8300000000000001,68.63,0.3808781652953357,0.43550432800072497,0.05462616270538928,0.32713230689325207,-0.13356072250980275,1.1116281836373183,0.95,percentile,500,273,True
roi,1,8,2,2,0.8300000000000001,68.63,-0.05725007733247158,-0.031716421711238715,0.025533655621232866,0.6007208955900246,-1.2139243067988195,1.1198957351327716,0.95,percentile,500,273,True
roi,1,9,3,2,0.8300000000000001,68.63,-0.2912301189212267,-0.3067138064021739,-0.015483687480947195,0.7448709871935982,-1.831637399935457,1.1101547742263396,0.95,percentile,500,273,True
roi,1,10,4,2,0.8300000000000001,68.63,-0.4848150145010743,-0.5264974698847745,-0.041682455383700245,0.8279486245303881,-2.185882961850824,0.9829822006841221,0.95,percentile,500,273,True
roi,1,11,5,2,0.8300000000000001,68.63,-0.9586548036299061,-1.1008510299202743,-0.1421962262903682,0.7188655270778975,-2.6264555463676933,0.13462070240780347,0.95,percentile,500,273,True
roi,1,12,6,2,0.8300000000000001,68.63,0.4441826077602935,0.5457323884322438,0.10154978067195031,0.3616838477952746,-0.16468327458179993,1.3503500591591653,0.95,percentile,500,273,True
roi,1,1,1,1,0.84,69.24,0.10554829764764219,0.21056013641031562,0.10501183876267343,0.4053146220624175,-0.5466092932014187,1.0166477959765814,0.95,percentile,500,273,True
roi,1,2,2,1,0.84,69.24,-0.297222270747195,-0.35942678583460863,-0.06220451508741365,0.6423559363111009,-1.5000532946437413,0.9804463825093165,0.95,percentile,500,273,True
roi,1,3,3,1,0.84,69.24,0.12833222602574265,0.19924374551975801,0.07091151949401536,0.6764889194917191,-0.9817818360976985,1.5499697359435534,0.95,percentile,500,273,True
roi,1,4,4,1,0.84,69.24,0.08823067126704198,0.18662334824995003,0.09839267698290804,0.6124181030070629,-0.8584714718446016,1.466470107905304,0.95,percentile,500,273,True
roi,1,5,5,1,0.84,69.24,-0.11903768925541905,-0.3120536243391523,-0.19301593508373324,0.5128262487617785,-1.3361321398678407,0.6684290969854817,0.95,percentile,500,273,True
roi,1,6,6,1,0.84,69.24,0.10797299711807858,0.25230710017488067,0.1443341030568021,0.4105997522256831,-0.4768286594721654,1.1073426642349655,0.95,percentile,500,273,True
roi,1,7,1,2,0.84,69.24,0.38402710833495585,0.43766881368002636,0.05364170534507051,0.3343411953427961,-0.14049172740983748,1.1286447626764808,0.95,percentile,500,273,True
roi,1,8,2,2,0.84,69.24,-0.03822426193125359,-0.010054425029448403,0.02816983690180519,0.6200194398865091,-1.233759848058574,1.1692277184260915,0.95,percentile,500,273,True
roi,1,9,3,2,0.84,69.24,-0.3346210981108563,-0.3517080324377133,-0.01708693432685704,0.7724119658217782,-1.9225230804574023,1.116419249378681,0.95,percentile,500,273,True
roi,1,10,4,2,0.84,69.24,-0.445621835467534,-0.4854579210537518,-0.03983608558621782,0.8518425529364433,-2.1722426523778418,1.077904783470018,0.95,percentile,500,273,True
roi,1,11,5,2,0.84,69.24,-0.9456479140697741,-1.0901000344074052,-0.1444521203376311,0.733699005472939,-2.630672718578896,0.17848210082860794,0.95,percentile,500,273,True
roi,1,12,6,2,0.84,69.24,0.4438501359977359,0.5467696251059525,0.10291948910821663,0.370588253870074,-0.17922013606308507,1.3710471679402847,0.95,percentile,500,273,True
roi,1,1,1,1,0.85,69.85,0.10389270639528303,0.21095901791121843,0.1070663115159354,0.418234289843548,-0.5499455152224995,1.0493605958226855,0.95,percentile,500,268,True
roi,1,2,2,1,0.85,69.85,-0.29891646260734706,-0.36440207283440934,-0.06548561022706229,0.6617254163278811,-1.546749947974263,1.0279189960992172,0.95,percentile,500,268,True
roi,1,3,3,1,0.85,69.85,0.11804229030913556,0.19551756301555664,0.07747527270642109,0.696529353224429,-1.0022771103228705,1.6249431475706475,0.95,percentile,500,268,True
roi,1,4,4,1,0.85,69.85,0.07347603413153543,0.17838817223363906,0.10491213810210363,0.6308704205628924,-0.9009237541520716,1.5083167826205437,0.95,percentile,500,268,True
roi,1,5,5,1,0.85,69.85,-0.08114697181510355,-0.2812761782618363,-0.20012920644673277,0.5289543326038745,-1.3404189551695307,0.7397422209368962,0.95,percentile,500,268,True
roi,1,6,6,1,0.85,69.85,0.07288064280307825,0.22013321306375858,0.14725257026068034,0.4229321291405556,-0.523093646792862,1.0997502500884004,0.95,percentile,500,268,True
roi,1,7,1,2,0.85,69.85,0.3865862350244707,0.43849527386368564,0.05190903883921494,0.3420701986365677,-0.15599196776320887,1.1503838462586875,0.95,percentile,500,268,True
roi,1,8,2,2,0.85,69.85,-0.016571380257818194,0.015747787446976302,0.032319167704794496,0.6430350724033027,-1.2315010726655529,1.2276633613573151,0.95,percentile,500,268,True
roi,1,9,3,2,0.85,69.85,-0.3822182559150497,-0.40176604182808945,-0.01954778591303974,0.8050816750506332,-2.030292423080102,1.129839529138573,0.95,percentile,500,268,True
roi,1,10,4,2,0.85,69.85,-0.4027193459752589,-0.44024186267358545,-0.03752251669832657,0.8789472280090933,-2.1577540986319597,1.208869035272236,0.95,percentile,500,268,True
roi,1,11,5,2,0.85,69.85,-0.9313703506008072,-1.0785250406486884,-0.14715469004788118,0.749860985975112,-2.634808957565494,0.2230062870193004,0.95,percentile,500,268,True
roi,1,12,6,2,0.85,69.85,0.44469595449922716,0.5494562180177733,0.10476026351854617,0.3805764107716158,-0.18476260975797312,1.391497796067076,0.95,percentile,500,268,True
roi,1,1,1,1,0.86,70.46000000000001,0.10913145743956373,0.2197520173213598,0.11062055988179606,0.4318588428045203,-0.5656353052002887,1.0926113456059483,0.95,percentile,500,266,True
roi,1,2,2,1,0.86,70.46000000000001,-0.3099948415086792,-0.3805144399728531,-0.07051959846417394,0.682086084760595,-1.6044406323983968,1.0523370385946345,0.95,percentile,500,266,True
roi,1,3,3,1,0.86,70.46000000000001,0.10368955235392487,0.18753658887592356,0.0838470365219987,0.717285518082261,-1.038216286992521,1.657519155714513,0.95,percentile,500,266,True
roi,1,4,4,1,0.86,70.46000000000001,0.05056661943921775,0.16186652265601845,0.1112999032168007,0.6502791028858923,-0.9427919574977546,1.5509250154956853,0.95,percentile,500,266,True
roi,1,5,5,1,0.86,70.46000000000001,-0.04120509870924539,-0.24838280527049592,-0.20717770656125054,0.5448170926305421,-1.3372963494169525,0.8203581611055295,0.95,percentile,500,266,True
roi,1,6,6,1,0.86,70.46000000000001,0.03698700610842335,0.1870702565852941,0.15008325047687077,0.4346814912218826,-0.5726036857907335,1.0776798716130465,0.95,percentile,500,266,True
roi,1,7,1,2,0.86,70.46000000000001,0.39465372904034896,0.4461680346898003,0.051514305649451364,0.3508036613839259,-0.16200993091025967,1.1777230045777356,0.95,percentile,500,266,True
roi,1,8,2,2,0.86,70.46000000000001,-0.0011960322405751545,0.034082821712123665,0.03527885395269882,0.6643642137123885,-1.2384216220421869,1.2722829058884506,0.95,percentile,500,266,True
roi,1,9,3,2,0.86,70.46000000000001,-0.4298463200625404,-0.4521608876222885,-0.02231456755974809,0.8363605741473097,-2.123581169736318,1.126051196865457,0.95,percentile,500,266,True
roi,1,10,4,2,0.86,70.46000000000001,-0.36098751838663956,-0.3969572910008839,-0.03596977261424433,0.9062232919201074,-2.1925764657263853,1.3323983170229257,0.95,percentile,500,266,True
roi,1,11,5,2,0.86,70.46000000000001,-0.9197212196008553,-1.070478304034346,-0.15075708443349067,0.7663914475720929,-2.6435147305641014,0.2547887628751247,0.95,percentile,500,266,True
roi,1,12,6,2,0.86,70.46000000000001,0.4452425951905643,0.5520335981691217,0.10679100297855737,0.3907608695379897,-0.18921016726544376,1.4143234505556854,0.95,percentile,500,266,True
roi,1,1,1,1,0.87,71.07,0.11365438131646241,0.2285329111369037,0.11487852982044128,0.4466200357681236,-0.5645527804321347,1.148054426056881,0.95,percentile,500,259,True
roi,1,2,2,1,0.87,71.07,-0.3179378598843777,-0.39407409837391694,-0.07613623848953921,0.7044602615898871,-1.6661745909406687,1.090169796270223,0.95,percentile,500,259,True
roi,1,3,3,1,0.87,71.07,0.08574755756746781,0.1762580314058406,0.09051047383837278,0.7394580693685228,-1.0773318028359968,1.6865996500411524,0.95,percentile,500,259,True
roi,1,4,4,1,0.87,71.07,0.02357195965250504,0.14161608410735813,0.11804412445485309,0.6712504679624228,-1.0103663138209475,1.5970910795210378,0.95,percentile,500,259,True
roi,1,5,5,1,0.87,71.07,0.003879456328500829,-0.21062635370554078,-0.21450581003404162,0.5627575463877891,-1.3266396870910981,0.9079959790454855,0.95,percentile,500,259,True
roi,1,6,6,1,0.87,71.07,-0.0011657404376925716,0.1517726676351,0.15293840807279258,0.44777383371034213,-0.6217534338440334,1.0771404220371052,0.95,percentile,500,259,True
roi,1,7,1,2,0.87,71.07,0.40304966631779204,0.45431858331935887,0.05126891700156683,0.3601323540734833,-0.16720229170291387,1.2058103605191763,0.95,percentile,500,259,True
roi,1,8,2,2,0.87,71.07,0.016793151833507297,0.05581052742602417,0.039017375592516876,0.6873463487356823,-1.2563641211031038,1.3254122314336996,0.95,percentile,500,259,True
roi,1,9,3,2,0.87,71.07,-0.48129996955573745,-0.5073982330158958,-0.026098263460158366,0.8712772403350871,-2.24689221255243,1.145777724759708,0.95,percentile,500,259,True
roi,1,10,4,2,0.87,71.07,-0.3141288469931962,-0.3479540666792349,-0.03382521968603869,0.9362268119196975,-2.1901541645458176,1.4763688312898824,0.95,percentile,500,259,True
roi,1,11,5,2,0.87,71.07,-0.9041316510610792,-1.058994759507483,-0.15486310844640372,0.7837008738730867,-2.6655776182075988,0.27141779624582796,0.95,percentile,500,259,True
roi,1,12,6,2,0.87,71.07,0.44608901229020037,0.5555371987550085,0.10944818646480814,0.40200915384521313,-0.19564856423387225,1.43121895021972,0.95,percentile,500,259,True
roi,1,1,1,1,0.88,71.68,0.11067309180283005,0.22945322369154458,0.11878013188871453,0.46111190546319314,-0.5716307822624002,1.1932644458086383,0.95,percentile,500,255,True
roi,1,2,2,1,0.88,71.68,-0.31759647339409924,-0.3994517412517003,-0.08185526785760106,0.7281058978694924,-1.7108997152063006,1.137362135586451,0.95,percentile,500,255,True
roi,1,3,3,1,0.88,71.68,0.06753219936670471,0.1647277025010433,0.09719550313433858,0.7624945829707872,-1.1191294023777036,1.717977996150191,0.95,percentile,500,255,True
roi,1,4,4,1,0.88,71.68,-0.0021299878052165005,0.12322420648338721,0.1253541942886037,0.6933748946206049,-1.075002424145673,1.6180143437536474,0.95,percentile,500,255,True
roi,1,5,5,1,0.88,71.68,0.042859587099418596,-0.17968752984944747,-0.22254711694886606,0.5801566563295886,-1.3220322196414773,0.9710813541967227,0.95,percentile,500,255,True
roi,1,6,6,1,0.88,71.68,-0.03430200805512079,0.12140494344452038,0.15570695149964117,0.4603040857886325,-0.6754715671929488,1.0769780460435572,0.95,percentile,500,255,True
roi,1,7,1,2,0.88,71.68,0.4111883134286567,0.46267095335296377,0.05148263992430707,0.3697349939189939,-0.17213411678527477,1.2309581079854248,0.95,percentile,500,255,True
roi,1,8,2,2,0.88,71.68,0.029992711537826434,0.07164013548019035,0.04164742394236392,0.7088540884148187,-1.2770192891702687,1.3657374631308346,0.95,percentile,500,255,True
roi,1,9,3,2,0.88,71.68,-0.5224590360601218,-0.5516889457978396,-0.029229909737717774,0.9042925402757986,-2.369068287267097,1.1804788923252114,0.95,percentile,500,255,True
roi,1,10,4,2,0.88,71.68,-0.2696221169608044,-0.30161645375943846,-0.03199433679863406,0.9653958690943107,-2.228157214697609,1.5924255010162423,0.95,percentile,500,255,True
roi,1,11,5,2,0.88,71.68,-0.8824062534161128,-1.0415070805163291,-0.15910082710021634,0.7996759363028896,-2.6759895893351215,0.3086988294928875,0.95,percentile,500,255,True
roi,1,12,6,2,0.88,71.68,0.4449266839356552,0.5572341369167777,0.11230745298112249,0.4130470525716227,-0.21229779547202085,1.4502955984032488,0.95,percentile,500,255,True
roi,1,1,1,1,0.89,72.28999999999999,0.10199966772796833,0.22436984350464328,0.12237017577667496,0.475177595755812,-0.5940188976523864,1.2278786864991964,0.95,percentile,500,250,True
roi,1,2,2,1,0.89,72.28999999999999,-0.30990746832809657,-0.3974122276089689,-0.08750475928087231,0.7535429108980606,-1.7752485555293758,1.1929318046991135,0.95,percentile,500,250,True
roi,1,3,3,1,0.89,72.28999999999999,0.046564338522095156,0.1508415154368232,0.10427717691472804,0.7872853825245938,-1.1763791179808152,1.7793455257509676,0.95,percentile,500,250,True
roi,1,4,4,1,0.89,72.28999999999999,-0.029874727630345505,0.10376794129513287,0.13364266892547838,0.7180243148602123,-1.1050285039247445,1.6614006074834007,0.95,percentile,500,250,True
roi,1,5,5,1,0.89,72.28999999999999,0.08227879205012659,-0.14919356213392118,-0.23147235418404777,0.5986032124152202,-1.3204243448699662,1.0048905597563655,0.95,percentile,500,250,True
roi,1,6,6,1,0.89,72.28999999999999,-0.0675906252764506,0.09104329491140747,0.15863392018785807,0.47315417631255136,-0.7402941553792087,1.088066281048597,0.95,percentile,500,250,True
roi,1,7,1,2,0.89,72.28999999999999,0.4185150646576895,0.47025878196253834,0.051743717304848835,0.37940849296596796,-0.17357414841874613,1.2547883337475292,0.95,percentile,500,250,True
roi,1,8,2,2,0.89,72.28999999999999,0.04169531762389709,0.0854822233476845,0.04378690572378741,0.7306775712376449,-1.3117233196596991,1.4000455230199091,0.95,percentile,500,250,True
roi,1,9,3,2,0.89,72.28999999999999,-0.5650476374340458,-0.5973198820235183,-0.03227224458947242,0.9343823495272949,-2.491165100968646,1.1873481821741783,0.95,percentile,500,250,True
roi,1,10,4,2,0.89,72.28999999999999,-0.22239621208768334,-0.2527056565683438,-0.030309444480660475,0.9931698262346933,-2.2560578852495317,1.7099582675073406,0.95,percentile,500,250,True
roi,1,11,5,2,0.89,72.28999999999999,-0.8582202653644937,-1.021473516571908,-0.1632532512074143,0.8154817998254384,-2.6891392027222953,0.33609894463491613,0.95,percentile,500,250,True
roi,1,12,6,2,0.89,72.28999999999999,0.4394193406672606,0.5541578243052339,0.11473848363797323,0.4241320457299539,-0.23500229307329076,1.4708379833969805,0.95,percentile,500,250,True
roi,1,1,1,1,0.9,72.9,0.09334445372770361,0.22035048428365236,0.12700603055594875,0.4900987677501603,-0.6387412088334539,1.263687121306644,0.95,percentile,500,243,True
roi,1,2,2,1,0.9,72.9,-0.2986241521128234,-0.39252048955318464,-0.09389633744036124,0.7821644414078803,-1.83036314812899,1.2719481439309739,0.95,percentile,500,243,True
roi,1,3,3,1,0.9,72.9,0.017365672375187786,0.12849479752159465,0.11112912514640687,0.8148178434866653,-1.259348141482713,1.7886722815768106,0.95,percentile,500,243,True
roi,1,4,4,1,0.9,72.9,-0.06737260627261542,0.07450773009465937,0.1418803363672748,0.7464874157996849,-1.1468522452373637,1.694879608450435,0.95,percentile,500,243,True
roi,1,5,5,1,0.9,72.9,0.12845829902704947,-0.1121549161630369,-0.24061321519008638,0.6196648873813667,-1.3416691513173518,1.0502327953908377,0.95,percentile,500,243,True
roi,1,6,6,1,0.9,72.9,-0.10160094645443533,0.06036085681078081,0.16196180326521614,0.4871833683710104,-0.8067411471226553,1.0999154290422222,0.95,percentile,500,243,True
roi,1,7,1,2,0.9,72.9,0.42788647927603907,0.48024126062371336,0.052354781347674295,0.38957796742894724,-0.16578083602568291,1.2845402252561067,0.95,percentile,500,243,True
roi,1,8,2,2,0.9,72.9,0.053088175109426615,0.09966570358103083,0.046577528471604214,0.7540805079878911,-1.3495498159215713,1.4608001629978817,0.95,percentile,500,243,True
roi,1,9,3,2,0.9,72.9,-0.61261086365751,-0.6494315034682259,-0.036820639810715816,0.9655480554675837,-2.6257991573804675,1.1687067225977468,0.95,percentile,500,243,True
roi,1,10,4,2,0.9,72.9,-0.16857880232374411,-0.196157210600082,-0.027578408276337896,1.0222708061682273,-2.271324496219463,1.844778055471098,0.95,percentile,500,243,True
roi,1,11,5,2,0.9,72.9,-0.8300760728971808,-0.9973954589750288,-0.16731938607784802,0.8321053898711425,-2.7066223162396215,0.3974299501104781,0.95,percentile,500,243,True
roi,1,12,6,2,0.9,72.9,0.43370854351465615,0.55130493634957,0.11759639283491385,0.4362792826628096,-0.260521414246169,1.4933562018743016,0.95,percentile,500,243,True
roi,1,1,1,1,0.91,73.51,0.08472935176748227,0.21670357375031027,0.131974221982828,0.5042626496718904,-0.6886172943623412,1.2993945171174017,0.95,percentile,500,238,True
roi,1,2,2,1,0.91,73.51,-0.28635059837773297,-0.3860034504091269,-0.09965285203139396,0.8127078000032039,-1.8989523274353273,1.3529182177888421,0.95,percentile,500,238,True
roi,1,3,3,1,0.91,73.51,-0.0179734530916754,0.09745419906692371,0.11542765215859911,0.8442464736824411,-1.3547482076586514,1.8280455228299508,0.95,percentile,500,238,True
roi,1,4,4,1,0.91,73.51,-0.11561413483290754,0.031010190814795467,0.146624325647703,0.7774686236376598,-1.2121393165842687,1.7270513596300006,0.95,percentile,500,238,True
roi,1,5,5,1,0.91,73.51,0.17834045813610983,-0.0689827982779693,-0.24732325641407912,0.6417104957626079,-1.371152541854673,1.1338641620749244,0.95,percentile,500,238,True
roi,1,6,6,1,0.91,73.51,-0.13260772166920554,0.03330929265341989,0.16591701432262543,0.5023365500446593,-0.851556279046959,1.0934118462876306,0.95,percentile,500,238,True
roi,1,7,1,2,0.91,73.51,0.44208636020983494,0.49621004493879156,0.05412368472895662,0.39998236673350795,-0.1680934444434726,1.3464688944406809,0.95,percentile,500,238,True
roi,1,8,2,2,0.91,73.51,0.04810460572334416,0.0940275963171669,0.04592299059382274,0.7753415510492108,-1.392957808340493,1.4800145986462039,0.95,percentile,500,238,True
roi,1,9,3,2,0.91,73.51,-0.6501481391657397,-0.6899861288708855,-0.03983798970514585,0.9948262986062466,-2.7487885801072003,1.192752604080505,0.95,percentile,500,238,True
roi,1,10,4,2,0.91,73.51,-0.11614828855270808,-0.1412558351822284,-0.02510754662952032,1.0509457556064956,-2.292127857389547,1.9851096218503754,0.95,percentile,500,238,True
roi,1,11,5,2,0.91,73.51,-0.7968676406296517,-0.9673342298026688,-0.17046658917301716,0.8480428792232327,-2.704042882284443,0.4609571333612313,0.95,percentile,500,238,True
roi,1,12,6,2,0.91,73.51,0.42163075911057973,0.541407113645058,0.11977635453447827,0.44848248803725893,-0.30239893199462853,1.5067332095547656,0.95,percentile,500,238,True
roi,1,1,1,1,0.92,74.12,0.07926328068674,0.2173450011872379,0.13808172050049788,0.5187218738152575,-0.7381651300717978,1.3348361327570255,0.95,percentile,500,231,True
roi,1,2,2,1,0.92,74.12,-0.28522645454130285,-0.3924439454171743,-0.10721749087587146,0.845087078907155,-1.9919528443413739,1.4184688003653203,0.95,percentile,500,231,True
roi,1,3,3,1,0.92,74.12,-0.049174759851364866,0.06962729961906115,0.11880205947042602,0.8748290130165416,-1.4405273201610969,1.88602099406465,0.95,percentile,500,231,True
roi,1,4,4,1,0.92,74.12,-0.16611735095620764,-0.017264955350232498,0.14885239560597513,0.8094256854743022,-1.3302946063785628,1.7348914891074507,0.95,percentile,500,231,True
roi,1,5,5,1,0.92,74.12,0.2244288426716931,-0.028310932657820656,-0.25273977532951375,0.6659482475037418,-1.3987370965954384,1.2287723414373137,0.95,percentile,500,231,True
roi,1,6,6,1,0.92,74.12,-0.16118977505773213,0.00896647120065773,0.17015624625838988,0.5186581880414278,-0.8947060572896256,1.094819093718405,0.95,percentile,500,231,True
roi,1,7,1,2,0.92,74.12,0.4561806805356984,0.5124177385250216,0.056237057989323214,0.4108447363577511,-0.17277103702422805,1.390174702649202,0.95,percentile,500,231,True
roi,1,8,2,2,0.92,74.12,0.036991154106781075,0.08050245925473477,0.0435113051479537,0.7963617502002044,-1.4422954848414073,1.5019542198488776,0.95,percentile,500,231,True
roi,1,9,3,2,0.92,74.12,-0.6877733799649451,-0.7302569057352055,-0.04248352577026038,1.0230293934062622,-2.863812273450269,1.220869376152085,0.95,percentile,500,231,True
roi,1,10,4,2,0.92,74.12,-0.057701943683353595,-0.07959720039964707,-0.021895256716293478,1.078977111087882,-2.285858327749373,2.0832701746785656,0.95,percentile,500,231,True
roi,1,11,5,2,0.92,74.12,-0.7591190794171601,-0.9322076763541515,-0.1730885969369914,0.8639835877042877,-2.7178011491305827,0.5272660676496898,0.95,percentile,500,231,True
roi,1,12,6,2,0.92,74.12,0.4048166147843747,0.5264932476730697,0.12167663288869501,0.4612642186249314,-0.35181958345325903,1.5164709660724907,0.95,percentile,500,231,True
roi,1,1,1,1,0.93,74.73,0.07360549924231342,0.2184455746140155,0.14484007537170207,0.5344041841268748,-0.7893351938862295,1.3526865104256371,0.95,percentile,500,227,True
roi,1,2,2,1,0.93,74.73,-0.29550345217013746,-0.4130207921089421,-0.11751733993880464,0.8805743793898931,-2.030982740455987,1.4827098805292092,0.95,percentile,500,227,True
roi,1,3,3,1,0.93,74.73,-0.06159633995104468,0.06381903472797067,0.12541537467901534,0.9049742745847781,-1.5068452205252396,1.9656507475830425,0.95,percentile,500,227,True
roi,1,4,4,1,0.93,74.73,-0.19345557624696966,-0.03905792957405665,0.154397646672913,0.8385110770727942,-1.3798861781652407,1.7677992195904049,0.95,percentile,500,227,True
roi,1,5,5,1,0.93,74.73,0.25145831628948906,-0.00858239273483624,-0.2600407090243253,0.6859825945347273,-1.4351817360177448,1.2940504700147437,0.95,percentile,500,227,True
roi,1,6,6,1,0.93,74.73,-0.19007108461499805,-0.01624574959631007,0.173825335018688,0.5326118804871652,-0.9442967720607615,1.0976559945790918,0.95,percentile,500,227,True
roi,1,7,1,2,0.93,74.73,0.46820575471556714,0.5264817701949621,0.05827601547939498,0.4216478775842864,-0.17541778810542963,1.4203059968098986,0.95,percentile,500,227,True
roi,1,8,2,2,0.93,74.73,0.03002674434669069,0.07088982684553896,0.04086308249884827,0.8175006509014388,-1.4879642968167655,1.543997600434116,0.95,percentile,500,227,True
roi,1,9,3,2,0.93,74.73,-0.7273293694564618,-0.771760068121285,-0.04443069866482319,1.0516388072654643,-2.993987726291423,1.2480528779508915,0.95,percentile,500,227,True
roi,1,10,4,2,0.93,74.73,-0.004844986463044759,-0.024855833362342747,-0.02001084689929799,1.1068534870946374,-2.3033490731206787,2.161651264084242,0.95,percentile,500,227,True
roi,1,11,5,2,0.93,74.73,-0.7288075207471912,-0.9059088478403944,-0.17710132709320314,0.8801568774338525,-2.735382286527705,0.5841381103752987,0.95,percentile,500,227,True
roi,1,12,6,2,0.93,74.73,0.3863258268673647,0.5099607987532128,0.12363497188584804,0.47385105769402863,-0.3897658066374751,1.522611469316168,0.95,percentile,500,227,True
roi,1,1,1,1,0.9400000000000001,75.34,0.06393417684320553,0.21650988019139517,0.15257570334818965,0.5511163408533314,-0.8366984241742574,1.3730972922291602,0.95,percentile,500,223,True
roi,1,2,2,1,0.9400000000000001,75.34,-0.30582830211397705,-0.4361309332228038,-0.13030263110882673,0.9181569589484252,-2.074012413235016,1.5291120593969343,0.95,percentile,500,223,True
roi,1,3,3,1,0.9400000000000001,75.34,-0.061923243631246884,0.0728693444130294,0.1347925880442763,0.9371538819964881,-1.5627333579981015,2.060095119636481,0.95,percentile,500,223,True
roi,1,4,4,1,0.9400000000000001,75.34,-0.20585847587098408,-0.04285757049855311,0.16300090537243095,0.8674487334892111,-1.4172080290359026,1.8465042036019423,0.95,percentile,500,223,True
roi,1,5,5,1,0.9400000000000001,75.34,0.27313278294803134,0.0038568510396046712,-0.2692759319084267,0.7048265979996743,-1.4641695162284103,1.3382376523572754,0.95,percentile,500,223,True
roi,1,6,6,1,0.9400000000000001,75.34,-0.22237126198720844,-0.04486061996271115,0.1775106420244973,0.5461063620209464,-0.9960575245952198,1.1138295143329524,0.95,percentile,500,223,True
roi,1,7,1,2,0.9400000000000001,75.34,0.4783487134897489,0.5389251408977231,0.060576427407974254,0.43264652224696504,-0.1898901805602818,1.4478396700945422,0.95,percentile,500,223,True
roi,1,8,2,2,0.9400000000000001,75.34,0.029134736427136335,0.0672329790177242,0.03809824259058786,0.8401303921675866,-1.5386834683130204,1.5945784388046464,0.95,percentile,500,223,True
roi,1,9,3,2,0.9400000000000001,75.34,-0.7728906880034675,-0.8200589941551544,-0.04716830615168688,1.0819903745687929,-3.1270083799848454,1.264614148843132,0.95,percentile,500,223,True
roi,1,10,4,2,0.9400000000000001,75.34,0.051640369935647114,0.0337056522078551,-0.017934717727792017,1.1357726789106428,-2.3219523150074477,2.250492780706001,0.95,percentile,500,223,True
roi,1,11,5,2,0.9400000000000001,75.34,-0.6965835545726684,-0.8785831615164863,-0.1819996069438179,0.8971257538401831,-2.7532966505894483,0.646556763101059,0.95,percentile,500,223,True
roi,1,12,6,2,0.9400000000000001,75.34,0.3660311916686231,0.49188280229657866,0.12585161062795558,0.4867864453772634,-0.43856575305895307,1.5279074981856442,0.95,percentile,500,223,True
roi,1,1,1,1,0.9500000000000001,75.95,0.046545672027686044,0.20799141642251398,0.16144574439482795,0.5687697021329338,-0.8803566504037529,1.39258438081238,0.95,percentile,500,220,True
roi,1,2,2,1,0.9500000000000001,75.95,-0.3046139095039574,-0.4490606355041688,-0.1444467260002114,0.9553979806627194,-2.1190135891608683,1.5906370346458873,0.95,percentile,500,220,True
roi,1,3,3,1,0.9500000000000001,75.95,-0.06688185968118913,0.07714395204240464,0.14402581172359377,0.9691351265759558,-1.6183969576299977,2.092945338205621,0.95,percentile,500,220,True
roi,1,4,4,1,0.9500000000000001,75.95,-0.2213779640496983,-0.050078943288635686,0.17129902076106263,0.8959502793967266,-1.45678890098602,1.8960610950876142,0.95,percentile,500,220,True
roi,1,5,5,1,0.9500000000000001,75.95,0.29903533718081027,0.020450013584912174,-0.2785853235958981,0.7239117980956677,-1.492117189188049,1.3916700900978936,0.95,percentile,500,220,True
roi,1,6,6,1,0.9500000000000001,75.95,-0.25790468661002003,-0.07656964153509062,0.18133504507492942,0.560482952692255,-1.0514241801505335,1.1298009767484427,0.95,percentile,500,220,True
roi,1,7,1,2,0.9500000000000001,75.95,0.4857879377053668,0.5490408354937828,0.06325289778841597,0.4445147261142326,-0.2114730877410656,1.4753188325319284,0.95,percentile,500,220,True
roi,1,8,2,2,0.9500000000000001,75.95,0.033388052232091715,0.06831319744424337,0.034925145212151655,0.8647985427441853,-1.5910372876376793,1.6558412203378967,0.95,percentile,500,220,True
roi,1,9,3,2,0.9500000000000001,75.95,-0.8224983905241442,-0.8733355491455025,-0.05083715862135829,1.1148182804496147,-3.274522958553767,1.2712998237608086,0.95,percentile,500,220,True
roi,1,10,4,2,0.9500000000000001,75.95,0.11159992574411583,0.09624444354604426,-0.015355482198071563,1.1665731713936416,-2.326241266482023,2.3530886738917745,0.95,percentile,500,220,True
roi,1,11,5,2,0.9500000000000001,75.95,-0.6627725002729155,-0.8507308925796283,-0.18795839230671285,0.9154848618412699,-2.770608817649346,0.7116542790794993,0.95,percentile,500,220,True
roi,1,12,6,2,0.9500000000000001,75.95,0.3448597047893169,0.47357093227848845,0.12871122748917158,0.5009304707952409,-0.46970095137789747,1.5313531535863691,0.95,percentile,500,220,True
roi,1,1,1,1,0.96,76.56,0.020518361647482455,0.1912500084087768,0.17073164676129432,0.5885791757009476,-0.9507857547627276,1.4058562626174789,0.95,percentile,500,218,True
roi,1,2,2,1,0.96,76.56,-0.29147168505304066,-0.45080678091247767,-0.159335095859437,0.9964489357154415,-2.2049420058408784,1.6347817328875085,0.95,percentile,500,218,True
roi,1,3,3,1,0.96,76.56,-0.07827330480222734,0.07452899381835137,0.1528022986205787,1.001555678771688,-1.6643749135452264,2.126946738146768,0.95,percentile,500,218,True
roi,1,4,4,1,0.96,76.56,-0.24260268549257766,-0.06379577012742753,0.17880691536515014,0.9244451867352307,-1.4962307759888323,1.9331648803679862,0.95,percentile,500,218,True
roi,1,5,5,1,0.96,76.56,0.32973148648740763,0.04223531862426467,-0.28749616786314297,0.7436771261402421,-1.5243553296995964,1.4471537965821921,0.95,percentile,500,218,True
roi,1,6,6,1,0.96,76.56,-0.29637870323393034,-0.1112051834268073,0.18517351980712304,0.5755365167461035,-1.1136668063215596,1.1169525025012557,0.95,percentile,500,218,True
roi,1,7,1,2,0.96,76.56,0.49116184032481414,0.5574575536053361,0.06629571328052197,0.45766234250167015,-0.2148984562901391,1.5209241240834284,0.95,percentile,500,218,True
roi,1,8,2,2,0.96,76.56,0.04232286654236098,0.0735248277474444,0.031201961205083416,0.8913858747341721,-1.6262665082311583,1.7245994005247502,0.95,percentile,500,218,True
roi,1,9,3,2,0.96,76.56,-0.8718948062330975,-0.9267010148834073,-0.05480620865030983,1.1495665950748188,-3.443617394269048,1.2919653379666292,0.95,percentile,500,218,True
roi,1,10,4,2,0.96,76.56,0.17124289218747799,0.15864131746090354,-0.012601574726574444,1.199412772044128,-2.3535451342519598,2.457321805820481,0.95,percentile,500,218,True
roi,1,11,5,2,0.96,76.56,-0.6282485034690708,-0.823054426796777,-0.1948059233277062,0.9347872171490119,-2.770563604801897,0.7816724056968714,0.95,percentile,500,218,True
roi,1,12,6,2,0.96,76.56,0.32500566493252137,0.45751467264647555,0.13250900771395419,0.5168866203417192,-0.5002838829538828,1.5417872881321215,0.95,percentile,500,218,True
roi,1,1,1,1,0.97,77.17,-0.022034759966482412,0.1571127762342214,0.1791475362007038,0.6099488665594122,-1.007720034705434,1.38620632634842,0.95,percentile,500,214,True
roi,1,2,2,1,0.97,77.17,-0.2555440522875304,-0.4293899024997634,-0.17384585021223298,1.0404903213568557,-2.2673206921408386,1.7173205388442014,0.95,percentile,500,214,True
roi,1,3,3,1,0.97,77.17,-0.09616303103970125,0.06483000568642408,0.16099303672612533,1.0358895544833993,-1.692434369467399,2.1890613111447594,0.95,percentile,500,214,True
roi,1,4,4,1,0.97,77.17,-0.2675712370662798,-0.08214128338632172,0.18542995367995807,0.953294252619874,-1.540531379916806,1.9716783775697493,0.95,percentile,500,214,True
roi,1,5,5,1,0.97,77.17,0.36510284293042,0.06969319563611583,-0.2954096472943042,0.763639931603087,-1.5472205925096116,1.5040862449507235,0.95,percentile,500,214,True
roi,1,6,6,1,0.97,77.17,-0.3376531757285027,-0.14926230907459345,0.18839086665390922,0.5908887358466861,-1.1898111881733648,1.1235039683017596,0.95,percentile,500,214,True
roi,1,7,1,2,0.97,77.17,0.49365964035590354,0.5635680763765025,0.06990843602059899,0.47241121634633115,-0.22636947995287346,1.5724481628600941,0.95,percentile,500,214,True
roi,1,8,2,2,0.97,77.17,0.05454651454087741,0.08012304622523543,0.02557653168435802,0.9200375299018663,-1.6835390357906455,1.81490756619961,0.95,percentile,500,214,True
roi,1,9,3,2,0.97,77.17,-0.9187588527627584,-0.9765233156699965,-0.057764462907238134,1.1871971939467414,-3.606936309739339,1.3133791327577686,0.95,percentile,500,214,True
roi,1,10,4,2,0.97,77.17,0.23323490480811485,0.2235065960616255,-0.009728308746489334,1.2355041145492076,-2.3598560802517703,2.542744698212471,0.95,percentile,500,214,True
roi,1,11,5,2,0.97,77.17,-0.5849900932049545,-0.786433383615394,-0.2014432904104395,0.9540352456536486,-2.7707556297189306,0.8688232919388568,0.95,percentile,500,214,True
roi,1,12,6,2,0.97,77.17,0.3007299349244112,0.43732254985843394,0.13659261493402275,0.5342690114223386,-0.5359468968300862,1.5460203485262132,0.95,percentile,500,214,True
roi,1,1,1,1,0.98,77.78,-0.08523236179789301,0.10020572896696243,0.18543809076485546,0.6337967622209284,-1.1044302754052027,1.3817304011181455,0.95,percentile,500,211,True
roi,1,2,2,1,0.98,77.78,-0.18684921624287343,-0.3724249870711185,-0.18557577082824506,1.0876117660862952,-2.260634997371564,1.8810089780671522,0.95,percentile,500,211,True
roi,1,3,3,1,0.98,77.78,-0.12524528879923655,0.04207436432818988,0.16731965312742642,1.0734195628310605,-1.7653850735730081,2.208785687775558,0.95,percentile,500,211,True
roi,1,4,4,1,0.98,77.78,-0.29913172329818627,-0.10897514215464309,0.19015658114354317,0.9829266723284338,-1.603565817747406,2.0317355640248858,0.95,percentile,500,211,True
roi,1,5,5,1,0.98,77.78,0.4069411468156648,0.10523091390071487,-0.3017102329149499,0.7836513662888316,-1.5199160678815649,1.568518024481415,0.95,percentile,500,211,True
roi,1,6,6,1,0.98,77.78,-0.3843436234825838,-0.19417345152226023,0.19017017196032354,0.6063764818776323,-1.253988026293251,1.1350786183781776,0.95,percentile,500,211,True
roi,1,7,1,2,0.98,77.78,0.4933639107950839,0.5676886918063256,0.07432478101124174,0.489654083946663,-0.27417552599814154,1.617441835017185,0.95,percentile,500,211,True
roi,1,8,2,2,0.98,77.78,0.07236240135858135,0.08983462323236338,0.01747222187378203,0.9515469913684124,-1.7468632489665892,1.8965509230755595,0.95,percentile,500,211,True
roi,1,9,3,2,0.98,77.78,-0.9579122635083205,-1.0159339375704741,-0.05802167406215364,1.2288678344013668,-3.745018563663241,1.3515317142411414,0.95,percentile,500,211,True
roi,1,10,4,2,0.98,77.78,0.29254553157360874,0.28483450688841727,-0.00771102468519147,1.2762351812560562,-2.40625242058836,2.6777121227083334,0.95,percentile,500,211,True
roi,1,11,5,2,0.98,77.78,-0.5344328371794734,-0.7426938927171287,-0.20826105553765528,0.9742303249090181,-2.791175071567706,0.9355481831719767,0.95,percentile,500,211,True
roi,1,12,6,2,0.98,77.78,0.27181209547966356,0.41266126076673076,0.1408491652870672,0.553390442311244,-0.5760882816840869,1.5247565689141358,0.95,percentile,500,211,True
roi,1,1,1,1,0.99,78.39,-0.14825341712320614,0.042888617878845285,0.19114203500205143,0.6581714484625337,-1.2012140008888723,1.366130979931974,0.95,percentile,500,207,True
roi,1,2,2,1,0.99,78.39,-0.09514868030089205,-0.28919677436167146,-0.1940480940607794,1.1383801018892692,-2.2435429505208115,2.0881617367547745,0.95,percentile,500,207,True
roi,1,3,3,1,0.99,78.39,-0.17513273564287243,-0.002756157298830961,0.17237657834404146,1.1110157905334381,-1.8658099176407779,2.2669515909474267,0.95,percentile,500,207,True
roi,1,4,4,1,0.99,78.39,-0.3368186308767316,-0.14127448103784257,0.19554414983888901,1.0098348930097814,-1.6873035354752757,2.110067598529929,0.95,percentile,500,207,True
roi,1,5,5,1,0.99,78.39,0.45010354870028396,0.14136837201134728,-0.3087351766889367,0.8040872700136779,-1.5148512996217827,1.6352082430585153,0.95,percentile,500,207,True
roi,1,6,6,1,0.99,78.39,-0.4280199467202085,-0.23627057045000083,0.19174937627020766,0.6231142151116091,-1.3105573456246231,1.1410469915706705,0.95,percentile,500,207,True
roi,1,7,1,2,0.99,78.39,0.49214163597320926,0.571045244794844,0.07890360882163472,0.5065825490099489,-0.3217815339267685,1.6557017740322735,0.95,percentile,500,207,True
roi,1,8,2,2,0.99,78.39,0.11268240745255008,0.12337608364845148,0.010693676195901405,0.9856318499930997,-1.7689464783903819,2.0159980531625092,0.95,percentile,500,207,True
roi,1,9,3,2,0.99,78.39,-1.007128467692544,-1.0639980575443655,-0.056869589851821445,1.2687734785240865,-3.889435604295282,1.359313858328561,0.95,percentile,500,207,True
roi,1,10,4,2,0.99,78.39,0.3416562363661336,0.3321278423318744,-0.009528394034259202,1.3107205558090385,-2.4329509578587123,2.818468987363522,0.95,percentile,500,207,True
roi,1,11,5,2,0.99,78.39,-0.48745692446954375,-0.7066768421172555,-0.2192199176477117,0.9958832362048367,-2.7818519542214326,0.9963217751479614,0.95,percentile,500,207,True
roi,1,12,6,2,0.99,78.39,0.2437332920182119,0.3904936876515057,0.14676039563329382,0.5732585119310416,-0.6539877304937286,1.5576179113882869,0.95,percentile,500,207,True
roi,1,1,1,1,1.0,79.0,-0.2064382442136789,-0.00909709154453324,0.19734115266914565,0.6831015825640726,-1.3129324568723246,1.3731820484409767,0.95,percentile,500,204,True
roi,1,2,2,1,1.0,79.0,0.006495861007845671,-0.19488967419057082,-0.20138553519841648,1.1937423183857643,-2.2826372768334684,2.320236051883877,0.95,percentile,500,204,True
roi,1,3,3,1,1.0,79.0,-0.2416959387273727,-0.06635864959411097,0.17533728913326171,1.1477085739235162,-2.024670434330135,2.2745350775804885,0.95,percentile,500,204,True
roi,1,4,4,1,1.0,79.0,-0.3839227548681376,-0.1837899460908244,0.20013280877731318,1.0361931706758287,-1.7667242239684793,2.1788246166934537,0.95,percentile,500,204,True
roi,1,5,5,1,1.0,79.0,0.4975272857825632,0.18071830040522996,-0.31680898537733326,0.8269440553303692,-1.5155183380299826,1.7005491394051429,0.95,percentile,500,204,True
roi,1,6,6,1,1.0,79.0,-0.46614513392144286,-0.2714993283187918,0.19464580560265105,0.6415620933786541,-1.3690534768693934,1.1739715214470847,0.95,percentile,500,204,True
roi,1,7,1,2,1.0,79.0,0.4880336824560571,0.5713077343050715,0.08327405184901443,0.5222513383444135,-0.35331913233601275,1.6899614382806252,0.95,percentile,500,204,True
roi,1,8,2,2,1.0,79.0,0.1766192141768299,0.18191125831865795,0.005292044141828045,1.0234961782199494,-1.7555763469103471,2.197122302500974,0.95,percentile,500,204,True
roi,1,9,3,2,1.0,79.0,-1.0830558173006635,-1.1386569685432062,-0.05560115124254272,1.3119164325275887,-4.054658211312333,1.341633619908337,0.95,percentile,500,204,True
roi,1,10,4,2,1.0,79.0,0.4057734812756163,0.3915346818382144,-0.014238799437401917,1.3472568276903985,-2.4393696566355714,2.972336798258327,0.95,percentile,500,204,True
roi,1,11,5,2,1.0,79.0,-0.4274693344133702,-0.6618591782028499,-0.2343898437894797,1.0193931673713261,-2.774060585168863,1.0905690714771779,0.95,percentile,500,204,True
roi,1,12,6,2,1.0,79.0,0.21320286484227916,0.3683124428429829,0.15510957800070377,0.5925189889695247,-0.7186014317461284,1.5719906497106673,0.95,percentile,500,204,True
