n_subject,coef_type,rep,seed,success,error_message,elapsed_seconds,covariance_mode,signal_bandwidth_input,signal_bandwidth_method,best_signal_bandwidth,variance_bandwidth_input,variance_bandwidth_method,best_variance_bandwidth,sigma2_true,sigma2_function,a_eval_mode,a_eval_selected_points,rho_true,rho_error,miae_iid,rmise_iid,beta_mae_iid,beta_rmse_iid,miae_final,rmise_final,beta_mae_final,beta_rmse_final,sigma2_miae,sigma2_rmise,rho_abs_error,Sigma_fro_error
2000,base3,0,123,1,,1109.9513142704964,exchangeable_varying_sigma,0.18,fixed,0.18,0.18,fixed,0.18,1.0,sin,anchor_grid,500,0.3,-0.10955035748750838,0.05192977075404223,0.06579654019773304,0.03137910836293378,0.03803450763988988,0.052286437725953885,0.0661215156999651,0.03016081269164636,0.03629329373707612,0.13071912897688773,0.1750854157645531,0.10955035748750838,
2000,base3,0,123,1,,1305.9237765856087,exchangeable_varying_sigma,0.18,fixed,0.18,0.18,fixed,0.18,1.0,sin,anchor_grid,500,0.0,-0.01103529449946113,0.052406859743464665,0.06579566675215479,0.027208507423539585,0.02803191842857192,0.05373179024946027,0.06739626100987652,0.02644194192774646,0.027107254743691998,0.14180317433850062,0.18203590597089775,0.01103529449946113,
2000,base6,0,123,1,,1405.617365065962,exchangeable_varying_sigma,0.18,fixed,0.18,0.18,fixed,0.18,1.0,sin2,anchor_grid,500,0.6,-0.21076242266880796,0.04473591451915964,0.05653358748958962,0.02481113605609518,0.031902350908561646,0.04335505766600633,0.054881718824678634,0.0247821285195811,0.029707888651899616,0.10591053547260476,0.1219384889318322,0.21076242266880796,
2000,base6,0,123,1,,1624.2139760889113,exchangeable_varying_sigma,0.18,fixed,0.18,0.18,fixed,0.18,1.0,sin2,anchor_grid,500,0.3,-0.08984495473844095,0.04429970848069282,0.0559171068194637,0.02234988334766895,0.02844675537860932,0.04452641118374286,0.05613188278182934,0.02154969213574713,0.02642770185213235,0.1081300542228794,0.12293723357200291,0.08984495473844095,
2000,base6,0,123,1,,1789.7061033546925,exchangeable_varying_sigma,0.18,fixed,0.18,0.18,fixed,0.18,1.0,sin2,anchor_grid,500,0.0,-0.040715702904805876,0.044062508665886714,0.055836734566609814,0.020047839867674083,0.023227526876930634,0.044755514405504744,0.05664396055180461,0.019585642638996176,0.02156302622414392,0.09706835507013997,0.10835945112961208,0.040715702904805876,
2000,base3,0,123,1,,2313.258262384683,exchangeable_varying_sigma,0.18,fixed,0.18,0.18,fixed,0.18,1.0,sin,anchor_grid,500,0.6,-0.23672226955100867,0.052268301339447945,0.06622489075515148,0.03338735280272957,0.041679927077382405,0.05062652920300629,0.06388876968582917,0.032848423373051355,0.040108328745311235,0.12818649063306178,0.17456507680753086,0.23672226955100867,
2000,base3,0,123,1,,2324.3050374761224,exchangeable_varying_sigma,0.18,fixed,0.18,0.18,fixed,0.18,1.0,sin,anchor_grid,500,0.9,-0.36598530096948734,0.05277052419805074,0.06677075561852032,0.03490762118073838,0.04520417006534991,0.04762679544447369,0.059797318717496786,0.03457816580144167,0.04362919557531481,0.127133776845828,0.17433821339004169,0.36598530096948734,
2000,base6,0,123,1,,2389.7517600134015,exchangeable_varying_sigma,0.18,fixed,0.18,0.18,fixed,0.18,1.0,sin2,anchor_grid,500,0.9,-0.3331042339831558,0.04530851972032074,0.05739261244748942,0.027107449245088247,0.035180185181225884,0.0407997486646837,0.052311692504383556,0.02807396617370421,0.03293073368454707,0.10338699416994174,0.12059100394337986,0.3331042339831558,
5000,base6,0,123,1,,2040.2921007983387,exchangeable_varying_sigma,0.18,fixed,0.18,0.18,fixed,0.18,1.0,sin2,anchor_grid,500,0.6,-0.17540758940983775,0.03593435376852406,0.04483844428888867,0.006381323264022326,0.007274696304652593,0.03560783123090435,0.044822668293933894,0.005367834300604099,0.0072176742615975556,0.20133397064067762,0.2409304719012019,0.17540758940983775,
2000,base1,1,124,1,,1227.9546536542475,exchangeable_varying_sigma,0.18,fixed,0.18,0.18,fixed,0.18,1.0,mixed,anchor_grid,500,0.6,-0.12313242414785808,0.03482169552120662,0.04701631830073803,0.011763880668578003,0.012214046360648542,0.03112884491553374,0.04208516285861174,0.010338517271342149,0.011855148690374668,0.2392451911902067,0.28426594320048193,0.12313242414785808,
5000,base3,0,123,1,,3824.8343187496066,exchangeable_varying_sigma,0.18,fixed,0.18,0.18,fixed,0.18,1.0,sin,anchor_grid,500,0.6,-0.1911009810140855,0.04292090117419993,0.053076747832706016,0.004278974124055451,0.005347075093167449,0.04291250229366027,0.05332046785952495,0.003567182532227736,0.004264530159044849,0.23273892583789615,0.2770193166855427,0.1911009810140855,
2000,base1,1,124,1,,2045.2018201164901,exchangeable_varying_sigma,0.18,fixed,0.18,0.18,fixed,0.18,1.0,mixed,anchor_grid,500,0.0,0.0251874810236708,0.03503574662079042,0.04698659076709325,0.0063097135617138644,0.008541243916427372,0.034963411383050036,0.046978315597628724,0.005397743996506166,0.007087249708200753,0.23602808904307093,0.2794728577846547,0.0251874810236708,
5000,base6,0,123,1,,2681.514569643885,exchangeable_varying_sigma,0.18,fixed,0.18,0.18,fixed,0.18,1.0,sin2,anchor_grid,500,0.3,-0.08300150530588085,0.03591121706691121,0.04487144062438647,0.005755488608653159,0.006578544887939061,0.03647710387785756,0.0457358267975092,0.004765244031950777,0.00670259595886429,0.20109092206830861,0.24021393883323633,0.08300150530588085,
5000,base6,0,123,1,,2933.9364231452346,exchangeable_varying_sigma,0.18,fixed,0.18,0.18,fixed,0.18,1.0,sin2,anchor_grid,500,0.0,-0.003589636573805141,0.036010679701275194,0.045202649188214185,0.00617346478893846,0.007160352540829881,0.03698550021017375,0.046494275657347504,0.005646143767063572,0.006892701591579247,0.19702964999766376,0.23878882802807774,0.003589636573805141,
2000,base1,1,124,1,,2044.3170576542616,exchangeable_varying_sigma,0.18,fixed,0.18,0.18,fixed,0.18,1.0,mixed,anchor_grid,500,0.9,-0.19358650376286735,0.03467365321498081,0.04697811189933931,0.01187081829238161,0.012534634536069277,0.024208818624264574,0.0324389467059689,0.009128408388618378,0.011828660706020741,0.23629446899792664,0.28027399266763897,0.19358650376286735,
2000,base1,1,124,1,,2145.622528746724,exchangeable_varying_sigma,0.18,fixed,0.18,0.18,fixed,0.18,1.0,mixed,anchor_grid,500,0.3,-0.05499918479036356,0.03492490078745472,0.04711491446544653,0.011332777707744532,0.011650577936678959,0.03411104642220593,0.04617424067503924,0.010419414811476319,0.011267308182790096,0.24093238519273294,0.28711167217604644,0.05499918479036356,
5000,base3,0,123,1,,4766.836704742163,exchangeable_varying_sigma,0.18,fixed,0.18,0.18,fixed,0.18,1.0,sin,anchor_grid,500,0.9,-0.2847742501425494,0.04285915067781579,0.05310187545521193,0.005161243957622935,0.006181319566657693,0.04080984418557584,0.05120768380382321,0.004773739042397779,0.005650822712749821,0.23373900248597237,0.2785884333088487,0.2847742501425494,
5000,base3,0,123,1,,4973.216295160353,exchangeable_varying_sigma,0.18,fixed,0.18,0.18,fixed,0.18,1.0,sin,anchor_grid,500,0.0,-0.013495751833641201,0.042910104633046654,0.05296223485029317,0.009251219626375984,0.011116709396585217,0.044166151870124556,0.054687361161779253,0.010174803132344395,0.012133816960003128,0.23435246862433287,0.27499435252336246,0.013495751833641201,
5000,base3,0,123,1,,4999.770970005542,exchangeable_varying_sigma,0.18,fixed,0.18,0.18,fixed,0.18,1.0,sin,anchor_grid,500,0.3,-0.09714846411655254,0.042935347486675005,0.05303427904736479,0.0035064930777838205,0.004586075872745173,0.04394394262490172,0.05445178049200742,0.0027308525824490115,0.0034080085425548315,0.23221793974476604,0.27584134655263076,0.09714846411655254,
2000,base4,1,124,1,,1158.343533925712,exchangeable_varying_sigma,0.18,fixed,0.18,0.18,fixed,0.18,1.0,sin2,anchor_grid,500,0.3,-0.041437562902457425,0.027016426504713035,0.03514728587985777,0.008469841010502868,0.009463333914511844,0.026429102255928413,0.03446315708472679,0.008177801799389553,0.008623488552369878,0.17341285144670204,0.17692215514373136,0.041437562902457425,
2000,base4,1,124,1,,1567.9910148605704,exchangeable_varying_sigma,0.18,fixed,0.18,0.18,fixed,0.18,1.0,sin2,anchor_grid,500,0.0,0.02247089326295784,0.02693735485938279,0.034923260594425076,0.005335106998632405,0.006372617523427503,0.026918013817130177,0.03498384016891061,0.006231728042762272,0.0075069425975627995,0.17071618135602667,0.1757794230949814,0.02247089326295784,
2000,base4,1,124,1,,1605.8721585832536,exchangeable_varying_sigma,0.18,fixed,0.18,0.18,fixed,0.18,1.0,sin2,anchor_grid,500,0.9,-0.15429441045730563,0.026611256083519424,0.0346768645456172,0.008929524118428053,0.010110659051673574,0.01649415459377596,0.021838002397215773,0.007108940244337489,0.009125891793742992,0.17005076497273813,0.17489802302271545,0.15429441045730563,
5000,base6,0,123,1,,4772.735289558768,exchangeable_varying_sigma,0.18,fixed,0.18,0.18,fixed,0.18,1.0,sin2,anchor_grid,500,0.9,-0.26834046953053825,0.035992861822273244,0.04480507605884395,0.007013105009525983,0.008018245205777753,0.03407398789827708,0.0433614557839121,0.006052756451745286,0.008015589995061365,0.20184862764538294,0.24201185077398435,0.26834046953053825,
2000,base4,1,124,1,,2087.5549853257835,exchangeable_varying_sigma,0.18,fixed,0.18,0.18,fixed,0.18,1.0,sin2,anchor_grid,500,0.6,-0.09662323366590175,0.026854643756671147,0.03491585437656739,0.008826834610335205,0.00989850173450576,0.023649223541476545,0.030863465765739537,0.008153208759612604,0.009095246330681653,0.17220646903277254,0.1761057304137036,0.09662323366590175,
5000,base1,1,124,1,,3076.9856627732515,exchangeable_varying_sigma,0.18,fixed,0.18,0.18,fixed,0.18,1.0,mixed,anchor_grid,500,0.0,-0.00653412739289031,0.021870397800230493,0.027832494354059073,0.009922187409396863,0.013963059651108639,0.021807099270779284,0.027782453656198188,0.009880708578082015,0.013915424509225817,0.07561469070755426,0.0983145334679709,0.00653412739289031,
5000,base4,1,124,1,,1850.9882076121867,exchangeable_varying_sigma,0.18,fixed,0.18,0.18,fixed,0.18,1.0,sin2,anchor_grid,500,0.6,-0.030209699353551778,0.015605787265609386,0.019850562748579135,0.010513496344827705,0.012360973613535152,0.013106525041303876,0.016672894515577068,0.009849055287082048,0.010298396025692373,0.055912760888567115,0.06614608095874054,0.030209699353551778,
2000,base6,1,124,1,,1262.0077874436975,exchangeable_varying_sigma,0.18,fixed,0.18,0.18,fixed,0.18,1.0,sin2,anchor_grid,500,0.3,-0.07367261042634402,0.04214371062086501,0.05365903653944565,0.007118920497588416,0.008528431140203309,0.04262768822997733,0.05440060972191466,0.006984887568570269,0.008571000627219992,0.10232451623800094,0.1162692818388803,0.07367261042634402,
2000,base6,1,124,1,,1970.856437124312,exchangeable_varying_sigma,0.18,fixed,0.18,0.18,fixed,0.18,1.0,sin2,anchor_grid,500,0.0,0.010980248042174005,0.044820253560165405,0.05658374383086189,0.005158366274659376,0.005998886205664951,0.04544812047728073,0.0572612863316805,0.003936653053292299,0.004334124137032411,0.11056072553034389,0.12696550176078072,0.010980248042174005,
5000,base1,1,124,1,,4252.141913086176,exchangeable_varying_sigma,0.18,fixed,0.18,0.18,fixed,0.18,1.0,mixed,anchor_grid,500,0.3,-0.015251152036541649,0.022329654217430366,0.028263332057503567,0.011834523884664966,0.012377521910651357,0.021420012431540316,0.027068146362952027,0.011026563974666309,0.012272166681754017,0.07973528174982233,0.10408434071575456,0.015251152036541649,
5000,base1,1,124,1,,3985.4737499170005,exchangeable_varying_sigma,0.18,fixed,0.18,0.18,fixed,0.18,1.0,mixed,anchor_grid,500,0.6,-0.05642454137155861,0.022443049587000267,0.02845058456601903,0.013513308271317082,0.014061289053242559,0.019522035402118686,0.024446732807204122,0.012135512259125153,0.013433549116036732,0.07653580926931615,0.09996633176289907,0.05642454137155861,
5000,base1,1,124,1,,4061.5865976810455,exchangeable_varying_sigma,0.18,fixed,0.18,0.18,fixed,0.18,1.0,mixed,anchor_grid,500,0.9,-0.10072632232857248,0.022596707214602278,0.02868400559915742,0.015228861876650374,0.015749048922586304,0.0159000325208842,0.01924634165009311,0.013550217423723698,0.01475928084250975,0.07349032391246783,0.09627796520551687,0.10072632232857248,
2000,base6,1,124,1,,1796.1065745577216,exchangeable_varying_sigma,0.18,fixed,0.18,0.18,fixed,0.18,1.0,sin2,anchor_grid,500,0.6,-0.1848170142573718,0.04195358878721731,0.053302419909129393,0.007475914097422376,0.008974943369922344,0.041076871447890545,0.05268073629799414,0.006726849452830919,0.009103250085488467,0.10286630900208306,0.11681405570435321,0.1848170142573718,
5000,base4,1,124,1,,3338.0407351478934,exchangeable_varying_sigma,0.18,fixed,0.18,0.18,fixed,0.18,1.0,sin2,anchor_grid,500,0.3,0.003133034271222912,0.015619754078517971,0.01982927508939321,0.009178248228667446,0.010954850500956927,0.015008307360996696,0.019077314200366912,0.008893614779385106,0.009331149459401923,0.06244437095359539,0.0727723216689294,0.003133034271222912,
2000,base6,1,124,1,,1956.9743731543422,exchangeable_varying_sigma,0.18,fixed,0.18,0.18,fixed,0.18,1.0,sin2,anchor_grid,500,0.9,-0.2980658641418109,0.04166771486858852,0.05293288981662591,0.007578603605516571,0.009254433589734417,0.03789687246026492,0.04930148800675201,0.0074088097011891785,0.009834165158512634,0.10436427355836131,0.1186456511598744,0.2980658641418109,
2000,base3,2,125,1,,1477.5788337551057,exchangeable_varying_sigma,0.18,fixed,0.18,0.18,fixed,0.18,1.0,sin,anchor_grid,500,0.0,0.04059173785558738,0.050001328968750175,0.06354556354193067,0.013339430171520367,0.0159413429905377,0.051312588154623355,0.0652620226925423,0.011773260170196642,0.014432404617001486,0.14147430679352252,0.17683226024724552,0.04059173785558738,
2000,base3,2,125,1,,1419.213028166443,exchangeable_varying_sigma,0.18,fixed,0.18,0.18,fixed,0.18,1.0,sin,anchor_grid,500,0.6,-0.20453785147178322,0.05268260106632618,0.06672523635740338,0.025288165053582376,0.02861432142674854,0.05153927361657939,0.06521044759332668,0.020282347705612616,0.02392485120619798,0.13149929214387543,0.16349808316259493,0.20453785147178322,
5000,base4,1,124,1,,4563.808737374842,exchangeable_varying_sigma,0.18,fixed,0.18,0.18,fixed,0.18,1.0,sin2,anchor_grid,500,0.0,-0.005676828226005881,0.015338528233152245,0.01966468344566868,0.008991177055990215,0.012515245360532083,0.015327632619398025,0.019664794229875417,0.008929169452778288,0.012192746143439594,0.06970236501972339,0.08380583083290834,0.005676828226005881,
5000,base4,1,124,1,,4445.340991534293,exchangeable_varying_sigma,0.18,fixed,0.18,0.18,fixed,0.18,1.0,sin2,anchor_grid,500,0.9,-0.06767515068448415,0.015550075848569586,0.019907081619475492,0.011858103182977253,0.013702799267829675,0.008783220398031564,0.011296629843042732,0.011035711767768436,0.011442134153994712,0.049863084591699795,0.06016411063463436,0.06767515068448415,
2000,base3,2,125,1,,1891.1117340996861,exchangeable_varying_sigma,0.18,fixed,0.18,0.18,fixed,0.18,1.0,sin,anchor_grid,500,0.3,-0.07823348836594596,0.052737869110466046,0.06690188273608874,0.022291791059586022,0.0253333191299551,0.053498673566305034,0.06779874695244052,0.018969555936975607,0.02233330309049097,0.13104383686267687,0.16357274492041124,0.07823348836594596,
5000,base6,1,124,1,,2830.0698659680784,exchangeable_varying_sigma,0.18,fixed,0.18,0.18,fixed,0.18,1.0,sin2,anchor_grid,500,0.6,-0.16838718865796165,0.03511495677009443,0.044354837143305265,0.012543362761355342,0.018664276896373008,0.03488268146167855,0.04436036539375296,0.011959085882679854,0.016878453908235207,0.1871368556503836,0.22444747329294185,0.16838718865796165,
2000,base3,2,125,1,,2107.2622515000403,exchangeable_varying_sigma,0.18,fixed,0.18,0.18,fixed,0.18,1.0,sin,anchor_grid,500,0.9,-0.33436558424159213,0.052531415550956834,0.06632771242920288,0.028235522956645914,0.03188108017079756,0.04780146875936343,0.06055923394370435,0.02239445336834392,0.025559048750093266,0.13252490807914402,0.16443815492291755,0.33436558424159213,
2000,base6,2,125,1,,1277.2605323977768,exchangeable_varying_sigma,0.18,fixed,0.18,0.18,fixed,0.18,1.0,sin2,anchor_grid,500,0.0,0.026965303979654458,0.04376875372509536,0.05565731169775568,0.012109103113778136,0.017013476542366127,0.04459064086236087,0.0567230012776083,0.01253730047518356,0.017624064963733425,0.12756018126686872,0.14936603478044908,0.026965303979654458,
2000,base6,2,125,1,,1789.6748794652522,exchangeable_varying_sigma,0.18,fixed,0.18,0.18,fixed,0.18,1.0,sin2,anchor_grid,500,0.6,-0.18996843601185437,0.043656361765339706,0.056263095018487884,0.02412349703609601,0.027057674707272113,0.042693627710953565,0.054991126532468675,0.022956589889501708,0.02517522247581189,0.12370780404936099,0.1438618260432835,0.18996843601185437,
5000,base6,1,124,1,,4974.544993370771,exchangeable_varying_sigma,0.18,fixed,0.18,0.18,fixed,0.18,1.0,sin2,anchor_grid,500,0.0,-0.009068500386033481,0.0359497140055748,0.04487338350715241,0.007160740939238158,0.01055504094854878,0.036812046639479144,0.046107281018068845,0.00819217412048133,0.011341105390584654,0.18716607138381308,0.22102444062665466,0.009068500386033481,
5000,base6,1,124,1,,4702.364923585206,exchangeable_varying_sigma,0.18,fixed,0.18,0.18,fixed,0.18,1.0,sin2,anchor_grid,500,0.3,-0.0716989034159535,0.03510665701621865,0.04433700010297724,0.011285332519579805,0.01738725606719433,0.03564399117176302,0.04514949987725653,0.010881254739290885,0.015976868846737435,0.18577679000858102,0.22157255659226563,0.0716989034159535,
5000,base6,1,124,1,,4240.4797177203,exchangeable_varying_sigma,0.18,fixed,0.18,0.18,fixed,0.18,1.0,sin2,anchor_grid,500,0.9,-0.26667664305416827,0.03514946727965565,0.044413216793548475,0.0138879695995002,0.019865353869698742,0.03365796155143077,0.04313647371221903,0.013260939422672674,0.017794218628766248,0.18850603033428243,0.2271271735162507,0.26667664305416827,
5000,base3,2,125,1,,2610.7594218552113,exchangeable_varying_sigma,0.18,fixed,0.18,0.18,fixed,0.18,1.0,sin,anchor_grid,500,0.9,-0.281889489040551,0.04234760736355229,0.05221543163970855,0.009867052658979414,0.011198791377367635,0.04062793972997569,0.05063579079394391,0.007570639128944165,0.008243119378583517,0.24701776699562478,0.28941139996031234,0.281889489040551,
2000,base6,2,125,1,,2290.098280094564,exchangeable_varying_sigma,0.18,fixed,0.18,0.18,fixed,0.18,1.0,sin2,anchor_grid,500,0.3,-0.07231497816981522,0.04373900936250054,0.056414691469947806,0.021568487527857436,0.02429555669430698,0.04420207599452252,0.056878537856540574,0.021196077236464078,0.023642309032999437,0.1214702361831436,0.1415561947885544,0.07231497816981522,
5000,base3,2,125,1,,3583.668565507978,exchangeable_varying_sigma,0.18,fixed,0.18,0.18,fixed,0.18,1.0,sin,anchor_grid,500,0.3,-0.09665203922228871,0.04259377944370138,0.05244470458156143,0.00930468291866722,0.010506126975107265,0.04371533731279543,0.05396054023931518,0.007362140365046066,0.008268535625146825,0.25022803398078275,0.292480200453229,0.09665203922228871,
2000,base6,2,125,1,,2109.53802780807,exchangeable_varying_sigma,0.18,fixed,0.18,0.18,fixed,0.18,1.0,sin2,anchor_grid,500,0.9,-0.31140455410333845,0.04352768155574875,0.055991157694220944,0.026608417807326923,0.029770180914468758,0.03976369216079348,0.051586123372947525,0.024693867944131587,0.026538634139203578,0.12628020169764637,0.14667420646514795,0.31140455410333845,
5000,base3,2,125,1,,3405.0105403997004,exchangeable_varying_sigma,0.18,fixed,0.18,0.18,fixed,0.18,1.0,sin,anchor_grid,500,0.6,-0.1896696255077181,0.042500483578197315,0.052345568930179394,0.00964337638467462,0.010872456723900432,0.042726395458927056,0.0528220395980568,0.007542111725987302,0.008302532431080508,0.24850377246925856,0.2910424945190862,0.1896696255077181,
2000,base1,3,126,1,,1318.809947900474,exchangeable_varying_sigma,0.18,fixed,0.18,0.18,fixed,0.18,1.0,mixed,anchor_grid,500,0.0,0.034362790177841704,0.036600472180651426,0.048309687393175066,0.016696085501255148,0.024783446509010064,0.03659048668280534,0.048314074313717766,0.016439499299474636,0.023408512712863774,0.238298171838352,0.2881406667874193,0.034362790177841704,
2000,base1,3,126,1,,1269.2184800580144,exchangeable_varying_sigma,0.18,fixed,0.18,0.18,fixed,0.18,1.0,mixed,anchor_grid,500,0.6,-0.157730939769823,0.03771072074271771,0.05013329337164061,0.023404506589844692,0.0260890713316473,0.03373501396179717,0.04520573088665446,0.02345881575714276,0.025427293327255723,0.24573710924151862,0.2911121182230192,0.157730939769823,
5000,base3,2,125,1,,5186.613215923309,exchangeable_varying_sigma,0.18,fixed,0.18,0.18,fixed,0.18,1.0,sin,anchor_grid,500,0.0,0.0160802540232296,0.04294966684927368,0.05242545207981516,0.0044616849782767865,0.006898436069390134,0.04435638607650077,0.054258942313446974,0.0046144306861795464,0.005353162974418424,0.24994013688195682,0.28980486859166726,0.0160802540232296,
2000,base1,3,126,1,,1976.4754590205848,exchangeable_varying_sigma,0.18,fixed,0.18,0.18,fixed,0.18,1.0,mixed,anchor_grid,500,0.9,-0.22113217438074417,0.03759027941177695,0.04998946228103024,0.02357636542637255,0.027077417061951378,0.026581571929426444,0.03551445338870304,0.021733369535131455,0.024314851141352147,0.25142454282729154,0.29764880423829765,0.22113217438074417,
2000,base1,3,126,1,,2302.995080396533,exchangeable_varying_sigma,0.18,fixed,0.18,0.18,fixed,0.18,1.0,mixed,anchor_grid,500,0.3,-0.09210805029842839,0.03768517157315679,0.05013848943058958,0.02241484260295544,0.024534507740038645,0.03683220014968379,0.04920402439119484,0.02274345777319882,0.024509790506656012,0.23941897749713978,0.28430600405189616,0.09210805029842839,
5000,base6,2,125,1,,4040.124566372484,exchangeable_varying_sigma,0.18,fixed,0.18,0.18,fixed,0.18,1.0,sin2,anchor_grid,500,0.0,0.020662974375237623,0.035437081462984285,0.04481440107908937,0.007132766567037929,0.007702852339010189,0.03637774678661283,0.04601717675517148,0.006249230625375385,0.006328369205544932,0.20268795768113038,0.24026455508075692,0.020662974375237623,
5000,base6,2,125,1,,2871.2633730843663,exchangeable_varying_sigma,0.18,fixed,0.18,0.18,fixed,0.18,1.0,sin2,anchor_grid,500,0.6,-0.18121360564956807,0.03547135827100114,0.044591678475007855,0.006603464000318859,0.008815506249960232,0.035315630226915924,0.04468098775623666,0.006036415706825976,0.008509932681715444,0.201131957476098,0.23921169146782073,0.18121360564956807,
2000,base4,3,126,1,,2097.377993348986,exchangeable_varying_sigma,0.18,fixed,0.18,0.18,fixed,0.18,1.0,sin2,anchor_grid,500,0.3,-0.07315810588475297,0.028677881284071595,0.0370647309033007,0.017414217595119574,0.01912471421097142,0.02784838252950576,0.03616948114978367,0.022924662191152384,0.023513413928224244,0.16683784242443533,0.16781351188331087,0.07315810588475297,
5000,base6,2,125,1,,5002.050258371979,exchangeable_varying_sigma,0.18,fixed,0.18,0.18,fixed,0.18,1.0,sin2,anchor_grid,500,0.3,-0.09102026936939617,0.03540808214201632,0.04448942786000434,0.006204729801515041,0.008435354499997704,0.03604874572535691,0.04540293073857844,0.005478366526223688,0.007864395577119989,0.2013140796776505,0.2399679762222017,0.09102026936939617,
2000,base4,3,126,1,,2459.46070291847,exchangeable_varying_sigma,0.18,fixed,0.18,0.18,fixed,0.18,1.0,sin2,anchor_grid,500,0.0,0.012698463150885205,0.028098540114282883,0.03612844854076074,0.01487383367619624,0.018226007346868106,0.02802804541964262,0.03608847886919031,0.014086541097540317,0.02099137911945756,0.16778991682771222,0.17037065501794224,0.012698463150885205,
2000,base4,3,126,1,,2550.080983810127,exchangeable_varying_sigma,0.18,fixed,0.18,0.18,fixed,0.18,1.0,sin2,anchor_grid,500,0.6,-0.12589768103787297,0.028719709562206243,0.037106402235323355,0.01806696872378681,0.020291698511211813,0.02487460831692153,0.03256166778379776,0.02374957711779363,0.024415899380304806,0.17043661296815543,0.17136111833248313,0.12589768103787297,
5000,base1,3,126,1,,4218.552623182535,exchangeable_varying_sigma,0.18,fixed,0.18,0.18,fixed,0.18,1.0,mixed,anchor_grid,500,0.3,-0.05602059899755413,0.022867086697610048,0.029138599456307646,0.00572980946876861,0.008544831573992802,0.02208976252575178,0.028060437075699704,0.00597322800920555,0.008312212066571033,0.10172560849890658,0.11995319802824715,0.05602059899755413,
5000,base1,3,126,1,,3744.2827624566853,exchangeable_varying_sigma,0.18,fixed,0.18,0.18,fixed,0.18,1.0,mixed,anchor_grid,500,0.9,-0.11701149316484427,0.023320253914128206,0.029942401621080264,0.007219682228861352,0.010232369535100422,0.016435126940943644,0.019941205563236777,0.00579057776700484,0.008621675603795924,0.10963739622734171,0.12868674362664323,0.11701149316484427,
2000,base4,3,126,1,,2598.091941770166,exchangeable_varying_sigma,0.18,fixed,0.18,0.18,fixed,0.18,1.0,sin2,anchor_grid,500,0.9,-0.17693583868833618,0.028746921872087484,0.037070871838605635,0.018097440521282315,0.021015697063141887,0.017555307427736512,0.023526724865550668,0.02223920771445924,0.023224447162308835,0.1735668805917172,0.17460102551395712,0.17693583868833618,
5000,base6,2,125,1,,5197.6184191815555,exchangeable_varying_sigma,0.18,fixed,0.18,0.18,fixed,0.18,1.0,sin2,anchor_grid,500,0.9,-0.27059475050280246,0.03559475187981079,0.044774314374983464,0.00701089840499361,0.009173215361162284,0.034017684537406744,0.043489671689703385,0.006895755487044242,0.009279581995774142,0.20122844205321397,0.23873613486886017,0.27059475050280246,
2000,base6,3,126,1,,1645.0261942744255,exchangeable_varying_sigma,0.18,fixed,0.18,0.18,fixed,0.18,1.0,sin2,anchor_grid,500,0.0,0.01738086765988421,0.044821146884821375,0.05601358261939467,0.016086502581723727,0.02354353943426388,0.045625599003809234,0.05703630514029045,0.015701523514907334,0.024391996564915353,0.10685511204926489,0.1213987058370582,0.01738086765988421,
5000,base1,3,126,1,,4632.369341541082,exchangeable_varying_sigma,0.18,fixed,0.18,0.18,fixed,0.18,1.0,mixed,anchor_grid,500,0.6,-0.08820647912588908,0.02305192473075938,0.029482698285109264,0.006478482088902449,0.009418699936714073,0.02030025838226763,0.02552730728097842,0.005987243402123088,0.008588314783362522,0.10534913890083408,0.12365297256170046,0.08820647912588908,
5000,base1,3,126,1,,5418.786545943469,exchangeable_varying_sigma,0.18,fixed,0.18,0.18,fixed,0.18,1.0,mixed,anchor_grid,500,0.0,-0.006549226789454649,0.023602747840881053,0.029679064159759686,0.003967984521192305,0.004255128122293411,0.02355561773884615,0.0296342740699242,0.003118973463687655,0.0031486981579655414,0.10303076680659205,0.1222998835618116,0.006549226789454649,
2000,base6,3,126,1,,1337.8129606544971,exchangeable_varying_sigma,0.18,fixed,0.18,0.18,fixed,0.18,1.0,sin2,anchor_grid,500,0.9,-0.3522159500048744,0.04474307346070839,0.056768556000579076,0.016375409967301024,0.020095537074940963,0.040543625298939574,0.051780972338921545,0.019820273036934788,0.022778152377283086,0.09308277640554934,0.10452060625144098,0.3522159500048744,
2000,base6,3,126,1,,1839.278046771884,exchangeable_varying_sigma,0.18,fixed,0.18,0.18,fixed,0.18,1.0,sin2,anchor_grid,500,0.3,-0.12271872546835616,0.04490073613882942,0.05666529564150089,0.015540888709442827,0.018510551842386525,0.04512484755990198,0.05693189994562824,0.019522309918495392,0.021575991514057244,0.1012437084726276,0.1139848228398613,0.12271872546835616,
5000,base4,3,126,1,,3996.724998563528,exchangeable_varying_sigma,0.18,fixed,0.18,0.18,fixed,0.18,1.0,sin2,anchor_grid,500,0.3,-0.049366408423303476,0.016287030578015168,0.020753013820604706,0.006033562302857121,0.007286983665497038,0.015634323909835744,0.01990755425375472,0.004320991588629225,0.006188186803856523,0.08419535328168536,0.0993115806217755,0.049366408423303476,
2000,base6,3,126,1,,1880.46401129663,exchangeable_varying_sigma,0.18,fixed,0.18,0.18,fixed,0.18,1.0,sin2,anchor_grid,500,0.6,-0.23779839184444612,0.04486398893588095,0.056729651273240006,0.01619363983811016,0.01952207805496284,0.04359799164607622,0.055169031505537126,0.020507495237509735,0.022837528141289674,0.09703884625526034,0.10899932186947542,0.23779839184444612,
2000,base3,4,127,1,,1892.0221543125808,exchangeable_varying_sigma,0.18,fixed,0.18,0.18,fixed,0.18,1.0,sin,anchor_grid,500,0.0,0.0050105387353423314,0.05198258707924305,0.06531483342533241,0.016196866946466965,0.01736446469564064,0.053417201420994445,0.06708361076087674,0.010938577834384816,0.012985019810017151,0.1326402449141541,0.16012037388852984,0.0050105387353423314,
5000,base4,3,126,1,,4054.0123033709824,exchangeable_varying_sigma,0.18,fixed,0.18,0.18,fixed,0.18,1.0,sin2,anchor_grid,500,0.6,-0.07016169943222816,0.016388335707050467,0.020982052443442558,0.006576764858794465,0.008012860127524076,0.013753266544601987,0.01753607844493921,0.0045117404800418814,0.006465929228306887,0.089026640020384,0.10531679903706988,0.07016169943222816,
5000,base4,3,126,1,,5723.897145520896,exchangeable_varying_sigma,0.18,fixed,0.18,0.18,fixed,0.18,1.0,sin2,anchor_grid,500,0.0,-0.0008079405621102435,0.016525931986572543,0.02088899708742679,0.0023623181150017186,0.0026761211451829894,0.01652586699715746,0.02090681142263101,0.003027873712195067,0.00369627311655099,0.07905040701717814,0.09217942355832753,0.0008079405621102435,
2000,base3,4,127,1,,1862.8164953701198,exchangeable_varying_sigma,0.18,fixed,0.18,0.18,fixed,0.18,1.0,sin,anchor_grid,500,0.9,-0.36804370638031003,0.053857678520235576,0.06694145599432248,0.019447019130279908,0.02118628424245717,0.04920349089437513,0.06109815575521561,0.02508096267955992,0.02748449940491983,0.12283169278742909,0.15311844943400096,0.36804370638031003,
5000,base6,3,126,1,,3899.3312530741096,exchangeable_varying_sigma,0.18,fixed,0.18,0.18,fixed,0.18,1.0,sin2,anchor_grid,500,0.3,-0.12249750674231125,0.03532404105921342,0.04466045626071274,0.006534612244779553,0.0087598502333531,0.035743575758281645,0.04539728708223298,0.006658832946922738,0.008611267144783778,0.18566187879441842,0.22097395122121838,0.12249750674231125,
2000,base3,4,127,1,,2452.0696643926203,exchangeable_varying_sigma,0.18,fixed,0.18,0.18,fixed,0.18,1.0,sin,anchor_grid,500,0.6,-0.25260456501266365,0.054109496756186995,0.06738459705249791,0.017065389896296745,0.018947574844040967,0.05319089937999611,0.06621605477764436,0.021056981610962144,0.02366835089814869,0.12143375030001925,0.15030953161370084,0.25260456501266365,
2000,base3,4,127,1,,2907.804344560951,exchangeable_varying_sigma,0.18,fixed,0.18,0.18,fixed,0.18,1.0,sin,anchor_grid,500,0.3,-0.1369254274413706,0.054224749114640335,0.06766401359884436,0.014819164404052815,0.01684154469428481,0.05510938308151461,0.06882329495176771,0.017839935707362198,0.020430080581232246,0.12062642695503391,0.1484060004509207,0.1369254274413706,
5000,base4,3,126,1,,5621.076492622495,exchangeable_varying_sigma,0.18,fixed,0.18,0.18,fixed,0.18,1.0,sin2,anchor_grid,500,0.9,-0.08693968524991669,0.016495694213823565,0.021258028610282215,0.0070134911684027745,0.008655930320254175,0.009206182073642539,0.011869070900007207,0.00465756645937046,0.006584034408083805,0.09394331436061133,0.1114833064734557,0.08693968524991669,
2000,base6,4,127,1,,1505.231959644705,exchangeable_varying_sigma,0.18,fixed,0.18,0.18,fixed,0.18,1.0,sin2,anchor_grid,500,0.0,-0.019233919834426304,0.04557318569988246,0.057890457028843004,0.0176444968937913,0.019092902515649296,0.046527720175057546,0.05913625438057693,0.017206303193701894,0.018893783284796357,0.1367106626726544,0.16370759280037955,0.019233919834426304,
5000,base6,3,126,1,,5330.087277576327,exchangeable_varying_sigma,0.18,fixed,0.18,0.18,fixed,0.18,1.0,sin2,anchor_grid,500,0.0,-0.002153755382335962,0.035806793789623516,0.045103386925998766,0.002165621035024573,0.0023359523217641462,0.036553446150036986,0.046086274713042066,0.002418636686570025,0.00286446146014438,0.18378659199677036,0.21882626626097243,0.002153755382335962,
5000,base6,3,126,1,,4822.0012971796095,exchangeable_varying_sigma,0.18,fixed,0.18,0.18,fixed,0.18,1.0,sin2,anchor_grid,500,0.9,-0.3038825763604337,0.035790636559139465,0.04498474586638849,0.007514541110328177,0.01018332831236363,0.033702522320681515,0.04320925600866391,0.007210868080235133,0.00925442628062249,0.1870404329464957,0.22003533557884863,0.3038825763604337,
2000,base6,4,127,1,,1403.7030443251133,exchangeable_varying_sigma,0.18,fixed,0.18,0.18,fixed,0.18,1.0,sin2,anchor_grid,500,0.6,-0.2395470329333187,0.04491743517222996,0.05684362481069163,0.01675659834341009,0.019498968524883663,0.043703021281175425,0.05555957522720858,0.015168830630817476,0.017025080334676618,0.1248252740233073,0.15188600232468122,0.2395470329333187,
5000,base6,3,126,1,,5048.103644575924,exchangeable_varying_sigma,0.18,fixed,0.18,0.18,fixed,0.18,1.0,sin2,anchor_grid,500,0.6,-0.21453212312774783,0.035530389455153445,0.044799646684369886,0.007077814800714899,0.009507419782808191,0.035018595176261165,0.04459106142497328,0.006985283358377337,0.009010438934655226,0.1862280066699606,0.2203173212970382,0.21453212312774783,
2000,base6,4,127,1,,1908.5030927546322,exchangeable_varying_sigma,0.18,fixed,0.18,0.18,fixed,0.18,1.0,sin2,anchor_grid,500,0.9,-0.3535053413771001,0.044762810117209485,0.05634335403414764,0.018089104185380955,0.021527753863483344,0.04056151144088806,0.0515212155912149,0.01603019504742023,0.01868710124273186,0.1250934435568286,0.1514528398096612,0.3535053413771001,
2000,base6,4,127,1,,2269.4099895060062,exchangeable_varying_sigma,0.18,fixed,0.18,0.18,fixed,0.18,1.0,sin2,anchor_grid,500,0.3,-0.12660407000412946,0.045030256644859434,0.05720010528771729,0.015562919571948275,0.017567732396381652,0.04542031130995962,0.057749518489646955,0.014383510050050285,0.015624254307529924,0.12684471239342915,0.15338156634247224,0.12660407000412946,
5000,base3,4,127,1,,5135.166715063155,exchangeable_varying_sigma,0.18,fixed,0.18,0.18,fixed,0.18,1.0,sin,anchor_grid,500,0.0,-0.005692131803733431,0.04226519360407525,0.052291496804890536,0.011025122246584335,0.014502553729257753,0.043496211428045314,0.05393975594974043,0.012814837202497043,0.014641052636102743,0.23753006431491758,0.27311300516420633,0.005692131803733431,
5000,base3,4,127,1,,4216.730572625995,exchangeable_varying_sigma,0.18,fixed,0.18,0.18,fixed,0.18,1.0,sin,anchor_grid,500,0.3,-0.10279205531613003,0.042158425791983714,0.0520768513191647,0.0210862380365468,0.021793994946773535,0.04300536558435249,0.05314637382488051,0.018979837008480965,0.02040018865783305,0.23813750680782106,0.274465997916683,0.10279205531613003,
2000,base1,5,128,1,,1573.6347609497607,exchangeable_varying_sigma,0.18,fixed,0.18,0.18,fixed,0.18,1.0,mixed,anchor_grid,500,0.3,-0.06327479982949655,0.0362701652132425,0.05031342163265072,0.019332377028176848,0.02454708873607128,0.03534264922469621,0.0491317752958858,0.01736469499731076,0.02238521977072742,0.24580462350965232,0.28163142548066855,0.06327479982949655,
2000,base1,5,128,1,,2025.6980333030224,exchangeable_varying_sigma,0.18,fixed,0.18,0.18,fixed,0.18,1.0,mixed,anchor_grid,500,0.0,0.0639906036485554,0.034480339975479835,0.04742006506889923,0.01436700937581227,0.0173095028883447,0.03450644873459314,0.04748612266960853,0.016288333806638702,0.01827873419872336,0.24689450101421864,0.28934967096029585,0.0639906036485554,
5000,base3,4,127,1,,4546.745766226202,exchangeable_varying_sigma,0.18,fixed,0.18,0.18,fixed,0.18,1.0,sin,anchor_grid,500,0.6,-0.1981847812788286,0.042219035996454254,0.05221311610238411,0.02298468954875138,0.023718735531534325,0.04202362561534263,0.0520061428936418,0.02063414946269891,0.022164168664455457,0.24071660985798143,0.2774006883671338,0.1981847812788286,
5000,base6,4,127,1,,3349.3499282337725,exchangeable_varying_sigma,0.18,fixed,0.18,0.18,fixed,0.18,1.0,sin2,anchor_grid,500,0.0,0.0060756544989967205,0.03546894720055385,0.04456387554152265,0.01676805606981041,0.018445464392469843,0.036286365465449,0.04564088801038393,0.015872798616573647,0.018226071695857677,0.18237852052461412,0.21885134738452552,0.0060756544989967205,
2000,base1,5,128,1,,1915.3744776807725,exchangeable_varying_sigma,0.18,fixed,0.18,0.18,fixed,0.18,1.0,mixed,anchor_grid,500,0.6,-0.13141009136535375,0.036290135108176594,0.050412222450927975,0.02042621852251611,0.02605078332517423,0.03240073971044478,0.045162369424287675,0.01890144457955524,0.024188492126715828,0.24390789404785215,0.27935274352707495,0.13141009136535375,
5000,base3,4,127,1,,4827.727614674717,exchangeable_varying_sigma,0.18,fixed,0.18,0.18,fixed,0.18,1.0,sin,anchor_grid,500,0.9,-0.2941923806471397,0.04232947659447313,0.052390786313315535,0.02479713796916523,0.025515210997131766,0.040200626574097356,0.05016846599908049,0.022271686843604824,0.023742057818011572,0.2440406924669427,0.28103668154008266,0.2941923806471397,
2000,base1,5,128,1,,2092.772065859288,exchangeable_varying_sigma,0.18,fixed,0.18,0.18,fixed,0.18,1.0,mixed,anchor_grid,500,0.9,-0.20030529996167057,0.03624964073256166,0.050287496517845004,0.021039361412506508,0.027068044948620328,0.02568082440313547,0.035814153191861355,0.019782210815018006,0.02552337487029277,0.24182153819045515,0.2771243672478841,0.20030529996167057,
2000,base4,5,128,1,,1189.3962654173374,exchangeable_varying_sigma,0.18,fixed,0.18,0.18,fixed,0.18,1.0,sin2,anchor_grid,500,0.0,0.07310695989378792,0.026601214706299958,0.034928388994450395,0.01463582035814151,0.01669628130573102,0.026635830240398582,0.03503136253256606,0.011151142942636708,0.014369634267917031,0.18734192058583699,0.1967264704300186,0.07310695989378792,
2000,base4,5,128,1,,1010.8913886137307,exchangeable_varying_sigma,0.18,fixed,0.18,0.18,fixed,0.18,1.0,sin2,anchor_grid,500,0.6,-0.1030241574308422,0.02755446826785428,0.036546900865608384,0.015726800932611903,0.022186322225332292,0.023681818077487517,0.031929569008068426,0.016850605491128615,0.02028116109978612,0.18814371402180655,0.19799219785333202,0.1030241574308422,
5000,base6,4,127,1,,3933.874553222209,exchangeable_varying_sigma,0.18,fixed,0.18,0.18,fixed,0.18,1.0,sin2,anchor_grid,500,0.6,-0.1764866381235522,0.03599153471234437,0.045247168306180446,0.011164849041354244,0.015422760209861431,0.036063273653505055,0.04533983075188154,0.010359119676676798,0.015523465371445621,0.1784506033512784,0.21083101433042886,0.1764866381235522,
5000,base6,4,127,1,,4634.3509949967265,exchangeable_varying_sigma,0.18,fixed,0.18,0.18,fixed,0.18,1.0,sin2,anchor_grid,500,0.3,-0.08400254564142842,0.03617543498142965,0.04544362399211136,0.009596460883315477,0.014150519594738582,0.03684475020292284,0.04625417878001989,0.009141138029189394,0.014382873094994286,0.17598052458607796,0.20875435420518498,0.08400254564142842,
2000,base4,5,128,1,,1960.710406176746,exchangeable_varying_sigma,0.18,fixed,0.18,0.18,fixed,0.18,1.0,sin2,anchor_grid,500,0.3,-0.04817979659091065,0.02746376064747033,0.0364427730261733,0.015115535264729585,0.020972732952776865,0.02648290846982123,0.035424245248563024,0.015619009796569452,0.01876510981507022,0.19003924305351225,0.2002196457466469,0.04817979659091065,
2000,base4,5,128,1,,1813.7103174850345,exchangeable_varying_sigma,0.18,fixed,0.18,0.18,fixed,0.18,1.0,sin2,anchor_grid,500,0.9,-0.15931898688623336,0.027502811397075853,0.036511121958776205,0.015896687745080948,0.022958465756147173,0.01681558708775084,0.023491962995237675,0.01758436361960633,0.02152620252127487,0.18574316787401646,0.19517003713096026,0.15931898688623336,
5000,base6,4,127,1,,4673.808720387518,exchangeable_varying_sigma,0.18,fixed,0.18,0.18,fixed,0.18,1.0,sin2,anchor_grid,500,0.9,-0.2713634944158967,0.03571816505604983,0.04492412269227212,0.012672233640316208,0.016590715149647727,0.034544683876404615,0.04365790094863437,0.011588357931153578,0.016426372196635095,0.18159261224328999,0.21383609335206943,0.2713634944158967,
5000,base1,5,128,1,,3021.948197826743,exchangeable_varying_sigma,0.18,fixed,0.18,0.18,fixed,0.18,1.0,mixed,anchor_grid,500,0.9,-0.12079729970395259,0.022769810538120727,0.029455159136636114,0.00949692477005512,0.010931757483392689,0.01623535734634362,0.019806747399598076,0.009478749155351546,0.010939029022653873,0.10603035949130363,0.1301669336723438,0.12079729970395259,
5000,base1,5,128,1,,3966.030031260103,exchangeable_varying_sigma,0.18,fixed,0.18,0.18,fixed,0.18,1.0,mixed,anchor_grid,500,0.3,-0.0637133700644969,0.022695444802543034,0.029200970667458435,0.008608983875993598,0.00982090658325807,0.022122100471432385,0.028206312472380878,0.008528251591712138,0.010016521984427075,0.09766513492609158,0.12717310115245495,0.0637133700644969,
5000,base4,5,128,1,,3080.5836089514196,exchangeable_varying_sigma,0.18,fixed,0.18,0.18,fixed,0.18,1.0,sin2,anchor_grid,500,0.0,0.0027426802176068726,0.0167139685397562,0.02151274561128797,0.00632195080660658,0.006860702453465918,0.01671266281980726,0.021533995915225368,0.0055432093094822665,0.006363138365423524,0.056098437419118796,0.059831059758013144,0.0027426802176068726,
5000,base1,5,128,1,,4615.968024518341,exchangeable_varying_sigma,0.18,fixed,0.18,0.18,fixed,0.18,1.0,mixed,anchor_grid,500,0.0,-0.006763166301758756,0.022965812961638934,0.02974084050541064,0.005385139775731004,0.006349817569678167,0.02292980408412066,0.029721313719622,0.005826986324211997,0.006476040733922124,0.09529818536292445,0.12282878107603033,0.006763166301758756,
5000,base1,5,128,1,,4252.851024404168,exchangeable_varying_sigma,0.18,fixed,0.18,0.18,fixed,0.18,1.0,mixed,anchor_grid,500,0.6,-0.09496771557065087,0.02271264711660794,0.02929976644665893,0.009130031638347053,0.010447523602993454,0.020239911392516113,0.02548295530591911,0.00915928881170916,0.010719894110683819,0.10149384457426917,0.12825605225308165,0.09496771557065087,
2000,base6,5,128,1,,1681.5781729631126,exchangeable_varying_sigma,0.18,fixed,0.18,0.18,fixed,0.18,1.0,sin2,anchor_grid,500,0.3,-0.11017395605456484,0.043950866436697565,0.05648921731947324,0.010608052168238527,0.01470227788886886,0.04439677302272418,0.05690289552233386,0.009971543141594,0.013003867490902155,0.13591180596728816,0.15918942685686857,0.11017395605456484,
2000,base6,5,128,1,,2009.5636442899704,exchangeable_varying_sigma,0.18,fixed,0.18,0.18,fixed,0.18,1.0,sin2,anchor_grid,500,0.0,0.048171853716484976,0.043190638080168674,0.05557582346997332,0.013191444569197477,0.019102785361969393,0.04409790713200226,0.0566482613786665,0.013137805925614365,0.017967636580927974,0.13142381436897074,0.15545408513575107,0.048171853716484976,
5000,base4,5,128,1,,3013.0517083369195,exchangeable_varying_sigma,0.18,fixed,0.18,0.18,fixed,0.18,1.0,sin2,anchor_grid,500,0.6,-0.0752231518576485,0.01646115727450053,0.020913129934439553,0.007009532834406251,0.008585461399279062,0.0140788193485808,0.01779864509758951,0.006633773066111293,0.007767678285984541,0.07011429479874452,0.07470439601509127,0.0752231518576485,
2000,base6,5,128,1,,1992.1475599184632,exchangeable_varying_sigma,0.18,fixed,0.18,0.18,fixed,0.18,1.0,sin2,anchor_grid,500,0.9,-0.33327456828226343,0.04393893833020961,0.056420141771992956,0.010727076576603087,0.016650063109268722,0.04055318360493097,0.052344266144949046,0.011512091424263321,0.016088719724326975,0.13306638423669886,0.15646821524568738,0.33327456828226343,
2000,base6,5,128,1,,2315.1338104084134,exchangeable_varying_sigma,0.18,fixed,0.18,0.18,fixed,0.18,1.0,sin2,anchor_grid,500,0.6,-0.22192587765161226,0.043996313433338465,0.056506915431604146,0.010911708915153584,0.01587680373945872,0.04315544659155432,0.055353854359902296,0.0107779933323804,0.01464867120782919,0.1347366669518462,0.15798413121090654,0.22192587765161226,
5000,base4,5,128,1,,4413.074104335159,exchangeable_varying_sigma,0.18,fixed,0.18,0.18,fixed,0.18,1.0,sin2,anchor_grid,500,0.3,-0.05550402742478508,0.016545860787911634,0.020943050203606265,0.006524719032088483,0.008044400619625915,0.016035858394573596,0.020257134750935643,0.006082544077206126,0.00720970975617152,0.06291495361994465,0.06625994364824915,0.05550402742478508,
2000,base3,6,129,1,,1933.6775265224278,exchangeable_varying_sigma,0.18,fixed,0.18,0.18,fixed,0.18,1.0,sin,anchor_grid,500,0.3,-0.09946239422634173,0.05168756057229605,0.06439791287816352,0.011826433520785606,0.014900076406558292,0.051941638519926676,0.06486175780689807,0.008955183020667945,0.011143386290740099,0.13481110162307453,0.1640737238700052,0.09946239422634173,
2000,base3,6,129,1,,1922.6784258000553,exchangeable_varying_sigma,0.18,fixed,0.18,0.18,fixed,0.18,1.0,sin,anchor_grid,500,0.6,-0.22514017096073896,0.05190514895053604,0.06469630942172988,0.012319900791977006,0.01642568134440957,0.05047411031874039,0.06294266508509475,0.008991698916753693,0.01245857250014239,0.13732193423089342,0.1665472587388525,0.22514017096073896,
5000,base4,5,128,1,,4597.78205698356,exchangeable_varying_sigma,0.18,fixed,0.18,0.18,fixed,0.18,1.0,sin2,anchor_grid,500,0.9,-0.08826938962689335,0.01633913917660865,0.02093360605309985,0.007371071023924897,0.00897842447273874,0.009315728593848611,0.011975016687610905,0.00692029338403749,0.007895116499987231,0.07780500401678776,0.08388370884593689,0.08826938962689335,
2000,base3,6,129,1,,2373.212678220123,exchangeable_varying_sigma,0.18,fixed,0.18,0.18,fixed,0.18,1.0,sin,anchor_grid,500,0.0,-0.042197353089046735,0.0519356749488936,0.06447056419839431,0.010712206868379454,0.012700076995211675,0.053231679396679325,0.06595813475771235,0.010937184306414674,0.012085337009929985,0.1319283585154502,0.15891874686417884,0.042197353089046735,
2000,base3,6,129,1,,1862.1787511184812,exchangeable_varying_sigma,0.18,fixed,0.18,0.18,fixed,0.18,1.0,sin,anchor_grid,500,0.9,-0.3517819368014148,0.05214077315619616,0.06515646922596514,0.012629916567849286,0.018140115473670726,0.047738325744100786,0.059461963998075844,0.010229789274900508,0.014355143905723964,0.139372127135011,0.16866217669852296,0.3517819368014148,
5000,base6,5,128,1,,2961.310339163989,exchangeable_varying_sigma,0.18,fixed,0.18,0.18,fixed,0.18,1.0,sin2,anchor_grid,500,0.6,-0.20642098972103512,0.03523019149261336,0.044778666770108215,0.005900886086273344,0.008459228122511826,0.035302771847765764,0.045028980123596525,0.006417181715610759,0.008534894547259732,0.17237514879479,0.20783324939987743,0.20642098972103512,
5000,base6,5,128,1,,3851.545722529292,exchangeable_varying_sigma,0.18,fixed,0.18,0.18,fixed,0.18,1.0,sin2,anchor_grid,500,0.0,-0.0015188654535896154,0.03585722856695019,0.04495742157928307,0.008202678846805367,0.00946382646897415,0.03675566256494649,0.0461165122652392,0.008558549180503736,0.009803149669268105,0.17988706776365046,0.21586016382914827,0.0015188654535896154,
5000,base6,5,128,1,,4045.43235033378,exchangeable_varying_sigma,0.18,fixed,0.18,0.18,fixed,0.18,1.0,sin2,anchor_grid,500,0.3,-0.11804160507751393,0.035239310294817805,0.044732518730385896,0.005520834108968448,0.007861788057119998,0.03596472132007719,0.045711010924949794,0.005592784322570543,0.0077335392298125616,0.17432567226383147,0.21084319024431336,0.11804160507751393,
2000,base6,6,129,1,,1127.4984907358885,exchangeable_varying_sigma,0.18,fixed,0.18,0.18,fixed,0.18,1.0,sin2,anchor_grid,500,0.3,-0.11157131229454526,0.044162937612717404,0.05605168938314747,0.006018803381046378,0.008153389100773912,0.04418276247043613,0.05615331794132555,0.007526031571232161,0.008667323839796926,0.10685919973576097,0.12304454203347288,0.11157131229454526,
2000,base6,6,129,1,,1400.8196993879974,exchangeable_varying_sigma,0.18,fixed,0.18,0.18,fixed,0.18,1.0,sin2,anchor_grid,500,0.9,-0.3588356910638638,0.044396485718602205,0.05642083972106526,0.009431571070172035,0.01075439760816837,0.04043469987944466,0.05188821191055691,0.0051847555770249965,0.006606951177492544,0.10998010132083276,0.12657278857015797,0.3588356910638638,
2000,base6,6,129,1,,2119.7122416980565,exchangeable_varying_sigma,0.18,fixed,0.18,0.18,fixed,0.18,1.0,sin2,anchor_grid,500,0.0,-0.03653423204575561,0.04379762086374648,0.055840905274569794,0.014994433823681111,0.01978193798779535,0.04456411467018427,0.056815239616961596,0.01338076688832511,0.018790315286034105,0.12133569083017572,0.14048617452324055,0.03653423204575561,
2000,base6,6,129,1,,1940.5669993460178,exchangeable_varying_sigma,0.18,fixed,0.18,0.18,fixed,0.18,1.0,sin2,anchor_grid,500,0.6,-0.23473100843071137,0.0442552437641655,0.05620455106731985,0.00762319110843232,0.009331235964535773,0.04277862841584798,0.054586137259197726,0.006391853233010558,0.0075930160063063116,0.107936656942083,0.12422634422508759,0.23473100843071137,
5000,base6,5,128,1,,4606.527108985931,exchangeable_varying_sigma,0.18,fixed,0.18,0.18,fixed,0.18,1.0,sin2,anchor_grid,500,0.9,-0.2905793605242274,0.035313299469181235,0.044900778331544745,0.006190028491260796,0.008942996947544612,0.034064513259946916,0.0438145294818251,0.007143963423419747,0.009164191392482025,0.17105262898296042,0.20550737589710266,0.2905793605242274,
5000,base3,6,129,1,,3966.1087762899697,exchangeable_varying_sigma,0.18,fixed,0.18,0.18,fixed,0.18,1.0,sin,anchor_grid,500,0.0,-0.010403631395811467,0.04286565796829241,0.05275114027560404,0.01153013017159285,0.014399621339523185,0.043877268882335146,0.054148754215619356,0.01012915463170036,0.012901611882781787,0.21053078095378724,0.24186435753748192,0.010403631395811467,
2000,base1,7,130,1,,1146.8785056099296,exchangeable_varying_sigma,0.18,fixed,0.18,0.18,fixed,0.18,1.0,mixed,anchor_grid,500,0.0,-0.022077360517376313,0.03542937206238764,0.04821646994739832,0.008539535446997093,0.009423011599473358,0.03547659650826186,0.04834703442499931,0.008784910446845345,0.009430322371648859,0.24572088023301109,0.293352025254452,0.022077360517376313,
5000,base3,6,129,1,,4395.532970421016,exchangeable_varying_sigma,0.18,fixed,0.18,0.18,fixed,0.18,1.0,sin,anchor_grid,500,0.3,-0.11502467715170861,0.04367505183693595,0.05362244012827314,0.008199812496640563,0.011602637113509154,0.044488427314643475,0.05478971982541859,0.008266394504109043,0.011069570881687307,0.21072840917173913,0.24507947701487945,0.11502467715170861,
5000,base6,6,129,1,,3425.2939692288637,exchangeable_varying_sigma,0.18,fixed,0.18,0.18,fixed,0.18,1.0,sin2,anchor_grid,500,0.0,-0.017337622391212656,0.03617011637894397,0.045277912467699855,0.005436183729692262,0.00649090226187457,0.03693780952628978,0.04630339530965708,0.0053944756537210314,0.0064781854447452415,0.16492717450690278,0.20382178906118245,0.017337622391212656,
5000,base3,6,129,1,,4666.132021833211,exchangeable_varying_sigma,0.18,fixed,0.18,0.18,fixed,0.18,1.0,sin,anchor_grid,500,0.6,-0.2084323543635993,0.04359371744364763,0.053573015308864574,0.008785009037949015,0.01192088355521207,0.04338788723916044,0.05356381993412663,0.009533678650335609,0.012007314317107817,0.20736002108497179,0.24120218082225636,0.2084323543635993,
2000,base1,7,130,1,,2307.9260414987803,exchangeable_varying_sigma,0.18,fixed,0.18,0.18,fixed,0.18,1.0,mixed,anchor_grid,500,0.6,-0.12289103021924752,0.03526324584881645,0.047856956947512366,0.01866534962220931,0.020515109186755292,0.03164946529566211,0.043005520176098384,0.014170240116804789,0.014973880369907993,0.24556308254371337,0.3031087852749773,0.12289103021924752,
2000,base1,7,130,1,,2191.4365293346345,exchangeable_varying_sigma,0.18,fixed,0.18,0.18,fixed,0.18,1.0,mixed,anchor_grid,500,0.9,-0.19985014486004649,0.035316288670307845,0.047737753831265585,0.020016425960026174,0.021960334678892583,0.024927202580925227,0.03341180162062317,0.013478723226912348,0.014013803048485896,0.24212217103322178,0.301723706603096,0.19985014486004649,
2000,base1,7,130,1,,2572.111687015742,exchangeable_varying_sigma,0.18,fixed,0.18,0.18,fixed,0.18,1.0,mixed,anchor_grid,500,0.3,-0.04812754312887768,0.035321245155974144,0.047926113046426286,0.017060283042352464,0.01880254715343859,0.0346167388780348,0.04704830750235654,0.014502589161893259,0.015592111122449036,0.2496021845703645,0.3039042197509382,0.04812754312887768,
5000,base3,6,129,1,,4842.066031936556,exchangeable_varying_sigma,0.18,fixed,0.18,0.18,fixed,0.18,1.0,sin,anchor_grid,500,0.9,-0.3010118374906462,0.04342853808146292,0.053474065922147006,0.009078291641587022,0.01196260655793885,0.041072885411660556,0.051234786499733384,0.010488148936706548,0.01268303387496862,0.20437530847072402,0.2375861971250126,0.3010118374906462,
5000,base6,6,129,1,,5656.9326715655625,exchangeable_varying_sigma,0.18,fixed,0.18,0.18,fixed,0.18,1.0,sin2,anchor_grid,500,0.3,-0.09703713423391683,0.03573357232829501,0.04488447331431486,0.009940437227886872,0.010967009977172577,0.03638548484349029,0.04571033925729661,0.010194517898476418,0.011168908001617016,0.16790516839056138,0.20669592186051552,0.09703713423391683,
2000,base4,7,130,1,,2360.779387779534,exchangeable_varying_sigma,0.18,fixed,0.18,0.18,fixed,0.18,1.0,sin2,anchor_grid,500,0.0,0.001110905242414094,0.026852936199172152,0.03524532723365685,0.0055390573663472165,0.006101287791538795,0.026827025598146426,0.03535572147948324,0.00797312454892754,0.008738167141706572,0.17322984735619645,0.1764640937457117,0.001110905242414094,
2000,base4,7,130,1,,1992.230142582208,exchangeable_varying_sigma,0.18,fixed,0.18,0.18,fixed,0.18,1.0,sin2,anchor_grid,500,0.6,-0.09187820437399141,0.027094775760593288,0.035540827149757,0.016169818378707707,0.017633831714561125,0.023630518484641254,0.03138208761622506,0.010682341878097329,0.011586610586729232,0.17038919031525215,0.17459394364894848,0.09187820437399141,
2000,base4,7,130,1,,2002.3276734054089,exchangeable_varying_sigma,0.18,fixed,0.18,0.18,fixed,0.18,1.0,sin2,anchor_grid,500,0.9,-0.1596477319081716,0.02718195586133584,0.035491701358457084,0.017467985572799466,0.019109351797206107,0.01680901299968625,0.02261734312227927,0.009631049408417497,0.010422223988075512,0.16692812219111078,0.17088152065944573,0.1596477319081716,
5000,base6,6,129,1,,5554.301884062588,exchangeable_varying_sigma,0.18,fixed,0.18,0.18,fixed,0.18,1.0,sin2,anchor_grid,500,0.6,-0.18684065978556297,0.035619501634670314,0.044787276955297245,0.010458726738498791,0.011590368011152716,0.03562431786827166,0.04485876454453038,0.01117269479390745,0.012191198276989956,0.1679782620684015,0.2065773929721709,0.18684065978556297,
5000,base6,6,129,1,,5650.015950500965,exchangeable_varying_sigma,0.18,fixed,0.18,0.18,fixed,0.18,1.0,sin2,anchor_grid,500,0.9,-0.27588857877622075,0.0355149081310235,0.04467485998568833,0.0107091361190014,0.012029080740182878,0.03410103304297449,0.04324508659857725,0.011773318697308854,0.012975801420746147,0.16850860849553762,0.20707206335327435,0.27588857877622075,
5000,base1,7,130,1,,4690.942613814026,exchangeable_varying_sigma,0.18,fixed,0.18,0.18,fixed,0.18,1.0,mixed,anchor_grid,500,0.0,0.011079731659951918,0.022811527589079474,0.028874086436719286,0.004541313318287193,0.0061175192249087774,0.022775652762593065,0.028858551679122477,0.006243442279129097,0.007756956253375719,0.08884101081416282,0.11963841312314147,0.011079731659951918,
2000,base4,7,130,1,,2753.0740106254816,exchangeable_varying_sigma,0.18,fixed,0.18,0.18,fixed,0.18,1.0,sin2,anchor_grid,500,0.3,-0.026955136214616704,0.027078597947351547,0.035569571508950966,0.014669279205692304,0.015966227933585733,0.026367330070867646,0.034847934210900974,0.011296750950062828,0.01229514277612518,0.17478524977117707,0.17922162388817078,0.026955136214616704,
5000,base1,7,130,1,,5682.813015986234,exchangeable_varying_sigma,0.18,fixed,0.18,0.18,fixed,0.18,1.0,mixed,anchor_grid,500,0.3,-0.03915071109407692,0.022535858383456717,0.02914952407294144,0.007508780559549941,0.008064392069512878,0.02209313307632201,0.02844728070103707,0.0072352405162895705,0.008121680697571678,0.09040075303801468,0.12043537642667866,0.03915071109407692,
2000,base6,7,130,1,,1942.4723547957838,exchangeable_varying_sigma,0.18,fixed,0.18,0.18,fixed,0.18,1.0,sin2,anchor_grid,500,0.3,-0.11191268512086355,0.04330112536450177,0.05484946552786816,0.01913693532709443,0.020403599791364368,0.04358485527975052,0.05512003519049422,0.01776026991250379,0.018598849090156924,0.1126425897094899,0.1322914233351121,0.11191268512086355,
2000,base6,7,130,1,,1868.8306064009666,exchangeable_varying_sigma,0.18,fixed,0.18,0.18,fixed,0.18,1.0,sin2,anchor_grid,500,0.6,-0.22823548091263834,0.0432280730019496,0.05483997044291923,0.020637474500107472,0.022022098781725164,0.04210647887464568,0.05342237458693964,0.01792955989474071,0.018638860517280184,0.10917714529158637,0.12844510898045375,0.22823548091263834,
5000,base1,7,130,1,,5790.4036647975445,exchangeable_varying_sigma,0.18,fixed,0.18,0.18,fixed,0.18,1.0,mixed,anchor_grid,500,0.6,-0.07407117489070913,0.02247831307262605,0.029059654781381117,0.008501253335006342,0.009171232186566031,0.0203267976149797,0.025839142532924797,0.007898657946800766,0.008909679191568492,0.09164658762761864,0.1198854188780219,0.07407117489070913,
2000,base6,7,130,1,,2661.344786375761,exchangeable_varying_sigma,0.18,fixed,0.18,0.18,fixed,0.18,1.0,sin2,anchor_grid,500,0.0,-0.01635152124425286,0.044958145627331934,0.05761128856390755,0.005875829994522769,0.006192475344089845,0.04578471715754997,0.05860182258181835,0.007326049304756749,0.007738341427004934,0.11371961090840595,0.13190578491620203,0.01635152124425286,
5000,base4,7,130,1,,4688.0916747786105,exchangeable_varying_sigma,0.18,fixed,0.18,0.18,fixed,0.18,1.0,sin2,anchor_grid,500,0.0,0.015367300302968139,0.016032711474417673,0.02024133643584057,0.006310308595361469,0.007105585392662894,0.016034425495684963,0.020269786020989118,0.00508041591457703,0.006126055075570357,0.0750642717772143,0.09210439077854021,0.015367300302968139,
2000,base6,7,130,1,,2525.2112158462405,exchangeable_varying_sigma,0.18,fixed,0.18,0.18,fixed,0.18,1.0,sin2,anchor_grid,500,0.9,-0.3429490514833343,0.04324147125014545,0.05490342919328766,0.02193564169420134,0.023446579194464807,0.039260664064524095,0.050493309181082656,0.01786033464986317,0.018371666962794714,0.1052636158853027,0.1238649863171621,0.3429490514833343,
5000,base1,7,130,1,,5710.829039696604,exchangeable_varying_sigma,0.18,fixed,0.18,0.18,fixed,0.18,1.0,mixed,anchor_grid,500,0.9,-0.10713902807914655,0.022461040391921244,0.028976662285619015,0.00943409495495573,0.01034592535715951,0.01649974428496744,0.020124093510171477,0.008440357787220507,0.0098105361594077,0.09350334207123401,0.12087150300367819,0.10713902807914655,
2000,base3,8,131,1,,1811.984878949821,exchangeable_varying_sigma,0.18,fixed,0.18,0.18,fixed,0.18,1.0,sin,anchor_grid,500,0.0,-0.017206753279531896,0.051714739024344016,0.06455921671977578,0.006721266485672894,0.007802813014153014,0.05289918987821577,0.06611189905802727,0.004885210957882899,0.005703079479495678,0.13358189132425544,0.16284551789046214,0.017206753279531896,
5000,base4,7,130,1,,4117.742032844573,exchangeable_varying_sigma,0.18,fixed,0.18,0.18,fixed,0.18,1.0,sin2,anchor_grid,500,0.9,-0.07552146728207698,0.015925093338030688,0.020341133307649358,0.007611185815780533,0.008344900819590113,0.009245342901840302,0.011819367903331596,0.007802505902183662,0.008294009675244586,0.07576388426288551,0.0864251337401941,0.07552146728207698,
5000,base4,7,130,1,,4323.2376110851765,exchangeable_varying_sigma,0.18,fixed,0.18,0.18,fixed,0.18,1.0,sin2,anchor_grid,500,0.3,-0.027820747616262742,0.016079006477311007,0.020468947153904123,0.006292355596156998,0.006705336019748671,0.015698586015668408,0.01987514941079386,0.006449493760472838,0.006742979708163183,0.07333014848065726,0.08669048270518341,0.027820747616262742,
2000,base3,8,131,1,,1946.086917810142,exchangeable_varying_sigma,0.18,fixed,0.18,0.18,fixed,0.18,1.0,sin,anchor_grid,500,0.6,-0.2633918468070989,0.05230247465282945,0.0661170789780835,0.008988075329048079,0.015324712471159274,0.0510327426042065,0.06471692281977148,0.012634290306743207,0.019068335314107097,0.11258010706026064,0.14622811433463664,0.2633918468070989,
5000,base4,7,130,1,,4811.135700836778,exchangeable_varying_sigma,0.18,fixed,0.18,0.18,fixed,0.18,1.0,sin2,anchor_grid,500,0.6,-0.052359514717881805,0.015995665121042613,0.020409111542198242,0.00699933148458412,0.007524490197328828,0.013853020286654987,0.01749875228823305,0.007141237039768877,0.007442722012794732,0.07446330450573341,0.08639865698369696,0.052359514717881805,
2000,base3,8,131,1,,2085.3453328683972,exchangeable_varying_sigma,0.18,fixed,0.18,0.18,fixed,0.18,1.0,sin,anchor_grid,500,0.3,-0.1443978696234942,0.052420283947522586,0.06645739484503094,0.009813045311109159,0.01470068878079264,0.0529380649547521,0.0672157642427095,0.011451588168267524,0.017677891240790118,0.11704970135375589,0.15022982218606157,0.1443978696234942,
2000,base3,8,131,1,,2026.3305144682527,exchangeable_varying_sigma,0.18,fixed,0.18,0.18,fixed,0.18,1.0,sin,anchor_grid,500,0.9,-0.3822373917816173,0.052261289886902255,0.06570209228325326,0.011192760772306923,0.016148885511352587,0.04745829436106575,0.05998416445492811,0.014786439994463219,0.020711623973860442,0.10824833791864308,0.14229575055991445,0.3822373917816173,
5000,base6,7,130,1,,4474.209926836193,exchangeable_varying_sigma,0.18,fixed,0.18,0.18,fixed,0.18,1.0,sin2,anchor_grid,500,0.0,0.02928793267932003,0.03573697443332615,0.04475496496983616,0.003147767969565368,0.0037752119110084754,0.036766563044643145,0.04609111707769652,0.001889306346409672,0.003069528711659072,0.19203724796762722,0.2269768330527925,0.02928793267932003,
5000,base6,7,130,1,,3852.9695879258215,exchangeable_varying_sigma,0.18,fixed,0.18,0.18,fixed,0.18,1.0,sin2,anchor_grid,500,0.3,-0.10571834005169667,0.03593316086873897,0.04562629860470114,0.01251836467499326,0.013781949052188956,0.03683926523169429,0.04678190710893488,0.012813603101571827,0.014372913614554087,0.19154578368848407,0.22682875811908762,0.10571834005169667,
2000,base6,8,131,1,,1581.1168459951878,exchangeable_varying_sigma,0.18,fixed,0.18,0.18,fixed,0.18,1.0,sin2,anchor_grid,500,0.0,-0.026398046799542878,0.04488651402419409,0.05703853228718648,0.003793668572383835,0.005646970892140341,0.045759624088727684,0.05806746495771794,0.005063602838027106,0.005794222075539135,0.13316803326843388,0.1553172861652044,0.026398046799542878,
2000,base6,8,131,1,,1825.4622504860163,exchangeable_varying_sigma,0.18,fixed,0.18,0.18,fixed,0.18,1.0,sin2,anchor_grid,500,0.6,-0.23021474606933018,0.04407354034906021,0.0560088418121937,0.008670733277730588,0.013222843563183078,0.04318504740986914,0.054929678124534684,0.010338565074528822,0.014801573321259996,0.12619276975110086,0.1494538693774334,0.23021474606933018,
5000,base6,7,130,1,,4487.41443059966,exchangeable_varying_sigma,0.18,fixed,0.18,0.18,fixed,0.18,1.0,sin2,anchor_grid,500,0.6,-0.20038691924800572,0.035874911348278596,0.045607849265809915,0.01322534056342238,0.014622198029170239,0.03604836791348913,0.045883775062718186,0.013513070021089438,0.015290059337838547,0.19070913991464503,0.22486068211974058,0.20038691924800572,
2000,base6,8,131,1,,2250.909126382321,exchangeable_varying_sigma,0.18,fixed,0.18,0.18,fixed,0.18,1.0,sin2,anchor_grid,500,0.3,-0.11380891513479116,0.044266503042332685,0.056191604361449925,0.007449063720041935,0.012254344119973757,0.0446321121153416,0.056601632461875946,0.009242845313516573,0.013232244726147778,0.1266096049032206,0.1500522864317206,0.11380891513479116,
5000,base6,7,130,1,,4904.877301752567,exchangeable_varying_sigma,0.18,fixed,0.18,0.18,fixed,0.18,1.0,sin2,anchor_grid,500,0.9,-0.294512950480312,0.03580719033441879,0.04556380300866492,0.013837194894620361,0.01544796228934449,0.0345905372426797,0.04431493158472303,0.014104511382298832,0.016265328995358694,0.1897987563838363,0.22287431972436347,0.294512950480312,
2000,base6,8,131,1,,2316.6559345275164,exchangeable_varying_sigma,0.18,fixed,0.18,0.18,fixed,0.18,1.0,sin2,anchor_grid,500,0.9,-0.3473820143164067,0.04391588674749484,0.05584727642710939,0.011155398732565672,0.014422111524320234,0.04013212205061746,0.05165407495525732,0.012682161809941833,0.016755659831792204,0.12652877365473067,0.149549918678651,0.3473820143164067,
5000,base3,8,131,1,,3662.1597434319556,exchangeable_varying_sigma,0.18,fixed,0.18,0.18,fixed,0.18,1.0,sin,anchor_grid,500,0.3,-0.08606638260457017,0.04229544824287052,0.05228537812373529,0.014097255972126632,0.018551719688309338,0.04321094615021864,0.05363611709169992,0.011909405698022985,0.01658695227080168,0.22203246926295542,0.2596052887990029,0.08606638260457017,
2000,base1,9,132,1,,1461.673109330237,exchangeable_varying_sigma,0.18,fixed,0.18,0.18,fixed,0.18,1.0,mixed,anchor_grid,500,0.0,0.0046124034389455285,0.03639811617646872,0.04876217150098392,0.017438475760259947,0.02243566110696437,0.036411131040642614,0.04884020394339216,0.01691410167521981,0.021441150058953758,0.23202818006739778,0.27988525019107485,0.0046124034389455285,
5000,base6,8,131,1,,3209.106389723718,exchangeable_varying_sigma,0.18,fixed,0.18,0.18,fixed,0.18,1.0,sin2,anchor_grid,500,0.0,-0.0068113269720406645,0.036342794225325124,0.0457592643355784,0.008332496778644893,0.012864788448823595,0.03703426265680324,0.04667765313271989,0.008139346375122869,0.012527288252472624,0.1896176623166118,0.22806184527949483,0.0068113269720406645,
5000,base3,8,131,1,,5172.854584060609,exchangeable_varying_sigma,0.18,fixed,0.18,0.18,fixed,0.18,1.0,sin,anchor_grid,500,0.0,-0.004057408885831193,0.0429042756577913,0.05306756567398577,0.015600515386232777,0.018159605866237324,0.04391423543635256,0.05446050223258772,0.014901292975702807,0.01808404256101458,0.2226768757877574,0.2570901001077781,0.004057408885831193,
5000,base3,8,131,1,,4501.549197301269,exchangeable_varying_sigma,0.18,fixed,0.18,0.18,fixed,0.18,1.0,sin,anchor_grid,500,0.9,-0.2726326639886901,0.04197181268398642,0.05195153897994878,0.01661082986125051,0.022487605349372344,0.040158057572834194,0.050582155940320214,0.014544136013950368,0.020194533764253245,0.219334456151713,0.25644254548118683,0.2726326639886901,
2000,base1,9,132,1,,1517.5927561558783,exchangeable_varying_sigma,0.18,fixed,0.18,0.18,fixed,0.18,1.0,mixed,anchor_grid,500,0.6,-0.13797621469993115,0.035599399848438254,0.04888768928420152,0.019873564651223682,0.02282990645238972,0.031306301104906654,0.04290788227710133,0.018361682314322475,0.022494668203823575,0.24244619259184738,0.2816252129397232,0.13797621469993115,
2000,base1,9,132,1,,2238.235909201205,exchangeable_varying_sigma,0.18,fixed,0.18,0.18,fixed,0.18,1.0,mixed,anchor_grid,500,0.3,-0.06621456218625793,0.035339891414005606,0.04852835467207753,0.01794852941097702,0.020903719211369354,0.03430856855347842,0.04705175020561908,0.016854987791230763,0.02029083680015586,0.24262393132186355,0.28305894233419976,0.06621456218625793,
5000,base6,8,131,1,,3655.7858486026525,exchangeable_varying_sigma,0.18,fixed,0.18,0.18,fixed,0.18,1.0,sin2,anchor_grid,500,0.3,-0.11283294945548619,0.03708853126693,0.046206793342162523,0.015462697655833912,0.017291257382521664,0.037574568960471885,0.04692011131338726,0.014452124493706017,0.01670094238973436,0.2038283524015374,0.24349929837195244,0.11283294945548619,
2000,base1,9,132,1,,2185.5800228640437,exchangeable_varying_sigma,0.18,fixed,0.18,0.18,fixed,0.18,1.0,mixed,anchor_grid,500,0.9,-0.20986414014999155,0.036034254419171,0.04929642336237181,0.02196046055108647,0.024666183773966715,0.02449420989182161,0.033624581080239864,0.01971025649221518,0.02476061538409456,0.242805592396629,0.2805391345685434,0.20986414014999155,
5000,base3,8,131,1,,5821.637066118419,exchangeable_varying_sigma,0.18,fixed,0.18,0.18,fixed,0.18,1.0,sin,anchor_grid,500,0.6,-0.17932950983222012,0.04213539043046556,0.052124643081491284,0.015163863941810587,0.020506941297265865,0.042218497465452684,0.05260991275849151,0.013084415206358654,0.018366667560970967,0.2205735484904782,0.25804075936865334,0.17932950983222012,
2000,base4,9,132,1,,1376.8720192201436,exchangeable_varying_sigma,0.18,fixed,0.18,0.18,fixed,0.18,1.0,sin2,anchor_grid,500,0.3,-0.05932080612542265,0.02788727153720351,0.036381706049641103,0.012984048594578496,0.015461931340720764,0.026901633753979463,0.0351524750320944,0.015185720049362667,0.017726928366379062,0.17984262435391662,0.18898108557550145,0.05932080612542265,
5000,base1,9,132,1,,2733.7720854356885,exchangeable_varying_sigma,0.18,fixed,0.18,0.18,fixed,0.18,1.0,mixed,anchor_grid,500,0.6,-0.07077603507300001,0.024083731860924003,0.030633075472734732,0.013143172593967883,0.013459336068327799,0.021274861819390836,0.026902926098603792,0.01166938114504644,0.01238592724707746,0.08956093499558812,0.12634485830397427,0.07077603507300001,
2000,base4,9,132,1,,3302.1185746639967,exchangeable_varying_sigma,0.18,fixed,0.18,0.18,fixed,0.18,1.0,sin2,anchor_grid,500,0.0,0.01967188297134709,0.027143365056534717,0.03559574534215851,0.015094598423592592,0.01858593568154652,0.027162110084165816,0.03564841255645301,0.01378849098502885,0.019516690502963487,0.16878163484625908,0.17788425806213115,0.01967188297134709,
2000,base4,9,132,1,,2613.2947719432414,exchangeable_varying_sigma,0.18,fixed,0.18,0.18,fixed,0.18,1.0,sin2,anchor_grid,500,0.9,-0.1763433368833368,0.028200254044695797,0.036805235216177616,0.015374855887348202,0.01889769616112231,0.01672366916304902,0.02256825331781225,0.01779965974985781,0.022080033461720574,0.1823499114869602,0.1923081637766634,0.1763433368833368,
2000,base4,9,132,1,,3239.44735333696,exchangeable_varying_sigma,0.18,fixed,0.18,0.18,fixed,0.18,1.0,sin2,anchor_grid,500,0.6,-0.11817348561311436,0.028064262452579935,0.03658539150100571,0.014028265540198967,0.01720211033438422,0.023949937061256005,0.03142734634049998,0.016547927615103555,0.01981468680923431,0.18091060291480193,0.19052440065150159,0.11817348561311436,
5000,base6,8,131,1,,6248.166431326419,exchangeable_varying_sigma,0.18,fixed,0.18,0.18,fixed,0.18,1.0,sin2,anchor_grid,500,0.6,-0.20741440282340806,0.037136318914378345,0.0462852490684845,0.017126165871013274,0.01901201807307088,0.03679372861777987,0.04613318770006145,0.015545501682174667,0.018015404440929875,0.2037939838543165,0.24320270575119474,0.20741440282340806,
5000,base6,8,131,1,,5961.919170696288,exchangeable_varying_sigma,0.18,fixed,0.18,0.18,fixed,0.18,1.0,sin2,anchor_grid,500,0.9,-0.2993400528690485,0.03713865979978418,0.04638729023482644,0.018732345533868586,0.02071049634611495,0.03522860386538246,0.04467234507146604,0.016525822233368542,0.019250251888257693,0.2027764013841022,0.24186595469107947,0.2993400528690485,
5000,base1,9,132,1,,5224.03074555099,exchangeable_varying_sigma,0.18,fixed,0.18,0.18,fixed,0.18,1.0,mixed,anchor_grid,500,0.3,-0.030720066675098634,0.024040539220650223,0.03063398225972321,0.011559747147957794,0.012041331074727147,0.023264945285133894,0.029712717478920254,0.010617556991665583,0.011320584548607578,0.08912506373210623,0.12372116481061346,0.030720066675098634,
2000,base6,9,132,1,,2489.545313883573,exchangeable_varying_sigma,0.18,fixed,0.18,0.18,fixed,0.18,1.0,sin2,anchor_grid,500,0.0,0.037432121852002516,0.04365518087712833,0.055496149956122676,0.009531580460269251,0.013525851705429989,0.04455477944462049,0.05661282728410888,0.011299825162380844,0.013122160805346943,0.11780091929159506,0.13811068212793912,0.037432121852002516,
5000,base1,9,132,1,,6766.933583308011,exchangeable_varying_sigma,0.18,fixed,0.18,0.18,fixed,0.18,1.0,mixed,anchor_grid,500,0.0,0.004889306637276431,0.02275548339558652,0.02949786553252857,0.014909925558458742,0.017109478502252456,0.02272799703305869,0.029475894362990224,0.014108532724980638,0.016368997929927385,0.0884038590429052,0.1180050976212998,0.004889306637276431,
2000,base6,9,132,1,,2590.182903122157,exchangeable_varying_sigma,0.18,fixed,0.18,0.18,fixed,0.18,1.0,sin2,anchor_grid,500,0.3,-0.11113067995047565,0.04528667735593901,0.05725157057422825,0.016738824497556273,0.018471505713951345,0.04570948978155945,0.05756426984593412,0.018594752530849537,0.021194466001035608,0.12561688770702956,0.14910689522555398,0.11113067995047565,
2000,base6,9,132,1,,3028.6381990760565,exchangeable_varying_sigma,0.18,fixed,0.18,0.18,fixed,0.18,1.0,sin2,anchor_grid,500,0.9,-0.35615717751979015,0.04490625871946857,0.05708237489248364,0.019547032069280282,0.021616634084266884,0.041132817039000145,0.05243254791790709,0.0209280088400174,0.023647807058648756,0.12784397704957312,0.15289966485568965,0.35615717751979015,
5000,base1,9,132,1,,7500.693344369531,exchangeable_varying_sigma,0.18,fixed,0.18,0.18,fixed,0.18,1.0,mixed,anchor_grid,500,0.9,-0.11260175215144619,0.024035915441979493,0.03059653128076765,0.014743280508891801,0.014896940998527406,0.017216615780110925,0.020881351938679016,0.013048107038335602,0.013631408828454029,0.09230877498431835,0.12880751742552118,0.11260175215144619,
2000,base6,9,132,1,,3629.301250644028,exchangeable_varying_sigma,0.18,fixed,0.18,0.18,fixed,0.18,1.0,sin2,anchor_grid,500,0.6,-0.23268997418127146,0.0451694765524062,0.057228427371326995,0.018200441722130464,0.02006762637409312,0.04425889639592465,0.055872306900793534,0.0198886905858896,0.022562241326974358,0.12694161930063494,0.1512782151301278,0.23268997418127146,
5000,base4,9,132,1,,6585.832847502083,exchangeable_varying_sigma,0.18,fixed,0.18,0.18,fixed,0.18,1.0,sin2,anchor_grid,500,0.3,-0.011160055669263091,0.01662784366740158,0.021235277978761687,0.009200906602534517,0.009591870188807179,0.01580564706529883,0.020446556608882144,0.008662057435130585,0.00938229046599626,0.06354688073366467,0.06852524304339702,0.011160055669263091,
5000,base4,9,132,1,,6955.763763803989,exchangeable_varying_sigma,0.18,fixed,0.18,0.18,fixed,0.18,1.0,sin2,anchor_grid,500,0.0,0.009306510572467685,0.01618125750313251,0.020860300047652366,0.011881660547143846,0.01341790986989913,0.016166557875513528,0.020870083154660435,0.012827756735722506,0.01427528514692231,0.06843214610915437,0.07439357637153501,0.009306510572467685,
5000,base4,9,132,1,,6949.23424263671,exchangeable_varying_sigma,0.18,fixed,0.18,0.18,fixed,0.18,1.0,sin2,anchor_grid,500,0.6,-0.041713974538811205,0.01670596723890834,0.021213860446211992,0.01052041713201933,0.010829736557859768,0.01378161304819347,0.017865602657687933,0.009570284752192126,0.010362289290826195,0.060190115886265064,0.06595348668930877,0.041713974538811205,
2000,base3,10,133,1,,2671.7405149303377,exchangeable_varying_sigma,0.18,fixed,0.18,0.18,fixed,0.18,1.0,sin,anchor_grid,500,0.0,-0.019507129347678814,0.052667091096530734,0.06676580520375884,0.021955440570514018,0.025803010376727147,0.05380970120724841,0.06824260274050296,0.01982480761691613,0.02330832002521085,0.13218665030933113,0.16197005287597852,0.019507129347678814,
2000,base3,10,133,1,,2131.5153926834464,exchangeable_varying_sigma,0.18,fixed,0.18,0.18,fixed,0.18,1.0,sin,anchor_grid,500,0.3,-0.14268420488627798,0.051256441076095366,0.06472671127571479,0.018093042637383178,0.019418005606202174,0.05176257421398564,0.06552165184747107,0.01603975891886672,0.01851694678388276,0.1473156114980732,0.1713749095225976,0.14268420488627798,
5000,base4,9,132,1,,6681.973818708211,exchangeable_varying_sigma,0.18,fixed,0.18,0.18,fixed,0.18,1.0,sin2,anchor_grid,500,0.9,-0.07500308410188006,0.016682018148105,0.021160759112212612,0.011857586859563188,0.012094414477862884,0.00920013421527924,0.011980031752946197,0.010769414752645756,0.011470118690923832,0.05684441128409212,0.06416183351232675,0.07500308410188006,
2000,base3,10,133,1,,1798.740297857672,exchangeable_varying_sigma,0.18,fixed,0.18,0.18,fixed,0.18,1.0,sin,anchor_grid,500,0.9,-0.39625188164956937,0.05165994807342607,0.06535778400797969,0.021150114153600602,0.021758095056463856,0.0471693705842242,0.060225444641784184,0.018466153297462984,0.021644119449188783,0.1505789721115855,0.17150187703053865,0.39625188164956937,
5000,base6,9,132,1,,4582.113472677767,exchangeable_varying_sigma,0.18,fixed,0.18,0.18,fixed,0.18,1.0,sin2,anchor_grid,500,0.3,-0.08722684151686955,0.0358316535738251,0.045081883185898064,0.01120931832568485,0.011372270976304447,0.03620073830913712,0.04569785270577186,0.011410258304647689,0.011850185857378837,0.17909275202870384,0.2138937593344507,0.08722684151686955,
2000,base3,10,133,1,,2141.744629152119,exchangeable_varying_sigma,0.18,fixed,0.18,0.18,fixed,0.18,1.0,sin,anchor_grid,500,0.6,-0.26987562682347355,0.051368574423334756,0.06492312677385507,0.019663198382574076,0.020614778442970424,0.0501521460429163,0.06367871835584914,0.017214029418989668,0.020022943585161188,0.14825553803424021,0.17057102779400865,0.26987562682347355,
5000,base6,9,132,1,,4491.783866971731,exchangeable_varying_sigma,0.18,fixed,0.18,0.18,fixed,0.18,1.0,sin2,anchor_grid,500,0.6,-0.1834292218736126,0.03591305671276309,0.04515461508149773,0.012528828855169094,0.012623803463215792,0.035385938054884596,0.044822892090036044,0.01242968822993508,0.012922353275447688,0.17808638935178953,0.21241895860116705,0.1834292218736126,
5000,base6,9,132,1,,6366.277197506279,exchangeable_varying_sigma,0.18,fixed,0.18,0.18,fixed,0.18,1.0,sin2,anchor_grid,500,0.0,0.013744782097053612,0.03568560908938432,0.044950608106341335,0.011252609651137058,0.013100444811585019,0.036436944845565304,0.0459530134968129,0.01114940332340518,0.013306165962544404,0.18116338697242299,0.21783400212317972,0.013744782097053612,
5000,base3,10,133,1,,2849.6557398550212,exchangeable_varying_sigma,0.18,fixed,0.18,0.18,fixed,0.18,1.0,sin,anchor_grid,500,0.3,-0.0900103163190201,0.04227161843909583,0.052398730860683744,0.014315968823127384,0.01979248409931843,0.04323195954847424,0.0538970217641642,0.015800672917733072,0.019869035086562344,0.2297222202148726,0.265762467887913,0.0900103163190201,
2000,base6,10,133,1,,1532.1631172448397,exchangeable_varying_sigma,0.18,fixed,0.18,0.18,fixed,0.18,1.0,sin2,anchor_grid,500,0.9,-0.37553104662125325,0.04361506213474924,0.0556655228379193,0.012408487007558977,0.017415677621222696,0.04056937840102897,0.05254032074415072,0.012151144078872772,0.020467100527923134,0.13904429162420923,0.1644534486780739,0.37553104662125325,
2000,base6,10,133,1,,1608.175681464374,exchangeable_varying_sigma,0.18,fixed,0.18,0.18,fixed,0.18,1.0,sin2,anchor_grid,500,0.6,-0.25601146345121806,0.04359037676233548,0.05540543387486116,0.011174934491235466,0.015778526250519558,0.042993210457298627,0.05498934773667023,0.011297643662723414,0.018749871297145688,0.14115380347410295,0.16512466877553467,0.25601146345121806,
2000,base6,10,133,1,,1959.492829374969,exchangeable_varying_sigma,0.18,fixed,0.18,0.18,fixed,0.18,1.0,sin2,anchor_grid,500,0.0,-0.008692536884799549,0.04463720394490509,0.057255880490339986,0.019898594071295794,0.02410429428963758,0.04539616932323583,0.058220263518526424,0.018668651016190876,0.022921176432439114,0.14019200398771164,0.17013921040788124,0.008692536884799549,
2000,base6,10,133,1,,2256.7266636379063,exchangeable_varying_sigma,0.18,fixed,0.18,0.18,fixed,0.18,1.0,sin2,anchor_grid,500,0.3,-0.13416543696450617,0.04356390270094717,0.0553046810692538,0.009797663332820561,0.014228738157648491,0.0441787163937443,0.05617155092179157,0.010162392206999521,0.01686187123995036,0.14233258928916395,0.16532972266043622,0.13416543696450617,
5000,base6,9,132,1,,5475.812034986913,exchangeable_varying_sigma,0.18,fixed,0.18,0.18,fixed,0.18,1.0,sin2,anchor_grid,500,0.9,-0.28024029811609275,0.035970597492577194,0.045246473877041025,0.013865998582707997,0.013917137087579391,0.0339935888348086,0.04340646535917657,0.01364218728942021,0.014197166789434322,0.17782615275258126,0.2112561703130957,0.28024029811609275,
5000,base3,10,133,1,,3672.995880395174,exchangeable_varying_sigma,0.18,fixed,0.18,0.18,fixed,0.18,1.0,sin,anchor_grid,500,0.0,0.00077300019095686,0.04237769885397214,0.05250868526806669,0.010355527264366698,0.012228665892794163,0.04357197466794664,0.05415570265124969,0.012445205692463615,0.015090014963020159,0.22561647507658494,0.26469298044579515,0.00077300019095686,
5000,base3,10,133,1,,3469.8946735449135,exchangeable_varying_sigma,0.18,fixed,0.18,0.18,fixed,0.18,1.0,sin,anchor_grid,500,0.6,-0.18708759631599775,0.042220821473148665,0.05231431831534336,0.01594860594145342,0.02233899355916056,0.042296237341409346,0.052949631084485325,0.017315517586530688,0.022027831084944598,0.2305254101348559,0.26710428429759464,0.18708759631599775,
2000,base1,11,134,1,,1469.0890339761972,exchangeable_varying_sigma,0.18,fixed,0.18,0.18,fixed,0.18,1.0,mixed,anchor_grid,500,0.0,4.5271231124825246e-05,0.03665718287164788,0.05048704946411196,0.016289835171789377,0.017687953021007046,0.03669714233086821,0.050602105555879476,0.015183027835608126,0.016606589709949243,0.21843853120187184,0.264019157629638,4.5271231124825246e-05,
2000,base1,11,134,1,,1274.162764042616,exchangeable_varying_sigma,0.18,fixed,0.18,0.18,fixed,0.18,1.0,mixed,anchor_grid,500,0.9,-0.21165547396170448,0.03540812803376831,0.048117284432356786,0.020681426893148336,0.023451807969383016,0.02547365161096225,0.03405179535951589,0.02058559710814778,0.023768420473865536,0.22799335913661775,0.27026694794833056,0.21165547396170448,
2000,base1,11,134,1,,1803.5449456945062,exchangeable_varying_sigma,0.18,fixed,0.18,0.18,fixed,0.18,1.0,mixed,anchor_grid,500,0.3,-0.08812410912466095,0.03504299804925333,0.04722421975709043,0.015613518405708376,0.017778106557770068,0.03429637214767176,0.04613535438541367,0.015541716760314378,0.01726495242187812,0.21180630539081227,0.25775934189424926,0.08812410912466095,
2000,base1,11,134,1,,1990.4380248263478,exchangeable_varying_sigma,0.18,fixed,0.18,0.18,fixed,0.18,1.0,mixed,anchor_grid,500,0.6,-0.15214984353018107,0.03516677829973212,0.04758829501288098,0.01810855621851276,0.020591263243763473,0.031714841042769226,0.04258169805605816,0.0178319763086483,0.020103606427264463,0.21957509512412526,0.2638540808362514,0.15214984353018107,
5000,base3,10,133,1,,4639.180178262293,exchangeable_varying_sigma,0.18,fixed,0.18,0.18,fixed,0.18,1.0,sin,anchor_grid,500,0.9,-0.28436336653263605,0.042148916185680785,0.05223208826656542,0.017533382705048395,0.024974804288795754,0.040348702253130427,0.05103831349966666,0.01883673510531564,0.024646440723118206,0.23087242763729074,0.26816885475744,0.28436336653263605,
5000,base6,10,133,1,,4519.385216701776,exchangeable_varying_sigma,0.18,fixed,0.18,0.18,fixed,0.18,1.0,sin2,anchor_grid,500,0.0,-0.0035964771633810164,0.03597383601029709,0.045179192180576096,0.012356764891545816,0.015237340520784745,0.03675205703014462,0.04625263385624406,0.012261711784998935,0.015369393620921228,0.18065402196308214,0.22015842786490283,0.0035964771633810164,
2000,base4,11,134,1,,1323.5200305990875,exchangeable_varying_sigma,0.18,fixed,0.18,0.18,fixed,0.18,1.0,sin2,anchor_grid,500,0.0,-0.005415618154179731,0.027978628159990544,0.03668854125016314,0.01228030490986183,0.013289629711865784,0.02802763938209624,0.03684592500696992,0.011354474057397798,0.012115108449198135,0.1534739801053986,0.15646618229423467,0.005415618154179731,
5000,base6,10,133,1,,3697.610713239759,exchangeable_varying_sigma,0.18,fixed,0.18,0.18,fixed,0.18,1.0,sin2,anchor_grid,500,0.3,-0.09473142714707755,0.03513486692990018,0.044568587575422265,0.013653500787554618,0.01541043734398778,0.035814323977040326,0.04556935322994481,0.014724738354759376,0.01634781409142068,0.18723727234030302,0.22979926212018204,0.09473142714707755,
2000,base4,11,134,1,,1780.9894598722458,exchangeable_varying_sigma,0.18,fixed,0.18,0.18,fixed,0.18,1.0,sin2,anchor_grid,500,0.3,-0.07532347624622504,0.026407168080811394,0.034365092912511004,0.015225357239771448,0.018089070306739962,0.02570380381182651,0.03357042219583445,0.012020661609292244,0.013927757831464806,0.15392655226521396,0.15740823080064617,0.07532347624622504,
5000,base6,10,133,1,,4228.016801148653,exchangeable_varying_sigma,0.18,fixed,0.18,0.18,fixed,0.18,1.0,sin2,anchor_grid,500,0.6,-0.18764258703755365,0.03514870360722196,0.044589078367417115,0.015083834984342265,0.017535349173699692,0.035162548736277756,0.04490561799544376,0.01600334633651651,0.018149980180482805,0.1912414512367555,0.23334773435396586,0.18764258703755365,
5000,base6,10,133,1,,3860.868042372167,exchangeable_varying_sigma,0.18,fixed,0.18,0.18,fixed,0.18,1.0,sin2,anchor_grid,500,0.9,-0.2801422826226817,0.03520231156658217,0.04465410237013039,0.016452200638970516,0.019721145076267096,0.03387534230701914,0.043646783734323735,0.017340453845525378,0.020323596369077226,0.19551129418815533,0.236965951415257,0.2801422826226817,
2000,base4,11,134,1,,1911.3847081698477,exchangeable_varying_sigma,0.18,fixed,0.18,0.18,fixed,0.18,1.0,sin2,anchor_grid,500,0.6,-0.12474522766211932,0.026485272869632006,0.03456182907416896,0.01764998863067102,0.02078890469423022,0.023166790985786223,0.03042799264692708,0.014120726518905447,0.01634457929800648,0.1598625093359222,0.16319850304782596,0.12474522766211932,
2000,base4,11,134,1,,1959.311042405665,exchangeable_varying_sigma,0.18,fixed,0.18,0.18,fixed,0.18,1.0,sin2,anchor_grid,500,0.9,-0.16920175644152202,0.02664494044295689,0.03494923750976325,0.02017540519890032,0.023535721108959195,0.016663605774420644,0.022505520110271755,0.016739622709074392,0.019557102972278632,0.16636264905760936,0.16959586296824855,0.16920175644152202,
2000,base6,11,134,1,,876.0287057310343,exchangeable_varying_sigma,0.18,fixed,0.18,0.18,fixed,0.18,1.0,sin2,anchor_grid,500,0.0,0.0010929642432941607,0.04480870021164231,0.05738830943289474,0.01089086461658384,0.012515289574852923,0.04543343631717394,0.058170250494419644,0.010331929910709733,0.011924521179259528,0.11374996905462735,0.12976821600831315,0.0010929642432941607,
5000,base1,11,134,1,,3361.1695578694344,exchangeable_varying_sigma,0.18,fixed,0.18,0.18,fixed,0.18,1.0,mixed,anchor_grid,500,0.9,-0.09665391760842301,0.022475033476506992,0.02839705485555191,0.009615619816607288,0.009875174208817936,0.016616522309458086,0.020086940979131735,0.007972448888849584,0.008526030555192373,0.07573093940543768,0.09283345233034568,0.09665391760842301,
5000,base1,11,134,1,,4547.643143899739,exchangeable_varying_sigma,0.18,fixed,0.18,0.18,fixed,0.18,1.0,mixed,anchor_grid,500,0.0,-0.026937551649317534,0.0228439290162667,0.02905915204059282,0.0071928759114028296,0.009465637638577225,0.022818312999597495,0.029028936626062176,0.007110952324279773,0.009111110275086928,0.08682533276311896,0.10684443222940702,0.026937551649317534,
5000,base1,11,134,1,,4231.84589156881,exchangeable_varying_sigma,0.18,fixed,0.18,0.18,fixed,0.18,1.0,mixed,anchor_grid,500,0.6,-0.05871000192581233,0.022583926601626704,0.028674281554166736,0.009031224707844773,0.009301294169386631,0.02044798020218085,0.025861937383184503,0.008140356247348268,0.008899871366587812,0.0797405586827658,0.09714353987771221,0.05871000192581233,
5000,base1,11,134,1,,4559.4564157910645,exchangeable_varying_sigma,0.18,fixed,0.18,0.18,fixed,0.18,1.0,mixed,anchor_grid,500,0.3,-0.022172659532179617,0.022723654820230015,0.028919520565439515,0.008308710605186106,0.008660841143300754,0.022258800489382294,0.028423591576757005,0.007962619984905217,0.008676305086669483,0.08339440955099894,0.10145880641830061,0.022172659532179617,
2000,base6,11,134,1,,1472.7345123887062,exchangeable_varying_sigma,0.18,fixed,0.18,0.18,fixed,0.18,1.0,sin2,anchor_grid,500,0.6,-0.22425704571787197,0.04303369984708059,0.054980567695829534,0.020405086005110096,0.026812614997259208,0.04242523879616137,0.054393637970048904,0.016467497085518507,0.023906643630322372,0.11578213126440207,0.128315603408587,0.22425704571787197,
2000,base6,11,134,1,,1772.975949920714,exchangeable_varying_sigma,0.18,fixed,0.18,0.18,fixed,0.18,1.0,sin2,anchor_grid,500,0.3,-0.11559956749122546,0.04321152162417995,0.055189469132897725,0.018091724490352706,0.024315632925486923,0.043732007472294,0.05590450675970506,0.01504143276256742,0.021792909159645102,0.11707553310075228,0.12944060423622217,0.11559956749122546,
2000,base6,11,134,1,,1757.5071170963347,exchangeable_varying_sigma,0.18,fixed,0.18,0.18,fixed,0.18,1.0,sin2,anchor_grid,500,0.9,-0.32999235114129843,0.042787221205193716,0.05479321121020149,0.022797154196351616,0.029354897245747028,0.0397486160047935,0.05149906702527027,0.017966959349801248,0.0263999537713967,0.11417927808015246,0.12741908452945386,0.32999235114129843,
5000,base4,11,134,1,,3137.295463614166,exchangeable_varying_sigma,0.18,fixed,0.18,0.18,fixed,0.18,1.0,sin2,anchor_grid,500,0.6,-0.043410535047618604,0.015794888726750656,0.020164691723004103,0.008101776834636185,0.008843118147282671,0.013790992618818183,0.017733103657996203,0.006495830949955178,0.0071557379022691965,0.05816662609582919,0.07061859751078949,0.043410535047618604,
2000,base3,12,135,1,,1447.0318220220506,exchangeable_varying_sigma,0.18,fixed,0.18,0.18,fixed,0.18,1.0,sin,anchor_grid,500,0.0,-0.04162691627862642,0.0514978182826808,0.06577198851304905,0.012900110954122829,0.017802323640299423,0.05293354394210822,0.06764764671864873,0.010336908875161893,0.015515373579612841,0.1376139779442801,0.16905368243172034,0.04162691627862642,
5000,base4,11,134,1,,3685.1431977786124,exchangeable_varying_sigma,0.18,fixed,0.18,0.18,fixed,0.18,1.0,sin2,anchor_grid,500,0.3,-0.017935132329009174,0.01602808795919177,0.020413494883117642,0.007402562437661117,0.008125031486272088,0.015682111525424654,0.020064914612949878,0.0063413473513211915,0.006974721630767198,0.05838248857365396,0.0691566551273433,0.017935132329009174,
5000,base4,11,134,1,,4139.189842123538,exchangeable_varying_sigma,0.18,fixed,0.18,0.18,fixed,0.18,1.0,sin2,anchor_grid,500,0.0,-0.02985038566568066,0.016355929429438375,0.020716599913511578,0.006353405021556596,0.007470635269830274,0.01635366744062786,0.02071528323490289,0.006435215062425531,0.007982911532177533,0.062724369335727,0.0721142131616958,0.02985038566568066,
2000,base3,12,135,1,,1090.7176968939602,exchangeable_varying_sigma,0.18,fixed,0.18,0.18,fixed,0.18,1.0,sin,anchor_grid,500,0.9,-0.3504583397579112,0.05152882461279241,0.06611414426820218,0.022714292935850255,0.02785041556152218,0.046950033214646504,0.06027748702863773,0.0179644613448052,0.02808761766075403,0.13966142607929533,0.1692784547476045,0.3504583397579112,
2000,base3,12,135,1,,1721.3475673347712,exchangeable_varying_sigma,0.18,fixed,0.18,0.18,fixed,0.18,1.0,sin,anchor_grid,500,0.6,-0.23519469674827365,0.05105166417186327,0.06567330486186253,0.019528395389710823,0.02534737909061136,0.049952004422631674,0.064338628608293,0.016327148829648613,0.02598395523148257,0.13964554833941636,0.16942281613758453,0.23519469674827365,
2000,base3,12,135,1,,1843.1791039779782,exchangeable_varying_sigma,0.18,fixed,0.18,0.18,fixed,0.18,1.0,sin,anchor_grid,500,0.3,-0.11797383182073196,0.050743604497050225,0.06533503459108353,0.01677338971962991,0.023126658213524786,0.051423652455445355,0.0663670679842023,0.015209770861520866,0.02414127997826249,0.13976144001053564,0.16957428268767916,0.11797383182073196,
5000,base4,11,134,1,,4297.401633121073,exchangeable_varying_sigma,0.18,fixed,0.18,0.18,fixed,0.18,1.0,sin2,anchor_grid,500,0.9,-0.06897502100044228,0.015555177780012296,0.019879507666913085,0.008676885415643307,0.009504148585479917,0.009210713488688783,0.011964406648151127,0.006345665362990721,0.006837272443812971,0.059701903473963126,0.07241919599865668,0.06897502100044228,
5000,base6,11,134,1,,2910.158158674836,exchangeable_varying_sigma,0.18,fixed,0.18,0.18,fixed,0.18,1.0,sin2,anchor_grid,500,0.6,-0.18754400429882728,0.035439486006868456,0.04463711790356337,0.011837643418989963,0.012027424268626661,0.03540508244186435,0.044868539578874975,0.010928934695270676,0.01112872595402012,0.1888555717867236,0.22273110434330237,0.18754400429882728,
5000,base6,11,134,1,,3446.093833461404,exchangeable_varying_sigma,0.18,fixed,0.18,0.18,fixed,0.18,1.0,sin2,anchor_grid,500,0.0,-0.0331065184599372,0.0359558645341751,0.04491343781915737,0.00457519341832216,0.004728495214483103,0.0367436876072129,0.04596907576277491,0.004012448055079693,0.0046010871969114275,0.19300138114861295,0.23010616589408536,0.0331065184599372,
5000,base6,11,134,1,,3656.528998758644,exchangeable_varying_sigma,0.18,fixed,0.18,0.18,fixed,0.18,1.0,sin2,anchor_grid,500,0.3,-0.09700311671295134,0.03540649688584161,0.04457113908623524,0.011138429022011453,0.011257580613072311,0.0360302399028179,0.04547057990126168,0.01041650289733867,0.01060171856103962,0.18735531131024155,0.22073530018687526,0.09700311671295134,
2000,base6,12,135,1,,1283.0877656675875,exchangeable_varying_sigma,0.18,fixed,0.18,0.18,fixed,0.18,1.0,sin2,anchor_grid,500,0.0,0.030121779842317703,0.044977740073918616,0.057331746276664576,0.01790114782774413,0.01954998525825767,0.04594278668253785,0.058499538851085525,0.01807409974418732,0.019936735151481928,0.12985600935642888,0.14203593688412608,0.030121779842317703,
2000,base6,12,135,1,,1566.1001230217516,exchangeable_varying_sigma,0.18,fixed,0.18,0.18,fixed,0.18,1.0,sin2,anchor_grid,500,0.3,-0.08550787416593436,0.04552880775610614,0.058656443710414716,0.008539016099256572,0.010128776774927361,0.046055139579620874,0.0593469068656797,0.00917019922374529,0.010164669890658734,0.13877086560686724,0.15217014649465582,0.08550787416593436,
5000,base6,11,134,1,,3750.3508620411158,exchangeable_varying_sigma,0.18,fixed,0.18,0.18,fixed,0.18,1.0,sin2,anchor_grid,500,0.9,-0.2770843961497247,0.03557541654835611,0.04478751397364135,0.012412751999996613,0.012744505974143111,0.03425683425801272,0.04376959279137392,0.011245104579930637,0.011517200191745876,0.19056631501589144,0.22513648071515008,0.2770843961497247,
2000,base6,12,135,1,,1761.4172891676426,exchangeable_varying_sigma,0.18,fixed,0.18,0.18,fixed,0.18,1.0,sin2,anchor_grid,500,0.6,-0.208050947800676,0.04544737844090632,0.05852523778961611,0.01021673964779414,0.011649162544592062,0.04457262234032932,0.05760742836937835,0.01155819169478843,0.012630932933556894,0.14735980232225881,0.16109144668892966,0.208050947800676,
2000,base1,13,136,1,,994.1607799530029,exchangeable_varying_sigma,0.18,fixed,0.18,0.18,fixed,0.18,1.0,mixed,anchor_grid,500,0.0,-0.006480879293053883,0.0358706496344893,0.04875853439929755,0.014996386245692633,0.0174580021440931,0.035843138663640334,0.04880113295748502,0.01592367711058945,0.01884470010313271,0.2615814815977687,0.2967643500834581,0.006480879293053883,
2000,base6,12,135,1,,2016.4262947514653,exchangeable_varying_sigma,0.18,fixed,0.18,0.18,fixed,0.18,1.0,sin2,anchor_grid,500,0.9,-0.33584381497265825,0.04529659482900041,0.05821820546268809,0.012071468121456874,0.013427523396428706,0.041416196159394326,0.053954703407164045,0.013718452429617722,0.015271744698283308,0.15722379121163835,0.17148449324610038,0.33584381497265825,
5000,base3,12,135,1,,3315.950782570988,exchangeable_varying_sigma,0.18,fixed,0.18,0.18,fixed,0.18,1.0,sin,anchor_grid,500,0.6,-0.21590746441703879,0.04336243256622396,0.05364963478600626,0.017569192317242868,0.019337298120329388,0.042863825862460236,0.05353208147937988,0.017905701393910747,0.01929097598387916,0.21715550208074988,0.255314282254232,0.21590746441703879,
2000,base1,13,136,1,,1215.2163284607232,exchangeable_varying_sigma,0.18,fixed,0.18,0.18,fixed,0.18,1.0,mixed,anchor_grid,500,0.3,-0.06534857323257284,0.03728360691776496,0.050686171220810795,0.02239964129121616,0.026074639923961734,0.0366092292833992,0.049840402255053096,0.02224512421523875,0.02557135456097961,0.25320217528773037,0.2962652768936395,0.06534857323257284,
5000,base3,12,135,1,,3564.271820861846,exchangeable_varying_sigma,0.18,fixed,0.18,0.18,fixed,0.18,1.0,sin,anchor_grid,500,0.3,-0.12307241989385737,0.04321277276706486,0.053489643005374114,0.016515981878386585,0.01811627002148834,0.04388747807217132,0.05460996593827686,0.016960282399803822,0.018266009246607134,0.21934625520330933,0.2565158267984518,0.12307241989385737,
5000,base3,12,135,1,,4335.046404659748,exchangeable_varying_sigma,0.18,fixed,0.18,0.18,fixed,0.18,1.0,sin,anchor_grid,500,0.0,0.02169836593634807,0.041594502764876126,0.05114821282396704,0.007981870661124102,0.010660696946488456,0.04272441901949515,0.05271814331609097,0.007027637927824848,0.0099972643634944,0.23358429280183335,0.2697337462991547,0.02169836593634807,
5000,base3,12,135,1,,3390.544507559389,exchangeable_varying_sigma,0.18,fixed,0.18,0.18,fixed,0.18,1.0,sin,anchor_grid,500,0.9,-0.30667765878767705,0.04356209271854752,0.05384507784186992,0.018354744699113176,0.0203149095073025,0.04091956990943001,0.05156539132455575,0.01828173681144149,0.019859994251595434,0.2150578150584221,0.25433165871662866,0.30667765878767705,
2000,base1,13,136,1,,1594.5768260583282,exchangeable_varying_sigma,0.18,fixed,0.18,0.18,fixed,0.18,1.0,mixed,anchor_grid,500,0.6,-0.1373862100591684,0.037097034664549194,0.050408477601977246,0.024279653011324093,0.028213149287446247,0.03352362058053118,0.0456326589025441,0.023774710674695915,0.0269100020795732,0.2528112551624898,0.2997725023526571,0.1373862100591684,
2000,base1,13,136,1,,1610.8542051129043,exchangeable_varying_sigma,0.18,fixed,0.18,0.18,fixed,0.18,1.0,mixed,anchor_grid,500,0.9,-0.212020594149676,0.036821111561243854,0.04991627222395517,0.02571761598605185,0.02984301742373701,0.026564005893881783,0.03586372735507425,0.025069146464809317,0.027694260357688325,0.2519087836490053,0.3031282978618158,0.212020594149676,
5000,base6,12,135,1,,3462.943138681352,exchangeable_varying_sigma,0.18,fixed,0.18,0.18,fixed,0.18,1.0,sin2,anchor_grid,500,0.3,-0.06870937114054493,0.03516485317552157,0.04423878420397628,0.009069820700064748,0.010755468305105579,0.036103675405308684,0.0455800581335851,0.008259676584136913,0.00957217878847335,0.18297787810414953,0.21943262374117456,0.06870937114054493,
5000,base6,12,135,1,,3244.547179210931,exchangeable_varying_sigma,0.18,fixed,0.18,0.18,fixed,0.18,1.0,sin2,anchor_grid,500,0.9,-0.25176896327682874,0.03465802919475752,0.043644638306015705,0.010833263820023406,0.012708116277822467,0.0339340381629763,0.043539457841417446,0.008172151551343348,0.009933111337464147,0.17855332096319393,0.21685749814710895,0.25176896327682874,
2000,base4,13,136,1,,1426.7650159820914,exchangeable_varying_sigma,0.18,fixed,0.18,0.18,fixed,0.18,1.0,sin2,anchor_grid,500,0.0,0.0024572449192969375,0.027946567020620327,0.036248841593625895,0.013138566156625148,0.015626355913063758,0.02798121283393697,0.03633510860980498,0.012405235751451804,0.01433722372577101,0.195272141466348,0.20009851068046486,0.0024572449192969375,
5000,base6,12,135,1,,3588.465023651719,exchangeable_varying_sigma,0.18,fixed,0.18,0.18,fixed,0.18,1.0,sin2,anchor_grid,500,0.6,-0.1598212195343678,0.03493876102836739,0.04395658477799451,0.01005764548610498,0.011824574236883028,0.03539694369479992,0.04490303335960262,0.008354254125313612,0.00995383664767219,0.180477772719482,0.21786631320232852,0.1598212195343678,
2000,base4,13,136,1,,1535.4495146088302,exchangeable_varying_sigma,0.18,fixed,0.18,0.18,fixed,0.18,1.0,sin2,anchor_grid,500,0.3,-0.04741250919670731,0.027605506478442694,0.03649649825636631,0.020556646019036368,0.023557881570268044,0.02688513505217119,0.03568857952027219,0.019023985380350578,0.022107685887689753,0.18560046240944755,0.19034371381660176,0.04741250919670731,
2000,base4,13,136,1,,1403.6370562203228,exchangeable_varying_sigma,0.18,fixed,0.18,0.18,fixed,0.18,1.0,sin2,anchor_grid,500,0.6,-0.1060075382207904,0.02763868563151988,0.03647214723247945,0.022304411342895014,0.02553462411989539,0.02411125638894869,0.032114848797856275,0.020034691143987787,0.023054894265653495,0.18391608447426347,0.1888522071940201,0.1060075382207904,
5000,base6,12,135,1,,4383.334696359932,exchangeable_varying_sigma,0.18,fixed,0.18,0.18,fixed,0.18,1.0,sin2,anchor_grid,500,0.0,0.0138979709364794,0.036819250783576736,0.046424606198811745,0.009644591552904452,0.011791147066855068,0.03769676378452778,0.04760267956355863,0.009674875242862618,0.012281461137073159,0.18886606395912128,0.22318297260056416,0.0138979709364794,
2000,base4,13,136,1,,1466.5589921921492,exchangeable_varying_sigma,0.18,fixed,0.18,0.18,fixed,0.18,1.0,sin2,anchor_grid,500,0.9,-0.1673549731682481,0.027708681893709,0.0363823691632374,0.02367862667965337,0.02706924030247667,0.017207297291796236,0.02344105114689288,0.020779295431822664,0.023498259007038082,0.18202999981115048,0.187314748742507,0.1673549731682481,
2000,base6,13,136,1,,870.7953057400882,exchangeable_varying_sigma,0.18,fixed,0.18,0.18,fixed,0.18,1.0,sin2,anchor_grid,500,0.3,-0.08479512928521488,0.04437229365438116,0.0563429672973516,0.023936585030109994,0.027520894107952804,0.044965316441202795,0.05706934172016623,0.024082005227751155,0.027116828341086904,0.11386671708910527,0.13158572073240005,0.08479512928521488,
5000,base1,13,136,1,,2973.391626380384,exchangeable_varying_sigma,0.18,fixed,0.18,0.18,fixed,0.18,1.0,mixed,anchor_grid,500,0.9,-0.10124093993018468,0.02233639194486244,0.02830417122788321,0.009215389737757665,0.011017776569092143,0.016062403081707873,0.01947086434952907,0.009840679283259476,0.012080477819902888,0.06159977211317921,0.08728624817110084,0.10124093993018468,
5000,base1,13,136,1,,3099.317125760019,exchangeable_varying_sigma,0.18,fixed,0.18,0.18,fixed,0.18,1.0,mixed,anchor_grid,500,0.6,-0.06388247861077767,0.022282579564716676,0.02827482357818101,0.007436175802853245,0.00894067809308572,0.01978084349816515,0.024700678271511962,0.007084159649816679,0.00921687585063052,0.0630146890531392,0.08863768041356687,0.06388247861077767,
2000,base6,13,136,1,,1677.1693459153175,exchangeable_varying_sigma,0.18,fixed,0.18,0.18,fixed,0.18,1.0,sin2,anchor_grid,500,0.0,-0.004592969766878276,0.043308228975317234,0.05543277986103902,0.00975118590074639,0.012099561633415527,0.04394521725619479,0.05624068285051547,0.008252390783286614,0.010815364514819646,0.11970540463835107,0.13834594014722107,0.004592969766878276,
2000,base6,13,136,1,,1081.294246636331,exchangeable_varying_sigma,0.18,fixed,0.18,0.18,fixed,0.18,1.0,sin2,anchor_grid,500,0.9,-0.32542130843935047,0.0439127901132937,0.055776061866099715,0.02737278392956577,0.03105577988770666,0.04077299572856337,0.05245897703029521,0.026278149765621844,0.028276011272069385,0.10988719368318328,0.12550350368263435,0.32542130843935047,
5000,base1,13,136,1,,4246.431763764471,exchangeable_varying_sigma,0.18,fixed,0.18,0.18,fixed,0.18,1.0,mixed,anchor_grid,500,0.0,0.018667836025243686,0.022922823402733567,0.029769985604385398,0.013190055908010173,0.014064857055697502,0.022887726543258026,0.029741740929332506,0.012572407018957288,0.013593635114733512,0.08027218379174503,0.10838570572418832,0.018667836025243686,
2000,base6,13,136,1,,1824.9196392893791,exchangeable_varying_sigma,0.18,fixed,0.18,0.18,fixed,0.18,1.0,sin2,anchor_grid,500,0.6,-0.20343068128398134,0.04415649905046787,0.05612404124265522,0.02578587464148327,0.029495855379133636,0.043560451908735136,0.05552699794607799,0.025344201552844517,0.02793714075493248,0.11170080385005485,0.1283358818586426,0.20343068128398134,
5000,base1,13,136,1,,4209.815603602678,exchangeable_varying_sigma,0.18,fixed,0.18,0.18,fixed,0.18,1.0,mixed,anchor_grid,500,0.3,-0.027721023894968833,0.022307666378880934,0.02828795352118932,0.0060436403828627305,0.007278843624342662,0.021633002228068236,0.027290945685336368,0.005538131203581084,0.007418397303913558,0.06552360260037932,0.09052638459161401,0.027721023894968833,
5000,base4,13,136,1,,2492.6023929417133,exchangeable_varying_sigma,0.18,fixed,0.18,0.18,fixed,0.18,1.0,sin2,anchor_grid,500,0.6,-0.043431834831670346,0.01550327248810998,0.0195936128092618,0.0074003717673877395,0.00812936081181389,0.013012393466898194,0.01642547093811191,0.005134267876919119,0.0065138636006701715,0.04425443171621211,0.05208582634460607,0.043431834831670346,
5000,base4,13,136,1,,2805.757989551872,exchangeable_varying_sigma,0.18,fixed,0.18,0.18,fixed,0.18,1.0,sin2,anchor_grid,500,0.3,-0.01802532840884047,0.015492305711087652,0.019620135097930275,0.005831507239601796,0.006605234675837332,0.014882161227975688,0.018816539218964815,0.003845519537971437,0.004980031947353803,0.04487033374646892,0.05290349746746081,0.01802532840884047,
2000,base3,14,137,1,,2014.5692211091518,exchangeable_varying_sigma,0.18,fixed,0.18,0.18,fixed,0.18,1.0,sin,anchor_grid,500,0.0,0.015360276064894731,0.052953413644114884,0.06636586822460892,0.015253893458416545,0.0223058245692109,0.0538638447186684,0.06761605299217631,0.014731843661758587,0.02324793531139247,0.11868029237648287,0.15368095232939752,0.015360276064894731,
2000,base3,14,137,1,,3464.282407209277,exchangeable_varying_sigma,0.18,fixed,0.18,0.18,fixed,0.18,1.0,sin,anchor_grid,500,0.3,-0.10258682098034752,0.05174866731209271,0.06533250380481168,0.00691290100045322,0.0094484531601939,0.0521890187400452,0.06596528892411731,0.0077442033859549675,0.011870642888993659,0.13041237566577876,0.1616315383349916,0.10258682098034752,
2000,base3,14,137,1,,3596.388536963612,exchangeable_varying_sigma,0.18,fixed,0.18,0.18,fixed,0.18,1.0,sin,anchor_grid,500,0.6,-0.22681577380238516,0.05188169269891733,0.06530180497424824,0.006870298909635669,0.009629334650829454,0.05056610242447814,0.06370501540610074,0.007938793319390958,0.012927059432601631,0.13291001524157275,0.16308201779868425,0.22681577380238516,
2000,base3,14,137,1,,3509.7938910499215,exchangeable_varying_sigma,0.18,fixed,0.18,0.18,fixed,0.18,1.0,sin,anchor_grid,500,0.9,-0.3534778943978355,0.051963176001926965,0.06533091197557066,0.0072115706453045325,0.009584808498805074,0.047291261945662556,0.059369062757157684,0.008323368466882364,0.01330160593073085,0.13582402492027693,0.1652756977752893,0.3534778943978355,
5000,base4,13,136,1,,6357.430027600378,exchangeable_varying_sigma,0.18,fixed,0.18,0.18,fixed,0.18,1.0,sin2,anchor_grid,500,0.0,0.017177441825651965,0.016305873954982557,0.021065048452901268,0.01078697620491434,0.01171336987544194,0.01628802180330191,0.021053968666502432,0.011000044748350007,0.01188165461829453,0.051866426658747855,0.058715070445791974,0.017177441825651965,
5000,base4,13,136,1,,5811.335424028337,exchangeable_varying_sigma,0.18,fixed,0.18,0.18,fixed,0.18,1.0,sin2,anchor_grid,500,0.9,-0.0701315521581799,0.015549161825112286,0.019598494764805404,0.009263903395033302,0.009957366530269955,0.008627955846675715,0.011050623197793015,0.007557882877167535,0.009066203985339841,0.04358661408078286,0.05115185314313743,0.0701315521581799,
5000,base6,13,136,1,,5142.32657263428,exchangeable_varying_sigma,0.18,fixed,0.18,0.18,fixed,0.18,1.0,sin2,anchor_grid,500,0.6,-0.18954951670896591,0.03573239063023719,0.0448801895600094,0.004199251318435029,0.004634853060061751,0.03530847704073816,0.044650981043341094,0.005091273134062421,0.00575149491000172,0.2034738253073232,0.24439388100766224,0.18954951670896591,
5000,base6,13,136,1,,5514.441243257374,exchangeable_varying_sigma,0.18,fixed,0.18,0.18,fixed,0.18,1.0,sin2,anchor_grid,500,0.0,0.013640786266372721,0.035188725522820125,0.04464272830582607,0.01586127697500586,0.016456096820752112,0.03605732304867303,0.04576180437205465,0.015711109348013202,0.016252519536630712,0.19446827802785505,0.23586115374361352,0.013640786266372721,
5000,base6,13,136,1,,5763.32387072593,exchangeable_varying_sigma,0.18,fixed,0.18,0.18,fixed,0.18,1.0,sin2,anchor_grid,500,0.3,-0.09520821334460136,0.03575890479772124,0.044890454583095235,0.003883543251374952,0.004263777283187433,0.0361974092638259,0.0455932353722014,0.004910066727526349,0.0056456631746764395,0.20184009012637877,0.2430485469023548,0.09520821334460136,
5000,base6,13,136,1,,6701.56875776872,exchangeable_varying_sigma,0.18,fixed,0.18,0.18,fixed,0.18,1.0,sin2,anchor_grid,500,0.9,-0.2851577329348952,0.03567801690615281,0.04486051894342228,0.005017986520562706,0.005604551912753639,0.03377698289502836,0.04311446155030573,0.005952671556710559,0.006300096416777748,0.20501639059269727,0.2456960807465763,0.2851577329348952,
2000,base6,14,137,1,,2980.8049918673933,exchangeable_varying_sigma,0.18,fixed,0.18,0.18,fixed,0.18,1.0,sin2,anchor_grid,500,0.9,-0.30914768594339015,0.042270351729525965,0.05402052166506673,0.012135566784262058,0.013708585910594873,0.03822987828531003,0.049368052521913605,0.01460639590623608,0.01889754634455829,0.0992792136398259,0.11763541728867993,0.30914768594339015,
2000,base6,14,137,1,,3455.235947806388,exchangeable_varying_sigma,0.18,fixed,0.18,0.18,fixed,0.18,1.0,sin2,anchor_grid,500,0.6,-0.19199872008623986,0.0422821316945546,0.05411524199732593,0.012555829744672398,0.013898447440123918,0.04107739428342292,0.05266074256295531,0.013638661025148643,0.017528761466395253,0.09721416218154008,0.11512253554035044,0.19199872008623986,
2000,base6,14,137,1,,3843.1339090690017,exchangeable_varying_sigma,0.18,fixed,0.18,0.18,fixed,0.18,1.0,sin2,anchor_grid,500,0.0,-0.013492753428505005,0.04374308839271084,0.056036398676877604,0.007579938542970455,0.0076442695890006655,0.04426485073994416,0.05667248528153856,0.009214478141377686,0.009758796403187683,0.0952578193144982,0.1143507001413818,0.013492753428505005,
2000,base6,14,137,1,,4081.565889235586,exchangeable_varying_sigma,0.18,fixed,0.18,0.18,fixed,0.18,1.0,sin2,anchor_grid,500,0.3,-0.07825969779927577,0.042339010531142696,0.054241895431832644,0.012620477304031,0.013755500153575783,0.042472640058602365,0.05438125703121269,0.012729386081788321,0.015810542776076436,0.09465829931007506,0.11193622536087953,0.07825969779927577,
5000,base3,14,137,1,,9268.788358669728,exchangeable_varying_sigma,0.18,fixed,0.18,0.18,fixed,0.18,1.0,sin,anchor_grid,500,0.0,0.007191255254831461,0.04201340917753298,0.05167145032772828,0.006953926682005854,0.009109327508433926,0.043298230499520564,0.053398520039400967,0.007159363305694347,0.00851143676997281,0.203256088098099,0.2534481542157915,0.007191255254831461,
5000,base3,14,137,1,,9586.926955159754,exchangeable_varying_sigma,0.18,fixed,0.18,0.18,fixed,0.18,1.0,sin,anchor_grid,500,0.3,-0.10377101055840779,0.04252551632069948,0.052478835716706314,0.006702202475260155,0.007438933339870077,0.043290795170518384,0.05362617232766864,0.007382552748970539,0.0082836517567201,0.19851186566400875,0.24752301822419032,0.10377101055840779,
2000,base1,15,138,1,,3791.2182058133185,exchangeable_varying_sigma,0.18,fixed,0.18,0.18,fixed,0.18,1.0,mixed,anchor_grid,500,0.0,0.015277861276630942,0.036497788514794675,0.048979712273452,0.019968421332535347,0.02165198284346098,0.036506497895045786,0.04898910901506776,0.020234319525355246,0.021812755522091547,0.22019843107395126,0.2646386453776595,0.015277861276630942,
5000,base3,14,137,1,,8820.509956229478,exchangeable_varying_sigma,0.18,fixed,0.18,0.18,fixed,0.18,1.0,sin,anchor_grid,500,0.6,-0.19804812747242406,0.04262118615842161,0.0525621820283277,0.007674622434103523,0.008478968786879591,0.0422566325257692,0.05247512347985762,0.008816317146688318,0.009936110140485207,0.19500502835104777,0.2447221459534782,0.19804812747242406,
2000,base1,15,138,1,,3529.7835135012865,exchangeable_varying_sigma,0.18,fixed,0.18,0.18,fixed,0.18,1.0,mixed,anchor_grid,500,0.3,-0.089697615495337,0.035093450610918814,0.04732345933676506,0.0025946430781139673,0.0033337546845773093,0.034684689158983845,0.046654307724004355,0.0013090959937969021,0.0013167147876527378,0.23480760485380356,0.28575809479740877,0.089697615495337,
2000,base1,15,138,1,,3838.449256181717,exchangeable_varying_sigma,0.18,fixed,0.18,0.18,fixed,0.18,1.0,mixed,anchor_grid,500,0.6,-0.15259178843167848,0.03486591868246996,0.047065014298890595,0.004749597873557693,0.0059448371237355475,0.03187894429435047,0.04278150710189406,0.0021105796706441943,0.002320805264194552,0.2408827877782441,0.2963766293998512,0.15259178843167848,
2000,base1,15,138,1,,3630.836100317538,exchangeable_varying_sigma,0.18,fixed,0.18,0.18,fixed,0.18,1.0,mixed,anchor_grid,500,0.9,-0.21256480426272462,0.03480815557984365,0.04690364862871034,0.007524884020900152,0.009308740661425735,0.02515480140614374,0.033578512935016555,0.004455755576926151,0.0055241266947937415,0.24617374531841738,0.3065341299716558,0.21256480426272462,
5000,base3,14,137,1,,7976.600511260331,exchangeable_varying_sigma,0.18,fixed,0.18,0.18,fixed,0.18,1.0,sin,anchor_grid,500,0.9,-0.29117540647931606,0.042739282451532364,0.05265488775850706,0.008637614667259874,0.009582803093513878,0.04025745463314364,0.05042906015738654,0.010279745170122423,0.011822922522091203,0.19178381830435678,0.2422184016315821,0.29117540647931606,
5000,base6,14,137,1,,9139.26228749752,exchangeable_varying_sigma,0.18,fixed,0.18,0.18,fixed,0.18,1.0,sin2,anchor_grid,500,0.3,-0.09265831627491994,0.035533358576411433,0.044536637634772336,0.0043641984248253,0.005181073042216767,0.03616920281418481,0.04543874334573124,0.004081498535697531,0.0050358502477630095,0.19455891320370894,0.22530341693667308,0.09265831627491994,
5000,base6,14,137,1,,9371.925872310996,exchangeable_varying_sigma,0.18,fixed,0.18,0.18,fixed,0.18,1.0,sin2,anchor_grid,500,0.0,0.008764382658813909,0.03605944999251159,0.04527412455860212,0.006980262005505972,0.008156674377777881,0.036939031776109084,0.04641519509728837,0.006642729348707008,0.007988491867409355,0.18964102836777283,0.21879470241738821,0.008764382658813909,
5000,base6,14,137,1,,9053.332128230482,exchangeable_varying_sigma,0.18,fixed,0.18,0.18,fixed,0.18,1.0,sin2,anchor_grid,500,0.6,-0.18478590512076987,0.03548550318832747,0.044454628757439364,0.0048071401143452985,0.00598842916122924,0.03534869493819241,0.044569471501131046,0.00481954397838677,0.006056376052219237,0.19241417088917687,0.22274606426262977,0.18478590512076987,
2000,base4,15,138,1,,2776.903759650886,exchangeable_varying_sigma,0.18,fixed,0.18,0.18,fixed,0.18,1.0,sin2,anchor_grid,500,0.6,-0.1151959159362626,0.026741705637497646,0.034722767191338204,0.0032010908929440973,0.0034252842708422295,0.023752016400377107,0.030882623832585693,0.002003565380098757,0.0022715337523568557,0.16924659252028731,0.17605856536727318,0.1151959159362626,
5000,base6,14,137,1,,7911.092528831214,exchangeable_varying_sigma,0.18,fixed,0.18,0.18,fixed,0.18,1.0,sin2,anchor_grid,500,0.9,-0.2756027708945158,0.035453224618001364,0.044346412237182636,0.005478403996953957,0.006833316907421757,0.033815982823004936,0.04305458537682428,0.005433112018826097,0.007114597036736749,0.1898270940731263,0.2195715272639507,0.2756027708945158,
2000,base4,15,138,1,,3742.543442502618,exchangeable_varying_sigma,0.18,fixed,0.18,0.18,fixed,0.18,1.0,sin2,anchor_grid,500,0.0,0.00805447189452208,0.028518833920736064,0.03682814784663384,0.015740460398336806,0.017436739596401594,0.028490808025847855,0.03678243946469557,0.01703391836457227,0.01870307310316681,0.16267876440157378,0.17017178420236673,0.00805447189452208,
2000,base4,15,138,1,,3470.69423218444,exchangeable_varying_sigma,0.18,fixed,0.18,0.18,fixed,0.18,1.0,sin2,anchor_grid,500,0.3,-0.06266266830387171,0.026916455716476002,0.03493163991297062,0.0023468769250293564,0.0026492220237637346,0.026435246621632588,0.03432410752677136,0.0019600233168248216,0.001975105006536394,0.16664359755004649,0.17269978316783846,0.06266266830387171,
2000,base4,15,138,1,,4022.6956980526447,exchangeable_varying_sigma,0.18,fixed,0.18,0.18,fixed,0.18,1.0,sin2,anchor_grid,500,0.9,-0.16693785557383767,0.026665662465719164,0.03457463967583697,0.004472358182150554,0.0052406896529539355,0.01683346097418143,0.0222724990522832,0.003521688721337818,0.004867543789994251,0.1713441770699457,0.17925250664949757,0.16693785557383767,
5000,base1,15,138,1,,6431.067649826407,exchangeable_varying_sigma,0.18,fixed,0.18,0.18,fixed,0.18,1.0,mixed,anchor_grid,500,0.6,-0.08101009675924375,0.02359648239660247,0.029875028920443573,0.007481490989711653,0.010129971327203295,0.02097966385084163,0.02633266541069005,0.008946819905276238,0.011387882007592791,0.09731454087784379,0.12038751928140237,0.08101009675924375,
5000,base1,15,138,1,,6481.525455001742,exchangeable_varying_sigma,0.18,fixed,0.18,0.18,fixed,0.18,1.0,mixed,anchor_grid,500,0.9,-0.11205152582114075,0.023749830802135184,0.030007785742369935,0.007729688140647173,0.010902603580742182,0.01704865305388458,0.020579623165900673,0.00957295281271936,0.012238863812166623,0.0974916958536642,0.12146404010576561,0.11205152582114075,
2000,base6,15,138,1,,3167.7812245227396,exchangeable_varying_sigma,0.18,fixed,0.18,0.18,fixed,0.18,1.0,sin2,anchor_grid,500,0.0,-0.0066935136349710305,0.04378251077989672,0.05527884171130559,0.009557266504431394,0.010373473041850333,0.044472571817737706,0.05604463875787522,0.010118602511612174,0.011033567312011149,0.12797165980398234,0.14692543556276,0.0066935136349710305,
2000,base6,15,138,1,,3312.032110981643,exchangeable_varying_sigma,0.18,fixed,0.18,0.18,fixed,0.18,1.0,sin2,anchor_grid,500,0.3,-0.1296632274310198,0.04405578889354361,0.05635325706953286,0.007398547392966581,0.00843344775185174,0.044473069710899586,0.05693616540585537,0.007093511851824746,0.008205676585973567,0.118543332270605,0.13741237675478932,0.1296632274310198,
2000,base6,15,138,1,,3084.608099631965,exchangeable_varying_sigma,0.18,fixed,0.18,0.18,fixed,0.18,1.0,sin2,anchor_grid,500,0.6,-0.24010442311592284,0.0441952083465263,0.056492923950439776,0.008825841234626902,0.01015373102411155,0.04334957585064686,0.05565811311640391,0.008082120655071995,0.009244524088262127,0.11972911329114137,0.13914656437222697,0.24010442311592284,
5000,base1,15,138,1,,8600.93506628275,exchangeable_varying_sigma,0.18,fixed,0.18,0.18,fixed,0.18,1.0,mixed,anchor_grid,500,0.0,0.0027003540964025802,0.023327141084961284,0.030188186182896082,0.010980370347402471,0.015483189872050903,0.023298243448683753,0.03016493625632451,0.01139969262925028,0.01624285910215308,0.08975908547345475,0.10966281008548764,0.0027003540964025802,
5000,base1,15,138,1,,8563.775005474687,exchangeable_varying_sigma,0.18,fixed,0.18,0.18,fixed,0.18,1.0,mixed,anchor_grid,500,0.3,-0.049262482576789834,0.02343029678404379,0.029746520550643005,0.007155837230186396,0.00924050092212244,0.022750197137459925,0.028868211461448176,0.007906851331982545,0.010170617469121056,0.09636292661469523,0.11842086203198886,0.049262482576789834,
2000,base6,15,138,1,,3523.449883453548,exchangeable_varying_sigma,0.18,fixed,0.18,0.18,fixed,0.18,1.0,sin2,anchor_grid,500,0.9,-0.35097647241130925,0.04441527822301003,0.056731198627179055,0.010655552076053842,0.012460645620923557,0.04086820216963348,0.052961844250882864,0.010722416647578836,0.012151475118716821,0.121943758144211,0.1418436801348531,0.35097647241130925,
2000,base3,16,139,1,,1941.8521520644426,exchangeable_varying_sigma,0.18,fixed,0.18,0.18,fixed,0.18,1.0,sin,anchor_grid,500,0.6,-0.256275556307179,0.05215847599677903,0.06625844536567037,0.033007931324277304,0.04071045099884044,0.05104826502098925,0.06491994488614651,0.03473295738754044,0.039655366103337614,0.1501138158684451,0.1796188362876393,0.256275556307179,
2000,base3,16,139,1,,3382.555375471711,exchangeable_varying_sigma,0.18,fixed,0.18,0.18,fixed,0.18,1.0,sin,anchor_grid,500,0.0,0.02230240932395052,0.05312773445918128,0.06623338435087633,0.03659122460437764,0.04556788683310819,0.05461909198923596,0.06814188394027577,0.0372838663339119,0.04577522915670678,0.134032963210538,0.16705313142883965,0.02230240932395052,
2000,base3,16,139,1,,3377.4114001616836,exchangeable_varying_sigma,0.18,fixed,0.18,0.18,fixed,0.18,1.0,sin,anchor_grid,500,0.3,-0.13977126701490547,0.05189020160095339,0.06608746308170292,0.030368488021431966,0.036826065292422154,0.052648914651378664,0.06711225227798587,0.03193653327089814,0.036904452133991864,0.14911843746055803,0.18082103304164324,0.13977126701490547,
2000,base3,16,139,1,,3228.1676030494273,exchangeable_varying_sigma,0.18,fixed,0.18,0.18,fixed,0.18,1.0,sin,anchor_grid,500,0.9,-0.3699391466249351,0.05257992915972239,0.0664548726116697,0.03525122688446437,0.04419125675008311,0.04782613510071635,0.0605689459465661,0.036870317585269013,0.041548522940809705,0.1512286714113813,0.1783698281568525,0.3699391466249351,
5000,base4,15,138,1,,8757.043215345591,exchangeable_varying_sigma,0.18,fixed,0.18,0.18,fixed,0.18,1.0,sin2,anchor_grid,500,0.0,0.006595440751647045,0.016432581009017257,0.02110400290972346,0.011123850971132998,0.014951439721364467,0.016432823844314624,0.021116739888224947,0.008905221600260874,0.01272689531611137,0.056759450156192846,0.06786101861245532,0.006595440751647045,
5000,base4,15,138,1,,8710.707150310278,exchangeable_varying_sigma,0.18,fixed,0.18,0.18,fixed,0.18,1.0,sin2,anchor_grid,500,0.6,-0.06034072004570856,0.016596206608133404,0.020938092441096335,0.0074326563093908005,0.011094161766924095,0.01403423146737601,0.01778647075720309,0.008280931322607571,0.010152800220096061,0.0659441570238802,0.07838764926544947,0.06034072004570856,
5000,base4,15,138,1,,9405.073345407844,exchangeable_varying_sigma,0.18,fixed,0.18,0.18,fixed,0.18,1.0,sin2,anchor_grid,500,0.3,-0.03918726692968527,0.016510430007812923,0.020890201098396465,0.00678113480435466,0.010094717483881757,0.01591358846080364,0.020187414955614047,0.007339910400676969,0.00918230685440926,0.06371990532826478,0.07614535720861774,0.03918726692968527,
5000,base4,15,138,1,,9192.934246648103,exchangeable_varying_sigma,0.18,fixed,0.18,0.18,fixed,0.18,1.0,sin2,anchor_grid,500,0.9,-0.08020583023954742,0.01659924824346085,0.020991992114824696,0.008327563822988965,0.011976524719480259,0.009399329936383203,0.011985988516523858,0.008835730779395451,0.010744385054252806,0.06760494368529596,0.07994861499987277,0.08020583023954742,
5000,base3,16,139,1,,2914.842494405806,exchangeable_varying_sigma,0.18,fixed,0.18,0.18,fixed,0.18,1.0,sin,anchor_grid,500,0.0,-0.01696255684389814,0.042600522713971585,0.05288593270909477,0.010141704848319597,0.013121868813368607,0.0437862146593094,0.05445892188280569,0.011979547195834578,0.015694010475530526,0.22237514622455906,0.26085150180742334,0.01696255684389814,
5000,base6,15,138,1,,7149.570047713816,exchangeable_varying_sigma,0.18,fixed,0.18,0.18,fixed,0.18,1.0,sin2,anchor_grid,500,0.0,-0.001272995840848107,0.036931870803107864,0.04603487460863014,0.00949592343843271,0.01201352814100916,0.03777569237115079,0.04718015081487384,0.009455059202258087,0.011916171650143656,0.19658900676896782,0.23806298655194438,0.001272995840848107,
2000,base6,16,139,1,,1833.7436035573483,exchangeable_varying_sigma,0.18,fixed,0.18,0.18,fixed,0.18,1.0,sin2,anchor_grid,500,0.3,-0.13055439996094995,0.045386060955959484,0.05757392789703666,0.022326863052159834,0.03208314506400061,0.04604221036273439,0.05852224735471451,0.0203007118280166,0.03102118923102755,0.13229298651259302,0.15317211341913903,0.13055439996094995,
2000,base6,16,139,1,,2363.4201458990574,exchangeable_varying_sigma,0.18,fixed,0.18,0.18,fixed,0.18,1.0,sin2,anchor_grid,500,0.0,0.019384999665467875,0.0446770320692017,0.05698438616017247,0.03699643100341743,0.04163655596865037,0.04570511716143656,0.05825737377450525,0.039071486775030834,0.0422781299619224,0.12057521314743799,0.1408035485575143,0.019384999665467875,
2000,base6,16,139,1,,1642.2841164171696,exchangeable_varying_sigma,0.18,fixed,0.18,0.18,fixed,0.18,1.0,sin2,anchor_grid,500,0.6,-0.24424650665386283,0.04540552580070599,0.05760764798316338,0.025033960923749127,0.03528800559181405,0.04463138492456326,0.056982197079775684,0.021987487787315935,0.03295921050525145,0.13958844094586675,0.1610986711306948,0.24424650665386283,
5000,base6,15,138,1,,7671.7254399470985,exchangeable_varying_sigma,0.18,fixed,0.18,0.18,fixed,0.18,1.0,sin2,anchor_grid,500,0.3,-0.10415515467077949,0.036560375348702136,0.04581799567974066,0.011834932749333782,0.014577189258418782,0.03738042690710162,0.04694007657535486,0.010819057322104086,0.0137904753970449,0.1896452023352048,0.22978480906423898,0.10415515467077949,
5000,base6,15,138,1,,7412.942002743483,exchangeable_varying_sigma,0.18,fixed,0.18,0.18,fixed,0.18,1.0,sin2,anchor_grid,500,0.6,-0.19564780767800416,0.03646292127416865,0.04570995409632542,0.012479569431205373,0.015530481726416348,0.03658992071179193,0.04610671923841275,0.011890991750161534,0.015196798955298428,0.18851272090382734,0.22853557416147188,0.19564780767800416,
2000,base6,16,139,1,,2006.034548778087,exchangeable_varying_sigma,0.18,fixed,0.18,0.18,fixed,0.18,1.0,sin2,anchor_grid,500,0.9,-0.35576434688221936,0.045359117114404816,0.05763106969208881,0.0275636558652447,0.03814201157470511,0.04183133463432477,0.05400176036129181,0.023928643376512432,0.03409575885272539,0.14767486820340453,0.1700301857129347,0.35576434688221936,
5000,base6,15,138,1,,7687.438341226429,exchangeable_varying_sigma,0.18,fixed,0.18,0.18,fixed,0.18,1.0,sin2,anchor_grid,500,0.9,-0.2876663519502207,0.03633644964534637,0.0455502239523877,0.013150164672785375,0.01641376280278656,0.03502910539356568,0.04448864729667729,0.013187838903561871,0.016521923632784687,0.1881396841462283,0.22811387520297763,0.2876663519502207,
5000,base6,16,139,1,,2277.932729896158,exchangeable_varying_sigma,0.18,fixed,0.18,0.18,fixed,0.18,1.0,sin2,anchor_grid,500,0.0,0.014204433254588651,0.036962130568025615,0.046430653425413304,0.010253656560752167,0.012946487304593947,0.0377454870794587,0.047448523785526456,0.010141336898921258,0.01335559405197135,0.18381231871388945,0.21939244446449738,0.014204433254588651,
2000,base1,17,140,1,,1560.0532193109393,exchangeable_varying_sigma,0.18,fixed,0.18,0.18,fixed,0.18,1.0,mixed,anchor_grid,500,0.3,-0.12937110735511895,0.035732043086569264,0.04836285016980064,0.028169647317229984,0.03343543542161596,0.03514563000935246,0.04774733356658525,0.028217280309759646,0.0325746173086714,0.2794561948336928,0.31713022690172515,0.12937110735511895,
5000,base3,16,139,1,,5242.606840908527,exchangeable_varying_sigma,0.18,fixed,0.18,0.18,fixed,0.18,1.0,sin,anchor_grid,500,0.3,-0.1202510984392546,0.041798007330854106,0.05149198461721888,0.009191983544607318,0.011364310042274313,0.04260407151879677,0.052553526489662654,0.009243489881122113,0.011333227873388916,0.23734924987005343,0.27577063136489977,0.1202510984392546,
2000,base1,17,140,1,,1765.0885711535811,exchangeable_varying_sigma,0.18,fixed,0.18,0.18,fixed,0.18,1.0,mixed,anchor_grid,500,0.6,-0.18639328303512126,0.03529849221313114,0.04758333512223023,0.03008648114089804,0.03635235536432268,0.03208710880447431,0.04338766548801764,0.03097238229800678,0.03504593220960037,0.29478364910886273,0.3311995391156013,0.18639328303512126,
2000,base1,17,140,1,,1928.0219881236553,exchangeable_varying_sigma,0.18,fixed,0.18,0.18,fixed,0.18,1.0,mixed,anchor_grid,500,0.0,-0.008332297228245652,0.036427586657051224,0.049402266659136565,0.015194533301896546,0.017697584831369694,0.03651473442163694,0.049581991457229795,0.014874971462182474,0.01662467770533601,0.25788621931231254,0.2945036539784429,0.008332297228245652,
5000,base3,16,139,1,,4607.328369282186,exchangeable_varying_sigma,0.18,fixed,0.18,0.18,fixed,0.18,1.0,sin,anchor_grid,500,0.9,-0.3028324289335439,0.042289069316839796,0.05223727811435439,0.011832749157017042,0.014655779020193473,0.04009115339099591,0.05008879643358008,0.012355825956253896,0.01453375201564795,0.23418925828598688,0.2707760281560059,0.3028324289335439,
5000,base6,16,139,1,,2373.540679577738,exchangeable_varying_sigma,0.18,fixed,0.18,0.18,fixed,0.18,1.0,sin2,anchor_grid,500,0.6,-0.1911356104408869,0.03744364548005898,0.04651795533946273,0.008714742123120428,0.01035585878868628,0.03705977745209303,0.0464134323815367,0.008689121044312659,0.010604402992213989,0.1954975549774606,0.23334044791884676,0.1911356104408869,
2000,base1,17,140,1,,1673.0655259042978,exchangeable_varying_sigma,0.18,fixed,0.18,0.18,fixed,0.18,1.0,mixed,anchor_grid,500,0.9,-0.23361841815355366,0.034682209318387246,0.046753847640477936,0.031302895449335455,0.03876509926607865,0.025120840022966037,0.03347367847265398,0.03266153600486857,0.036590783646971214,0.3093184160153661,0.3445121685364234,0.23361841815355366,
5000,base3,16,139,1,,5659.5270880647,exchangeable_varying_sigma,0.18,fixed,0.18,0.18,fixed,0.18,1.0,sin,anchor_grid,500,0.6,-0.21290453196155845,0.041978047229276644,0.051788868165572544,0.010476915565631822,0.012974902666474754,0.041734863076943816,0.05159082899119512,0.010659040754105092,0.012798061910393186,0.236179015477726,0.27373927794976266,0.21290453196155845,
2000,base4,17,140,1,,1174.3908900767565,exchangeable_varying_sigma,0.18,fixed,0.18,0.18,fixed,0.18,1.0,sin2,anchor_grid,500,0.3,-0.12568584361191062,0.027436459463666404,0.03591002248990537,0.022425721857794817,0.027518829246542042,0.02683871928229962,0.03534632878545339,0.02459477556861553,0.028524182314795088,0.20654517442564566,0.2106837258874932,0.12568584361191062,
5000,base6,16,139,1,,3284.8447914496064,exchangeable_varying_sigma,0.18,fixed,0.18,0.18,fixed,0.18,1.0,sin2,anchor_grid,500,0.9,-0.29088398608570154,0.03720587700121836,0.04632451627630365,0.00994403424035692,0.011743936414528693,0.03521691188518482,0.04460037453500324,0.009996494268919742,0.012030010212332217,0.19483813098697433,0.23312330492705852,0.29088398608570154,
5000,base6,16,139,1,,4029.733133248985,exchangeable_varying_sigma,0.18,fixed,0.18,0.18,fixed,0.18,1.0,sin2,anchor_grid,500,0.3,-0.09259514940117985,0.037527563234289844,0.046614432469537365,0.007540939718162942,0.009007179811727403,0.03799788913508698,0.04736956668665627,0.007633633900552411,0.009322339431568398,0.1958441977782035,0.2333950150992346,0.09259514940117985,
2000,base4,17,140,1,,1903.9485790282488,exchangeable_varying_sigma,0.18,fixed,0.18,0.18,fixed,0.18,1.0,sin2,anchor_grid,500,0.0,-0.02323886347175721,0.027833590134343108,0.03654721885062093,0.015421017160261202,0.016202037676176447,0.02789061265285475,0.0367383138868489,0.011970814136713664,0.014187649366904092,0.1913355978652409,0.19690344078359037,0.02323886347175721,
2000,base4,17,140,1,,1837.8567927926779,exchangeable_varying_sigma,0.18,fixed,0.18,0.18,fixed,0.18,1.0,sin2,anchor_grid,500,0.9,-0.1976197620791602,0.026767138216719447,0.035001874407411426,0.027771884955266876,0.03257907480714783,0.01684666684646629,0.02253726243719264,0.02846938594486581,0.032106014980062055,0.23115811270389883,0.2377071873115889,0.1976197620791602,
2000,base4,17,140,1,,2191.0772005282342,exchangeable_varying_sigma,0.18,fixed,0.18,0.18,fixed,0.18,1.0,sin2,anchor_grid,500,0.6,-0.16751325383678073,0.02716453396387078,0.03548061193280725,0.02501319163818004,0.030201062671011455,0.0239415717894222,0.03160563822717296,0.026981443685837936,0.03074179036246961,0.21913717443209438,0.22434389905204588,0.16751325383678073,
2000,base6,17,140,1,,1394.4990145601332,exchangeable_varying_sigma,0.18,fixed,0.18,0.18,fixed,0.18,1.0,sin2,anchor_grid,500,0.0,-0.029618472357711353,0.04365121315325381,0.055370609984075746,0.014896503203893602,0.015845646419686294,0.044562570761916595,0.056479714597122636,0.012197688207669422,0.014301218543332895,0.12169746638255409,0.14041528908342274,0.029618472357711353,
5000,base1,17,140,1,,3019.66480146721,exchangeable_varying_sigma,0.18,fixed,0.18,0.18,fixed,0.18,1.0,mixed,anchor_grid,500,0.9,-0.11427838150914837,0.022925217033684973,0.029007997499206392,0.010082733623164586,0.010185078695410991,0.016678688881457977,0.02001638265990777,0.007519898817183374,0.007663783792913772,0.12516575758628756,0.16121500307037376,0.11427838150914837,
5000,base4,17,140,1,,2684.3048151656985,exchangeable_varying_sigma,0.18,fixed,0.18,0.18,fixed,0.18,1.0,sin2,anchor_grid,500,0.0,-0.021104168650245246,0.01624633208997881,0.020699584479224997,0.01103748124545266,0.012594348448677156,0.016238196344110202,0.02069864881187281,0.01244878479878632,0.013487282686586489,0.07322912637422864,0.07772448204630919,0.021104168650245246,
5000,base1,17,140,1,,4620.9387723095715,exchangeable_varying_sigma,0.18,fixed,0.18,0.18,fixed,0.18,1.0,mixed,anchor_grid,500,0.0,-0.012195599171973107,0.02308100076638724,0.029297226606333375,0.015331069684966656,0.016430837612017773,0.02303131157419699,0.029255048744393566,0.014073069078843523,0.015303136851267963,0.0985461021426109,0.12997711211940877,0.012195599171973107,
2000,base6,17,140,1,,1393.4555045366287,exchangeable_varying_sigma,0.18,fixed,0.18,0.18,fixed,0.18,1.0,sin2,anchor_grid,500,0.6,-0.3064451881932209,0.04454877211175473,0.05677877266308165,0.0255377055945505,0.030162687274896016,0.043779673909513636,0.05584961653224934,0.02382220929337403,0.028001849178322293,0.13324829179237657,0.15667354002932918,0.3064451881932209,
2000,base6,17,140,1,,1830.815591223538,exchangeable_varying_sigma,0.18,fixed,0.18,0.18,fixed,0.18,1.0,sin2,anchor_grid,500,0.3,-0.19469152038179355,0.044630777118096224,0.05699718385407943,0.022800223438649514,0.02751750510427938,0.04520639434648109,0.05765199065857662,0.021804658006471633,0.025949779715661325,0.12941475601866448,0.14948944830597966,0.19469152038179355,
5000,base1,17,140,1,,4887.186232253909,exchangeable_varying_sigma,0.18,fixed,0.18,0.18,fixed,0.18,1.0,mixed,anchor_grid,500,0.3,-0.058433829521184144,0.022651757040011728,0.029030823935030745,0.008233944307023816,0.00843396357365714,0.021978397788280212,0.02815886984675397,0.007427460364079097,0.00761944980520114,0.10784346711596494,0.13999846445199426,0.058433829521184144,
2000,base6,17,140,1,,1750.3850404024124,exchangeable_varying_sigma,0.18,fixed,0.18,0.18,fixed,0.18,1.0,sin2,anchor_grid,500,0.9,-0.41066748930397867,0.04437475167798217,0.05651220482147908,0.028296398911636045,0.032502480767449056,0.04099614975874465,0.05256399665902826,0.02519737436809842,0.029546282061622728,0.13776899272890444,0.1649229068248573,0.41066748930397867,
5000,base1,17,140,1,,4766.690131884068,exchangeable_varying_sigma,0.18,fixed,0.18,0.18,fixed,0.18,1.0,mixed,anchor_grid,500,0.6,-0.08852854012444888,0.022765141003815416,0.029012794659916807,0.009194909897197276,0.009320618231750883,0.02024605764349578,0.025523886623925258,0.007604814135599103,0.007784712491219698,0.11665102747674495,0.15048673801967113,0.08852854012444888,
2000,base3,18,141,1,,1531.7951563447714,exchangeable_varying_sigma,0.18,fixed,0.18,0.18,fixed,0.18,1.0,sin,anchor_grid,500,0.0,0.01124430086194378,0.05128091977385727,0.06482020319215666,0.020828944683171813,0.022087968510456888,0.0526793978237709,0.06661025643416177,0.0178171686002766,0.019028833563382294,0.13442534385345656,0.1672223997436866,0.01124430086194378,
5000,base4,17,140,1,,4332.122073881328,exchangeable_varying_sigma,0.18,fixed,0.18,0.18,fixed,0.18,1.0,sin2,anchor_grid,500,0.3,-0.03389342598807327,0.01531577340798852,0.019853480946358866,0.006842917216301522,0.006861325506811067,0.01467102381318297,0.01904622821945178,0.006203146787136515,0.006593917172657979,0.06991452615054372,0.07212563052318927,0.03389342598807327,
5000,base4,17,140,1,,4103.896534446627,exchangeable_varying_sigma,0.18,fixed,0.18,0.18,fixed,0.18,1.0,sin2,anchor_grid,500,0.9,-0.07830120771407545,0.015571909014206674,0.0200072621262406,0.00839712484733511,0.008469913555136979,0.008686036212179579,0.011186144826655125,0.006153973256034756,0.0065986437484278695,0.0737248319646588,0.07563982665529644,0.07830120771407545,
5000,base4,17,140,1,,4369.797455202788,exchangeable_varying_sigma,0.18,fixed,0.18,0.18,fixed,0.18,1.0,sin2,anchor_grid,500,0.6,-0.057236637001948254,0.015396534833055838,0.019889934204262223,0.007647554368116816,0.007668419408595893,0.01285881135191926,0.016605951366943365,0.0062730369073287495,0.006687997001387709,0.07164697970475813,0.07329008911095125,0.057236637001948254,
2000,base3,18,141,1,,1822.7204938977957,exchangeable_varying_sigma,0.18,fixed,0.18,0.18,fixed,0.18,1.0,sin,anchor_grid,500,0.3,-0.09484584347617511,0.05160139384660855,0.06552020405440943,0.028448183748302353,0.03433530475423315,0.05237139159121911,0.06631566980528462,0.025488575658898338,0.031552803117863265,0.13985317375430534,0.1742179965016023,0.09484584347617511,
2000,base3,18,141,1,,1575.2224134765565,exchangeable_varying_sigma,0.18,fixed,0.18,0.18,fixed,0.18,1.0,sin,anchor_grid,500,0.9,-0.3419241630653239,0.05181652258002645,0.06606216762091953,0.032517738866998436,0.038391704372114054,0.04743848486997006,0.06015157965796198,0.029907669240132412,0.03464675239280583,0.14904055790818654,0.18204464698564599,0.3419241630653239,
2000,base3,18,141,1,,1937.8037872128189,exchangeable_varying_sigma,0.18,fixed,0.18,0.18,fixed,0.18,1.0,sin,anchor_grid,500,0.6,-0.2173770195667939,0.05164143186027058,0.06573146048545601,0.030588691569892634,0.03657030084999817,0.05080659722222957,0.06428087681669037,0.027570022985320602,0.03320899343124282,0.14456621651050272,0.17802181238929699,0.2173770195667939,
5000,base6,17,140,1,,3680.162711996585,exchangeable_varying_sigma,0.18,fixed,0.18,0.18,fixed,0.18,1.0,sin2,anchor_grid,500,0.0,-0.006562335312137116,0.036288467960524436,0.045517447297997296,0.012503966319030502,0.013727874921508919,0.03712247354161233,0.04661612314490743,0.013522615600491797,0.014479072468933622,0.17311553695950938,0.2033333071500392,0.006562335312137116,
5000,base6,17,140,1,,3775.3969520404935,exchangeable_varying_sigma,0.18,fixed,0.18,0.18,fixed,0.18,1.0,sin2,anchor_grid,500,0.3,-0.09319096709797856,0.03675248676171042,0.04593105358951333,0.008438502395001962,0.00880180247092315,0.03738593296623815,0.04686516074632413,0.009033851364161183,0.009367477408659541,0.16335483799492737,0.19451612061271076,0.09319096709797856,
2000,base6,18,141,1,,1256.4652494564652,exchangeable_varying_sigma,0.18,fixed,0.18,0.18,fixed,0.18,1.0,sin2,anchor_grid,500,0.6,-0.20109403098249884,0.04327735371328226,0.05445011673753825,0.01553644504030599,0.015995650820360818,0.042354500463353914,0.053560928000575124,0.010950706701257917,0.011031288294808508,0.10545489531898801,0.123781682873531,0.20109403098249884,
2000,base6,18,141,1,,1389.166097380221,exchangeable_varying_sigma,0.18,fixed,0.18,0.18,fixed,0.18,1.0,sin2,anchor_grid,500,0.9,-0.32316323929514046,0.04332877200334182,0.054700442115718825,0.016713686272673597,0.017425219437298817,0.03964064280230531,0.050741667531670955,0.010780478052555997,0.010883233736268622,0.10937744268674376,0.127788922985986,0.32316323929514046,
2000,base6,18,141,1,,2010.1398563198745,exchangeable_varying_sigma,0.18,fixed,0.18,0.18,fixed,0.18,1.0,sin2,anchor_grid,500,0.0,0.041440173983665805,0.04408291424567357,0.05567051639239164,0.03020579306449163,0.035290705941507884,0.0449623999459494,0.05678142938623563,0.029205651119219106,0.03331561903707232,0.10873227859948748,0.1252087387394911,0.041440173983665805,
2000,base6,18,141,1,,2082.6315623372793,exchangeable_varying_sigma,0.18,fixed,0.18,0.18,fixed,0.18,1.0,sin2,anchor_grid,500,0.3,-0.08130991105268884,0.04331720113707913,0.05436701746325348,0.01400248760007812,0.01428104238775704,0.04384955712036956,0.0551101209617535,0.010775171232080077,0.011027507761675657,0.10299014294786943,0.12103478810606572,0.08130991105268884,
5000,base6,17,140,1,,4866.015824019909,exchangeable_varying_sigma,0.18,fixed,0.18,0.18,fixed,0.18,1.0,sin2,anchor_grid,500,0.6,-0.18524254090069125,0.03670758880915196,0.04579539739496021,0.009243139546818907,0.009593678659336908,0.03658665498801302,0.04605626640525438,0.009432907291801226,0.009791061729317237,0.1583930981141767,0.19037383460617197,0.18524254090069125,
5000,base6,17,140,1,,4638.129091460258,exchangeable_varying_sigma,0.18,fixed,0.18,0.18,fixed,0.18,1.0,sin2,anchor_grid,500,0.9,-0.2766261863243056,0.03656897379844641,0.0455900192985592,0.009992710026033455,0.010381004430895268,0.03496698063723679,0.044518882765725576,0.009667412178368445,0.010180592423105555,0.15348886377040954,0.18634460769419828,0.2766261863243056,
5000,base3,18,141,1,,3786.0902311839163,exchangeable_varying_sigma,0.18,fixed,0.18,0.18,fixed,0.18,1.0,sin,anchor_grid,500,0.3,-0.08924582089571886,0.042839403586025275,0.052515717381766525,0.006475465686218512,0.0077606734480306725,0.04349815505155769,0.05352883501380052,0.006857276441123786,0.00790867397387621,0.23004195312799544,0.2673688611503006,0.08924582089571886,
2000,base1,19,142,1,,1292.506475456059,exchangeable_varying_sigma,0.18,fixed,0.18,0.18,fixed,0.18,1.0,mixed,anchor_grid,500,0.6,-0.09684783816538833,0.037168193804231225,0.051269503204655634,0.04081277643588169,0.04680566653867982,0.03205454113169072,0.04521304478805619,0.037536678803185924,0.043042277359838454,0.18953757648042854,0.2673735243091571,0.09684783816538833,
5000,base3,18,141,1,,4794.03427439183,exchangeable_varying_sigma,0.18,fixed,0.18,0.18,fixed,0.18,1.0,sin,anchor_grid,500,0.0,0.0029050485600456053,0.04134187148500751,0.05158199357010772,0.005999138510072888,0.00886029808826486,0.04248101005321788,0.0531727762727931,0.005945305626425118,0.008318578598806763,0.2390880679566404,0.2771881116358447,0.0029050485600456053,
2000,base1,19,142,1,,1945.9376859813929,exchangeable_varying_sigma,0.18,fixed,0.18,0.18,fixed,0.18,1.0,mixed,anchor_grid,500,0.3,-0.00709169626109829,0.0366137489963059,0.05073883785773401,0.0368611971979662,0.042494620888076706,0.03504570419339516,0.049193916557949496,0.03498742115631334,0.04059279185206867,0.20313483211593558,0.2766404461234709,0.00709169626109829,
2000,base1,19,142,1,,1522.8719205223024,exchangeable_varying_sigma,0.18,fixed,0.18,0.18,fixed,0.18,1.0,mixed,anchor_grid,500,0.9,-0.19860392317087805,0.03787890112982566,0.051737170101129284,0.04442897947411224,0.050712202902808166,0.025822138822922946,0.0363039861497769,0.039379554289662375,0.044580847008368445,0.1804487424651184,0.2574424082961115,0.19860392317087805,
5000,base6,18,141,1,,2982.3709823153913,exchangeable_varying_sigma,0.18,fixed,0.18,0.18,fixed,0.18,1.0,sin2,anchor_grid,500,0.3,-0.083565147007899,0.03643731232089355,0.045970988348195525,0.00641119745245694,0.00703237912574969,0.03703906686260461,0.04680139946643977,0.007575233437445025,0.008042404673339795,0.1949761660153872,0.2311171586495137,0.083565147007899,
2000,base1,19,142,1,,2419.847787320614,exchangeable_varying_sigma,0.18,fixed,0.18,0.18,fixed,0.18,1.0,mixed,anchor_grid,500,0.0,0.022326588106676194,0.03536512597436846,0.049079303807396946,0.021059623594318955,0.022915239516950847,0.035470621557007184,0.04936436194112087,0.020372353168321283,0.022142055648693326,0.21162597927588178,0.2698532147340329,0.022326588106676194,
5000,base3,18,141,1,,4644.146017681807,exchangeable_varying_sigma,0.18,fixed,0.18,0.18,fixed,0.18,1.0,sin,anchor_grid,500,0.9,-0.2783792312332708,0.043135747542690936,0.05283282305548939,0.008627667677566897,0.009894828695354673,0.04036757914720229,0.050530684907344164,0.008582805921499764,0.01017516366557021,0.2396248520187542,0.2766277842537289,0.2783792312332708,
5000,base3,18,141,1,,5108.4014797098935,exchangeable_varying_sigma,0.18,fixed,0.18,0.18,fixed,0.18,1.0,sin,anchor_grid,500,0.6,-0.1829694558657986,0.04298818292301761,0.05266641194755077,0.007457864483289792,0.00877989025892581,0.04242932570189287,0.05241886706886182,0.007799277867228838,0.008984585735318244,0.23420709320069236,0.2714138949693198,0.1829694558657986,
5000,base6,18,141,1,,3550.0726770944893,exchangeable_varying_sigma,0.18,fixed,0.18,0.18,fixed,0.18,1.0,sin2,anchor_grid,500,0.0,0.01382821174588987,0.03656331776287113,0.045847878820030157,0.0044709384478531095,0.006235433525591131,0.0374261978315348,0.047018218952871324,0.004493225876420398,0.0062841300451278795,0.19616479544856416,0.23494534570029457,0.01382821174588987,
2000,base4,19,142,1,,1199.7197026461363,exchangeable_varying_sigma,0.18,fixed,0.18,0.18,fixed,0.18,1.0,sin2,anchor_grid,500,0.3,0.023519180083423463,0.028155393035278465,0.03723304756574861,0.029408265233865485,0.034051335676847046,0.02665411542723234,0.03569208350987904,0.027686958655492047,0.03163388525178242,0.1296527261774623,0.1319331694173508,0.023519180083423463,
2000,base4,19,142,1,,1426.7333135791123,exchangeable_varying_sigma,0.18,fixed,0.18,0.18,fixed,0.18,1.0,sin2,anchor_grid,500,0.0,0.03638549656227059,0.027395591054876156,0.036077729589642685,0.01937514174284649,0.020245466385139424,0.02747409432669311,0.0363960984585319,0.019041350188681472,0.021282334858296344,0.14698018054537101,0.1501959547140026,0.03638549656227059,
2000,base4,19,142,1,,1101.1398209780455,exchangeable_varying_sigma,0.18,fixed,0.18,0.18,fixed,0.18,1.0,sin2,anchor_grid,500,0.6,-0.059263515109041265,0.02863813758772441,0.03777797966254049,0.03264358658474957,0.037587557516490004,0.023710756587848207,0.032096927121425076,0.02886270367256201,0.03329274067414057,0.10970382250229822,0.11370075685634111,0.059263515109041265,
2000,base4,19,142,1,,1808.6315414458513,exchangeable_varying_sigma,0.18,fixed,0.18,0.18,fixed,0.18,1.0,sin2,anchor_grid,500,0.9,-0.15509408269241476,0.02925877166151009,0.038310398057504184,0.035572584829496295,0.04075291807099733,0.017029872144535656,0.02387365323683734,0.029948349188436862,0.03413048041614318,0.09013617504497862,0.09771156788436582,0.15509408269241476,
5000,base6,18,141,1,,4975.886627782136,exchangeable_varying_sigma,0.18,fixed,0.18,0.18,fixed,0.18,1.0,sin2,anchor_grid,500,0.6,-0.17637468152622376,0.036453209413529065,0.04598578704954163,0.006684191381831808,0.007235952659529722,0.0361914749468218,0.04593243530731447,0.008166997354322261,0.008692010831408994,0.19697831163479676,0.2338333849186269,0.17637468152622376,
5000,base6,18,141,1,,4813.977380160242,exchangeable_varying_sigma,0.18,fixed,0.18,0.18,fixed,0.18,1.0,sin2,anchor_grid,500,0.9,-0.2709278267430376,0.036395593377964656,0.04594124554956422,0.006818895054244642,0.007388439688156664,0.0345415712477847,0.04433118207199891,0.008534358316066581,0.009102132801652403,0.19910934875246344,0.23710869321336991,0.2709278267430376,
5000,base1,19,142,1,,3025.6679545007646,exchangeable_varying_sigma,0.18,fixed,0.18,0.18,fixed,0.18,1.0,mixed,anchor_grid,500,0.6,-0.06093539878279863,0.02263932087992112,0.02887063326599709,0.010708082127555196,0.012087103096727201,0.02040659458714814,0.025403194936515258,0.010927179740440607,0.011393050701003904,0.0707476922876139,0.09295856299947398,0.06093539878279863,
5000,base1,19,142,1,,4176.604411948472,exchangeable_varying_sigma,0.18,fixed,0.18,0.18,fixed,0.18,1.0,mixed,anchor_grid,500,0.0,0.019190067885719517,0.023944219642481578,0.02999817626204779,0.009586082382611688,0.0105117204169872,0.023884746504874647,0.029959572129859453,0.007705343110522567,0.008988736863323833,0.0716168273038602,0.0949854949279609,0.019190067885719517,
2000,base6,19,142,1,,2004.4253305718303,exchangeable_varying_sigma,0.18,fixed,0.18,0.18,fixed,0.18,1.0,sin2,anchor_grid,500,0.0,0.004096354385081582,0.044125467907066895,0.05717695609626095,0.01841334419041521,0.019873906943082234,0.044942772319403,0.0583006500396672,0.018470683263802773,0.019849349025014666,0.10490861280727143,0.1271037616034391,0.004096354385081582,
2000,base6,19,142,1,,1325.2431070543826,exchangeable_varying_sigma,0.18,fixed,0.18,0.18,fixed,0.18,1.0,sin2,anchor_grid,500,0.3,-0.03316920062924722,0.04334277523489599,0.05614814043104718,0.03363100496783858,0.03557977234282414,0.043400086016174066,0.05637956138561824,0.032869394005238126,0.03465206255626522,0.09410024844647322,0.11447039020043048,0.03316920062924722,
2000,base6,19,142,1,,1350.4344362318516,exchangeable_varying_sigma,0.18,fixed,0.18,0.18,fixed,0.18,1.0,sin2,anchor_grid,500,0.9,-0.2956989868549472,0.043793941329887315,0.05616690480505313,0.039795324563468584,0.04233701414647282,0.039422197848100464,0.05134051724300476,0.038644884284289555,0.04079826962037979,0.09811052311374882,0.12557218108646634,0.2956989868549472,
2000,base6,19,142,1,,1627.93921334669,exchangeable_varying_sigma,0.18,fixed,0.18,0.18,fixed,0.18,1.0,sin2,anchor_grid,500,0.6,-0.1599247730981731,0.04357318948685642,0.05619758893903162,0.0368663263187223,0.03912105256424032,0.042040156528610144,0.054572131847782084,0.035903597429926895,0.03781629318677031,0.09257459206190635,0.11715024980064158,0.1599247730981731,
5000,base1,19,142,1,,4450.647349700332,exchangeable_varying_sigma,0.18,fixed,0.18,0.18,fixed,0.18,1.0,mixed,anchor_grid,500,0.3,-0.022175010205143564,0.022831098990631443,0.028940733989946114,0.009908855865733396,0.011246611596929197,0.022312021367579704,0.028070866621853593,0.009852684120048472,0.01045616459736461,0.07231634994717447,0.09613279259714952,0.022175010205143564,
5000,base1,19,142,1,,4287.8863331303,exchangeable_varying_sigma,0.18,fixed,0.18,0.18,fixed,0.18,1.0,mixed,anchor_grid,500,0.9,-0.10188330499799825,0.02240594514552412,0.028772248558372855,0.011344117236474688,0.012711355725241015,0.016560733879227917,0.019904905599336713,0.01175678493149368,0.012081866635407586,0.06926857567064795,0.08962134392417198,0.10188330499799825,
5000,base4,19,142,1,,2960.22228776291,exchangeable_varying_sigma,0.18,fixed,0.18,0.18,fixed,0.18,1.0,sin2,anchor_grid,500,0.9,-0.07156412537877654,0.01561997782877913,0.020095693728433544,0.00940778309216514,0.010413230777277573,0.00880261776540599,0.011328377218828468,0.010517479164448756,0.01132698481185267,0.04872579340280139,0.0582574892697065,0.07156412537877654,
5000,base4,19,142,1,,4382.12213948369,exchangeable_varying_sigma,0.18,fixed,0.18,0.18,fixed,0.18,1.0,sin2,anchor_grid,500,0.0,0.02008083444041108,0.016425206123023495,0.020764893481104975,0.005853073253986735,0.006691499500901114,0.01641862312625014,0.020776281390533138,0.0076425667250897,0.00831372113459417,0.060925307766785446,0.07375421571825574,0.02008083444041108,
5000,base4,19,142,1,,4700.860492195934,exchangeable_varying_sigma,0.18,fixed,0.18,0.18,fixed,0.18,1.0,sin2,anchor_grid,500,0.3,-0.010797531530492788,0.015701188866623066,0.020123755387030248,0.008148453217288798,0.009058621420343712,0.015081856550917358,0.019335707830869728,0.008830843032869407,0.010052562077429404,0.05500161774538135,0.06660675281270423,0.010797531530492788,
5000,base4,19,142,1,,4245.879204440862,exchangeable_varying_sigma,0.18,fixed,0.18,0.18,fixed,0.18,1.0,sin2,anchor_grid,500,0.6,-0.040068141209574026,0.015669254938710724,0.020100672715842937,0.00883679169499435,0.009795213028319176,0.013163627454168431,0.01686091130197048,0.009779273499584878,0.010831540701660461,0.05159713876313769,0.062302649033305416,0.040068141209574026,
2000,base3,20,143,1,,1413.0545286647975,exchangeable_varying_sigma,0.18,fixed,0.18,0.18,fixed,0.18,1.0,sin,anchor_grid,500,0.9,-0.3551426738131702,0.05171706473144886,0.06596249747746863,0.013673502826176825,0.019460028539918992,0.04695771199989355,0.06013821089261102,0.010576509928546168,0.01633844035680603,0.13510516138861078,0.16200830205047234,0.3551426738131702,
2000,base3,20,143,1,,2052.3924628533423,exchangeable_varying_sigma,0.18,fixed,0.18,0.18,fixed,0.18,1.0,sin,anchor_grid,500,0.0,0.008028590197506534,0.04967355657081241,0.06334925665184746,0.010486990762804405,0.011362744648840434,0.050650866724008196,0.06461846018956427,0.008745095780631734,0.009509352597829306,0.14174898701706537,0.16714689140242894,0.008028590197506534,
2000,base3,20,143,1,,1992.9520221725106,exchangeable_varying_sigma,0.18,fixed,0.18,0.18,fixed,0.18,1.0,sin,anchor_grid,500,0.3,-0.12413928679740596,0.051170804159273386,0.06528534169424495,0.015129878270358707,0.01925043654742657,0.05157248737105619,0.06599022096796742,0.013604401455395376,0.01737536083685776,0.14303152606291203,0.17185993188469137,0.12413928679740596,
2000,base3,20,143,1,,2141.0641461238265,exchangeable_varying_sigma,0.18,fixed,0.18,0.18,fixed,0.18,1.0,sin,anchor_grid,500,0.6,-0.2402647773596403,0.051382584646113276,0.06558438450647125,0.014719905097438493,0.01954281801162065,0.04993887712641753,0.06400866519905846,0.012287684250845532,0.016884020900772647,0.13905829394991973,0.16696234958485442,0.2402647773596403,
5000,base6,19,142,1,,3849.1263166852295,exchangeable_varying_sigma,0.18,fixed,0.18,0.18,fixed,0.18,1.0,sin2,anchor_grid,500,0.0,0.007470017377176459,0.0363575424384646,0.045452770661890164,0.00845789310623242,0.00886740056548422,0.037177243824666986,0.046542806353466075,0.0076836350975726525,0.008429605160773884,0.19454341942359918,0.22881739891562602,0.007470017377176459,
2000,base6,20,143,1,,1261.8628058470786,exchangeable_varying_sigma,0.18,fixed,0.18,0.18,fixed,0.18,1.0,sin2,anchor_grid,500,0.0,0.025272952421819515,0.04453400015418318,0.05704987557695313,0.018843172137773617,0.019700783144137674,0.0451851008273054,0.05784231257539432,0.01722669434674906,0.017971400448120758,0.11729535699386716,0.13897267453285947,0.025272952421819515,
5000,base6,19,142,1,,4064.441981524229,exchangeable_varying_sigma,0.18,fixed,0.18,0.18,fixed,0.18,1.0,sin2,anchor_grid,500,0.3,-0.06682646240617951,0.03586753509055312,0.044654370274522896,0.004425071128000585,0.005814329041025304,0.03652346346141985,0.045536378799580154,0.004450323745978035,0.005842832472160785,0.19208938539960704,0.22731015959382844,0.06682646240617951,
5000,base6,19,142,1,,4182.481799639761,exchangeable_varying_sigma,0.18,fixed,0.18,0.18,fixed,0.18,1.0,sin2,anchor_grid,500,0.9,-0.25910666001550775,0.035462591837731344,0.04436628610382848,0.0050413221103166594,0.006651995477818752,0.034105436993134036,0.04330301563835148,0.004466128518692186,0.005417778668988387,0.19199218070409904,0.2310776069422466,0.25910666001550775,
2000,base6,20,143,1,,1946.147256348282,exchangeable_varying_sigma,0.18,fixed,0.18,0.18,fixed,0.18,1.0,sin2,anchor_grid,500,0.3,-0.08684534909847133,0.04381366354092646,0.056122935467201485,0.012702875675421332,0.014198253416654575,0.044820781243715455,0.0573493594620031,0.01199780518739324,0.012710262237279371,0.12584230533331067,0.14674131663783682,0.08684534909847133,
2000,base6,20,143,1,,1974.4429687932134,exchangeable_varying_sigma,0.18,fixed,0.18,0.18,fixed,0.18,1.0,sin2,anchor_grid,500,0.6,-0.20331134427725256,0.04355196898464318,0.055964478860153224,0.012614910120619521,0.014309955694504297,0.04358734662542065,0.05601834569389163,0.01169845881514886,0.012739849090430203,0.12671418430759462,0.14806941288074799,0.20331134427725256,
2000,base6,20,143,1,,1843.038588579744,exchangeable_varying_sigma,0.18,fixed,0.18,0.18,fixed,0.18,1.0,sin2,anchor_grid,500,0.9,-0.32166433833114894,0.04321946930697296,0.05578534240021264,0.012089128966584956,0.014165318429025383,0.040655690949154034,0.053102414931724184,0.01110303910904295,0.012983783836336247,0.12762393865090121,0.14947083695189908,0.32166433833114894,
5000,base6,19,142,1,,4779.028134994209,exchangeable_varying_sigma,0.18,fixed,0.18,0.18,fixed,0.18,1.0,sin2,anchor_grid,500,0.6,-0.16191041137200934,0.03569231861511996,0.04452769630718155,0.004734780829532742,0.006282261800051584,0.03569383595166655,0.04473249129742042,0.0044038637966418714,0.005758390981801591,0.19203918133053122,0.22904835620108796,0.16191041137200934,
5000,base3,20,143,1,,3303.4381789304316,exchangeable_varying_sigma,0.18,fixed,0.18,0.18,fixed,0.18,1.0,sin,anchor_grid,500,0.6,-0.18783532129512692,0.041833560893459944,0.05146841668803374,0.011752943692806994,0.013700554453686675,0.04187882292455529,0.051724552718220226,0.01047084143687313,0.01245540364050189,0.23149927774985818,0.26489983601990874,0.18783532129512692,
2000,base1,21,144,1,,898.1477335803211,exchangeable_varying_sigma,0.18,fixed,0.18,0.18,fixed,0.18,1.0,mixed,anchor_grid,500,0.6,-0.11923494381028715,0.0337118270618708,0.0459826045535755,0.02201686841992781,0.02638138441655665,0.03048079960803999,0.041174273391762724,0.019657711100934103,0.024082169742386136,0.22298321937825621,0.2657220793695856,0.11923494381028715,
5000,base3,20,143,1,,4698.480411481112,exchangeable_varying_sigma,0.18,fixed,0.18,0.18,fixed,0.18,1.0,sin,anchor_grid,500,0.0,0.014786693701149956,0.04250154975250602,0.05220430070161521,0.009034238178339954,0.009342530854058246,0.0435690513230446,0.05372929838772685,0.009259352021412787,0.010075750648184814,0.22477986674354,0.2627297283941352,0.014786693701149956,
2000,base1,21,144,1,,1407.6699888706207,exchangeable_varying_sigma,0.18,fixed,0.18,0.18,fixed,0.18,1.0,mixed,anchor_grid,500,0.3,-0.04823603256123693,0.033953897463461474,0.046309875084531216,0.01960356645319239,0.023532901165702422,0.03345391691143315,0.045424704760835204,0.01721098156534459,0.02115431361960158,0.22822410159479473,0.2690684109138758,0.04823603256123693,
5000,base3,20,143,1,,4918.948354326189,exchangeable_varying_sigma,0.18,fixed,0.18,0.18,fixed,0.18,1.0,sin,anchor_grid,500,0.3,-0.0952589254286286,0.04190740711246268,0.05151818741020232,0.01109624423493441,0.012804459682919614,0.04283332035020013,0.05277414865684985,0.009977805059642436,0.01172070453128991,0.2318607885753749,0.26678886306592525,0.0952589254286286,
2000,base1,21,144,1,,2043.087298784405,exchangeable_varying_sigma,0.18,fixed,0.18,0.18,fixed,0.18,1.0,mixed,anchor_grid,500,0.0,0.01392693743632314,0.03382402510059142,0.04561676076030515,0.02327196713212276,0.025438674177188522,0.03388339928322726,0.04578462758362699,0.023134972316214364,0.025471268387250397,0.23257455859955278,0.27228171543823915,0.01392693743632314,
2000,base1,21,144,1,,1769.9780478328466,exchangeable_varying_sigma,0.18,fixed,0.18,0.18,fixed,0.18,1.0,mixed,anchor_grid,500,0.9,-0.1925808025754786,0.03345812954456601,0.045513632706046636,0.024296572377647624,0.029211449757091855,0.023547651008918823,0.031441487418459924,0.02193244396597431,0.027349447911910695,0.21756142258740216,0.2622919046468057,0.1925808025754786,
5000,base6,20,143,1,,2400.7498503550887,exchangeable_varying_sigma,0.18,fixed,0.18,0.18,fixed,0.18,1.0,sin2,anchor_grid,500,0.9,-0.27864539594551685,0.03593838002579467,0.045327599911752184,0.009048858410114755,0.010136253728167394,0.03448619290287609,0.04409045923637953,0.007607910337593546,0.008720507954379095,0.19819884102691843,0.24008229793001737,0.27864539594551685,
5000,base3,20,143,1,,4987.711978107691,exchangeable_varying_sigma,0.18,fixed,0.18,0.18,fixed,0.18,1.0,sin,anchor_grid,500,0.9,-0.2789057455602989,0.04180405124898474,0.05147517569337871,0.012255959024800145,0.014463109389253829,0.039962353224894484,0.04991508186980835,0.01091293737545504,0.013205738761029828,0.23000784758002338,0.2623868175633855,0.2789057455602989,
5000,base6,20,143,1,,4100.777489684522,exchangeable_varying_sigma,0.18,fixed,0.18,0.18,fixed,0.18,1.0,sin2,anchor_grid,500,0.0,0.02058820691595973,0.035610029299868326,0.04495456142945189,0.008881313864625415,0.010439812220521321,0.03648571683976273,0.04611697030871423,0.00836514711729855,0.010325582512714565,0.20193131775928036,0.240266345020279,0.02058820691595973,
5000,base6,20,143,1,,3938.3301322981715,exchangeable_varying_sigma,0.18,fixed,0.18,0.18,fixed,0.18,1.0,sin2,anchor_grid,500,0.3,-0.09569413175190422,0.03605850803027018,0.04538445425448163,0.00785506500844134,0.008739536046417303,0.03669175530461395,0.04627851477971867,0.007121817149698673,0.007927798650270669,0.20187284722873486,0.24262847490090042,0.09569413175190422,
5000,base6,20,143,1,,3770.238955117762,exchangeable_varying_sigma,0.18,fixed,0.18,0.18,fixed,0.18,1.0,sin2,anchor_grid,500,0.6,-0.18800143221811316,0.03600936086182786,0.045352540763063574,0.008482935680528589,0.009455178440459636,0.035916489651815584,0.045506288623313865,0.0073884177004331225,0.008304794350268612,0.20033613891134347,0.24175433457639095,0.18800143221811316,
2000,base4,21,144,1,,1473.7736737541854,exchangeable_varying_sigma,0.18,fixed,0.18,0.18,fixed,0.18,1.0,sin2,anchor_grid,500,0.9,-0.15066055224098573,0.025648790108413366,0.03338315711817429,0.019572535573110325,0.02358161137352548,0.015792145415033258,0.020986792397020042,0.021035525208405723,0.025522531023214824,0.15828778963492782,0.1665925339414858,0.15066055224098573,
2000,base4,21,144,1,,1636.6984562724829,exchangeable_varying_sigma,0.18,fixed,0.18,0.18,fixed,0.18,1.0,sin2,anchor_grid,500,0.6,-0.08502692182170313,0.026009288704141313,0.03400186500446046,0.018000579788164814,0.021330435471600948,0.023021829934753754,0.03013585554520048,0.019108668155821004,0.023129686667649484,0.16362606674311272,0.1726743573529538,0.08502692182170313,
2000,base4,21,144,1,,1933.872278753668,exchangeable_varying_sigma,0.18,fixed,0.18,0.18,fixed,0.18,1.0,sin2,anchor_grid,500,0.0,0.015252650782466641,0.025786414467407964,0.03350402663465675,0.018864689990804123,0.021494145306821748,0.02585705516957167,0.03370136299982963,0.01762645168900409,0.019168414809407362,0.17111190718857666,0.18041440897378053,0.015252650782466641,
5000,base1,21,144,1,,3238.7247985824943,exchangeable_varying_sigma,0.18,fixed,0.18,0.18,fixed,0.18,1.0,mixed,anchor_grid,500,0.3,-0.033705434618721664,0.022263750745402024,0.02877137921951868,0.008167461470457327,0.010534659033397932,0.021691651987657035,0.028049652549051507,0.008718253684292354,0.010671297285920015,0.08881249666249065,0.10901100204551138,0.033705434618721664,
2000,base4,21,144,1,,2362.1503971219063,exchangeable_varying_sigma,0.18,fixed,0.18,0.18,fixed,0.18,1.0,sin2,anchor_grid,500,0.3,-0.023912774919036928,0.02634076693948252,0.034433051321837105,0.016250773359937826,0.019089096262407127,0.025876560528597634,0.033843257199823513,0.016992671681711036,0.020665102928200164,0.1686666831754925,0.17845918239043398,0.023912774919036928,
5000,base1,21,144,1,,3146.2881667390466,exchangeable_varying_sigma,0.18,fixed,0.18,0.18,fixed,0.18,1.0,mixed,anchor_grid,500,0.9,-0.10284565003468815,0.022476950453955494,0.028776444472286524,0.01054858353992838,0.012853857656937067,0.01641251908017005,0.019954291602642706,0.010437394186722765,0.012909121659698784,0.09191001049368014,0.11130677375660673,0.10284565003468815,
2000,base6,21,144,1,,1231.598677214235,exchangeable_varying_sigma,0.18,fixed,0.18,0.18,fixed,0.18,1.0,sin2,anchor_grid,500,0.3,-0.10780533236336337,0.04284742252874495,0.054939839091479654,0.01597733516406455,0.019488955899006104,0.04313750251622898,0.05521177784960029,0.014468412504663936,0.017938412720747095,0.12644490572922168,0.14511980713266187,0.10780533236336337,
2000,base6,21,144,1,,1295.8382512256503,exchangeable_varying_sigma,0.18,fixed,0.18,0.18,fixed,0.18,1.0,sin2,anchor_grid,500,0.0,-0.0037536782822244342,0.04227666591935928,0.05382747631799629,0.019138128186676318,0.02147944297353082,0.043214159692525705,0.05501568000452573,0.01865587547864525,0.020399249593509115,0.1264462195054873,0.1469899555592995,0.0037536782822244342,
5000,base1,21,144,1,,4267.378104556352,exchangeable_varying_sigma,0.18,fixed,0.18,0.18,fixed,0.18,1.0,mixed,anchor_grid,500,0.6,-0.068280431449812,0.02233879557652661,0.028760314453423353,0.009206284108691704,0.011721944678853343,0.020026641477326784,0.02554904283228888,0.009516627984156756,0.011686435876429669,0.09066481697157992,0.11052831269287823,0.068280431449812,
5000,base1,21,144,1,,5149.156319167465,exchangeable_varying_sigma,0.18,fixed,0.18,0.18,fixed,0.18,1.0,mixed,anchor_grid,500,0.0,0.016259316899018873,0.0229980503486819,0.02959119993872897,0.009938971640398142,0.014477387686639687,0.022947637112786856,0.029555360567753684,0.009539818952910908,0.014240364936982067,0.0903789942054892,0.11098865521696005,0.016259316899018873,
2000,base6,21,144,1,,1975.2735567353666,exchangeable_varying_sigma,0.18,fixed,0.18,0.18,fixed,0.18,1.0,sin2,anchor_grid,500,0.6,-0.22188839956057,0.042886655216133336,0.055001078775884005,0.01772714159229162,0.02120469848133623,0.041662258068338336,0.05348813906342156,0.015746972082906097,0.018924676945598785,0.12405890611334977,0.14128672607619214,0.22188839956057,
5000,base4,21,144,1,,3092.847289904952,exchangeable_varying_sigma,0.18,fixed,0.18,0.18,fixed,0.18,1.0,sin2,anchor_grid,500,0.3,-0.0217284062906673,0.015524405910435359,0.019911608293992158,0.008703577506027821,0.009831527640475908,0.014974232269510222,0.019352418595310547,0.007765096372343627,0.009380814130064244,0.07560938955062933,0.08738721995877945,0.0217284062906673,
2000,base6,21,144,1,,1832.8667971082032,exchangeable_varying_sigma,0.18,fixed,0.18,0.18,fixed,0.18,1.0,sin2,anchor_grid,500,0.9,-0.3376388433375995,0.043007456753059156,0.05507096365286648,0.019299097377235702,0.022873789992138092,0.038923608466333234,0.050426735200089313,0.016707594566717693,0.0196680626828322,0.121803042390591,0.1377114403142095,0.3376388433375995,
2000,base3,22,145,1,,1515.065929748118,exchangeable_varying_sigma,0.18,fixed,0.18,0.18,fixed,0.18,1.0,sin,anchor_grid,500,0.0,0.00022756452919494842,0.05117556796481224,0.06386717288564368,0.015135726069645916,0.01728958109312871,0.05239111039704121,0.06537578133946839,0.01448488065236267,0.017822267282950197,0.13187075242238325,0.16069098652284952,0.00022756452919494842,
2000,base3,22,145,1,,1080.5377640500665,exchangeable_varying_sigma,0.18,fixed,0.18,0.18,fixed,0.18,1.0,sin,anchor_grid,500,0.9,-0.3668545858958191,0.049599198137189666,0.06203795789685765,0.012301105120031047,0.01490198701697408,0.04587580287994166,0.057328160537686086,0.010480129513958297,0.012235320071832291,0.13796254347554418,0.16219518236795316,0.3668545858958191,
5000,base4,21,144,1,,4577.065420035273,exchangeable_varying_sigma,0.18,fixed,0.18,0.18,fixed,0.18,1.0,sin2,anchor_grid,500,0.0,0.016403590713684923,0.016138269027451274,0.020645095325944895,0.007267531060886165,0.011461869985192295,0.01616777491771114,0.020697614337715286,0.008416575008269284,0.012217125167989064,0.08146688767803227,0.09537714389795336,0.016403590713684923,
5000,base4,21,144,1,,4278.9628540202975,exchangeable_varying_sigma,0.18,fixed,0.18,0.18,fixed,0.18,1.0,sin2,anchor_grid,500,0.6,-0.0474407681565705,0.015584409052872035,0.019913017067320078,0.009640319928078483,0.010891466115262628,0.013145038279298499,0.01705144287177278,0.008527871304215978,0.010366770711928559,0.07540100552520178,0.08626967057846069,0.0474407681565705,
5000,base6,21,144,1,,3108.1481403820217,exchangeable_varying_sigma,0.18,fixed,0.18,0.18,fixed,0.18,1.0,sin2,anchor_grid,500,0.3,-0.07364348629302928,0.03598466329384344,0.0450739056728732,0.006281042784837182,0.00752453410337614,0.03675586974200952,0.046176920414793474,0.006148667752888609,0.0072823848576563715,0.19020346523717466,0.2261667176399658,0.07364348629302928,
2000,base3,22,145,1,,1998.3965230062604,exchangeable_varying_sigma,0.18,fixed,0.18,0.18,fixed,0.18,1.0,sin,anchor_grid,500,0.3,-0.15428805066407175,0.04987826971430298,0.06242873321282275,0.00818266741352297,0.00986996209118389,0.05078837380340062,0.06357429594587335,0.006666891747940856,0.007710624012858285,0.13273332076150512,0.15826040570060965,0.15428805066407175,
2000,base3,22,145,1,,2149.975156441331,exchangeable_varying_sigma,0.18,fixed,0.18,0.18,fixed,0.18,1.0,sin,anchor_grid,500,0.6,-0.26322905036641214,0.04972572626339504,0.06221133427767257,0.009975892140192871,0.012229395252293713,0.04908937645994041,0.06135708291489777,0.008461787351211392,0.009703117536876471,0.13489235898450647,0.15946153432212026,0.26322905036641214,
5000,base6,21,144,1,,3003.866761069745,exchangeable_varying_sigma,0.18,fixed,0.18,0.18,fixed,0.18,1.0,sin2,anchor_grid,500,0.6,-0.17106995222716254,0.035833752509976655,0.044899267966130293,0.0066470434090857705,0.008312210086719366,0.0359813369005907,0.04534925824277057,0.0063724411091588135,0.007920834769304788,0.1894726387456781,0.2258711743084094,0.17106995222716254,
5000,base6,21,144,1,,3082.7922074235976,exchangeable_varying_sigma,0.18,fixed,0.18,0.18,fixed,0.18,1.0,sin2,anchor_grid,500,0.9,-0.27014955330385004,0.03561689310508126,0.0446909146757179,0.0069252763008650076,0.009067037044119859,0.03441135741325398,0.04377916009873322,0.0066026047565097695,0.008691471367448349,0.18911108057207565,0.22626313395324113,0.27014955330385004,
5000,base4,21,144,1,,5353.701874487102,exchangeable_varying_sigma,0.18,fixed,0.18,0.18,fixed,0.18,1.0,sin2,anchor_grid,500,0.9,-0.07313675586244728,0.01564021221005566,0.019990157971329026,0.010498886808213231,0.011891663003319845,0.008749153195664707,0.011485554230679852,0.009461755921531645,0.011617948284186068,0.07532630502136342,0.0857124430954778,0.07313675586244728,
2000,base6,22,145,1,,1103.2907510586083,exchangeable_varying_sigma,0.18,fixed,0.18,0.18,fixed,0.18,1.0,sin2,anchor_grid,500,0.3,-0.11666409246438464,0.04509460527322424,0.05667538326419558,0.01858822905995343,0.022564052590934306,0.045551480646522535,0.05731105344881354,0.01678270688463397,0.02105588888557517,0.12309687616735876,0.1429623603965438,0.11666409246438464,
2000,base6,22,145,1,,1710.841616742313,exchangeable_varying_sigma,0.18,fixed,0.18,0.18,fixed,0.18,1.0,sin2,anchor_grid,500,0.0,0.025819203149227518,0.042939358034789994,0.05424734428943913,0.0070478202112726485,0.008185273587814564,0.04371231143585479,0.05520252874037962,0.006540249523148078,0.007380305367320878,0.11970634008992671,0.13708543806234802,0.025819203149227518,
5000,base6,21,144,1,,4765.960470430553,exchangeable_varying_sigma,0.18,fixed,0.18,0.18,fixed,0.18,1.0,sin2,anchor_grid,500,0.0,0.01634054606869513,0.03645796125836075,0.04602592663467099,0.009438913341253227,0.013647656810682526,0.0372079637405863,0.047031211068988686,0.009308118183523159,0.014146039179200393,0.18272526965822694,0.21710592556491665,0.01634054606869513,
2000,base6,22,145,1,,1700.1372225768864,exchangeable_varying_sigma,0.18,fixed,0.18,0.18,fixed,0.18,1.0,sin2,anchor_grid,500,0.6,-0.23033263211018257,0.04499923876754361,0.05647235713892872,0.020171108784394265,0.024685011669176728,0.044102884002707184,0.05567967750340961,0.018474384998936652,0.0233735229281218,0.1229234372937262,0.14377602958183916,0.23033263211018257,
2000,base6,22,145,1,,1833.5190425552428,exchangeable_varying_sigma,0.18,fixed,0.18,0.18,fixed,0.18,1.0,sin2,anchor_grid,500,0.9,-0.34575412134827244,0.04481520215784659,0.056163261284921405,0.021710686735568724,0.026880979428760353,0.04109594102096999,0.052380651681037914,0.020005075570714043,0.025727983632031343,0.12319151005160821,0.14492757087871383,0.34575412134827244,
5000,base3,22,145,1,,3821.7862428687513,exchangeable_varying_sigma,0.18,fixed,0.18,0.18,fixed,0.18,1.0,sin,anchor_grid,500,0.0,-0.005144985633767021,0.04212145829456206,0.05170276167947064,0.011240536922561634,0.012683040459147189,0.043076283975352646,0.05302421907784948,0.01200626972559482,0.013253436597070265,0.21354558812177168,0.24478959487761,0.005144985633767021,
5000,base3,22,145,1,,3501.2159666009247,exchangeable_varying_sigma,0.18,fixed,0.18,0.18,fixed,0.18,1.0,sin,anchor_grid,500,0.6,-0.20276816583114998,0.04301734524629995,0.05309127237828553,0.009959697144470786,0.011139045054920936,0.042592200527944435,0.052899347781375616,0.012554077609579772,0.013588005981873026,0.20812573951949626,0.23854845156090676,0.20276816583114998,
5000,base3,22,145,1,,3884.9535996243358,exchangeable_varying_sigma,0.18,fixed,0.18,0.18,fixed,0.18,1.0,sin,anchor_grid,500,0.3,-0.1127100739804141,0.04294574253155826,0.05300375542906597,0.00948923003758069,0.01015488839838643,0.04358247602635755,0.05396294321377165,0.011637220008511404,0.012355566842379354,0.2108331476306859,0.24173907988265325,0.1127100739804141,
2000,base1,23,146,1,,2333.9712765067816,exchangeable_varying_sigma,0.18,fixed,0.18,0.18,fixed,0.18,1.0,mixed,anchor_grid,500,0.0,0.05267167833745461,0.03562517392715884,0.04895547065320991,0.020697725898132374,0.026617787250839294,0.035703418919556605,0.04912873374101019,0.021032998798052094,0.02575823009167105,0.2664009874596793,0.3041554353356168,0.05267167833745461,
2000,base1,23,146,1,,1870.5864675417542,exchangeable_varying_sigma,0.18,fixed,0.18,0.18,fixed,0.18,1.0,mixed,anchor_grid,500,0.6,-0.1500435162511899,0.0365266133949764,0.04874626958202433,0.023167965181489586,0.03061230136028878,0.03225051668843517,0.04313299839274435,0.02418644230530108,0.030149141572118756,0.25035850795846065,0.2744276513393665,0.1500435162511899,
2000,base1,23,146,1,,2243.1459005214274,exchangeable_varying_sigma,0.18,fixed,0.18,0.18,fixed,0.18,1.0,mixed,anchor_grid,500,0.3,-0.0694932194457267,0.03616798405891443,0.048351360887730725,0.021668664242512875,0.02783608503157328,0.035036695500896366,0.0469465428376272,0.022765004254439725,0.027866072639568827,0.2546007376339933,0.2815139863221721,0.0694932194457267,
5000,base6,22,145,1,,3255.0672269314528,exchangeable_varying_sigma,0.18,fixed,0.18,0.18,fixed,0.18,1.0,sin2,anchor_grid,500,0.6,-0.17147616360437973,0.035096061919338034,0.044054093720034736,0.013502338997769717,0.013689499691843911,0.03520643779564422,0.044346575574559864,0.01266067280182094,0.013050302530746842,0.1661347054733907,0.20286809045027757,0.17147616360437973,
5000,base3,22,145,1,,4800.5318566560745,exchangeable_varying_sigma,0.18,fixed,0.18,0.18,fixed,0.18,1.0,sin,anchor_grid,500,0.9,-0.29100172000018243,0.043134094381600874,0.05317931231399397,0.010721336590055086,0.012105416981183541,0.04054585368189439,0.05083975639358387,0.013187969125057736,0.014849563224854038,0.20573552715804877,0.23553146575430386,0.29100172000018243,
2000,base1,23,146,1,,2319.6758722290397,exchangeable_varying_sigma,0.18,fixed,0.18,0.18,fixed,0.18,1.0,mixed,anchor_grid,500,0.9,-0.23112750426573836,0.036971121366987894,0.04934160466146922,0.02416365013157372,0.03315427869296825,0.02605378310014912,0.034523953717998206,0.0242063276929199,0.03151091081999123,0.24781906810461096,0.26884411997776336,0.23112750426573836,
5000,base6,22,145,1,,4019.374638494104,exchangeable_varying_sigma,0.18,fixed,0.18,0.18,fixed,0.18,1.0,sin2,anchor_grid,500,0.3,-0.08401521716981661,0.03518084587952176,0.04411820628066616,0.012231459451350596,0.012444685164335953,0.03588569878649708,0.045050850896102945,0.011750370695759182,0.012105763833669425,0.1700672829125503,0.20671478692484255,0.08401521716981661,
2000,base4,23,146,1,,925.0024800002575,exchangeable_varying_sigma,0.18,fixed,0.18,0.18,fixed,0.18,1.0,sin2,anchor_grid,500,0.3,-0.06125260180288544,0.027508839337750942,0.03555543178224702,0.02147007366784763,0.026790750330385072,0.02656674517623401,0.03453628707319271,0.020259156388444693,0.025513618896509587,0.19303087787409243,0.20072369016237435,0.06125260180288544,
5000,base6,22,145,1,,4370.772482924163,exchangeable_varying_sigma,0.18,fixed,0.18,0.18,fixed,0.18,1.0,sin2,anchor_grid,500,0.0,-0.01912138573467548,0.03636238381839338,0.045411193371841914,0.006151789345407499,0.007399422490112242,0.03704760553115587,0.0463349105958417,0.007238181824789747,0.008813163961795259,0.17002592741953085,0.2072030015982717,0.01912138573467548,
2000,base4,23,146,1,,2105.077953003347,exchangeable_varying_sigma,0.18,fixed,0.18,0.18,fixed,0.18,1.0,sin2,anchor_grid,500,0.0,0.04627943909977158,0.02747599942753021,0.03610923787346608,0.016728026015052883,0.019598166333826043,0.027564522181672404,0.03632568386716029,0.01754208591833789,0.02130704361047139,0.19519828744020037,0.2021194537632292,0.04627943909977158,
5000,base1,23,146,1,,3563.2411365434527,exchangeable_varying_sigma,0.18,fixed,0.18,0.18,fixed,0.18,1.0,mixed,anchor_grid,500,0.0,-0.005788108222709477,0.02351365569496386,0.029961261215522277,0.007462583611353268,0.009818793785681257,0.02346226287817192,0.029929896870756707,0.007926824072377436,0.009988275652896726,0.08934304654817947,0.11932200705410266,0.005788108222709477,
2000,base4,23,146,1,,2998.334626443684,exchangeable_varying_sigma,0.18,fixed,0.18,0.18,fixed,0.18,1.0,sin2,anchor_grid,500,0.6,-0.12649024310965223,0.027781669954728083,0.03575292667563014,0.022719132431941153,0.028833081539141575,0.02390942161429602,0.03114797317032224,0.021678951422420267,0.027769754471094022,0.19243320486918186,0.20125672290690405,0.12649024310965223,
2000,base4,23,146,1,,3194.3039902597666,exchangeable_varying_sigma,0.18,fixed,0.18,0.18,fixed,0.18,1.0,sin2,anchor_grid,500,0.9,-0.19021843366617908,0.028087964210030607,0.03611243619280445,0.023404360353764767,0.030457961290109876,0.017444312937630088,0.023071048684200998,0.021997886542885356,0.02939241619939982,0.1934229745635075,0.20374993864642732,0.19021843366617908,
5000,base6,22,145,1,,6474.82055067271,exchangeable_varying_sigma,0.18,fixed,0.18,0.18,fixed,0.18,1.0,sin2,anchor_grid,500,0.9,-0.25819551910587946,0.03501644770097606,0.0440025977342775,0.014768553596810063,0.014917024232216575,0.033886347507834425,0.04308425716415796,0.01396958155360925,0.014276136190450053,0.16195507888782754,0.19865566435209836,0.25819551910587946,
5000,base4,23,146,1,,3938.8460415303707,exchangeable_varying_sigma,0.18,fixed,0.18,0.18,fixed,0.18,1.0,sin2,anchor_grid,500,0.6,-0.053087082976503885,0.01635945549589519,0.021042839684559337,0.00980766686308579,0.01323439439856385,0.01376736086404967,0.01771523737473466,0.011277870878086307,0.014311463953256982,0.08440836513565221,0.09455658949252124,0.053087082976503885,
2000,base6,23,146,1,,3303.561691503972,exchangeable_varying_sigma,0.18,fixed,0.18,0.18,fixed,0.18,1.0,sin2,anchor_grid,500,0.0,0.014311114077757666,0.04363521994458882,0.05520469067512005,0.025279008912581252,0.03270336738443513,0.04455443290901279,0.05631635306254482,0.02654302241558265,0.03461241497504446,0.12896478409255555,0.15314449897477617,0.014311114077757666,
5000,base1,23,146,1,,7011.5350186526775,exchangeable_varying_sigma,0.18,fixed,0.18,0.18,fixed,0.18,1.0,mixed,anchor_grid,500,0.3,-0.040908016481817855,0.02325234443027218,0.02978033498496541,0.012161864542384285,0.01576528377692461,0.022522017535272873,0.02874070272612847,0.01084226860380122,0.014414422207347507,0.0957603166182109,0.12344653457449488,0.040908016481817855,
2000,base6,23,146,1,,3996.765448100865,exchangeable_varying_sigma,0.18,fixed,0.18,0.18,fixed,0.18,1.0,sin2,anchor_grid,500,0.3,-0.12934048061621592,0.043186680898747706,0.05574042757236947,0.013870230953788656,0.01560139513668451,0.04330777755734521,0.05594428945514758,0.013665156682844334,0.014793590994339533,0.131387257157513,0.1503007541255993,0.12934048061621592,
5000,base1,23,146,1,,6808.500561412424,exchangeable_varying_sigma,0.18,fixed,0.18,0.18,fixed,0.18,1.0,mixed,anchor_grid,500,0.9,-0.11179114488853115,0.023348396418236914,0.02981692812996945,0.014685296389280428,0.019016126245239157,0.01655864596244502,0.02009889986473802,0.012701956564488734,0.01716571067169117,0.09811938103257253,0.12457989412664766,0.11179114488853115,
2000,base6,23,146,1,,3288.1270079016685,exchangeable_varying_sigma,0.18,fixed,0.18,0.18,fixed,0.18,1.0,sin2,anchor_grid,500,0.6,-0.2504033157754529,0.043549210698106085,0.056094127532214565,0.015119289717880555,0.017298899659465294,0.04221630915590972,0.05463460692635284,0.014657596212814816,0.016208192566232456,0.13448213771295653,0.1529904083198207,0.2504033157754529,
2000,base6,23,146,1,,3862.4878683313727,exchangeable_varying_sigma,0.18,fixed,0.18,0.18,fixed,0.18,1.0,sin2,anchor_grid,500,0.9,-0.3674919733504296,0.04417161284349665,0.05666492980259181,0.01580451763970342,0.018706728890956745,0.040219140073297625,0.052380008582908276,0.014481700896968278,0.01699144026152556,0.13840549853334144,0.15711361653613246,0.3674919733504296,
5000,base1,23,146,1,,8212.854558531195,exchangeable_varying_sigma,0.18,fixed,0.18,0.18,fixed,0.18,1.0,mixed,anchor_grid,500,0.6,-0.07636343586953565,0.023289820837798306,0.02981311638021614,0.013472484252905925,0.017466798892112126,0.020566393692242797,0.02594719208775135,0.01191264714232923,0.015849420193502422,0.09699430605122926,0.12403161705444801,0.07636343586953565,
5000,base6,23,146,1,,3646.0146279260516,exchangeable_varying_sigma,0.18,fixed,0.18,0.18,fixed,0.18,1.0,sin2,anchor_grid,500,0.3,-0.09580926592825278,0.03631601989446964,0.04542012035162219,0.007730839482265911,0.010048717195499376,0.03705517603917381,0.04639497057847733,0.0077085845283205445,0.009886857515623099,0.17702511689665618,0.21321128518862942,0.09580926592825278,
5000,base4,23,146,1,,8007.360143527389,exchangeable_varying_sigma,0.18,fixed,0.18,0.18,fixed,0.18,1.0,sin2,anchor_grid,500,0.0,-0.008650409035840472,0.01621552283243429,0.02080881446417042,0.0058963139810769005,0.00781724411530161,0.01621479170674984,0.02083845660309338,0.005997876539029445,0.00843985019240423,0.07804608528654956,0.08995262232750473,0.008650409035840472,
5000,base4,23,146,1,,8389.759903855622,exchangeable_varying_sigma,0.18,fixed,0.18,0.18,fixed,0.18,1.0,sin2,anchor_grid,500,0.9,-0.07966264522072086,0.016426538497245066,0.021003273808282315,0.010661991413147984,0.014423669854248559,0.009198775319188016,0.011880945560519546,0.01187605999788302,0.01539149208319406,0.08381130062437096,0.09346681269418575,0.07966264522072086,
5000,base4,23,146,1,,8812.323298797011,exchangeable_varying_sigma,0.18,fixed,0.18,0.18,fixed,0.18,1.0,sin2,anchor_grid,500,0.3,-0.027108795516696094,0.016335566729408182,0.02105572456217435,0.008867612656655977,0.011935655483818891,0.01572089110999409,0.02027665078976696,0.010363058571480718,0.01310123863298786,0.08455987701666283,0.09541648139353084,0.027108795516696094,
2000,base3,24,147,1,,3844.15499246493,exchangeable_varying_sigma,0.18,fixed,0.18,0.18,fixed,0.18,1.0,sin,anchor_grid,500,0.0,-0.008623768252476583,0.05198223946782409,0.06534329619760841,0.014886069546844433,0.02095142913893705,0.05321181076197062,0.06688467190451035,0.014627185772036852,0.01890758984153296,0.13959068765677052,0.16785676229382587,0.008623768252476583,
2000,base3,24,147,1,,3378.1355143375695,exchangeable_varying_sigma,0.18,fixed,0.18,0.18,fixed,0.18,1.0,sin,anchor_grid,500,0.3,-0.12829774971758443,0.051960195145234915,0.06509010547438902,0.007926098722658148,0.01007737518129716,0.05270748864964945,0.06609974944490479,0.009117130916492355,0.012162041685161192,0.14520632562997932,0.17300022523906536,0.12829774971758443,
2000,base3,24,147,1,,3407.4635050296783,exchangeable_varying_sigma,0.18,fixed,0.18,0.18,fixed,0.18,1.0,sin,anchor_grid,500,0.6,-0.2535534693198871,0.05217918911823538,0.06536014474945682,0.009727860170918923,0.011750787102688766,0.051271525773674644,0.06418714240890128,0.01038192387642034,0.013552797758943568,0.14428190539194452,0.17137187972543125,0.2535534693198871,
2000,base3,24,147,1,,3785.0949531942606,exchangeable_varying_sigma,0.18,fixed,0.18,0.18,fixed,0.18,1.0,sin,anchor_grid,500,0.9,-0.38037308180491247,0.05254411509313275,0.06568419643439083,0.011384483673637313,0.013402356846226765,0.048202200326609664,0.06032045014294309,0.011977645829531203,0.015017476923221416,0.1439663340237908,0.17059613800127693,0.38037308180491247,
5000,base6,23,146,1,,8514.084572076797,exchangeable_varying_sigma,0.18,fixed,0.18,0.18,fixed,0.18,1.0,sin2,anchor_grid,500,0.0,0.0014884132556918373,0.03620703190753008,0.04498762016562823,0.006980375371657521,0.010004727793773283,0.037186114935223294,0.04631415489447102,0.007023549846430527,0.010710148057302311,0.1782042008499377,0.2158157504815237,0.0014884132556918373,
5000,base6,23,146,1,,7224.784235868603,exchangeable_varying_sigma,0.18,fixed,0.18,0.18,fixed,0.18,1.0,sin2,anchor_grid,500,0.6,-0.19156626807744348,0.036232541199958855,0.045440028963260784,0.008668096825336202,0.011319825178837,0.03622482665026936,0.04552734984742086,0.008231868541351162,0.010857036522393886,0.17706726259317196,0.21200780741169623,0.19156626807744348,
2000,base6,24,147,1,,3523.7885653860867,exchangeable_varying_sigma,0.18,fixed,0.18,0.18,fixed,0.18,1.0,sin2,anchor_grid,500,0.0,-0.003369522751798851,0.043779254046952765,0.05526896903019679,0.007145622838431537,0.008673705904204607,0.0444324522485031,0.0560261988684674,0.008814118074941896,0.010950877685274352,0.120105102855091,0.1385288736739057,0.003369522751798851,
2000,base6,24,147,1,,3526.4134591259062,exchangeable_varying_sigma,0.18,fixed,0.18,0.18,fixed,0.18,1.0,sin2,anchor_grid,500,0.6,-0.2517632921266065,0.044071863417834395,0.05559948476043176,0.02715252051122896,0.030006203555695606,0.042820912256903286,0.0542552934294285,0.02570085538218478,0.028410827377474253,0.12911490604576686,0.15052381152561478,0.2517632921266065,
2000,base6,24,147,1,,3823.2639817371964,exchangeable_varying_sigma,0.18,fixed,0.18,0.18,fixed,0.18,1.0,sin2,anchor_grid,500,0.3,-0.13533319898040239,0.043919595688357425,0.05537391022485883,0.0252400979333271,0.028069350578584198,0.0440198920048677,0.055668114382805015,0.02404534850541601,0.027071026210843462,0.12600345095912963,0.14627856422962737,0.13533319898040239,
2000,base6,24,147,1,,4083.2425707913935,exchangeable_varying_sigma,0.18,fixed,0.18,0.18,fixed,0.18,1.0,sin2,anchor_grid,500,0.9,-0.3681567096184808,0.04425672231106595,0.05586935682928882,0.028950611720455932,0.031762769191059706,0.04049057368731537,0.05161727372749631,0.027255511146360017,0.029589751498633413,0.13168784803541547,0.1539351384866179,0.3681567096184808,
5000,base6,23,146,1,,8341.183120731264,exchangeable_varying_sigma,0.18,fixed,0.18,0.18,fixed,0.18,1.0,sin2,anchor_grid,500,0.9,-0.28751314415697116,0.03615065268160428,0.04545079770584278,0.00953587071822834,0.01248879117337356,0.03471205096149168,0.04404291188446325,0.008838047953662567,0.011713529836222614,0.17746816427499187,0.21114412722652434,0.28751314415697116,
5000,base3,24,147,1,,7843.017525680363,exchangeable_varying_sigma,0.18,fixed,0.18,0.18,fixed,0.18,1.0,sin,anchor_grid,500,0.0,-0.015390021598315023,0.04264551660405011,0.05238098530866155,0.010532009538605613,0.013511091748104255,0.04395387937928168,0.054144575127443556,0.010022201868939068,0.013581562356043882,0.2232047720536516,0.26133299513449454,0.015390021598315023,
2000,base1,25,148,1,,3020.515831466764,exchangeable_varying_sigma,0.18,fixed,0.18,0.18,fixed,0.18,1.0,mixed,anchor_grid,500,0.0,0.023546608491007558,0.03648798389804095,0.048793848013047064,0.013034796329058101,0.015198364316108928,0.03651283023111984,0.048906532285782366,0.013687809064265352,0.015442743054195145,0.2588460078952305,0.2901246673462429,0.023546608491007558,
5000,base3,24,147,1,,8377.87510997057,exchangeable_varying_sigma,0.18,fixed,0.18,0.18,fixed,0.18,1.0,sin,anchor_grid,500,0.3,-0.08787498003946698,0.040881914585795875,0.05056705823198674,0.009227498501760453,0.01311295492111047,0.04176674589378752,0.05185138977341382,0.0078404061237283,0.010370126315528293,0.2271631202671059,0.26746825944432956,0.08787498003946698,
2000,base1,25,148,1,,3626.1278594993055,exchangeable_varying_sigma,0.18,fixed,0.18,0.18,fixed,0.18,1.0,mixed,anchor_grid,500,0.3,-0.059615898181569954,0.03436955198996619,0.046804153640909195,0.01948731093299752,0.02253526541340102,0.03368445217230482,0.045746124524442086,0.01882421678312926,0.021619321061724716,0.25133106724288,0.2874185519494979,0.059615898181569954,
2000,base1,25,148,1,,3484.027714148164,exchangeable_varying_sigma,0.18,fixed,0.18,0.18,fixed,0.18,1.0,mixed,anchor_grid,500,0.6,-0.13298600733386412,0.0343148640101771,0.04697293427894039,0.021067238737925903,0.02444327071791468,0.03079228452270647,0.041844487297618554,0.0206336285871572,0.023892825483685695,0.25147508349092595,0.28871979364380174,0.13298600733386412,
2000,base1,25,148,1,,3625.1374191492796,exchangeable_varying_sigma,0.18,fixed,0.18,0.18,fixed,0.18,1.0,mixed,anchor_grid,500,0.9,-0.20547700028987848,0.034384678737891555,0.04735739634255783,0.022284394893805015,0.02600290897435318,0.02420696686616298,0.03276140172967939,0.02177115846149172,0.025883980772250237,0.2522877647875819,0.29098334912924034,0.20547700028987848,
5000,base3,24,147,1,,8858.737241327763,exchangeable_varying_sigma,0.18,fixed,0.18,0.18,fixed,0.18,1.0,sin,anchor_grid,500,0.9,-0.27394148372712757,0.04121303369593091,0.0507379873718714,0.011449941020769655,0.01597430280057024,0.039397782080188744,0.04934039010390883,0.009199474302161476,0.012124935035446214,0.22988594746190552,0.27045553218048207,0.27394148372712757,
5000,base3,24,147,1,,9718.696899205446,exchangeable_varying_sigma,0.18,fixed,0.18,0.18,fixed,0.18,1.0,sin,anchor_grid,500,0.6,-0.18126491973877634,0.04100224462445528,0.0506043698164325,0.01038784989048748,0.014583488487214918,0.040945950782883545,0.05091621693825532,0.008673963691406508,0.011353223076611555,0.22876023502525103,0.2692505563144433,0.18126491973877634,
5000,base6,24,147,1,,8112.616828657687,exchangeable_varying_sigma,0.18,fixed,0.18,0.18,fixed,0.18,1.0,sin2,anchor_grid,500,0.0,-0.003350280563719845,0.035277775616219656,0.044053492062638,0.007819320534257435,0.011263984131582774,0.036167735735908146,0.0451909967598376,0.007076513217951302,0.010445304482604728,0.1821581213636946,0.2147434190328218,0.003350280563719845,
5000,base6,24,147,1,,7481.189507756382,exchangeable_varying_sigma,0.18,fixed,0.18,0.18,fixed,0.18,1.0,sin2,anchor_grid,500,0.6,-0.19222492713651945,0.03615435576100198,0.045145826629970846,0.008955119481710253,0.01116485843938411,0.03591935159431173,0.04505898923272368,0.007759504442185539,0.010048726786969695,0.18319734076883457,0.2187733443396508,0.19222492713651945,
5000,base6,24,147,1,,8429.480043150485,exchangeable_varying_sigma,0.18,fixed,0.18,0.18,fixed,0.18,1.0,sin2,anchor_grid,500,0.3,-0.09740081926473731,0.03615420541309941,0.04515785087125525,0.008081642089137697,0.009981340195588618,0.03671622447856549,0.045924408634731836,0.007068549238166286,0.009275823022026519,0.1838454089101246,0.21954959859808534,0.09740081926473731,
2000,base4,25,148,1,,2935.9953415617347,exchangeable_varying_sigma,0.18,fixed,0.18,0.18,fixed,0.18,1.0,sin2,anchor_grid,500,0.3,-0.044273445841263415,0.026206191406064703,0.03431535135593264,0.014327905078625691,0.016170067677012834,0.02555397518324975,0.033550662458316664,0.01777000233041587,0.020114740245908952,0.1892357875864284,0.1958601293152919,0.044273445841263415,
5000,base6,24,147,1,,8176.893522903323,exchangeable_varying_sigma,0.18,fixed,0.18,0.18,fixed,0.18,1.0,sin2,anchor_grid,500,0.9,-0.28729627774223365,0.03613229734656582,0.04511201158425057,0.009755167970803544,0.012300573761252074,0.03448037153565091,0.04356654687139621,0.008259424843188326,0.01067194851213875,0.18199009328342663,0.21744930128491766,0.28729627774223365,
2000,base4,25,148,1,,3141.984829057008,exchangeable_varying_sigma,0.18,fixed,0.18,0.18,fixed,0.18,1.0,sin2,anchor_grid,500,0.9,-0.16243350037215631,0.026204918730463222,0.03453745560530093,0.015714905388829442,0.01794268163125118,0.016042513347028584,0.021794720797490372,0.020945389192339514,0.024674149828561063,0.1876774481816713,0.1937147874876928,0.16243350037215631,
2000,base4,25,148,1,,3942.2313610091805,exchangeable_varying_sigma,0.18,fixed,0.18,0.18,fixed,0.18,1.0,sin2,anchor_grid,500,0.0,0.011997530975977246,0.027201788764135697,0.03546526303602395,0.011588684268246288,0.013156387018452778,0.027206713699907493,0.03559637369052912,0.010734935353973171,0.012495354590371942,0.19686294064627366,0.20583037598501183,0.011997530975977246,
2000,base4,25,148,1,,3628.9303395338356,exchangeable_varying_sigma,0.18,fixed,0.18,0.18,fixed,0.18,1.0,sin2,anchor_grid,500,0.6,-0.10328339217281318,0.026174934853660157,0.03436062310178348,0.015203937288489816,0.017224761109539723,0.022832145793926825,0.03016090319916898,0.01965705245292329,0.02247839613687267,0.1883226105964422,0.1946479694708984,0.10328339217281318,
5000,base1,25,148,1,,8338.909692201763,exchangeable_varying_sigma,0.18,fixed,0.18,0.18,fixed,0.18,1.0,mixed,anchor_grid,500,0.0,-0.012034804663136466,0.022014267414772366,0.028524334503433005,0.00723799054633599,0.008607828278228088,0.02194396375664388,0.028454050293225387,0.007341363347996302,0.008580352060458757,0.07847954525285993,0.1122851721823359,0.012034804663136466,
2000,base6,25,148,1,,2911.5391764827073,exchangeable_varying_sigma,0.18,fixed,0.18,0.18,fixed,0.18,1.0,sin2,anchor_grid,500,0.0,0.004537347992150291,0.04297088971828155,0.05539374368792571,0.012846414660169905,0.015231748532208919,0.04381057459759115,0.0566284506800884,0.013151030505131028,0.01603372337259654,0.1361002401456957,0.15874030185117527,0.004537347992150291,
5000,base1,25,148,1,,7539.045725308359,exchangeable_varying_sigma,0.18,fixed,0.18,0.18,fixed,0.18,1.0,mixed,anchor_grid,500,0.3,-0.05968213528397737,0.023599976302169357,0.030240177779204663,0.011748737740541346,0.013424456564057474,0.022820081399647474,0.02921954363980031,0.01274212478089369,0.014412553045961759,0.08948987455037391,0.12421395497110489,0.05968213528397737,
5000,base1,25,148,1,,7367.347189158201,exchangeable_varying_sigma,0.18,fixed,0.18,0.18,fixed,0.18,1.0,mixed,anchor_grid,500,0.6,-0.09090407072077733,0.023745491974346267,0.03031476668785991,0.012697880271135928,0.014575462755463505,0.0209246353887602,0.026440457947184554,0.013761382459052007,0.015743522158343837,0.10065207220114897,0.13471655963762277,0.09090407072077733,
2000,base6,25,148,1,,2707.5147591792047,exchangeable_varying_sigma,0.18,fixed,0.18,0.18,fixed,0.18,1.0,sin2,anchor_grid,500,0.3,-0.11897071389104139,0.043321553149165075,0.0564054533833861,0.014057777300675062,0.01671950170435354,0.04351007298124034,0.0565940009258698,0.014867950656741596,0.018082102689072024,0.12346481020942994,0.14530586067124923,0.11897071389104139,
2000,base6,25,148,1,,2731.5733745247126,exchangeable_varying_sigma,0.18,fixed,0.18,0.18,fixed,0.18,1.0,sin2,anchor_grid,500,0.9,-0.3482571108451269,0.043275131152248146,0.056723937782049635,0.015080648137812569,0.018643677883947257,0.03908348853739237,0.05170537940451907,0.016654365084900175,0.021989074754376434,0.11724742892975111,0.13885210940352152,0.3482571108451269,
2000,base6,25,148,1,,3027.0903634503484,exchangeable_varying_sigma,0.18,fixed,0.18,0.18,fixed,0.18,1.0,sin2,anchor_grid,500,0.6,-0.2338009939817322,0.04325882038079938,0.05652232785965017,0.014753152461094432,0.017826680722455492,0.041875340376735674,0.05477728095832673,0.015919125390408934,0.020021530772017026,0.12076248099877071,0.14249296052521163,0.2338009939817322,
5000,base1,25,148,1,,7735.638954501599,exchangeable_varying_sigma,0.18,fixed,0.18,0.18,fixed,0.18,1.0,mixed,anchor_grid,500,0.9,-0.11751599495618592,0.023915520687064328,0.030370233465205107,0.01348897959444062,0.015613885543473078,0.01690101949610153,0.02050815759527091,0.014335680925008962,0.016755042295197795,0.11224700643734477,0.1463566260919461,0.11751599495618592,
5000,base4,25,148,1,,5305.182689681649,exchangeable_varying_sigma,0.18,fixed,0.18,0.18,fixed,0.18,1.0,sin2,anchor_grid,500,0.3,-0.030209473868543668,0.016740485526401293,0.02133126578697952,0.01119290106330853,0.012186655983703214,0.016059984090525503,0.020508806558766978,0.009137012897096439,0.01067294996296837,0.05795164193171988,0.06203003552946554,0.030209473868543668,
5000,base4,25,148,1,,6915.130551610142,exchangeable_varying_sigma,0.18,fixed,0.18,0.18,fixed,0.18,1.0,sin2,anchor_grid,500,0.0,-0.011075983113782802,0.01610687095651965,0.020781887324803808,0.007578641227595939,0.008617699805718936,0.0160948802339566,0.020779534184287338,0.006376040407938821,0.0077941418799534245,0.05549713946175755,0.06260137419642238,0.011075983113782802,
2000,base3,26,149,1,,3336.658551901579,exchangeable_varying_sigma,0.18,fixed,0.18,0.18,fixed,0.18,1.0,sin,anchor_grid,500,0.3,-0.13000448049799412,0.050308063417318714,0.06424559136498038,0.008085678349783909,0.009366353791824685,0.05103591370108786,0.065166717374268,0.007399368277675511,0.008072915239372314,0.14053420693060895,0.1746881867904704,0.13000448049799412,
2000,base3,26,149,1,,3957.760436590761,exchangeable_varying_sigma,0.18,fixed,0.18,0.18,fixed,0.18,1.0,sin,anchor_grid,500,0.0,-0.04127081672267419,0.051836505783547156,0.06553934784398151,0.005063124057514717,0.005526080319059661,0.05293743562583057,0.06696998217529837,0.003948053645556948,0.005915129569637716,0.13494557427952666,0.1657237280798828,0.04127081672267419,
5000,base4,25,148,1,,7394.333908930421,exchangeable_varying_sigma,0.18,fixed,0.18,0.18,fixed,0.18,1.0,sin2,anchor_grid,500,0.9,-0.07873065722786488,0.016800819160015187,0.02132053611517551,0.01304646294907702,0.01437174538336743,0.009312722734891268,0.012062244073608641,0.010358506326848357,0.012582674237499257,0.06045640464036542,0.06150596349986179,0.07873065722786488,
2000,base3,26,149,1,,3955.1532558463514,exchangeable_varying_sigma,0.18,fixed,0.18,0.18,fixed,0.18,1.0,sin,anchor_grid,500,0.6,-0.24229219792840478,0.05058878908012735,0.06459795631308646,0.007494664375051641,0.008765557638265583,0.04963986774929931,0.06333019702838155,0.007036236348468089,0.007484190557730225,0.13882696116779084,0.1731604718161201,0.24229219792840478,
5000,base4,25,148,1,,7913.994768265635,exchangeable_varying_sigma,0.18,fixed,0.18,0.18,fixed,0.18,1.0,sin2,anchor_grid,500,0.6,-0.055152647049571346,0.016812924890232984,0.021338613204989518,0.012198410246110736,0.013340660628807144,0.014053614390962336,0.017948015482761835,0.009918617661917845,0.011722313242829466,0.05909693466569961,0.06089475904453818,0.055152647049571346,
2000,base3,26,149,1,,3791.1020602844656,exchangeable_varying_sigma,0.18,fixed,0.18,0.18,fixed,0.18,1.0,sin,anchor_grid,500,0.9,-0.3532001169844363,0.05122469038411182,0.06520296453622028,0.0068111197827407655,0.007656517228778046,0.04701301534119426,0.05988278979899285,0.006135084453289891,0.006696708197526044,0.13816801107466803,0.172375704820845,0.3532001169844363,
5000,base6,25,148,1,,7140.05874722451,exchangeable_varying_sigma,0.18,fixed,0.18,0.18,fixed,0.18,1.0,sin2,anchor_grid,500,0.6,-0.1872575628758551,0.03585945832248686,0.04493295211210078,0.009920934656050054,0.010038451901568825,0.035551279190925614,0.044565342416510195,0.008460985437476476,0.009038546345886762,0.17219883313848086,0.20606868198536116,0.1872575628758551,
2000,base6,26,149,1,,2736.6976648047566,exchangeable_varying_sigma,0.18,fixed,0.18,0.18,fixed,0.18,1.0,sin2,anchor_grid,500,0.9,-0.3802488137981508,0.044910691903973475,0.056544721056810604,0.01212876493171608,0.014109943170788964,0.04081599506540471,0.051977785786474454,0.011789710792528635,0.014246050835429529,0.09659172401392732,0.10779094720915276,0.3802488137981508,
2000,base6,26,149,1,,3252.6298390999436,exchangeable_varying_sigma,0.18,fixed,0.18,0.18,fixed,0.18,1.0,sin2,anchor_grid,500,0.3,-0.15065137202209167,0.04502899309636271,0.056594068393197805,0.012036010295088329,0.014048971894481208,0.045372952804312534,0.05707545904985407,0.011425360192293704,0.013742948277993942,0.09913795430640104,0.1110031803578745,0.15065137202209167,
5000,base6,25,148,1,,8100.702313892543,exchangeable_varying_sigma,0.18,fixed,0.18,0.18,fixed,0.18,1.0,sin2,anchor_grid,500,0.0,-0.01286244352077099,0.034799575258015886,0.043605293862636,0.013059490090339937,0.01425180965553924,0.03581036904529715,0.044961791445005866,0.013685869028802283,0.015148271211415858,0.19146141232112346,0.22710866686264242,0.01286244352077099,
2000,base6,26,149,1,,3608.620805680752,exchangeable_varying_sigma,0.18,fixed,0.18,0.18,fixed,0.18,1.0,sin2,anchor_grid,500,0.0,0.0047698051472324305,0.04314669471827274,0.056003762284062286,0.008798411834733622,0.009411103869472384,0.043965301905248895,0.05705801925676847,0.009581315553911923,0.010914552909201057,0.10366663330185823,0.12002276776638612,0.0047698051472324305,
5000,base3,26,149,1,,6837.6864657104015,exchangeable_varying_sigma,0.18,fixed,0.18,0.18,fixed,0.18,1.0,sin,anchor_grid,500,0.0,-0.028571513780630782,0.04282487135880383,0.052555808155874344,0.0049975728939661845,0.0059054416035730015,0.04396195523150606,0.05416851919993801,0.004036922131869791,0.005495333363103776,0.22376265640148568,0.26485478872219254,0.028571513780630782,
2000,base6,26,149,1,,3672.8465115204453,exchangeable_varying_sigma,0.18,fixed,0.18,0.18,fixed,0.18,1.0,sin2,anchor_grid,500,0.6,-0.26606847290302876,0.04499376870075545,0.056558659479980886,0.012215799617727757,0.01421927668225354,0.04382449176619747,0.055293157949285715,0.011700709731855385,0.014159018148400876,0.09747704330257363,0.10882695458294335,0.26606847290302876,
5000,base6,25,148,1,,8214.454983748496,exchangeable_varying_sigma,0.18,fixed,0.18,0.18,fixed,0.18,1.0,sin2,anchor_grid,500,0.9,-0.2755135262692334,0.03599675392229533,0.04509324145509736,0.010768987359012105,0.0109133402292959,0.034125362602726354,0.04325411645397423,0.008949447408036285,0.009727471427423091,0.1656140127442269,0.19994712970640033,0.2755135262692334,
5000,base6,25,148,1,,8353.80948138237,exchangeable_varying_sigma,0.18,fixed,0.18,0.18,fixed,0.18,1.0,sin2,anchor_grid,500,0.3,-0.09682295155973411,0.035803354088825436,0.04481998933393355,0.008915425473250513,0.009059742007751777,0.036320302803753875,0.04540275840882104,0.007700193995368351,0.008230845239434402,0.17908075319520103,0.2122506588116471,0.09682295155973411,
5000,base6,26,149,1,,2006.985704563558,exchangeable_varying_sigma,0.18,fixed,0.18,0.18,fixed,0.18,1.0,sin2,anchor_grid,500,0.3,-0.09704644794298115,0.037184253860038256,0.04659245903564792,0.005660758106766056,0.006698284391609739,0.03785549410593223,0.0475750640099852,0.005013853947464952,0.0063311285857056586,0.19170738637631377,0.23221908128843083,0.09704644794298115,
5000,base3,26,149,1,,8323.922500994056,exchangeable_varying_sigma,0.18,fixed,0.18,0.18,fixed,0.18,1.0,sin,anchor_grid,500,0.3,-0.0953416117355391,0.041426083529660915,0.05108344134465621,0.010184218790437849,0.01050314236030615,0.0423725836595543,0.05246954185449628,0.009464112935309382,0.009595806568514404,0.2268027947548976,0.26439279857058395,0.0953416117355391,
2000,base1,27,150,1,,3118.2621110118926,exchangeable_varying_sigma,0.18,fixed,0.18,0.18,fixed,0.18,1.0,mixed,anchor_grid,500,0.9,-0.2132517485204244,0.03779519247421215,0.053942747093083894,0.0229813294995075,0.02381276186697943,0.026684951065943034,0.037937639350293956,0.020317304332746144,0.02138940286885663,0.25789377925183554,0.28699396138319144,0.2132517485204244,
2000,base1,27,150,1,,3556.6445249170065,exchangeable_varying_sigma,0.18,fixed,0.18,0.18,fixed,0.18,1.0,mixed,anchor_grid,500,0.3,-0.0771096660166887,0.037206795059794254,0.05285725191696761,0.01926920369782835,0.01948041093704829,0.036222795006830066,0.05148083564875328,0.01808619001040164,0.018275099582950607,0.2545609095421732,0.285452104622213,0.0771096660166887,
2000,base1,27,150,1,,3990.6380328536034,exchangeable_varying_sigma,0.18,fixed,0.18,0.18,fixed,0.18,1.0,mixed,anchor_grid,500,0.0,-0.01565944051572256,0.03654748208553095,0.050740570744886616,0.012845157514157879,0.016056558493466842,0.036595448471202156,0.05093463534031122,0.01293499428336739,0.015424678649823184,0.26265869212865656,0.28891300177916,0.01565944051572256,
2000,base1,27,150,1,,3609.345488142222,exchangeable_varying_sigma,0.18,fixed,0.18,0.18,fixed,0.18,1.0,mixed,anchor_grid,500,0.6,-0.1458484047014632,0.03746035893157097,0.053355237040353845,0.02124145726667208,0.0216727866732366,0.033276737286398225,0.04733634910953715,0.0192428375704483,0.019768715427203962,0.25604559488421963,0.2859989873310679,0.1458484047014632,
5000,base3,26,149,1,,8601.219747256488,exchangeable_varying_sigma,0.18,fixed,0.18,0.18,fixed,0.18,1.0,sin,anchor_grid,500,0.6,-0.1890407548313342,0.041368794051046924,0.051053985070968706,0.010744611057623449,0.011069844296634164,0.041559138582039995,0.05164302981206353,0.009857274179669778,0.010033714879301601,0.22621300915400205,0.26330301416241136,0.1890407548313342,
5000,base6,26,149,1,,5029.290213063359,exchangeable_varying_sigma,0.18,fixed,0.18,0.18,fixed,0.18,1.0,sin2,anchor_grid,500,0.9,-0.28920589262201113,0.03705910516080278,0.0463989709708607,0.006364715474310348,0.00750103778321402,0.0353135033052716,0.04501365540263644,0.0058621024140628475,0.007555217433308927,0.1919777778975499,0.23128862238114314,0.28920589262201113,
5000,base3,26,149,1,,9196.767290353775,exchangeable_varying_sigma,0.18,fixed,0.18,0.18,fixed,0.18,1.0,sin,anchor_grid,500,0.9,-0.28126870761285927,0.0414256995903412,0.05116271592846107,0.011076753316387383,0.011444543565549737,0.03985696664719662,0.05013253680268067,0.00983318783730018,0.010170999401607598,0.22528579759432296,0.26227016259991,0.28126870761285927,
2000,base4,27,150,1,,3164.1252548657358,exchangeable_varying_sigma,0.18,fixed,0.18,0.18,fixed,0.18,1.0,sin2,anchor_grid,500,0.0,0.0004464226608711057,0.028396309519322104,0.03744632705444966,0.010300266516596684,0.01407005150625441,0.028440992095509546,0.03767106922276554,0.011540258480421006,0.01342983819131424,0.20305303547102058,0.21250494994574923,0.0004464226608711057,
5000,base6,26,149,1,,8018.535353541374,exchangeable_varying_sigma,0.18,fixed,0.18,0.18,fixed,0.18,1.0,sin2,anchor_grid,500,0.0,-0.0016395699321774837,0.03641933707361203,0.04580888566573443,0.00848837214861839,0.009491775517916723,0.03726888263560816,0.04699898120852182,0.008544968364464806,0.009468980347000912,0.19543401797502802,0.23700913186201752,0.0016395699321774837,
2000,base4,27,150,1,,3541.396284956485,exchangeable_varying_sigma,0.18,fixed,0.18,0.18,fixed,0.18,1.0,sin2,anchor_grid,500,0.3,-0.061672247578448275,0.02846256885124597,0.038125965509929846,0.01484562883444715,0.014937291412450905,0.027716884557228576,0.037306156888188856,0.01677449817758335,0.0168377034826366,0.19269141575523488,0.19773394506122208,0.061672247578448275,
2000,base4,27,150,1,,3668.657685700804,exchangeable_varying_sigma,0.18,fixed,0.18,0.18,fixed,0.18,1.0,sin2,anchor_grid,500,0.6,-0.11712860111893858,0.028541108527005213,0.038347250414841286,0.01638018869598387,0.0164826080032646,0.024923325890908593,0.033766125998037,0.01774890700724413,0.01800331713129395,0.1942393535350016,0.1991928079157944,0.11712860111893858,
2000,base4,27,150,1,,3193.9875546358526,exchangeable_varying_sigma,0.18,fixed,0.18,0.18,fixed,0.18,1.0,sin2,anchor_grid,500,0.9,-0.17077452276560467,0.02856798016253966,0.038618821230504405,0.017743832798672796,0.01794161042803541,0.018020161611194196,0.025160479423071303,0.018547272884165647,0.01912570088862999,0.196130432110622,0.20112759028683763,0.17077452276560467,
5000,base6,26,149,1,,7910.397584978491,exchangeable_varying_sigma,0.18,fixed,0.18,0.18,fixed,0.18,1.0,sin2,anchor_grid,500,0.6,-0.19350353851184227,0.03712445220240664,0.04651058187737092,0.0059665511138369265,0.007183205706347923,0.03697996132024052,0.046677965360600766,0.005328330751187285,0.007038937754119468,0.19176617326410475,0.2317612671351199,0.19350353851184227,
2000,base6,27,150,1,,1155.5415685623884,exchangeable_varying_sigma,0.18,fixed,0.18,0.18,fixed,0.18,1.0,sin2,anchor_grid,500,0.6,-0.2276131975842467,0.04474230268277884,0.05757176466121444,0.015104251581527409,0.016494306586009942,0.043596684817298184,0.05641087587768451,0.016082175796243256,0.017028004151694816,0.11548058848541498,0.13473892075238256,0.2276131975842467,
5000,base1,27,150,1,,7936.131394516677,exchangeable_varying_sigma,0.18,fixed,0.18,0.18,fixed,0.18,1.0,mixed,anchor_grid,500,0.3,-0.019370536813567818,0.021851211847255164,0.028373772507544755,0.004574574728253539,0.0053368279047704085,0.02143224101433775,0.027830275279627305,0.005378236761676536,0.00618015722436197,0.10343287684394827,0.1337665361631758,0.019370536813567818,
5000,base1,27,150,1,,9400.352443344891,exchangeable_varying_sigma,0.18,fixed,0.18,0.18,fixed,0.18,1.0,mixed,anchor_grid,500,0.0,-0.010973787301455082,0.023707911690006928,0.03028716421468699,0.00579072044862286,0.005890610294095581,0.023686850381815516,0.030288094303880624,0.005337595594673852,0.005489635372769239,0.10910045807291778,0.1364951640816197,0.010973787301455082,
2000,base6,27,150,1,,3129.449573557824,exchangeable_varying_sigma,0.18,fixed,0.18,0.18,fixed,0.18,1.0,sin2,anchor_grid,500,0.3,-0.11576737218369273,0.044754899508530115,0.05760927074092014,0.013569691719989133,0.014987140028304324,0.04512558116916847,0.05820094339080946,0.014967409679339405,0.01614925990251186,0.11512382125756034,0.13461572594654725,0.11576737218369273,
5000,base4,27,150,1,,6172.1540736071765,exchangeable_varying_sigma,0.18,fixed,0.18,0.18,fixed,0.18,1.0,sin2,anchor_grid,500,0.0,-0.01796564651283183,0.016271060111169727,0.021006071262913883,0.003766687576893704,0.004044001598665837,0.016292253291178165,0.021052154545887793,0.004202748096496983,0.00430447639239935,0.0852825351837416,0.09421732575759627,0.01796564651283183,
2000,base6,27,150,1,,3762.523814741522,exchangeable_varying_sigma,0.18,fixed,0.18,0.18,fixed,0.18,1.0,sin2,anchor_grid,500,0.0,-0.00907712761054263,0.04505380464249357,0.05815361166965646,0.01157620363105269,0.012261466049443797,0.04583518326624876,0.05914697513727774,0.012076898843853268,0.012293023774072525,0.11924865063685669,0.14244699630381794,0.00907712761054263,
2000,base6,27,150,1,,3513.6582946442068,exchangeable_varying_sigma,0.18,fixed,0.18,0.18,fixed,0.18,1.0,sin2,anchor_grid,500,0.9,-0.3377648710238481,0.044821697562855305,0.05752720494687156,0.01646789568421496,0.017964343965323364,0.04072835722165986,0.05311609519402646,0.017073420812646123,0.017888798331280736,0.116857912021129,0.13613070641190184,0.3377648710238481,
5000,base1,27,150,1,,8586.841240230948,exchangeable_varying_sigma,0.18,fixed,0.18,0.18,fixed,0.18,1.0,mixed,anchor_grid,500,0.6,-0.06058069331697513,0.021746878550538754,0.028250653831486363,0.00499233102265409,0.005701055852118893,0.01972088012666068,0.02530768666831166,0.006308148097251776,0.007176796470145358,0.10092271019975955,0.12990615004856473,0.06058069331697513,
5000,base1,27,150,1,,8067.367105271667,exchangeable_varying_sigma,0.18,fixed,0.18,0.18,fixed,0.18,1.0,mixed,anchor_grid,500,0.9,-0.1031692102717986,0.02172582650416786,0.028259096380390397,0.005320017590431492,0.005939695707307536,0.01620219801470374,0.019805097094660697,0.007019428042250142,0.0078011662548897005,0.09946557576313728,0.1268426944431847,0.1031692102717986,
5000,base4,27,150,1,,7640.265978101641,exchangeable_varying_sigma,0.18,fixed,0.18,0.18,fixed,0.18,1.0,sin2,anchor_grid,500,0.3,-0.01564450287489816,0.015374799014081331,0.019839535828083083,0.004429933425914662,0.004961563640281435,0.014868543541283865,0.019278291472383025,0.004601260353890552,0.005164406663981379,0.07762934146062361,0.0869834596781662,0.01564450287489816,
2000,base3,28,151,1,,2120.022367030382,exchangeable_varying_sigma,0.18,fixed,0.18,0.18,fixed,0.18,1.0,sin,anchor_grid,500,0.3,-0.07335850829679577,0.05098822839930437,0.06456753572006288,0.012351526783924066,0.017643019466760158,0.051958912494503476,0.06580781824216232,0.011071485454363872,0.017328802393774538,0.14621841608180755,0.17314259190700082,0.07335850829679577,
2000,base3,28,151,1,,2533.021212697029,exchangeable_varying_sigma,0.18,fixed,0.18,0.18,fixed,0.18,1.0,sin,anchor_grid,500,0.9,-0.34245340338433905,0.050324089483801626,0.0636021141200741,0.01455915416911252,0.019719724998711146,0.046067934180252935,0.05885941015887906,0.013596226325375993,0.017776315015101345,0.15325877535592808,0.18237543885677895,0.34245340338433905,
5000,base4,27,150,1,,7551.460226546973,exchangeable_varying_sigma,0.18,fixed,0.18,0.18,fixed,0.18,1.0,sin2,anchor_grid,500,0.6,-0.045224793662420826,0.015364492936885124,0.019809527787195105,0.0048363363759091615,0.005338845805918782,0.01304949204896936,0.016928841187283068,0.005184052347533663,0.005903400356296882,0.0756289977685471,0.08728127762730606,0.045224793662420826,
5000,base6,27,150,1,,4689.253651320934,exchangeable_varying_sigma,0.18,fixed,0.18,0.18,fixed,0.18,1.0,sin2,anchor_grid,500,0.6,-0.16427891430862385,0.035835834884749826,0.04533698284305976,0.006548177914379283,0.007186688370964031,0.036240463546584785,0.04600337001755874,0.0071511114180960456,0.008285273649024327,0.17824265426851177,0.2066131269420337,0.16427891430862385,
2000,base3,28,151,1,,3785.9136354774237,exchangeable_varying_sigma,0.18,fixed,0.18,0.18,fixed,0.18,1.0,sin,anchor_grid,500,0.0,-0.0028399146146205955,0.052212077302809703,0.06567248837340894,0.016167882218780127,0.018562535844301096,0.053391287156804995,0.06717060740747713,0.016519118585167705,0.019632116977453446,0.14419859761924755,0.1701526521278319,0.0028399146146205955,
2000,base6,28,151,1,,430.65594007074833,exchangeable_varying_sigma,0.18,fixed,0.18,0.18,fixed,0.18,1.0,sin2,anchor_grid,500,0.3,-0.12387026138697615,0.042418956552643425,0.053373014109219276,0.01821735002901742,0.021746517588313124,0.04248461139672937,0.05355586650462355,0.016533724311646292,0.02009798452072907,0.14809990421101385,0.16657944956630366,0.12387026138697615,
2000,base3,28,151,1,,3812.19074600935,exchangeable_varying_sigma,0.18,fixed,0.18,0.18,fixed,0.18,1.0,sin,anchor_grid,500,0.6,-0.20559800118911864,0.050644715018206964,0.06412143166409162,0.01327072511078406,0.01879905148348088,0.04999858784739813,0.06345330272979653,0.012030863075153914,0.017835489436612714,0.14975271595059167,0.1776928567693739,0.20559800118911864,
5000,base6,27,150,1,,6316.881221409887,exchangeable_varying_sigma,0.18,fixed,0.18,0.18,fixed,0.18,1.0,sin2,anchor_grid,500,0.0,-0.010707137870486294,0.036431949855371834,0.045745352321169656,0.003758682608249228,0.004329396123539031,0.037468437397501095,0.047089883968879996,0.0036234520826184252,0.004147570962045048,0.1777857316437516,0.20458015587461031,0.010707137870486294,
5000,base4,27,150,1,,8606.727874372154,exchangeable_varying_sigma,0.18,fixed,0.18,0.18,fixed,0.18,1.0,sin2,anchor_grid,500,0.9,-0.0754717287114447,0.01546958696841766,0.01990422384602525,0.005162795801586129,0.005617237583076857,0.008766988299987184,0.011413960065972291,0.005554425275280911,0.006233386613339013,0.07427983078389958,0.08871038048742133,0.0754717287114447,
2000,base6,28,151,1,,1530.9115995168686,exchangeable_varying_sigma,0.18,fixed,0.18,0.18,fixed,0.18,1.0,sin2,anchor_grid,500,0.9,-0.3728715120880738,0.04352849568626147,0.05450106422677862,0.02033774560827306,0.024664929526286655,0.039163391251270045,0.0494998406057125,0.017439754079652925,0.022241005435243898,0.14178585399186283,0.15994352527410424,0.3728715120880738,
2000,base6,28,151,1,,3125.1157282069325,exchangeable_varying_sigma,0.18,fixed,0.18,0.18,fixed,0.18,1.0,sin2,anchor_grid,500,0.0,-0.03200367605808786,0.04293436415036565,0.054096931028042784,0.015046092941653558,0.02096252578887339,0.04351198814472717,0.05470063893272581,0.01619156518760438,0.02187423241436819,0.12370167309501254,0.13944551169303704,0.03200367605808786,
5000,base6,27,150,1,,8253.181115772575,exchangeable_varying_sigma,0.18,fixed,0.18,0.18,fixed,0.18,1.0,sin2,anchor_grid,500,0.3,-0.06708347378584703,0.03603689839294425,0.0455423397580589,0.006141774964381619,0.006789180085956435,0.0369484477944344,0.04675120083693499,0.006621748324974391,0.007551796378198464,0.17394440206197262,0.20128853605208852,0.06708347378584703,
2000,base6,28,151,1,,3282.249763827771,exchangeable_varying_sigma,0.18,fixed,0.18,0.18,fixed,0.18,1.0,sin2,anchor_grid,500,0.6,-0.24859704743032968,0.04287709507771665,0.05378965258328901,0.019406607275797405,0.02328863186116372,0.041276146179980815,0.052033997914041626,0.016628455785590024,0.021155816242718513,0.14557989494748413,0.1637820857099986,0.24859704743032968,
5000,base3,28,151,1,,5678.081093747169,exchangeable_varying_sigma,0.18,fixed,0.18,0.18,fixed,0.18,1.0,sin,anchor_grid,500,0.3,-0.10201268325926588,0.04213941636613053,0.05174175240251193,0.008492417001909516,0.010958378477067267,0.04283009791244733,0.05300136327733076,0.010395155387961638,0.013167761938420517,0.20235916719779729,0.25412785577976055,0.10201268325926588,
5000,base6,27,150,1,,9006.363503303379,exchangeable_varying_sigma,0.18,fixed,0.18,0.18,fixed,0.18,1.0,sin2,anchor_grid,500,0.9,-0.2636879735205938,0.03560336670920489,0.04509101272352455,0.006874637340056056,0.007492542588097103,0.03475806305271342,0.04445799611592158,0.0072985760074378014,0.008711790898334302,0.1826337174650059,0.21215760055154173,0.2636879735205938,
5000,base3,28,151,1,,9274.113621320575,exchangeable_varying_sigma,0.18,fixed,0.18,0.18,fixed,0.18,1.0,sin,anchor_grid,500,0.0,-0.004680798111430358,0.04132218038498938,0.05159238102511111,0.006411604373217153,0.009388751173894795,0.04242293623401165,0.053147070328576136,0.006219813174862837,0.008109213584732282,0.1990757839621416,0.24725544440372885,0.004680798111430358,
2000,base1,29,152,1,,3333.7811282277107,exchangeable_varying_sigma,0.18,fixed,0.18,0.18,fixed,0.18,1.0,mixed,anchor_grid,500,0.3,-0.1019117558854413,0.036365230783345276,0.04914972036884213,0.010761833813062047,0.01184496283059176,0.03569641457084617,0.04825079078251824,0.011781072785913838,0.01329926830517121,0.23703645847826021,0.2842741637163292,0.1019117558854413,
2000,base1,29,152,1,,3803.3719741515815,exchangeable_varying_sigma,0.18,fixed,0.18,0.18,fixed,0.18,1.0,mixed,anchor_grid,500,0.0,0.017296191931610375,0.03713410912900336,0.05191036827489604,0.006815852875966394,0.007897086521708363,0.037136524110401095,0.05203296003624106,0.006659745517975962,0.008311152791600721,0.23291207096891112,0.2782126312964198,0.017296191931610375,
2000,base1,29,152,1,,4126.814534515142,exchangeable_varying_sigma,0.18,fixed,0.18,0.18,fixed,0.18,1.0,mixed,anchor_grid,500,0.6,-0.160944195516394,0.03597046584617074,0.04855875906828691,0.011328393265313555,0.012725975430310104,0.032386791461380224,0.043837137193157044,0.011923497569291563,0.01389037389716121,0.24673719510619888,0.2932841727299135,0.160944195516394,
5000,base3,28,151,1,,8504.947679758072,exchangeable_varying_sigma,0.18,fixed,0.18,0.18,fixed,0.18,1.0,sin,anchor_grid,500,0.9,-0.295801634985121,0.042288209678095004,0.05182683340770879,0.009223316503568085,0.01162609019813607,0.03983795753695777,0.05019630066775189,0.012558399968251296,0.01532395988002724,0.20443668848983068,0.2588300449134718,0.295801634985121,
2000,base1,29,152,1,,3861.9228117503226,exchangeable_varying_sigma,0.18,fixed,0.18,0.18,fixed,0.18,1.0,mixed,anchor_grid,500,0.9,-0.21549113719827173,0.03558183033584561,0.04810590329918196,0.011622866368627,0.013482713086758379,0.02547770583198505,0.03457189723977711,0.011231754120674925,0.013496369378488245,0.25469037343291767,0.30071526848398095,0.21549113719827173,
5000,base3,28,151,1,,9270.020616218448,exchangeable_varying_sigma,0.18,fixed,0.18,0.18,fixed,0.18,1.0,sin,anchor_grid,500,0.6,-0.19882957179601363,0.04222995477292059,0.05177017896216516,0.008942342631431274,0.011450870285946017,0.04180850776735144,0.05198452748378842,0.011649263207044014,0.014571165995977834,0.20347646876290656,0.25661918635642544,0.19882957179601363,
5000,base1,29,152,1,,2532.8279162831604,exchangeable_varying_sigma,0.18,fixed,0.18,0.18,fixed,0.18,1.0,mixed,anchor_grid,500,0.6,-0.0861260904246759,0.023102747173848203,0.029587754285127266,0.01761604415860693,0.019734344611104196,0.020325438318097737,0.025806256947414404,0.015143517394705291,0.017360830540509718,0.09679957836038172,0.11816993014945741,0.0861260904246759,
5000,base6,28,151,1,,8785.846250299364,exchangeable_varying_sigma,0.18,fixed,0.18,0.18,fixed,0.18,1.0,sin2,anchor_grid,500,0.0,-0.0028151704410625937,0.036420795480060525,0.04540308768936077,0.0038804015763977823,0.004414166919296161,0.037244217329177036,0.04648281296954167,0.003869590521078811,0.0046763780218184794,0.1836802865771133,0.21011574686205164,0.0028151704410625937,
5000,base6,28,151,1,,7399.968572542071,exchangeable_varying_sigma,0.18,fixed,0.18,0.18,fixed,0.18,1.0,sin2,anchor_grid,500,0.9,-0.2899991737435349,0.03580416144377058,0.045078278092757655,0.013685572474366914,0.014543224266476541,0.033994607409130025,0.04325910097929675,0.01451011647284467,0.01565928485450316,0.18161149223939124,0.21063835524133906,0.2899991737435349,
5000,base6,28,151,1,,9207.036225449294,exchangeable_varying_sigma,0.18,fixed,0.18,0.18,fixed,0.18,1.0,sin2,anchor_grid,500,0.3,-0.09299634683615496,0.03594797471713529,0.04521637493766108,0.012624416332023297,0.013656893945540682,0.03633405561066866,0.04576962879481597,0.012888065428367318,0.014048297205442902,0.18256864115092947,0.21059504416904054,0.09299634683615496,
5000,base6,28,151,1,,8737.640629842877,exchangeable_varying_sigma,0.18,fixed,0.18,0.18,fixed,0.18,1.0,sin2,anchor_grid,500,0.6,-0.1907506573713264,0.03590030743358242,0.04515376683213019,0.013268451522142621,0.014243612263565134,0.035462364041579916,0.04480817660937072,0.01391050648674877,0.015116790325004223,0.1820492471612196,0.2105817128137934,0.1907506573713264,
2000,base4,29,152,1,,3318.996792934835,exchangeable_varying_sigma,0.18,fixed,0.18,0.18,fixed,0.18,1.0,sin2,anchor_grid,500,0.6,-0.1326640802399427,0.027005623096473128,0.03551010218834665,0.009257631173115205,0.011831342641783997,0.023314154511108274,0.03100665882823411,0.00895819531488487,0.01024860171855651,0.18022708601720872,0.1844488834711831,0.1326640802399427,
2000,base4,29,152,1,,3682.8412804193795,exchangeable_varying_sigma,0.18,fixed,0.18,0.18,fixed,0.18,1.0,sin2,anchor_grid,500,0.0,0.009652015692518832,0.02829416188947796,0.03752311720442199,0.006766314804174223,0.00849555674889033,0.028299637385701515,0.03767322581501891,0.008099298112029002,0.008538465704920055,0.1720996909157675,0.17859740408694616,0.009652015692518832,
2000,base4,29,152,1,,3777.179396621883,exchangeable_varying_sigma,0.18,fixed,0.18,0.18,fixed,0.18,1.0,sin2,anchor_grid,500,0.3,-0.08748288109662966,0.0271939625470243,0.03579638801205115,0.008395282410069982,0.010758167202640206,0.026419642979268954,0.034831882666212705,0.008953194367087192,0.009889690657213485,0.1745735682356714,0.18034082206885071,0.08748288109662966,
2000,base4,29,152,1,,4125.054894912988,exchangeable_varying_sigma,0.18,fixed,0.18,0.18,fixed,0.18,1.0,sin2,anchor_grid,500,0.9,-0.17401839085976833,0.02679469097801619,0.035297244215269724,0.010027040798577025,0.01279501673601657,0.016334704216614968,0.022489026531864784,0.008212895083459099,0.00983235610496212,0.18452237379898895,0.18765557342583278,0.17401839085976833,
5000,base1,29,152,1,,8189.764360483736,exchangeable_varying_sigma,0.18,fixed,0.18,0.18,fixed,0.18,1.0,mixed,anchor_grid,500,0.0,-0.009050260693714517,0.023427358684290866,0.029700436387544178,0.014885787543268608,0.01535043266619089,0.023366488589434426,0.029641642747303243,0.014535372960505027,0.015110052768095171,0.095219560529137,0.1186745769317218,0.009050260693714517,
2000,base6,29,152,1,,3445.061356782913,exchangeable_varying_sigma,0.18,fixed,0.18,0.18,fixed,0.18,1.0,sin2,anchor_grid,500,0.0,0.00243493155613618,0.04551160103657283,0.058104436427332255,0.01075190159119517,0.012295054600098972,0.04629803988391671,0.059112530991190695,0.008691548954772199,0.011153119139861084,0.12463926196710835,0.14796025600349919,0.00243493155613618,
5000,base1,29,152,1,,7778.502052031457,exchangeable_varying_sigma,0.18,fixed,0.18,0.18,fixed,0.18,1.0,mixed,anchor_grid,500,0.3,-0.054722172472367936,0.02303776701252641,0.029554124907204462,0.016366361598432633,0.01827709764661865,0.022222458670394633,0.028573141783479996,0.014466216694316525,0.016558273742895917,0.09255298258035356,0.11361008871684752,0.054722172472367936,
2000,base6,29,152,1,,3612.2329234704375,exchangeable_varying_sigma,0.18,fixed,0.18,0.18,fixed,0.18,1.0,sin2,anchor_grid,500,0.3,-0.1230880185815886,0.044979894865522174,0.05717293062789696,0.01120261786432171,0.013226604941770293,0.045725268711002826,0.0581467744475106,0.010285413538854274,0.011836393204546417,0.11931261224176594,0.13898061434519848,0.1230880185815886,
2000,base6,29,152,1,,3535.3833553232253,exchangeable_varying_sigma,0.18,fixed,0.18,0.18,fixed,0.18,1.0,sin2,anchor_grid,500,0.6,-0.23002341857670783,0.044645696165879455,0.05674504972289515,0.011460630400764879,0.014053122513978127,0.04416620193399379,0.05635699285598746,0.010053326998088488,0.01196317701939959,0.11507412020432317,0.1342237677329084,0.23002341857670783,
5000,base4,29,152,1,,5817.778798293322,exchangeable_varying_sigma,0.18,fixed,0.18,0.18,fixed,0.18,1.0,sin2,anchor_grid,500,0.0,-0.0021459979081163687,0.016621698485819205,0.021017917304793285,0.011480361911639425,0.011985453031383498,0.01661217029060916,0.02099533900716907,0.012887475545332455,0.01334888117562338,0.06217486569969342,0.06824121117967034,0.0021459979081163687,
5000,base1,29,152,1,,8247.43126322329,exchangeable_varying_sigma,0.18,fixed,0.18,0.18,fixed,0.18,1.0,mixed,anchor_grid,500,0.9,-0.11380349030716919,0.02313696142909131,0.029631766975972515,0.018536803673975186,0.020859012915684715,0.0164516944059423,0.01996277879255432,0.015131049135232763,0.01743824432169109,0.10142383764156897,0.12313634855972509,0.11380349030716919,
2000,base6,29,152,1,,3505.046209037304,exchangeable_varying_sigma,0.18,fixed,0.18,0.18,fixed,0.18,1.0,sin2,anchor_grid,500,0.9,-0.3362830904886376,0.04425355804675272,0.056229592794443416,0.011551728036005543,0.014764731150835196,0.041134331706318736,0.0529830384668532,0.009498087531886287,0.011530697351265322,0.11113212338850181,0.130001758564395,0.3362830904886376,
5000,base4,29,152,1,,6912.478239979595,exchangeable_varying_sigma,0.18,fixed,0.18,0.18,fixed,0.18,1.0,sin2,anchor_grid,500,0.3,-0.03836053336931189,0.01588422509014359,0.02040389129010117,0.011588377159729699,0.013633792858709658,0.015243853326824746,0.019707837891278793,0.01462507257228085,0.016106071905972356,0.05886574414930309,0.06535259499095558,0.03836053336931189,
5000,base4,29,152,1,,7374.66782226786,exchangeable_varying_sigma,0.18,fixed,0.18,0.18,fixed,0.18,1.0,sin2,anchor_grid,500,0.6,-0.059559405068341786,0.015919375481457484,0.02037898809595272,0.012462757181619044,0.014759049838050275,0.013309279509661969,0.017240346166234214,0.015324192871948653,0.01688799075268018,0.06254906874101537,0.06893755002692474,0.059559405068341786,
5000,base4,29,152,1,,7013.777986779809,exchangeable_varying_sigma,0.18,fixed,0.18,0.18,fixed,0.18,1.0,sin2,anchor_grid,500,0.9,-0.07745636864114924,0.015987865342769816,0.020369514499976062,0.013112700527646015,0.01565908216396512,0.008892108505847927,0.0115065839886925,0.015360606540755412,0.016966215938029938,0.0665881223161148,0.0731148332792897,0.07745636864114924,
5000,base6,29,152,1,,4028.13227853179,exchangeable_varying_sigma,0.18,fixed,0.18,0.18,fixed,0.18,1.0,sin2,anchor_grid,500,0.3,-0.09211154344796726,0.035658246022335874,0.04470787732543095,0.009764320914724595,0.011448710878111468,0.03633744579376986,0.045661534163047524,0.011565959388872296,0.013111915843253451,0.17520608649800778,0.21266998928376998,0.09211154344796726,
5000,base6,29,152,1,,5244.892172191292,exchangeable_varying_sigma,0.18,fixed,0.18,0.18,fixed,0.18,1.0,sin2,anchor_grid,500,0.0,0.02896171359639972,0.0359445770917868,0.04488315036358126,0.013304418156647735,0.014219036572082771,0.03690084457637879,0.04616425923916512,0.013522262681493924,0.014208127225507029,0.1719537415525988,0.21114020820073193,0.02896171359639972,
5000,base6,29,152,1,,3995.4635512046516,exchangeable_varying_sigma,0.18,fixed,0.18,0.18,fixed,0.18,1.0,sin2,anchor_grid,500,0.6,-0.18172972595844245,0.03565935945212772,0.044699084495754694,0.010638700936607029,0.012568465009332593,0.035577048224388834,0.04484614445175704,0.012241683023956035,0.014008974348988167,0.17329186795877774,0.21004859242623397,0.18172972595844245,
5000,base6,29,152,1,,3562.0298455022275,exchangeable_varying_sigma,0.18,fixed,0.18,0.18,fixed,0.18,1.0,sin2,anchor_grid,500,0.9,-0.2701309339163823,0.035633715288989024,0.044696291695565146,0.011288644282632779,0.013464641857086065,0.034099058491003316,0.0433599224666481,0.012453163193384367,0.014476022147330203,0.1714229150579458,0.20752401838300408,0.2701309339163823,
