n_subject,coef_type,rho_true,sigma2_function,a_eval_mode,a_eval_selected_points,covariance_mode,signal_bandwidth_method,n_rep,n_success,n_fail,miae_iid_mean,miae_iid_std,rmise_iid_mean,rmise_iid_std,beta_mae_iid_mean,beta_mae_iid_std,beta_rmse_iid_mean,beta_rmse_iid_std,miae_final_mean,miae_final_std,rmise_final_mean,rmise_final_std,beta_mae_final_mean,beta_mae_final_std,beta_rmse_final_mean,beta_rmse_final_std,sigma2_miae_mean,sigma2_miae_std,sigma2_rmise_mean,sigma2_rmise_std,rho_abs_error_mean,rho_abs_error_std,rho_error_mean,rho_error_std,best_signal_bandwidth_mean,best_signal_bandwidth_std,best_variance_bandwidth_mean,best_variance_bandwidth_std,elapsed_seconds_mean,elapsed_seconds_std,rho_mae,rho_rmse
2000,base1,0.0,mixed,anchor_grid,500,exchangeable_varying_sigma,fixed,30,30,0,0.035951165681617506,0.0009470953813412886,0.04878449337802531,0.0014541774784603205,0.015111364063897577,0.0068450294846495756,0.018172507272257176,0.00790151961563925,0.035987673113936296,0.00094571904885954,0.048903408612996004,0.0014668034691035269,0.015228050343153665,0.0068106190604899615,0.018020179992966717,0.007833468894266352,0.23705395794131653,0.02106551869619994,0.2784062561602236,0.018119928825804616,0.019111593682324995,0.01377426823956836,0.007259384771334925,0.02241171147760869,0.17999999999999997,2.7755575615628914e-17,0.17999999999999997,2.7755575615628914e-17,1776.3889308715084,828.4918465018279,0.019111593682324995,0.023558087329277527
2000,base1,0.0,sin,anchor_grid,500,exchangeable_varying_sigma,fixed,30,30,0,0.035154257020674144,0.0009529299647604693,0.04673593290737152,0.0013305261944037252,0.01538758441916633,0.00661753123717157,0.018394855525044225,0.007738101735183424,0.035218285173334356,0.0009546682849499726,0.04689424030440254,0.001349821089475646,0.015173315470052916,0.006593994884331767,0.01793667395272572,0.00771834782740705,0.2238697528509349,0.02219450674225486,0.24475789253013422,0.02170900192097746,0.01955370689315548,0.014250078786815784,0.005899351188002419,0.023465077333230926,0.17999999999999997,2.7755575615628914e-17,0.17999999999999997,2.7755575615628914e-17,1826.244195837706,874.6037512950265,0.01955370689315548,0.024195292903659862
2000,base1,0.0,sin2,anchor_grid,500,exchangeable_varying_sigma,fixed,30,30,0,0.03031117650627896,0.0008811765291518398,0.03898727868640787,0.0011006372897538618,0.013755893159066005,0.0058954114221704546,0.016098075197400336,0.006902998743692691,0.030432397690139005,0.0008683867855212025,0.03920732708567282,0.0011080076609528335,0.012866845722230246,0.005536198578415947,0.015476700958884709,0.006448411482571859,0.1500603227042595,0.018233050784524252,0.1554490610894976,0.01882238911645505,0.021334930739136945,0.014751099080993785,0.005583376804706702,0.025329826237022027,0.17999999999999997,2.7755575615628914e-17,0.17999999999999997,2.7755575615628914e-17,1588.6502839453362,267.8422739319628,0.021334930739136945,0.025937891081216802
2000,base1,0.3,mixed,anchor_grid,500,exchangeable_varying_sigma,fixed,30,30,0,0.03586383698412806,0.0009908731977580356,0.04872594512596011,0.0017665769716818428,0.01699297101765784,0.007077263419298687,0.020311366204401736,0.008599186678734076,0.03501460242905851,0.0009642528093416448,0.04768604097098285,0.0017092020326806819,0.01670759990453426,0.006991451429206064,0.019815840948776524,0.008241593294070917,0.235715887126483,0.01963954218888496,0.278117877925829,0.017837133551440017,0.06714657165653996,0.02511392561804351,-0.06714657165653996,0.02511392561804351,0.17999999999999997,2.7755575615628914e-17,0.17999999999999997,2.7755575615628914e-17,1837.42663459441,757.8051809001211,0.06714657165653996,0.07168940887729146
2000,base1,0.3,sin,anchor_grid,500,exchangeable_varying_sigma,fixed,30,30,0,0.035117996345913886,0.0009376250820631067,0.04677882856676819,0.0015659342833711874,0.01715633983876693,0.006870786713242927,0.02039742693458891,0.008360668073268587,0.03429969786180366,0.000927436594518717,0.04580051821225736,0.0015215167878931748,0.016299668892927027,0.007046286108498237,0.019459436976784764,0.00824242484011144,0.22331354766738443,0.020712904510937175,0.24611475842543593,0.019290625929216775,0.06339345311966234,0.025773728756636322,-0.06339345311966234,0.025773728756636322,0.17999999999999997,2.7755575615628914e-17,0.17999999999999997,2.7755575615628914e-17,1857.1794031801323,1066.744134276154,0.06339345311966234,0.06843255798562178
2000,base1,0.3,sin2,anchor_grid,500,exchangeable_varying_sigma,fixed,30,30,0,0.030229452492788727,0.0008327349286431998,0.03892075333399699,0.0012039984479884655,0.014768985641892362,0.006125024958693155,0.01765903644017842,0.007417062396367252,0.029631210362502273,0.0008310323859577252,0.03821872525674587,0.0011918062567906342,0.01414501929127135,0.0060258359178397315,0.016762722330691992,0.0069741829054967616,0.14816892825991637,0.017616120014144133,0.1534294326264961,0.018133916953839497,0.06414898867487631,0.026608960793186656,-0.06365371280497051,0.027772907457540096,0.17999999999999997,2.7755575615628914e-17,0.17999999999999997,2.7755575615628914e-17,1607.2700645358186,238.462241248044,0.06414898867487631,0.0694487547944724
2000,base1,0.6,mixed,anchor_grid,500,exchangeable_varying_sigma,fixed,30,30,0,0.03588156253147538,0.0010331135532603921,0.048748754492258864,0.0018336479398219732,0.018679165615075936,0.0076518518584096015,0.022355141077983375,0.009370554419264718,0.03203149572419466,0.0009004063980120041,0.04364050070627493,0.001615657186612202,0.018103573507895494,0.007574137281020769,0.021490446103537265,0.008707995044050723,0.23574434798534066,0.02361630926832354,0.27867735314952535,0.021605920810510566,0.13846434897676532,0.019340352879079085,-0.13846434897676532,0.019340352879079085,0.17999999999999997,2.7755575615628914e-17,0.17999999999999997,2.7755575615628914e-17,1752.9258728749933,841.9142108879797,0.13846434897676532,0.13980853045163857
2000,base1,0.6,sin,anchor_grid,500,exchangeable_varying_sigma,fixed,30,30,0,0.03514694825555727,0.000983185116975424,0.04680655403100716,0.0016414681411337643,0.018762584821107937,0.007443632070867181,0.022425456713057804,0.009118818890293822,0.03133705219829383,0.0008570396971449743,0.04186431731602991,0.0014168288418663442,0.017614867186690975,0.007657645752059281,0.02105371382595638,0.008785288098293449,0.22266471804051563,0.025060353447250525,0.24585864229194876,0.022888075595300678,0.13212121414990535,0.019723324813372616,-0.13212121414990535,0.019723324813372616,0.17999999999999997,2.7755575615628914e-17,0.17999999999999997,2.7755575615628914e-17,2258.7397821577383,830.0042664535346,0.13212121414990535,0.13358527153147892
2000,base1,0.6,sin2,anchor_grid,500,exchangeable_varying_sigma,fixed,30,30,0,0.030253125835797413,0.0008576519849508239,0.038952627515283104,0.001239418210960729,0.0161121563975917,0.006842406938973942,0.019383538281071405,0.00814970573112545,0.027227944161087904,0.0007741045947262439,0.03510101267197022,0.0011105458279550614,0.0152745087805822,0.006423611542985889,0.018148617535222806,0.0073768503877131054,0.14763335127203134,0.02145807622833548,0.15321072165758956,0.021385228069105915,0.13170186846491108,0.021835174103484005,-0.13170186846491108,0.021835174103484005,0.17999999999999997,2.7755575615628914e-17,0.17999999999999997,2.7755575615628914e-17,1678.5248543778746,222.73464592769264,0.13170186846491108,0.1334996516298009
2000,base1,0.9,mixed,anchor_grid,500,exchangeable_varying_sigma,fixed,30,30,0,0.035938650139787705,0.0011357223860513123,0.048812653026559814,0.0019461172540007857,0.020195735527213085,0.008200358792590713,0.024252562763647057,0.010069997765921462,0.025303986057711877,0.0008086912906960559,0.03428780998089828,0.0014946918190795982,0.01934342725621274,0.00777541860658341,0.022988182169480554,0.008842342275728826,0.2360926619322626,0.027799430771080734,0.27948306666614886,0.025978594112857467,0.2099821934234998,0.012316388550158574,-0.2099821934234998,0.012316388550158574,0.17999999999999997,2.7755575615628914e-17,0.17999999999999997,2.7755575615628914e-17,1852.2005263041667,745.995396268504,0.2099821934234998,0.21034308874280266
2000,base1,0.9,sin,anchor_grid,500,exchangeable_varying_sigma,fixed,30,30,0,0.03520509743636638,0.001091447143193993,0.04686153391823448,0.0017630793368833865,0.02021172161923563,0.007984886953746127,0.024296439758315348,0.009808012249398685,0.02464528280328077,0.0007566776237801082,0.0327766640625591,0.0012962599238178884,0.018877355195401548,0.007843923916018234,0.022502172940345677,0.008965300260437754,0.22230597431972976,0.029164011435849187,0.24567840637961744,0.026860994454795055,0.20141793307963762,0.012562232788687648,-0.20141793307963762,0.012562232788687648,0.17999999999999997,2.7755575615628914e-17,0.17999999999999997,2.7755575615628914e-17,1994.7507453827343,807.6442687893987,0.20141793307963762,0.2018092997329671
2000,base1,0.9,sin2,anchor_grid,500,exchangeable_varying_sigma,fixed,30,30,0,0.030311830522794587,0.0009253069205487462,0.0390105997178979,0.0013027476407440313,0.01744227090943997,0.007391951529201449,0.020976120086438798,0.008782393962649942,0.021912653240441827,0.0006687413158695863,0.0280518947931782,0.0009697579957958934,0.016351111613587835,0.006492869199816855,0.0194146737399015,0.007474329379627211,0.14725490044195286,0.02568412073337654,0.15339960896548974,0.024768930137217808,0.2000472394726443,0.013941528840432886,-0.2000472394726443,0.013941528840432886,0.17999999999999997,2.7755575615628914e-17,0.17999999999999997,2.7755575615628914e-17,1603.6687218201191,271.4255186075411,0.2000472394726443,0.20053245185514018
2000,base2,0.0,mixed,anchor_grid,500,exchangeable_varying_sigma,fixed,30,30,0,0.035646482207377095,0.001012765528252515,0.04847767017489611,0.0015627733240901615,0.014836505143961646,0.007317689926253531,0.017799388449403954,0.008442882751421976,0.035663137219225975,0.0010099522689929919,0.04858159544394555,0.0015722388224057018,0.014850629893262942,0.007229480823868382,0.017621174952903728,0.00832659584566663,0.2394782627956161,0.020692237970289833,0.2847987804516441,0.01748374524466113,0.016610620535359603,0.013150041493366477,0.00742120588777549,0.019843437429493325,0.17999999999999997,2.7755575615628914e-17,0.17999999999999997,2.7755575615628914e-17,1580.8048347279275,296.53853829308486,0.016610620535359603,0.021185757145945252
2000,base2,0.0,sin,anchor_grid,500,exchangeable_varying_sigma,fixed,30,30,0,0.034639087250890224,0.0009957619059763213,0.04640260581389478,0.00145077488301595,0.015002780281824103,0.007034749189705753,0.017933523725898144,0.008181449942153246,0.03479608124444563,0.001001973562598577,0.0466643007628462,0.0014700378640677702,0.014727218005975129,0.006963911233784368,0.01753978928511778,0.008122525510143343,0.22567403500744035,0.02208983183942183,0.24437519247408737,0.02048977178287726,0.0171728876730507,0.013826732860372622,0.006035704934879686,0.02120511444351088,0.17999999999999997,2.7755575615628914e-17,0.17999999999999997,2.7755575615628914e-17,1409.4239587955876,135.21203171334088,0.0171728876730507,0.02204737201172341
2000,base2,0.0,sin2,anchor_grid,500,exchangeable_varying_sigma,fixed,30,30,0,0.029844537991815783,0.0008903725435997001,0.0386000667867594,0.0011522939744108341,0.013289728195633422,0.006230189083043553,0.015601237838054801,0.007343963176809606,0.030015684027754362,0.00088607556855177,0.0388940577459992,0.0011678480543746894,0.012412087067323637,0.006097031178717094,0.015036345095364207,0.00702260742986622,0.15166860076950392,0.01837850032960463,0.15842830364978228,0.018514342740308224,0.018611533733202745,0.015364505313363851,0.0056836070553106756,0.02345535807160813,0.17999999999999997,2.7755575615628914e-17,0.17999999999999997,2.7755575615628914e-17,1968.3142086550865,931.1387244454912,0.018611533733202745,0.024134150314989958
2000,base2,0.3,mixed,anchor_grid,500,exchangeable_varying_sigma,fixed,30,30,0,0.03555289075106073,0.000957311480065783,0.04843347843924098,0.00168620922635763,0.017269783627227205,0.006892255647997187,0.020532059986553823,0.008142970269515094,0.034720536760428036,0.0009731542569703216,0.047421695981129476,0.0016857229602573465,0.01695737920584909,0.006890011655084332,0.01999279994485841,0.007917452350557531,0.238220322681542,0.019011881850877318,0.28385675808543254,0.017546052139986605,0.06484389085664383,0.024138891917808485,-0.06457468792941454,0.024850069683336917,0.17999999999999997,2.7755575615628914e-17,0.17999999999999997,2.7755575615628914e-17,1536.8716606654655,302.7410436977149,0.06484389085664383,0.06919115755967646
2000,base2,0.3,sin,anchor_grid,500,exchangeable_varying_sigma,fixed,30,30,0,0.03460316081211074,0.0009662847151952429,0.046447172747238294,0.0015691387415001394,0.01743637629762178,0.006558511208331489,0.020628857261731744,0.007867235766796864,0.033899896055348974,0.000991481073747089,0.04561493026222006,0.0015895727037695702,0.016416802540937397,0.006924056842962934,0.019503552387958843,0.007910966736734972,0.22526836675167192,0.020679908867564125,0.2453946891069544,0.018449915234573743,0.0613263503223204,0.023305650090496337,-0.06051233884104412,0.02534425808705559,0.17999999999999997,2.7755575615628914e-17,0.17999999999999997,2.7755575615628914e-17,1390.9323669968019,114.72743101333694,0.0613263503223204,0.06560544619158243
2000,base2,0.3,sin2,anchor_grid,500,exchangeable_varying_sigma,fixed,30,30,0,0.029760270014962637,0.0008415515578642799,0.03852742485533731,0.0011985837402522681,0.014962019580025306,0.005893318305235888,0.017854121709986664,0.006984283957595856,0.02922001854178186,0.0008796028854359983,0.03793847248424199,0.0012391367594429073,0.01427413624683074,0.005919165829786857,0.01687981941318236,0.006654548887194795,0.15010076504726397,0.01792759233601203,0.15672144612961908,0.01838273788217793,0.06215311320167003,0.02330991057464026,-0.06076627265216924,0.02671743849285637,0.17999999999999997,2.7755575615628914e-17,0.17999999999999997,2.7755575615628914e-17,1818.2649911238384,809.3131754879731,0.06215311320167003,0.06638042943260714
2000,base2,0.6,mixed,anchor_grid,500,exchangeable_varying_sigma,fixed,30,30,0,0.03555623185199899,0.000998518768642607,0.048437780469366316,0.0017266946790400113,0.018917311763082017,0.007494962460699123,0.02255502144924614,0.008939855932202975,0.03168788872760743,0.000921996018310463,0.043358146754547,0.0015977652321886244,0.018345556139824092,0.007548448845841467,0.02163717954578171,0.008504057860519122,0.2385186503155885,0.022526272993528187,0.284431162358815,0.02126290014915566,0.1354102737043464,0.019630487865813402,-0.1354102737043464,0.019630487865813402,0.17999999999999997,2.7755575615628914e-17,0.17999999999999997,2.7755575615628914e-17,1735.9831551725006,293.57619664245345,0.1354102737043464,0.13682579536964457
2000,base2,0.6,sin,anchor_grid,500,exchangeable_varying_sigma,fixed,30,30,0,0.03460946700283806,0.0010062037376865746,0.04645263693069801,0.0016073700932830596,0.019063801451901233,0.007148549499719085,0.022644510663900184,0.008637815918653785,0.030893710400249304,0.0009346967597049203,0.04167724749418717,0.0014928726842438494,0.017758597845992933,0.007626491349090501,0.021070881556270623,0.008556212929207717,0.22448433242868565,0.02519140781539872,0.24523699876025973,0.02196301696338041,0.12874757245220753,0.020144871274463814,-0.12874757245220753,0.020144871274463814,0.17999999999999997,2.7755575615628914e-17,0.17999999999999997,2.7755575615628914e-17,1406.0170189702612,157.64879546904336,0.12874757245220753,0.13031405622956085
2000,base2,0.6,sin2,anchor_grid,500,exchangeable_varying_sigma,fixed,30,30,0,0.029770361728602875,0.0008597714406184154,0.038539497768349744,0.0012133900968130085,0.016416603741267962,0.0064380528905949265,0.019580058560911787,0.007718582627224708,0.026757429530168863,0.000831429181615371,0.03481798752709476,0.0011652138673695846,0.015436047639086766,0.006458057174629929,0.01824685398810157,0.0071345766681896045,0.1495848474158016,0.021557098398277123,0.15675664639101608,0.02135243718404372,0.12813994179616145,0.02164335184654131,-0.12813994179616145,0.02164335184654131,0.17999999999999997,2.7755575615628914e-17,0.17999999999999997,2.7755575615628914e-17,2002.4046114617997,806.036915261359,0.12813994179616145,0.12995491280700713
2000,base2,0.9,mixed,anchor_grid,500,exchangeable_varying_sigma,fixed,30,30,0,0.035577772360266664,0.0011071087196539015,0.04848075706437207,0.0018179733975875955,0.02049428397972686,0.007993957965636593,0.024428962440706428,0.009668128325216838,0.024648850191182306,0.0008165993644789913,0.033881559973061345,0.001449373789488453,0.019484413198652795,0.008009102962413419,0.023111981357526887,0.008784454495374638,0.23912976786093829,0.02653363152338996,0.28525447135712045,0.02561474919127833,0.20660700966444562,0.013550591899059314,-0.20660700966444562,0.013550591899059314,0.17999999999999997,2.7755575615628914e-17,0.17999999999999997,2.7755575615628914e-17,1752.5297035014917,292.1053232489818,0.20660700966444562,0.20705089949888933
2000,base2,0.9,sin,anchor_grid,500,exchangeable_varying_sigma,fixed,30,30,0,0.034622527122451466,0.0011047482354530466,0.046482836871139785,0.0016955350800547627,0.020551160470082295,0.007655656126734095,0.024500718146610843,0.009343209475870227,0.02391655927835524,0.0008135292597842893,0.03250212049877655,0.0013283444456763734,0.018963178781520165,0.00803621390366852,0.022484172502397055,0.0088798836266743,0.22386922374444784,0.02979418722109742,0.24516871491930736,0.02590895780250773,0.19774166656722278,0.014360858151683413,-0.19774166656722278,0.014360858151683413,0.17999999999999997,2.7755575615628914e-17,0.17999999999999997,2.7755575615628914e-17,1451.726869924615,133.7084090238065,0.19774166656722278,0.19826245469991405
2000,base2,0.9,sin2,anchor_grid,500,exchangeable_varying_sigma,fixed,30,30,0,0.02979696901119574,0.0009240671305227904,0.03857681145652551,0.0012674065280341706,0.017758758123058715,0.007003201138285046,0.021158372191653407,0.008391264010432789,0.021107983780937027,0.0006975298978911529,0.02767689569011963,0.0009764001699577649,0.016483654168931886,0.006631156301172517,0.0195037229003258,0.00730418782739398,0.14919548845520747,0.025636794221408334,0.15723704436044866,0.02448321315577126,0.19598303990964824,0.015295307486187173,-0.19598303990964824,0.015295307486187173,0.17999999999999997,2.7755575615628914e-17,0.17999999999999997,2.7755575615628914e-17,2185.3373911795984,941.2811876343411,0.19598303990964824,0.1965789875935976
2000,base3,0.0,mixed,anchor_grid,500,exchangeable_varying_sigma,fixed,30,30,0,0.052492919932405256,0.001030927673767773,0.06669952368253274,0.0012882771205853698,0.015919153475934276,0.0066136374677272245,0.018703017937046002,0.007927034097177392,0.0537801066848214,0.0010370651956874211,0.06835144017659986,0.0013097839178294883,0.015605158336470547,0.006725264134037393,0.018327870441625385,0.00792126512078508,0.16131696756607905,0.011818798326270419,0.2028700753212119,0.012207101424112484,0.018751645437597855,0.0167912045129412,0.004250942959618685,0.024809236980747103,0.17999999999999997,2.7755575615628914e-17,0.17999999999999997,2.7755575615628914e-17,1802.3270709836468,873.9579280551108,0.018751645437597855,0.025170791716050595
2000,base3,0.0,sin,anchor_grid,500,exchangeable_varying_sigma,fixed,30,30,0,0.051763232412154817,0.0009689563018973182,0.06520609813234311,0.0011794499448200297,0.016175436817536314,0.006653927948264422,0.01893472767305317,0.007855645633013856,0.05302523898835688,0.0009930796663332076,0.06681181679148292,0.0012158301177867697,0.015152782615280795,0.006795565427176143,0.01793751032644198,0.00789402914093468,0.1366997178649062,0.00754492545680943,0.16729013602171844,0.00905218212429027,0.019350997390615052,0.015933486652535175,0.003120870961697712,0.024871615575964085,0.17999999999999997,2.7755575615628914e-17,0.17999999999999997,2.7755575615628914e-17,1831.7671531948959,829.4698396829847,0.019350997390615052,0.025066653085685515
2000,base3,0.0,sin2,anchor_grid,500,exchangeable_varying_sigma,fixed,30,30,0,0.04799596603850011,0.0008733124309687623,0.05989147323076447,0.0010278313171721524,0.01449027947961556,0.006023224194582818,0.01675739649636717,0.007060125352193101,0.04945992111947812,0.0008831984058498049,0.061766530195661425,0.001037047676822879,0.013233756234076004,0.0056232714942495675,0.015818265702955824,0.006759233793756765,0.12454870617966834,0.01046145423399748,0.1471349022764112,0.013394959403358952,0.019279549948081277,0.0168154268682646,0.0019710466850086025,0.025506363949572123,0.17999999999999997,2.7755575615628914e-17,0.17999999999999997,2.7755575615628914e-17,1363.6901404737457,105.23366891874318,0.019279549948081277,0.025582408544984885
2000,base3,0.3,mixed,anchor_grid,500,exchangeable_varying_sigma,fixed,30,30,0,0.05250282404146062,0.0010207126866179717,0.06672767436696156,0.0012931415438925172,0.018081152049955508,0.008579374867500093,0.021765531384561713,0.009761363439285808,0.05325955073695268,0.0010205567766323502,0.0676930595336575,0.0012944169454951085,0.017862733088278227,0.00862460307879627,0.021204822059825275,0.00951570785591361,0.163534372730031,0.014275734155346706,0.2042474536319538,0.014963861181654166,0.12378905427429253,0.024525863463495553,-0.12378905427429253,0.024525863463495553,0.17999999999999997,2.7755575615628914e-17,0.17999999999999997,2.7755575615628914e-17,1815.1838897229095,842.2976338326886,0.12378905427429253,0.12619527699860153
2000,base3,0.3,sin,anchor_grid,500,exchangeable_varying_sigma,fixed,30,30,0,0.051818864486697015,0.0009576997285722695,0.06531757573093583,0.001146487719330111,0.018213744469745993,0.008245534090569913,0.021751506258839193,0.009668375983780168,0.052539155917326705,0.0009750028000911772,0.06624474349064446,0.0011701940725172926,0.017690591047100912,0.00875523064930599,0.021235715488059526,0.00964499181686612,0.13885909028476387,0.011860450827485412,0.16989662207035808,0.012968967328174565,0.12045983645550475,0.0240287284592403,-0.12045983645550475,0.0240287284592403,0.17999999999999997,2.7755575615628914e-17,0.17999999999999997,2.7755575615628914e-17,1835.5012668387849,729.0739931948389,0.12045983645550475,0.12283302483556632
2000,base3,0.3,sin2,anchor_grid,500,exchangeable_varying_sigma,fixed,30,30,0,0.04799550434176334,0.0008673347717790432,0.059881678445201744,0.0009533225346848409,0.01620591571434877,0.007197226285819891,0.019432600235318606,0.008274492590091498,0.0490598938607903,0.0008922541568260191,0.06129720917524195,0.0009708090397244207,0.015347377626594185,0.007569415208152981,0.018344773882677426,0.008510658192407103,0.12405292031682408,0.012094626109683091,0.14670167200794398,0.015107768498712617,0.13188295148435386,0.025599392710465626,-0.13188295148435386,0.025599392710465626,0.17999999999999997,2.7755575615628914e-17,0.17999999999999997,2.7755575615628914e-17,1357.5680502430537,125.06983772911289,0.13188295148435386,0.13434448927800902
2000,base3,0.6,mixed,anchor_grid,500,exchangeable_varying_sigma,fixed,30,30,0,0.05253790579273327,0.0010514757384445894,0.0667635870690779,0.001379743085161057,0.019519185891939142,0.009330967792995604,0.023547545077436376,0.010725208154512786,0.05158320081072965,0.0009951505635445368,0.0654354200988468,0.0012396627599032828,0.01912244808064371,0.009356811766661376,0.022809687762262887,0.010249954319005687,0.16447895929585687,0.01728739614399567,0.20520000147580583,0.017529847667873126,0.24680383841805842,0.01970027982019909,-0.24680383841805842,0.01970027982019909,0.17999999999999997,2.7755575615628914e-17,0.17999999999999997,2.7755575615628914e-17,2011.5979957350064,916.2371422778092,0.24680383841805842,0.24758884401943723
2000,base3,0.6,sin,anchor_grid,500,exchangeable_varying_sigma,fixed,30,30,0,0.05186421802806209,0.0009894791024499957,0.06536065634666775,0.00122679709219085,0.01958844845929697,0.008992012302592738,0.02352809204058768,0.010603648968419506,0.050872361460353614,0.0009449733134913078,0.06408258081491167,0.0011116440337600544,0.018971056828435875,0.009449794404420122,0.022815811247986727,0.010387471644343893,0.13963274990031369,0.01470454421216755,0.17061597666220538,0.015418806983630141,0.2407454705947947,0.01923071245974654,-0.2407454705947947,0.01923071245974654,0.17999999999999997,2.7755575615628914e-17,0.17999999999999997,2.7755575615628914e-17,1863.3284636807782,817.0045325617218,0.2407454705947947,0.2415123224881468
2000,base3,0.6,sin2,anchor_grid,500,exchangeable_varying_sigma,fixed,30,30,0,0.04803906075433193,0.0008742176654696684,0.05992097191825437,0.0009831996034659544,0.017479578726543633,0.007783790522620978,0.02096816401750076,0.009026370663777225,0.047844557251065505,0.0008599753271310827,0.05984138922440378,0.0009237588597948109,0.016424404542185925,0.008169707281438331,0.019672524230463822,0.00917576809620807,0.1243332914290851,0.014538713089305176,0.1471349123396065,0.01807201526644709,0.26256143769351104,0.021135431553441122,-0.26256143769351104,0.021135431553441122,0.17999999999999997,2.7755575615628914e-17,0.17999999999999997,2.7755575615628914e-17,1393.7441456421589,162.23686251744826,0.26256143769351104,0.263410734463563
2000,base3,0.9,mixed,anchor_grid,500,exchangeable_varying_sigma,fixed,30,30,0,0.052602193095488615,0.0011031920614348605,0.06683035320933765,0.0015357000423441912,0.02096090704129489,0.009760448391745367,0.025216003671243756,0.011565324698183322,0.04826083593253853,0.0009540895335664488,0.061086747328824235,0.0011578140652349187,0.020235241577305683,0.009847429504867453,0.02415893411251301,0.010872118436602154,0.16546070121756096,0.0202543018969575,0.2063525923487309,0.020304236152226086,0.36992803936534835,0.014564433145799653,-0.36992803936534835,0.014564433145799653,0.17999999999999997,2.7755575615628914e-17,0.17999999999999997,2.7755575615628914e-17,2079.229842648523,864.8238360192664,0.36992803936534835,0.37021463642264224
2000,base3,0.9,sin,anchor_grid,500,exchangeable_varying_sigma,fixed,30,30,0,0.05193758165769534,0.0010473057396728092,0.06542532902654724,0.001375917708429144,0.020957515538502162,0.009465512858560128,0.02517448256696894,0.011431829847953398,0.04757844223731455,0.0009090969471221811,0.05993787779499867,0.001033781681134936,0.0200848763714427,0.009904759241792516,0.024130357417942203,0.011027458516595237,0.1405280950479106,0.018011322577019435,0.1714530731368254,0.018150738221436032,0.3613152596309605,0.01440840279580789,-0.3613152596309605,0.01440840279580789,0.17999999999999997,2.7755575615628914e-17,0.17999999999999997,2.7755575615628914e-17,1817.2360652197192,774.4412519613645,0.3613152596309605,0.36160243211753257
2000,base3,0.9,sin2,anchor_grid,500,exchangeable_varying_sigma,fixed,30,30,0,0.0481056891350732,0.0008955455118640636,0.05998005051412079,0.0010483614147459807,0.018649572166698533,0.008312046868743735,0.02234750786379364,0.009765976885418073,0.045503422157000144,0.0008063548704329727,0.0571425408126809,0.0008422517851820795,0.01727613500875654,0.008652441799483237,0.02081130718852259,0.009727754530734767,0.12487277099352691,0.017621216974358266,0.1477571239959489,0.021292210833752285,0.3933365516002954,0.016203128653609192,-0.3933365516002954,0.016203128653609192,0.17999999999999997,2.7755575615628914e-17,0.17999999999999997,2.7755575615628914e-17,1439.335562573575,150.992122184869,0.3933365516002954,0.39367014644620596
2000,base4,0.0,mixed,anchor_grid,500,exchangeable_varying_sigma,fixed,30,30,0,0.03330076451115034,0.0009048318977142035,0.04640481887240691,0.001474332541174079,0.014778204633102062,0.006953991519286046,0.01774166576095932,0.007910426633870449,0.03333721579049752,0.000911135186094091,0.04651162708437537,0.001493268783944763,0.01485070651046306,0.0068728425237023095,0.017539474167809935,0.007816826939556749,0.26111947092395815,0.021427725804272515,0.29498324673206266,0.01899287432131478,0.018058111955966176,0.014413205720611897,0.008023816622958832,0.021666893486608028,0.17999999999999997,2.7755575615628914e-17,0.17999999999999997,2.7755575615628914e-17,1419.1156544346206,124.05894658786004,0.018058111955966176,0.0231048892349409
2000,base4,0.0,sin,anchor_grid,500,exchangeable_varying_sigma,fixed,30,30,0,0.03251330626745522,0.0008874915917834595,0.04423940672955267,0.0013289371714567215,0.014925855619220378,0.006776432583727781,0.017939657476342626,0.007726203891682874,0.0325650086304493,0.0008934448856252218,0.04438033369806005,0.0013523636772980747,0.014760275650016695,0.0066630028110956415,0.017364094240195815,0.007729029605060195,0.2479028562039049,0.02241373298117496,0.26352270580887255,0.022052690129037766,0.018403388094498343,0.01488168212865599,0.006563778181134874,0.022739084685271308,0.17999999999999997,2.7755575615628914e-17,0.17999999999999997,2.7755575615628914e-17,1536.0628575141775,304.7632137787403,0.018403388094498343,0.023667470425355604
2000,base4,0.0,sin2,anchor_grid,500,exchangeable_varying_sigma,fixed,30,30,0,0.02751673547432045,0.0007669982999938282,0.03596154754733887,0.0010285670004092583,0.013353377818834876,0.005980704933652217,0.015591121055379109,0.006888329527245558,0.027542490987369817,0.0007644743321654693,0.036094938590961696,0.001049548595880421,0.012448105043620872,0.005639478006590594,0.0149940539763737,0.00648731901565088,0.17405338413643678,0.018522740241854168,0.18027920059869143,0.019381254491088063,0.019812273369840375,0.01593784223807081,0.006318588202524327,0.024629584535956758,0.17999999999999997,2.7755575615628914e-17,0.17999999999999997,2.7755575615628914e-17,1811.2742280520654,864.3570098208506,0.019812273369840375,0.025427170335822268
2000,base4,0.3,mixed,anchor_grid,500,exchangeable_varying_sigma,fixed,30,30,0,0.033202691479435525,0.0008630103318091133,0.046368207387091034,0.0016879165026187446,0.016933802114779208,0.0071084230291053535,0.020277823951812837,0.008635329573885377,0.032259913025427925,0.0008326375496482014,0.04524501457458539,0.0016343358958451938,0.016540186381465403,0.007130884464230296,0.01972724851844616,0.008269626137364679,0.2599377278952884,0.020247339429081936,0.29457754903587363,0.01839839068427216,0.05931039055735994,0.02415607741794727,-0.058989030901645124,0.024930558308493406,0.17999999999999997,2.7755575615628914e-17,0.17999999999999997,2.7755575615628914e-17,1396.7898769288868,163.76929221943388,0.05931039055735994,0.06404091273778376
2000,base4,0.3,sin,anchor_grid,500,exchangeable_varying_sigma,fixed,30,30,0,0.032482459115994816,0.0008300211667422094,0.04430831544370362,0.0014981634597866509,0.017022529394216317,0.00687982848700379,0.020358350685438963,0.008391590224813478,0.03154880866910907,0.0008117437005054429,0.04323100332917431,0.001459063681488813,0.016144349243766606,0.007194356208830966,0.019447080945332866,0.008277475709317892,0.24762759787226832,0.021111699875635024,0.26481355522686145,0.019867116707733758,0.05596617436973884,0.02337876366026031,-0.05519801284168631,0.025138787603927,0.17999999999999997,2.7755575615628914e-17,0.17999999999999997,2.7755575615628914e-17,1541.6838336531848,270.2255272244168,0.05596617436973884,0.060652941098237934
2000,base4,0.3,sin2,anchor_grid,500,exchangeable_varying_sigma,fixed,30,30,0,0.027431677627129423,0.0007113769489141944,0.0358981055263894,0.0010976212268022571,0.014627900233335177,0.006125306095034563,0.017654087228685666,0.007318038409891789,0.02662694512274624,0.0007079003379235362,0.03501657100339532,0.001091297618365529,0.014018224908526696,0.006177572431313367,0.016732518206408607,0.0071202711263550975,0.1724448599466392,0.018058924952844356,0.1783309519703632,0.019112540423173667,0.05466555317510528,0.023835412761680726,-0.05309760783621039,0.027149468641797854,0.17999999999999997,2.7755575615628914e-17,0.17999999999999997,2.7755575615628914e-17,1724.7099441048495,778.0197629062367,0.05466555317510528,0.059635975765136566
2000,base4,0.6,mixed,anchor_grid,500,exchangeable_varying_sigma,fixed,30,30,0,0.033231736532216435,0.0009344870286741236,0.046389997977840276,0.0017709577130560709,0.018585511708082245,0.007697385946053929,0.02231131334269477,0.009424061822837419,0.028883754785568757,0.0007655352629684164,0.040847924928970165,0.0015492922527941277,0.017920977437628605,0.007789242143020181,0.021358785921665804,0.00885575949936593,0.2597485582138621,0.024595689979986148,0.29506182319250385,0.022192177613126342,0.12278279985910358,0.018151503757486014,-0.12278279985910358,0.018151503757486014,0.17999999999999997,2.7755575615628914e-17,0.17999999999999997,2.7755575615628914e-17,1367.007531281844,154.73986247823223,0.12278279985910358,0.12411725516582582
2000,base4,0.6,sin,anchor_grid,500,exchangeable_varying_sigma,fixed,30,30,0,0.0325191007824255,0.0009040633469885016,0.044335285500607155,0.0015857606439671637,0.018621985986310336,0.007474143675355815,0.022378127682171803,0.009165440669738898,0.028189683904260722,0.0007329214714934906,0.03893031931258915,0.001357794807594497,0.01754465621342984,0.007784415098990518,0.02101359882945253,0.008917206775723963,0.24684583818724734,0.025695985605030686,0.26448152995112467,0.02354857988204939,0.11643312825349654,0.018203768603117704,-0.11643312825349654,0.018203768603117704,0.17999999999999997,2.7755575615628914e-17,0.17999999999999997,2.7755575615628914e-17,1652.1148684291945,280.4552665905278,0.11643312825349654,0.11784757335749865
2000,base4,0.6,sin2,anchor_grid,500,exchangeable_varying_sigma,fixed,30,30,0,0.02746413045130858,0.00076206716965616,0.03593055014220607,0.0011495404892885015,0.016010903391853244,0.006751085174435756,0.019365905657971954,0.008090825493261894,0.023801686310502796,0.0006424893924902846,0.03147203756665079,0.0010135196583874956,0.015155224349488428,0.0066317837725299224,0.01809887184250778,0.007588104681218521,0.17191960933655903,0.021815576639448147,0.17805179876533042,0.02256488150078886,0.11136036161013398,0.01996298544094211,-0.11136036161013398,0.01996298544094211,0.17999999999999997,2.7755575615628914e-17,0.17999999999999997,2.7755575615628914e-17,1835.0677152891487,809.4633394399067,0.11136036161013398,0.11313554227410176
2000,base4,0.9,mixed,anchor_grid,500,exchangeable_varying_sigma,fixed,30,30,0,0.03328392325038608,0.0010803563045242324,0.04645362803060541,0.0019160321883012108,0.020090652592637023,0.008220622124018888,0.024193926351708604,0.010136677038178582,0.020644585100004165,0.0006510002235592447,0.03016061011292436,0.0014729717989537014,0.019144627306781962,0.008013477690988048,0.022825923718514905,0.009041464447194697,0.25981335418737067,0.0292540314810201,0.2957778479941648,0.026605051970244816,0.18679344268135417,0.010141545737669696,-0.18679344268135417,0.010141545737669696,0.17999999999999997,2.7755575615628914e-17,0.17999999999999997,2.7755575615628914e-17,1420.0201095485904,164.20641708307244,0.18679344268135417,0.1870685467380917
2000,base4,0.9,sin,anchor_grid,500,exchangeable_varying_sigma,fixed,30,30,0,0.0325703443139544,0.0010490676089082713,0.04439007044866805,0.00173525218659442,0.020100134902799414,0.007980213056292517,0.024236273627276834,0.009866651915674273,0.019956605724661475,0.000601716331769819,0.02845457169748877,0.001272104560473479,0.018777303869940875,0.008083403622079504,0.02240890632448655,0.009203911930445799,0.24613696622462627,0.03058401153813442,0.26421743986718477,0.02761490817106555,0.17828048153995368,0.010294978648743658,-0.17828048153995368,0.010294978648743658,0.17999999999999997,2.7755575615628914e-17,0.17999999999999997,2.7755575615628914e-17,1689.2078729061254,271.5189275577482,0.17828048153995368,0.17857748089693692
2000,base4,0.9,sin2,anchor_grid,500,exchangeable_varying_sigma,fixed,30,30,0,0.027515858948516558,0.0008667044701075736,0.03599132886320432,0.0012464561062874486,0.017359831533425633,0.007266408034799879,0.020940325600421673,0.008762071413950433,0.016882348081109673,0.0005079005340313374,0.02284279129002267,0.0008991089153039376,0.016210631309815825,0.0067317033764260105,0.01933652979011773,0.007712495618965871,0.1715309248416985,0.02596455306847315,0.17812990409163174,0.02626505792004997,0.16993113735631885,0.010658878976587368,-0.16993113735631885,0.010658878976587368,0.17999999999999997,2.7755575615628914e-17,0.17999999999999997,2.7755575615628914e-17,1941.9186169117106,801.3808373355708,0.16993113735631885,0.17026509667060252
2000,base5,0.0,constant,anchor_grid,500,exchangeable_varying_sigma,fixed,30,30,0,0.06501178915106295,0.0011520566506696655,0.08862332568583606,0.0016134348631346672,0.018292612822480837,0.007250545991754552,0.021437445326813152,0.008153107319025977,0.06848077911791342,0.0012723729156901644,0.0948755988521206,0.0017315492813996345,0.017168388773295785,0.00752178365782871,0.02030368701699437,0.008487606635029366,0.4830526544560811,0.04076078317229078,0.6764105711076497,0.0586594921008639,0.01994545559509591,0.014291278604911953,0.0026201061056376476,0.024396657292636577,0.17999999999999997,2.7755575615628914e-17,0.17999999999999997,2.7755575615628914e-17,2323.9807435962525,974.4894117840552,0.01994545559509591,0.024536948527866233
2000,base5,0.0,mixed,anchor_grid,500,exchangeable_varying_sigma,fixed,30,30,0,0.06572206903233486,0.0011493075804878386,0.08970206441489384,0.001632373578679898,0.018094135784816556,0.007269465131720494,0.021266236252443692,0.008151690835468442,0.06925380826700346,0.001254188559195091,0.09595050092264465,0.0017453271690881646,0.017113017330580106,0.007569656752740527,0.02025660639148403,0.008445619557967783,0.5166380990289421,0.039640259784546474,0.7057530527958882,0.05637965632632245,0.01953788564485197,0.013934646561577276,0.0030204516802440915,0.023807146446281645,0.17999999999999997,2.7755575615628914e-17,0.17999999999999997,2.7755575615628914e-17,1285.530248161219,87.70235739061873,0.01953788564485197,0.023997986379431714
2000,base5,0.0,sin,anchor_grid,500,exchangeable_varying_sigma,fixed,30,30,0,0.06478601096015144,0.0011277131211553692,0.08860567250810852,0.0016135699372892983,0.018209177798035037,0.007012100928612002,0.0213451276179461,0.007931865030107052,0.06820346470335616,0.0012602097177028954,0.0947752324470503,0.0017376811026019764,0.016801598014916118,0.007198503161510677,0.019916439520866087,0.0081268848074933,0.4791913594312456,0.04143050431654714,0.6481461771269191,0.06091979551258997,0.019403896481234813,0.014839715275111498,0.002302374885830812,0.024319280786773895,0.17999999999999997,2.7755575615628914e-17,0.17999999999999997,2.7755575615628914e-17,1605.9215594357074,239.43598886169318,0.019403896481234813,0.024428023827171415
2000,base5,0.0,sin2,anchor_grid,500,exchangeable_varying_sigma,fixed,30,30,0,0.06135872928086557,0.0011053013447969808,0.08477986921645897,0.0015570195045810048,0.01694487022327833,0.006687472235616564,0.019782084886056213,0.00738731813796974,0.06503352331637467,0.0012540409948096428,0.0917949266192759,0.0016984923604561955,0.014935405515059967,0.006364705789262737,0.017714921258235934,0.007172263549694009,0.4900072050632123,0.03955799507943823,0.6951995860967252,0.05574190478570637,0.021336494668226017,0.01459199140392311,0.0010556532912333382,0.02582746239931658,0.17999999999999997,2.7755575615628914e-17,0.17999999999999997,2.7755575615628914e-17,1302.0870957914235,107.08993602775215,0.021336494668226017,0.025849027406450006
2000,base5,0.3,constant,anchor_grid,500,exchangeable_varying_sigma,fixed,30,30,0,0.06500466550060542,0.0015568274101549668,0.08860939514336058,0.002152382390551996,0.021291390256520992,0.009302274694854758,0.025039531199189693,0.010453200424429166,0.06805322115423737,0.0016573461027146374,0.09450756801474428,0.002341826960230841,0.019772299846801726,0.009058554889843482,0.02311608290935312,0.010057903921536443,0.48254171579183086,0.03578219939783027,0.6739113028573658,0.05406040932218188,0.17124858911676472,0.028678872701306805,-0.17124858911676472,0.028678872701306805,0.17999999999999997,2.7755575615628914e-17,0.17999999999999997,2.7755575615628914e-17,2807.617763067654,1001.0259869023029,0.17124858911676472,0.173633398325035
2000,base5,0.3,mixed,anchor_grid,500,exchangeable_varying_sigma,fixed,30,30,0,0.06572191352334242,0.0015761822620655587,0.08970329599266469,0.002212078258053884,0.021408189002150413,0.009390634900942678,0.02514722641962074,0.010525321411794904,0.0688306659515183,0.0016808330590563003,0.09558425538291841,0.002411181459686476,0.01975835156908303,0.009057650095353793,0.023184082636587725,0.010039666863311507,0.51689442338223,0.03463585964540993,0.7032043907245601,0.05159691519301544,0.1742497028461293,0.02832224773112188,-0.1742497028461293,0.02832224773112188,0.17999999999999997,2.7755575615628914e-17,0.17999999999999997,2.7755575615628914e-17,1291.8984486180861,119.53826330696829,0.1742497028461293,0.17653642303645842
2000,base5,0.3,sin,anchor_grid,500,exchangeable_varying_sigma,fixed,30,30,0,0.06478953237252517,0.0015332099162937653,0.08862704653265722,0.00215373447089518,0.02131333635070589,0.00927492290344038,0.025138954063089587,0.010359946445259019,0.06779191222430177,0.0016332228492474611,0.09444390936421115,0.002345611683379254,0.019202654175691853,0.00864206385563122,0.022521282450411236,0.0096102602937133,0.47870393936993166,0.036661317810204055,0.6452718550111611,0.05557920755685955,0.1707274373242868,0.03002356277652481,-0.1707274373242868,0.03002356277652481,0.17999999999999997,2.7755575615628914e-17,0.17999999999999997,2.7755575615628914e-17,1654.8323817474031,195.32855838276973,0.1707274373242868,0.17334725892587455
2000,base5,0.3,sin2,anchor_grid,500,exchangeable_varying_sigma,fixed,30,30,0,0.061354807444073976,0.0014383282927534298,0.08477532975448092,0.001988356361238398,0.018952978581900395,0.008407958771046218,0.022580125108293794,0.009477729452553032,0.06472715177385475,0.0015537672193845222,0.09155409496728315,0.0021849207241791476,0.016856366790620806,0.00788129732822352,0.019684565912512903,0.008673339669480076,0.48908535985030266,0.03463389311145965,0.6935641332970275,0.05176226565372263,0.18628224689802683,0.029632729369411366,-0.18628224689802683,0.029632729369411366,0.17999999999999997,2.7755575615628914e-17,0.17999999999999997,2.7755575615628914e-17,1336.3648419977205,123.45490499604901,0.18628224689802683,0.18862442619994418
2000,base5,0.6,constant,anchor_grid,500,exchangeable_varying_sigma,fixed,30,30,0,0.06503161662399154,0.0016250082511322407,0.08862238413847666,0.0022066296908021957,0.02277200405514327,0.009767528699097442,0.026871048316903894,0.011038685839478469,0.0667889829052143,0.0016984706346815153,0.09336723805856545,0.002342627526701676,0.021204231831484337,0.009627230097123136,0.02479576163892377,0.010694969327772823,0.4829578434104626,0.036458358393433664,0.6745083860452602,0.053667222778272,0.34210370442638965,0.02894127577721818,-0.34210370442638965,0.02894127577721818,0.17999999999999997,2.7755575615628914e-17,0.17999999999999997,2.7755575615628914e-17,2493.9418461589376,1156.7141380654905,0.34210370442638965,0.34332570836724635
2000,base5,0.6,mixed,anchor_grid,500,exchangeable_varying_sigma,fixed,30,30,0,0.06574528591813558,0.0016497013906395005,0.0897158878046082,0.0022730896079377638,0.022914136039474294,0.00982907800230586,0.026979910749725285,0.011134033876002746,0.06755334206567642,0.0017276923360395025,0.09437802266532135,0.0024159654397004227,0.02119275895461587,0.009630124870954807,0.024872747765644448,0.0106765764600583,0.5170175484604411,0.03491454353782052,0.7034787830212043,0.050928470642835046,0.34755169982436285,0.02847620434203407,-0.34755169982436285,0.02847620434203407,0.17999999999999997,2.7755575615628914e-17,0.17999999999999997,2.7755575615628914e-17,1317.1857924514993,112.541318005187,0.34755169982436285,0.34871632921980183
2000,base5,0.6,sin,anchor_grid,500,exchangeable_varying_sigma,fixed,30,30,0,0.06481417366591145,0.0016046945375393369,0.08863737641361139,0.0022097093266223926,0.022843872703325666,0.009644812754704201,0.026965799287468936,0.010921979732079902,0.06654242075892029,0.0016753321613557316,0.0933005850403547,0.002342165170405761,0.020550737765208937,0.009218467867466202,0.024106546573218066,0.010252440894968514,0.47933672447127834,0.03726097860695475,0.6459691710258144,0.05533486111168827,0.3416821223678935,0.02998333967639177,-0.3416821223678935,0.02998333967639177,0.17999999999999997,2.7755575615628914e-17,0.17999999999999997,2.7755575615628914e-17,1656.6639495148167,222.01201421989376,0.3416821223678935,0.34299515070038245
2000,base5,0.6,sin2,anchor_grid,500,exchangeable_varying_sigma,fixed,30,30,0,0.06138452280772369,0.0014890716145047576,0.08478718033752691,0.002027275321536742,0.020174250580600354,0.008808454594868372,0.02410912017121585,0.00992181739370213,0.06384590861177013,0.0015921258156708403,0.09084981412042886,0.0021827905173752026,0.018096568131247253,0.008339922627578279,0.021035410927059097,0.009221344125770326,0.48935729709773734,0.03555852240053961,0.6941222720456747,0.051383911649667866,0.3715388689918155,0.03034656795356682,-0.3715388689918155,0.03034656795356682,0.17999999999999997,2.7755575615628914e-17,0.17999999999999997,2.7755575615628914e-17,1341.4547251483232,111.43178615804626,0.3715388689918155,0.3727761330319818
2000,base5,0.9,constant,anchor_grid,500,exchangeable_varying_sigma,fixed,30,30,0,0.06508867450446941,0.001712827760353319,0.08865902398872193,0.0022642602621921544,0.024146693389267455,0.01012573909485629,0.028606072976651076,0.011562477655068995,0.06443248380877088,0.001798634583709134,0.09135057184626841,0.0023383498021190495,0.02244628762511332,0.010049799031976354,0.026346858981307657,0.011148074007742424,0.48320856155147773,0.03718460412703073,0.675100088321029,0.05291249074816146,0.513181018308124,0.028880413149204,-0.513181018308124,0.028880413149204,0.17999999999999997,2.7755575615628914e-17,0.17999999999999997,2.7755575615628914e-17,2595.690852294082,1062.2674723241742,0.513181018308124,0.5139930309016181
2000,base5,0.9,mixed,anchor_grid,500,exchangeable_varying_sigma,fixed,30,30,0,0.0657995449580273,0.0017476233156635977,0.08975544924594048,0.0023378408384539134,0.024309670134128367,0.010247567780149864,0.028723728180912615,0.01168679312470023,0.0651783196288779,0.0018407640569566243,0.09224137504439153,0.002418854128248173,0.02242444834603848,0.010056433640770919,0.026427282993550495,0.011133692249578773,0.5170072140072529,0.03520532534443574,0.7037248466581355,0.04985225581591705,0.5210222606146218,0.028533517542046454,-0.5210222606146218,0.028533517542046454,0.17999999999999997,2.7755575615628914e-17,0.17999999999999997,2.7755575615628914e-17,1370.715431294241,110.86740691417569,0.5210222606146218,0.5218029874189042
2000,base5,0.9,sin,anchor_grid,500,exchangeable_varying_sigma,fixed,30,30,0,0.06487023784338666,0.0016924162399387255,0.08866659599014147,0.0022699720769758774,0.024251613394513514,0.009970720952162697,0.028693760809344646,0.011429583622072597,0.06421795875330799,0.0017724949429199117,0.09127676285086364,0.0023331527658697446,0.021732908470177423,0.00968210954702748,0.025543990903981635,0.01072808126785213,0.4799076725096596,0.0378957329903945,0.6466593759461693,0.054771265414621455,0.5129485771673302,0.029590960352164235,-0.5129485771673302,0.029590960352164235,0.17999999999999997,2.7755575615628914e-17,0.17999999999999997,2.7755575615628914e-17,1690.1054015107413,266.4491903042465,0.5129485771673302,0.5138013894030959
2000,base5,0.9,sin2,anchor_grid,500,exchangeable_varying_sigma,fixed,30,30,0,0.061433469742193735,0.0015511214193989476,0.08481430565670774,0.0020685332952753432,0.021354028094601307,0.009074501002819233,0.0255603826830743,0.010307734029153274,0.06223839905909199,0.0016703397335635932,0.08963116481528428,0.0021722402707827853,0.019144620627490234,0.008703162525322437,0.0222962102111019,0.009610329566346996,0.48947832993941265,0.03669694206600197,0.6946278681950715,0.050685980230684005,0.5570241835329602,0.030676668389372712,-0.5570241835329602,0.030676668389372712,0.17999999999999997,2.7755575615628914e-17,0.17999999999999997,2.7755575615628914e-17,1334.4626793783507,110.10672950929751,0.5570241835329602,0.5578682631446537
2000,base6,0.0,constant,anchor_grid,500,exchangeable_varying_sigma,fixed,30,30,0,0.0475342688296292,0.0009060857292667524,0.061810765522151805,0.0014336242913862024,0.01601469888174896,0.00834418569159348,0.01921294336406269,0.009672589285828625,0.048348204363930704,0.0009123809198911708,0.06282467247685793,0.0014597708637142319,0.01618906643808411,0.008330154619504367,0.019193747408256967,0.009556480996876988,0.11049857844277049,0.01614020242501198,0.12980054859194856,0.016594651307502133,0.01808924160000499,0.012327194130558328,0.0034053677951485744,0.021623687173458358,0.17999999999999997,2.7755575615628914e-17,0.17999999999999997,2.7755575615628914e-17,1591.4297725503022,330.93118288489154,0.01808924160000499,0.021890189053450925
2000,base6,0.0,mixed,anchor_grid,500,exchangeable_varying_sigma,fixed,30,30,0,0.04789591809261095,0.0009112933486739494,0.06335038585254184,0.00155184127978883,0.015845798977623036,0.008344195162154833,0.01912062226871885,0.009678182778466242,0.04873708095458152,0.0009010192674716275,0.06443363558665503,0.001561134090581955,0.015882093089451366,0.008133535717673515,0.01872223918177703,0.009291785091428724,0.12189579413573641,0.01297805089513024,0.15371914393780303,0.013740347471024154,0.018532595627405238,0.010767350240063051,0.0037627158881712868,0.021100590063455788,0.17999999999999997,2.7755575615628914e-17,0.17999999999999997,2.7755575615628914e-17,1478.4815078118506,130.8848230408942,0.018532595627405238,0.021433453568688032
2000,base6,0.0,sin,anchor_grid,500,exchangeable_varying_sigma,fixed,30,30,0,0.047345468230612954,0.0008804138520754665,0.06178321532827482,0.0014379655793977071,0.016134492775974563,0.008016968706346328,0.0192715186543736,0.009431402870025639,0.04814290448684078,0.0008970595980386488,0.06278607797808347,0.0014720900654811918,0.016045384895192402,0.007974444026015083,0.019022943260495816,0.00925287560444097,0.10089178211732858,0.010661150135044704,0.12432923236265887,0.0145693654792533,0.018409875277540906,0.011704402825106234,0.002811036249084705,0.021633645749926163,0.17999999999999997,2.7755575615628914e-17,0.17999999999999997,2.7755575615628914e-17,1536.044555815061,393.70717366601906,0.018409875277540906,0.021815511757164136
2000,base6,0.0,sin2,anchor_grid,500,exchangeable_varying_sigma,fixed,30,30,0,0.04407033000426226,0.0008234153239826477,0.0561607265121324,0.0011476755608318273,0.014366570400773708,0.007285688613433582,0.017098817112015385,0.008567906904362727,0.044861872488452074,0.0008429746018962373,0.057142104643402955,0.0011878988998569432,0.014341781778420392,0.007329985925545264,0.016997901619646164,0.008478592541011512,0.11995746016775541,0.01116965317952186,0.1396501783577757,0.01398917025002642,0.018824656510621776,0.013512674935840192,0.00212281160366828,0.02307495931870542,0.17999999999999997,2.7755575615628914e-17,0.17999999999999997,2.7755575615628914e-17,2252.5765333089976,857.4918024747628,0.018824656510621776,0.023172399026958314
2000,base6,0.3,constant,anchor_grid,500,exchangeable_varying_sigma,fixed,30,30,0,0.04744155316687964,0.0010521688245251457,0.06170888208025101,0.0015130533114725631,0.01787895261333796,0.007055001740038917,0.02128295572049203,0.007948040029074073,0.04772320950843687,0.0011358153540583726,0.062049979704285226,0.0015811472374031106,0.017631552188650305,0.007042542921268538,0.02093969394878831,0.007874922953139903,0.10669325248802455,0.015151186393158638,0.12618007824957778,0.0161841565690825,0.10166362487091117,0.027893329604094547,-0.10166362487091117,0.027893329604094547,0.17999999999999997,2.7755575615628914e-17,0.17999999999999997,2.7755575615628914e-17,1638.709220885175,320.0326026395059,0.10166362487091117,0.10542073068564839
2000,base6,0.3,mixed,anchor_grid,500,exchangeable_varying_sigma,fixed,30,30,0,0.047807205683226404,0.0010787135550934684,0.06327193728332599,0.0016799303703430323,0.017863830420302564,0.007029814780861065,0.0212300501424974,0.007888170798568047,0.04812467468605546,0.001144595402202599,0.06366098402708811,0.001703122811461246,0.017278080045645065,0.007030604298649533,0.020495133618170017,0.007821262175459,0.11887636379040206,0.012741645524991083,0.15041757299457073,0.014005942323619736,0.10471646792585773,0.02742082518855282,-0.10471646792585773,0.02742082518855282,0.17999999999999997,2.7755575615628914e-17,0.17999999999999997,2.7755575615628914e-17,1465.5856184494062,131.23364421182652,0.10471646792585773,0.10824712609990327
2000,base6,0.3,sin,anchor_grid,500,exchangeable_varying_sigma,fixed,30,30,0,0.04729597395434759,0.0010601407613527315,0.061766227917204965,0.001537932533190308,0.01809297212366711,0.00666495917726417,0.021322536646416583,0.007564129326443438,0.04756010911678221,0.001131666772761965,0.06209446119159909,0.001596302891487083,0.01695468744310785,0.006862416956388602,0.020230022370998937,0.0077282624203375986,0.09950362845955417,0.011355160038904449,0.12296755838655686,0.014465335114074098,0.10071711633046994,0.02775614668948106,-0.10071711633046994,0.02775614668948106,0.17999999999999997,2.7755575615628914e-17,0.17999999999999997,2.7755575615628914e-17,1587.8959007258215,281.2118498170319,0.10071711633046994,0.10447172440892034
2000,base6,0.3,sin2,anchor_grid,500,exchangeable_varying_sigma,fixed,30,30,0,0.04400653119228305,0.0009267194095677074,0.056062399971855595,0.0011793077593092068,0.015689986248413123,0.006241669737280589,0.018660978087207018,0.007091081529444895,0.044394612849372427,0.0010212865136642497,0.05656552959132114,0.0012809020715626293,0.015326668998311093,0.005917631418932374,0.018220630512787904,0.006751539707272032,0.11965375612325814,0.013734739248374317,0.13852476143149803,0.015725878910746224,0.11066016813708036,0.02880354678023858,-0.11066016813708036,0.02880354678023858,0.17999999999999997,2.7755575615628914e-17,0.17999999999999997,2.7755575615628914e-17,2168.127606148397,941.0533284595867,0.11066016813708036,0.11434735291753931
2000,base6,0.6,constant,anchor_grid,500,exchangeable_varying_sigma,fixed,30,30,0,0.04742816193222807,0.0010232308322948717,0.061691512923663525,0.0014694278197752934,0.01947564436169031,0.007725087557146839,0.023227245523860626,0.008749134369000159,0.04584508444268486,0.0010893239328031976,0.05968457791217278,0.0015230560135112833,0.01894740490946034,0.007816200497585761,0.022519688002197957,0.008561930764771237,0.10774594803465047,0.016882387297135027,0.1273433854721711,0.017564909965866304,0.2094952067182964,0.025786513432831483,-0.2094952067182964,0.025786513432831483,0.17999999999999997,2.7755575615628914e-17,0.17999999999999997,2.7755575615628914e-17,1578.7678376590213,374.2596634695936,0.2094952067182964,0.211076256156308
2000,base6,0.6,mixed,anchor_grid,500,exchangeable_varying_sigma,fixed,30,30,0,0.04778902591766792,0.001049597027519415,0.06325132414188639,0.0016431826843402147,0.019490080609702302,0.007665899391722937,0.023187085496641148,0.008666684242010008,0.04623899042200963,0.0010923578960862124,0.061176069756112485,0.0016306948019140918,0.018619575426339522,0.007802522672389063,0.022055833734807604,0.008516008343786336,0.12034127173200207,0.014411789780504907,0.15174208031613054,0.016135076020906133,0.21535815239866019,0.02515392606798909,-0.21535815239866019,0.02515392606798909,0.17999999999999997,2.7755575615628914e-17,0.17999999999999997,2.7755575615628914e-17,1461.89781113447,114.69838112368396,0.21535815239866019,0.2168221709170868
2000,base6,0.6,sin,anchor_grid,500,exchangeable_varying_sigma,fixed,30,30,0,0.04727770635250283,0.0010394248933832098,0.06174341580726865,0.0015097424953446038,0.019673146482791407,0.007306809773990429,0.023273445576321813,0.008318002724461796,0.04569561450799798,0.001079791768263936,0.05972335190131882,0.0015308047227834021,0.018219686247291787,0.007670519839853108,0.02174682561671065,0.008420015556467734,0.10014886792027275,0.012392873074996312,0.12341910600293796,0.015066659713436029,0.20867752614788587,0.025518557438823735,-0.20867752614788587,0.025518557438823735,0.17999999999999997,2.7755575615628914e-17,0.17999999999999997,2.7755575615628914e-17,1656.9308388712504,340.7282777820035,0.20867752614788587,0.21023203060656606
2000,base6,0.6,sin2,anchor_grid,500,exchangeable_varying_sigma,fixed,30,30,0,0.04399788972091361,0.0008957983788301925,0.05604858796248958,0.0011410197370818726,0.01710228302000884,0.006845635650010229,0.02030730484338962,0.007806621782268029,0.0429941284028688,0.0009905016411012784,0.054939868298433406,0.001247256355596404,0.016372764464431287,0.006557479444104295,0.019529482088222406,0.007332626035411257,0.1198269120984822,0.014738275041908482,0.13904797619879208,0.01665123423949304,0.22700187598903793,0.027426158921131892,-0.22700187598903793,0.027426158921131892,0.17999999999999997,2.7755575615628914e-17,0.17999999999999997,2.7755575615628914e-17,2203.9867274439584,816.7924832209216,0.22700187598903793,0.22865267524284452
2000,base6,0.9,constant,anchor_grid,500,exchangeable_varying_sigma,fixed,30,30,0,0.04741714547293675,0.0010197313683049576,0.06169484251913144,0.0014369622649114669,0.021024708911834857,0.008296264184913313,0.025037879987134644,0.009488249686624373,0.04205656374619886,0.0010127718139799036,0.0550460342662217,0.00141421024347595,0.02015879701014602,0.00832318964754575,0.023957309047015995,0.009063467112278241,0.1098508038764875,0.018401259102424104,0.12951996012910091,0.019104950880790825,0.317805642820352,0.0221140366813359,-0.317805642820352,0.0221140366813359,0.17999999999999997,2.7755575615628914e-17,0.17999999999999997,2.7755575615628914e-17,1525.379319999367,400.29311832016333,0.317805642820352,0.318574100056487
2000,base6,0.9,mixed,anchor_grid,500,exchangeable_varying_sigma,fixed,30,30,0,0.04776916078647616,0.0010439571367882438,0.06325458700002594,0.001616340291155516,0.021000833389890505,0.008225869179645608,0.025022510952512806,0.009384803162303253,0.04244543708190827,0.0010209155788075675,0.056286703348980595,0.0015123424633926854,0.01978973220578644,0.008343550981371328,0.023459648555771342,0.00901742896584716,0.12272611894582006,0.01626359532554951,0.15387005533478346,0.018468642205579377,0.32642155954862606,0.02142924693772129,-0.32642155954862606,0.02142924693772129,0.17999999999999997,2.7755575615628914e-17,0.17999999999999997,2.7755575615628914e-17,1475.4857541783713,152.41669965581076,0.32642155954862606,0.32712420754581134
2000,base6,0.9,sin,anchor_grid,500,exchangeable_varying_sigma,fixed,30,30,0,0.047252980357855155,0.0010381357072774358,0.06173234626082393,0.0014968959599503998,0.021087006911840865,0.007905247432663512,0.025090392752958275,0.009021427954126218,0.04194623601371693,0.0010040910861926092,0.05507493544564506,0.0014198202991111953,0.019369114176737555,0.008246884316460652,0.02312446268947497,0.008956143805041191,0.10138237812746208,0.013364713550056037,0.12452239600495305,0.015829183603639767,0.31735719340057517,0.02202907457157034,-0.31735719340057517,0.02202907457157034,0.17999999999999997,2.7755575615628914e-17,0.17999999999999997,2.7755575615628914e-17,1515.6539274095246,297.5861011324059,0.31735719340057517,0.31812083919411804
2000,base6,0.9,sin2,anchor_grid,500,exchangeable_varying_sigma,fixed,30,30,0,0.043994091952447266,0.0008887436338192751,0.056046611662644366,0.0011138508728469776,0.018392886917309302,0.007443143957216506,0.021836164112733775,0.008468490969977678,0.040229501547846734,0.0009179617331258889,0.05186446774264955,0.0011751735400526645,0.017339920735169757,0.0070987137011396355,0.02072945386600774,0.007809646479034092,0.12052355915528387,0.015865470624640353,0.140125711849918,0.018014215097588434,0.3438410857457084,0.02456366344657869,-0.3438410857457084,0.02456366344657869,0.17999999999999997,2.7755575615628914e-17,0.17999999999999997,2.7755575615628914e-17,2260.89202022925,803.5245782908577,0.3438410857457084,0.34471737091232346
5000,base1,0.0,mixed,anchor_grid,500,exchangeable_varying_sigma,fixed,30,30,0,0.023195155873085797,0.0005883345273515595,0.029649917901855994,0.0006871970034735133,0.009159517298310509,0.0037033293048973847,0.010897065851651903,0.004098751661551503,0.02314597608813752,0.0005893841432272448,0.029609643991267056,0.0006878171313855972,0.008949380149886632,0.003578495211394589,0.010632869276384653,0.0040448613462218215,0.08737407182431363,0.010460764055649337,0.11257071506492251,0.011636398093994759,0.01062189154645147,0.0073671704246244425,-0.0009247068582873139,0.012893591327332922,0.17999999999999997,2.7755575615628914e-17,0.17999999999999997,2.7755575615628914e-17,4441.9658282939035,1869.0539962414384,0.01062189154645147,0.012926708014418767
5000,base1,0.0,sin,anchor_grid,500,exchangeable_varying_sigma,fixed,30,30,0,0.022764380542318934,0.0005955426847945299,0.02883935070814001,0.0006758019625237038,0.009070573468631124,0.0035771072574893458,0.010728342946365923,0.003947912113753084,0.02276006878837895,0.0005933064986063457,0.028850181029557907,0.000673620115923447,0.008955867048803951,0.0036855694279479536,0.010707081127477747,0.004200665264039011,0.07106911346306152,0.011505726066727475,0.0898839651285153,0.01218379519669145,0.011561635168377072,0.007818261242843828,-0.0006003679293911153,0.013944037255306154,0.17999999999999997,2.7755575615628914e-17,0.17999999999999997,2.7755575615628914e-17,4544.906015292691,1996.6675267323708,0.011561635168377072,0.013956955851044573
5000,base1,0.0,sin2,anchor_grid,500,exchangeable_varying_sigma,fixed,30,30,0,0.020334395774757867,0.0005173896052437205,0.025354902809793464,0.0005646502142225707,0.007796696603690709,0.0030128736502191373,0.009220466951511883,0.0034057341848725544,0.020440279733012576,0.0005215629153582913,0.025479033928273827,0.0005670725442226164,0.0077223696388857965,0.0031691991877975047,0.009237844629418408,0.00354303325190665,0.036424871548108785,0.009657712533094673,0.04371834354504256,0.01116610881568449,0.012116584353806688,0.008839908212257786,-0.0007390347200408046,0.014980301108009474,0.17999999999999997,2.7755575615628914e-17,0.17999999999999997,2.7755575615628914e-17,3953.9269421230033,543.4690673141835,0.012116584353806688,0.014998519713760277
5000,base1,0.3,mixed,anchor_grid,500,exchangeable_varying_sigma,fixed,30,30,0,0.022857698455664623,0.0005810718843846549,0.02924764516470994,0.0007086705504753314,0.009429522940468909,0.003037956580753051,0.01102295368083815,0.003563906914010848,0.02228263822274872,0.000569285852841155,0.02844819762151071,0.0007017476323938937,0.009274917658175594,0.002909066774226344,0.010927006704071289,0.0034188428533708528,0.08811266127587578,0.010455650093516988,0.11372198580708516,0.012465547021964554,0.03817775502521393,0.013246571284886027,-0.03817775502521393,0.013246571284886027,0.17999999999999997,2.7755575615628914e-17,0.17999999999999997,2.7755575615628914e-17,4363.079780434417,1688.0172252396471,0.03817775502521393,0.04041055096841435
5000,base1,0.3,sin,anchor_grid,500,exchangeable_varying_sigma,fixed,30,30,0,0.02244462652985877,0.0005763166801128474,0.028439987612030815,0.0007128869142369654,0.009321683903363206,0.0029848532190581887,0.010896635970828877,0.003524929394270964,0.021925870354846413,0.0005605503175342316,0.027734673331480608,0.0006919393074737092,0.00924088183297056,0.002927764386724415,0.010915288776041967,0.00336803433452274,0.07104978716862304,0.012070800536818723,0.09007864393677,0.012806127132130748,0.03617509285068759,0.01231448215647498,-0.03617509285068759,0.01231448215647498,0.17999999999999997,2.7755575615628914e-17,0.17999999999999997,2.7755575615628914e-17,5034.549546188617,2415.1059673812833,0.03617509285068759,0.03821366003849944
5000,base1,0.3,sin2,anchor_grid,500,exchangeable_varying_sigma,fixed,30,30,0,0.020049668912391388,0.0004962426731747196,0.024959167064326212,0.0006205857893894887,0.008205044091132773,0.0026123902296814132,0.009704811275071095,0.003041936105879265,0.01975481787494176,0.00048618597260146235,0.02455231837207237,0.0005793300505846844,0.007875055444177154,0.002544087841742215,0.00929038687239227,0.0029605665328101194,0.03573806883431983,0.009227530485544935,0.04307030067879788,0.010353175253010926,0.03755944026037231,0.013287111605102219,-0.03755944026037231,0.013287111605102219,0.17999999999999997,2.7755575615628914e-17,0.17999999999999997,2.7755575615628914e-17,3717.6338514354934,647.6288235036978,0.03755944026037231,0.03984041776235432
5000,base1,0.6,mixed,anchor_grid,500,exchangeable_varying_sigma,fixed,30,30,0,0.02284622362462608,0.0006032452451882714,0.02921863043407731,0.0007279204708618026,0.010432910552383379,0.003347126862347114,0.012164580702269981,0.003939289144308686,0.020468439956564204,0.0005412248701286878,0.025823743159030535,0.0006476402324628892,0.010170279202405326,0.0031116135530640616,0.011976812595352802,0.0036675171396721973,0.0894882458886241,0.012405149005803369,0.11522785112045586,0.014625783721681333,0.07324603057538273,0.010589605921062843,-0.07324603057538273,0.010589605921062843,0.17999999999999997,2.7755575615628914e-17,0.17999999999999997,2.7755575615628914e-17,4078.0657078683025,1582.746695571578,0.07324603057538273,0.07400757223834133
5000,base1,0.6,sin,anchor_grid,500,exchangeable_varying_sigma,fixed,30,30,0,0.022436855663512598,0.0006020024500082451,0.0284148457249367,0.0007355758465891018,0.010303119653438884,0.003314370382419177,0.01202988041257372,0.0039029210866592307,0.020152619346912298,0.000530348999087476,0.025242905036452837,0.0006319694566094356,0.010140686017456258,0.003133542795915298,0.011963635293257025,0.003612389978208248,0.07201927914048292,0.013230334788108427,0.09130458315087604,0.014230428527403458,0.07030253397406488,0.009890740862668425,-0.07030253397406488,0.009890740862668425,0.17999999999999997,2.7755575615628914e-17,0.17999999999999997,2.7755575615628914e-17,4995.397984619865,2422.279902482933,0.07030253397406488,0.07099488036462209
5000,base1,0.6,sin2,anchor_grid,500,exchangeable_varying_sigma,fixed,30,30,0,0.020038048149679136,0.0005182939671779716,0.024935414839852853,0.000641723883278763,0.009096818436191768,0.0028600823543435696,0.010709502049923074,0.0033765617367487754,0.018404452289991144,0.0004572584967329179,0.02270550948026273,0.0005136518437671012,0.008619286710493378,0.0027199007472006975,0.010171891129517246,0.0031624678361989083,0.036694859767342235,0.009799606029211913,0.04407554212218963,0.010983252343285663,0.07368048014799067,0.010714838178206405,-0.07368048014799067,0.010714838178206405,0.17999999999999997,2.7755575615628914e-17,0.17999999999999997,2.7755575615628914e-17,3739.2776729108377,735.5532120231711,0.07368048014799067,0.07445549618412059
5000,base1,0.9,mixed,anchor_grid,500,exchangeable_varying_sigma,fixed,30,30,0,0.022848400462976388,0.000622871985746971,0.02920320040850845,0.0007443641834119063,0.01139772664852347,0.003659281514364861,0.013237943940710732,0.0043123607874984,0.016621423175866908,0.00038818299422704145,0.020133754072480227,0.00040961926122754985,0.010988396750867014,0.003302585082135503,0.012939038012581216,0.003928385268052676,0.091146994236043,0.014913639918782447,0.11706573052779133,0.017401447882231875,0.10759926022781595,0.0063426999595099735,-0.10759926022781595,0.0063426999595099735,0.17999999999999997,2.7755575615628914e-17,0.17999999999999997,2.7755575615628914e-17,4199.1763150687875,1741.3902602946941,0.10759926022781595,0.10778604104590549
5000,base1,0.9,sin,anchor_grid,500,exchangeable_varying_sigma,fixed,30,30,0,0.022438524511893095,0.0006185870377275509,0.028404133962669473,0.0007462745748769953,0.01123552173313375,0.003629393973189919,0.013093495519176889,0.0042824315266646535,0.01643632270235212,0.0003731439871366726,0.019890637859566056,0.0003965842693675577,0.01096578512408769,0.003296453007018832,0.012927927575831015,0.003867859105794898,0.07363040273115858,0.01497979080020041,0.09294481081135406,0.01626752599603763,0.10388909833527307,0.006094385709830861,-0.10388909833527307,0.006094385709830861,0.17999999999999997,2.7755575615628914e-17,0.17999999999999997,2.7755575615628914e-17,5029.791030403281,2226.786462115508,0.10388909833527307,0.10406770051315745
5000,base1,0.9,sin2,anchor_grid,500,exchangeable_varying_sigma,fixed,30,30,0,0.02003865525847502,0.0005374859954621923,0.024925606602818638,0.0006501552943736773,0.009929269415397329,0.0031286015102356232,0.011650726148630311,0.0037160611130090436,0.015692408501033768,0.0003238771219963566,0.0188859311260809,0.00031857135647523184,0.009319712321174784,0.002869091718445038,0.010989160167806449,0.003359255574880479,0.03810171662220729,0.010697444824094359,0.04562437520057203,0.012254573460788768,0.10925265419253724,0.006602314436874819,-0.10925265419253724,0.006602314436874819,0.17999999999999997,2.7755575615628914e-17,0.17999999999999997,2.7755575615628914e-17,3916.133581920193,562.8101755032843,0.10925265419253724,0.10945196665221457
5000,base2,0.0,mixed,anchor_grid,500,exchangeable_varying_sigma,fixed,30,30,0,0.02280348100836266,0.0005502647764667114,0.02938285592906918,0.000685159610667831,0.009212816602111465,0.0038008278418890837,0.011062936141078275,0.004326710135901506,0.022738888434884075,0.0005419463092845501,0.02930797775533624,0.0006762938559932982,0.009017169677770649,0.003711927065182206,0.0108398882989665,0.004255785878121189,0.10409285122420732,0.010425013481140834,0.12429459625534568,0.011277141554361493,0.011530347649917552,0.007091056352922193,0.0007625234449116725,0.013514827232496812,0.17999999999999997,2.7755575615628914e-17,0.17999999999999997,2.7755575615628914e-17,3761.6685652353876,729.008747776527,0.011530347649917552,0.01353632140310939
5000,base2,0.0,sin,anchor_grid,500,exchangeable_varying_sigma,fixed,30,30,0,0.022173676001049327,0.0005362771224276305,0.028567199505342384,0.000668229906362567,0.00913135063363516,0.0035870354921980047,0.01084987357481718,0.004108059340132193,0.022316901836476312,0.0005286507895185766,0.02875955976481718,0.0006535075881328412,0.00896492204642276,0.0038335200208679753,0.010858391629440583,0.004320579204032708,0.0683687582995718,0.012461897286187872,0.08791528372125994,0.011250017940481392,0.012523352840391742,0.007291707530348686,0.001488217772136775,0.014414873323612245,0.17999999999999997,2.7755575615628914e-17,0.17999999999999997,2.7755575615628914e-17,3352.7647639379256,279.1033290630434,0.012523352840391742,0.01449149285177658
5000,base2,0.0,sin2,anchor_grid,500,exchangeable_varying_sigma,fixed,30,30,0,0.019762025438034007,0.000443358104944149,0.025046433894594777,0.000499974588165466,0.007824963456228707,0.0031315899451477545,0.009364673166196515,0.0035811296376500826,0.019925738221418476,0.00043384185563509096,0.025282556764324345,0.000481853078424698,0.007736624334705192,0.003313103707758122,0.009361850663969799,0.0037934838045990053,0.04297887166955827,0.007884983685941416,0.05226083122606993,0.009886495250361572,0.013220054659099749,0.0069097101025695,0.001546162129734191,0.01483655356070647,0.17999999999999997,2.7755575615628914e-17,0.17999999999999997,2.7755575615628914e-17,4764.994524754079,2296.219952679966,0.013220054659099749,0.014916901115551313
5000,base2,0.3,mixed,anchor_grid,500,exchangeable_varying_sigma,fixed,30,30,0,0.022594510156218866,0.0004663158879885865,0.029184954809195494,0.0005675539757101928,0.009196266270376598,0.003095870774593237,0.010703282108245789,0.0033901619553269764,0.021970269091303774,0.0004456613326993264,0.02833766184805735,0.0005555386318348387,0.0091528150759847,0.0028413399804514726,0.010703761477984958,0.0031982854740298878,0.10449410372550487,0.010665515845496793,0.12513449602818252,0.012048882473288076,0.03755857594218286,0.0123667168587289,-0.03755857594218286,0.0123667168587289,0.17999999999999997,2.7755575615628914e-17,0.17999999999999997,2.7755575615628914e-17,3912.891217964841,633.3558332956118,0.03755857594218286,0.039542158674871146
5000,base2,0.3,sin,anchor_grid,500,exchangeable_varying_sigma,fixed,30,30,0,0.021978392421291227,0.0004745910121812263,0.02839438824679784,0.000582309402634325,0.009121100021699165,0.0030749343720746867,0.010605435895738643,0.0033477864237870724,0.021579634527877218,0.0004427450246340159,0.02786695583303245,0.0005413405320716952,0.009036018490893067,0.0028554257462195085,0.010643219239856932,0.0031906291650144903,0.0678824294966868,0.011841505926009787,0.08814922702731023,0.011411437808261905,0.03558719555365382,0.01181397928588512,-0.03558719555365382,0.01181397928588512,0.17999999999999997,2.7755575615628914e-17,0.17999999999999997,2.7755575615628914e-17,3348.388598579281,282.73189835251395,0.03558719555365382,0.03749691445894343
5000,base2,0.3,sin2,anchor_grid,500,exchangeable_varying_sigma,fixed,30,30,0,0.019582183454379194,0.0004330136303364172,0.024873515102369834,0.0005392141467337149,0.008100501233323763,0.0024604905360969377,0.009457949258785747,0.0027606119271563773,0.019317937695252405,0.0003989604482748392,0.024567652527544188,0.0004767944810753176,0.007590887653892599,0.0026326951457250358,0.008912145238183474,0.002863774805685217,0.04234736974971556,0.008143482891257672,0.05137012126296809,0.009758808951544165,0.037037665161136116,0.012993310771171879,-0.037037665161136116,0.012993310771171879,0.17999999999999997,2.7755575615628914e-17,0.17999999999999997,2.7755575615628914e-17,4822.655583610708,2262.1503808170405,0.037037665161136116,0.0392506657954319
5000,base2,0.6,mixed,anchor_grid,500,exchangeable_varying_sigma,fixed,30,30,0,0.02256111020718146,0.00048227764665875956,0.02914516460399268,0.0005913109945400838,0.010220316879679538,0.003358437226656649,0.011835028216820944,0.0037349209707974573,0.019994021647789833,0.0004195774332577125,0.025663877201287443,0.0005185984244647038,0.009989700461681694,0.0030623549177950255,0.01169883398937832,0.003451868840050485,0.10563034314203143,0.012412034709383143,0.12657499981696826,0.013951031535460352,0.07252330521104516,0.009857909671794927,-0.07252330521104516,0.009857909671794927,0.17999999999999997,2.7755575615628914e-17,0.17999999999999997,2.7755575615628914e-17,3612.0017835442054,682.6801182479528,0.07252330521104516,0.0731902191678074
5000,base2,0.6,sin,anchor_grid,500,exchangeable_varying_sigma,fixed,30,30,0,0.02194365354468018,0.0004942877630573654,0.02835601705726576,0.0006153369011432214,0.010126218751679931,0.0033539876288502107,0.011730746225137452,0.00368703098182727,0.01966223607325399,0.0004087210792484684,0.025343486005000773,0.000493575018984539,0.009911239883076598,0.0030502460498463392,0.011650848629236633,0.0034364021036353506,0.06900625554133778,0.012861094346052584,0.08940221676771636,0.012716622846502167,0.06965191621370499,0.009428209282918291,-0.06965191621370499,0.009428209282918291,0.17999999999999997,2.7755575615628914e-17,0.17999999999999997,2.7755575615628914e-17,3383.6371993056187,327.623898992821,0.06965191621370499,0.0702871294229853
5000,base2,0.6,sin2,anchor_grid,500,exchangeable_varying_sigma,fixed,30,30,0,0.019549751026454468,0.0004499006504271951,0.024841110376090863,0.0005667253818502606,0.008992416603415114,0.0027087703945371214,0.010447492866334224,0.003072054564389786,0.01779268686451342,0.00036175882945273984,0.022678729353584493,0.00042138376257111856,0.008285218802297857,0.002789417687183682,0.009762428138922597,0.003037909014482726,0.043049398395173764,0.008753612058558216,0.05231890755287526,0.010574139543751618,0.07300356064297668,0.010525353486506113,-0.07300356064297668,0.010525353486506113,0.17999999999999997,2.7755575615628914e-17,0.17999999999999997,2.7755575615628914e-17,4299.2115367653705,2047.5555446133642,0.07300356064297668,0.07375840923290497
5000,base2,0.9,mixed,anchor_grid,500,exchangeable_varying_sigma,fixed,30,30,0,0.022527945905143554,0.0005141224565651672,0.029107955511588436,0.0006381894038877383,0.011183146942377735,0.0036161106134821245,0.012899677283209047,0.00406885208704213,0.01550822094253443,0.00032974983347760074,0.019821615815113137,0.00036466621680174115,0.010797488670510417,0.00323824449347272,0.012593980496120797,0.0036929840872463745,0.10691552796207318,0.014829040233102598,0.1283236684392638,0.016561960365877485,0.10694692671364846,0.006242925236679873,-0.10694692671364846,0.006242925236679873,0.17999999999999997,2.7755575615628914e-17,0.17999999999999997,2.7755575615628914e-17,3670.708570702153,622.9893670294347,0.10694692671364846,0.10712898416864258
5000,base2,0.9,sin,anchor_grid,500,exchangeable_varying_sigma,fixed,30,30,0,0.021906289502223356,0.0005277068499588061,0.028319057251705266,0.0006617805006371273,0.01107691177915527,0.003627223165014175,0.012787483482503696,0.004018953328196465,0.015372953765985416,0.00031434041931530934,0.019896653111228946,0.0003523949072752236,0.010694722684975125,0.0032401915681222575,0.012565956974171249,0.003669200478437595,0.07045563426490888,0.014585945798523776,0.09105419805749142,0.014759385795882362,0.10336777821902422,0.006169099346940476,-0.10336777821902422,0.006169099346940476,0.17999999999999997,2.7755575615628914e-17,0.17999999999999997,2.7755575615628914e-17,3433.2349695262383,310.1363683149395,0.10336777821902422,0.10355170380389593
5000,base2,0.9,sin2,anchor_grid,500,exchangeable_varying_sigma,fixed,30,30,0,0.01951713536183907,0.0004736391512323302,0.024811959062222697,0.0005970889676056303,0.009822956513253054,0.002967606611505136,0.011372629752076242,0.003384774612151994,0.014426228807251243,0.0002863195389916436,0.018749104246566926,0.00031223618275176866,0.008948586331981227,0.002869759597710504,0.01054724591171129,0.003166609475497212,0.04406573554499005,0.009848038107590164,0.053742324137097,0.012005958855966122,0.10861643521505938,0.006936345292187956,-0.10861643521505938,0.006936345292187956,0.17999999999999997,2.7755575615628914e-17,0.17999999999999997,2.7755575615628914e-17,5045.259186769296,2423.3130968718965,0.10861643521505938,0.10883769055267413
5000,base3,0.0,mixed,anchor_grid,500,exchangeable_varying_sigma,fixed,30,30,0,0.042783940077836154,0.0006081236702962455,0.052751122498447385,0.0006373073972037979,0.010080078049280513,0.003281121083654035,0.012047252831002669,0.0035816226282644782,0.04392791726040922,0.0006264456703429751,0.05437484663129572,0.0006389577093230454,0.009870838490334936,0.0035011472145437014,0.011752382205094305,0.0038938999928604255,0.22865378532828196,0.011360566468963955,0.26447981822477573,0.012989295113868387,0.009860840157835444,0.007730869524718306,-0.0019364246830748458,0.01237953034946709,0.17999999999999997,2.7755575615628914e-17,0.17999999999999997,2.7755575615628914e-17,4834.036241299656,2419.34469370262,0.009860840157835444,0.012530064334495584
5000,base3,0.0,sin,anchor_grid,500,exchangeable_varying_sigma,fixed,30,30,0,0.042418269791947516,0.0006000787187393861,0.05231045948642989,0.0006294597755992729,0.009896795125731344,0.003332157409460385,0.01177025744035181,0.003651420961533093,0.04361392439473593,0.0006288406531830892,0.05394028998073164,0.0006396501994866661,0.010140650508280336,0.003578103461301178,0.011966382187068973,0.003946018061169376,0.22166527114861687,0.014443092321157884,0.26067033751422575,0.013649413809326981,0.010371278451664058,0.007877417536935431,-0.0018970594648532516,0.012884808464233366,0.17999999999999997,2.7755575615628914e-17,0.17999999999999997,2.7755575615628914e-17,4278.539528381944,1791.7840405220124,0.010371278451664058,0.013023713900925845
5000,base3,0.0,sin2,anchor_grid,500,exchangeable_varying_sigma,fixed,30,30,0,0.04073368424640144,0.0005520805111805573,0.05046003467785061,0.0005614630636651893,0.008751589385664848,0.00311869502747349,0.010496024298736521,0.0034604505380118455,0.04229568340974954,0.0005911466844203722,0.05255665733630177,0.0005714025517339442,0.008662997375531046,0.0031770907458127397,0.010262122165359358,0.0035049872033927434,0.24043575362665584,0.011829985728611351,0.2766967625249579,0.012182916668728913,0.010129107832596112,0.007265871089185576,-0.001995252662719536,0.012304904509216367,0.17999999999999997,2.7755575615628914e-17,0.17999999999999997,2.7755575615628914e-17,3364.9930478236947,324.12715294919286,0.010129107832596112,0.012465621050273535
5000,base3,0.3,mixed,anchor_grid,500,exchangeable_varying_sigma,fixed,30,30,0,0.04274606815931412,0.0006727324603692626,0.052688538731902386,0.000766507070054035,0.010021190287434428,0.004123888204282842,0.011797286876969428,0.004630271715057316,0.04355230925130611,0.0006626884459468617,0.05391928656484666,0.0007596666997962547,0.010051168397405188,0.003965489781587607,0.01162158789771281,0.004587634149905235,0.22912354500040474,0.013058709128879048,0.2646216623653924,0.0142968987186702,0.10016010825491355,0.012991079062296133,-0.10016010825491355,0.012991079062296133,0.17999999999999997,2.7755575615628914e-17,0.17999999999999997,2.7755575615628914e-17,4848.57946689768,2102.569153596503,0.10016010825491355,0.10099908623764292
5000,base3,0.3,sin,anchor_grid,500,exchangeable_varying_sigma,fixed,30,30,0,0.042369827070492236,0.0006604386826756848,0.05222812718731728,0.0007388346127875676,0.010012624882986322,0.004064664159098553,0.01174121954350928,0.004579858697945726,0.04323096107920148,0.0006469866112789596,0.05348314805789546,0.0007290011603366727,0.009953375859661117,0.004007038008637717,0.011484536365843677,0.004579154352072875,0.22180770215391019,0.01513634368071056,0.2606851094568294,0.01449293337168907,0.09799786356574648,0.012684480537759462,-0.09799786356574648,0.012684480537759462,0.17999999999999997,2.7755575615628914e-17,0.17999999999999997,2.7755575615628914e-17,4168.6875145721215,1698.6355291220054,0.09799786356574648,0.09881536980633862
5000,base3,0.3,sin2,anchor_grid,500,exchangeable_varying_sigma,fixed,30,30,0,0.040727667243120644,0.0005685052642446515,0.050440769778311065,0.0006440456267388054,0.008893336433875397,0.003514575754174079,0.010470178199893522,0.00403114984640377,0.04204501768081244,0.0005698142653681824,0.052285133718482826,0.0006395927606736109,0.008717540011011845,0.0035810586593584544,0.010109724910814544,0.004048560620778889,0.24095070709867678,0.012646928011039511,0.27693801520137806,0.0128765716278883,0.11272965712650637,0.013399820313429149,-0.11272965712650637,0.013399820313429149,0.17999999999999997,2.7755575615628914e-17,0.17999999999999997,2.7755575615628914e-17,3399.1597337012604,353.9088921421724,0.11272965712650637,0.11352326096572402
5000,base3,0.6,mixed,anchor_grid,500,exchangeable_varying_sigma,fixed,30,30,0,0.04275756019205341,0.000661070271943692,0.05270960824227686,0.0007593859871398806,0.010951471770265985,0.004368461232868658,0.012863032098929856,0.004996275674859127,0.042521629435902084,0.0006081211429624707,0.05276713422719496,0.00069801929170157,0.010948573139418352,0.004203532175122234,0.012674011469347945,0.004906226950201141,0.22879245403079518,0.0145319869909656,0.26403409967154423,0.015844141099202524,0.19565294698531924,0.011950892373829443,-0.19565294698531924,0.011950892373829443,0.17999999999999997,2.7755575615628914e-17,0.17999999999999997,2.7755575615628914e-17,4394.057273115342,2056.9725491369845,0.19565294698531924,0.19601759995615445
5000,base3,0.6,sin,anchor_grid,500,exchangeable_varying_sigma,fixed,30,30,0,0.04238424955434041,0.0006550948632033898,0.05225010887473596,0.0007359574347330153,0.010888950721493876,0.004325237946252694,0.012794516794547527,0.004959144849317956,0.04223623103298097,0.0005937962430631684,0.05240840030611875,0.000667387211583588,0.010846990717802917,0.0042451542227566535,0.012520663875394689,0.0049138923850914375,0.22131333068724593,0.01650902445080704,0.26002266196688445,0.01598554143358333,0.19236553111497762,0.011726439266182699,-0.19236553111497762,0.011726439266182699,0.17999999999999997,2.7755575615628914e-17,0.17999999999999997,2.7755575615628914e-17,4384.414593071727,2001.020902069378,0.19236553111497762,0.19272261657369358
5000,base3,0.6,sin2,anchor_grid,500,exchangeable_varying_sigma,fixed,30,30,0,0.04074022576823906,0.0005680833957890738,0.050462955418528015,0.0006409318403720729,0.009676937751910475,0.0037277514910178063,0.01138355057280982,0.004371211811465839,0.041339266885941986,0.0005322108769710627,0.05159180293018372,0.0005909392813569959,0.009455287435901294,0.0038150915684172847,0.010989382581457608,0.004343664665711125,0.24043820029354185,0.013354656824765354,0.2762710800953282,0.013938476229071873,0.22190820666894598,0.012658660066504051,-0.22190820666894598,0.012658660066504051,0.17999999999999997,2.7755575615628914e-17,0.17999999999999997,2.7755575615628914e-17,3474.0342445739543,297.9139807989999,0.22190820666894598,0.22226896738345403
5000,base3,0.9,mixed,anchor_grid,500,exchangeable_varying_sigma,fixed,30,30,0,0.04277976092025806,0.0006467803574922288,0.05274991913509909,0.0007468591262463967,0.011826950195077455,0.004629617690469404,0.01387992770958118,0.005353893273876823,0.040461689437515054,0.0004902748622984131,0.05068066898893763,0.0005449685174312577,0.011735786599973244,0.004422054990563062,0.013655133895636684,0.005230881123417805,0.2284763659245544,0.016357812111688956,0.26346552418378644,0.01779795477952917,0.29050803650338813,0.0106799027426959,-0.29050803650338813,0.0106799027426959,0.17999999999999997,2.7755575615628914e-17,0.17999999999999997,2.7755575615628914e-17,4155.72961109362,1828.5767355905527,0.29050803650338813,0.29070428203871956
5000,base3,0.9,sin,anchor_grid,500,exchangeable_varying_sigma,fixed,30,30,0,0.04240911792211401,0.0006490463045037238,0.0522917438030303,0.0007311664369247502,0.011756060631056693,0.00455146274717866,0.013794744446775118,0.005341039704814929,0.040269885667282394,0.00048160275161338034,0.050471669089106296,0.0005242522336514225,0.011645499110270926,0.004458553493951903,0.013490894036373003,0.005252382197269502,0.22082281176854215,0.018337585865054132,0.25937345388967004,0.017948205892391204,0.28619848913925583,0.010551255174933258,-0.28619848913925583,0.010551255174933258,0.17999999999999997,2.7755575615628914e-17,0.17999999999999997,2.7755575615628914e-17,4328.17723294826,1854.0878083604073,0.28619848913925583,0.2863929192060434
5000,base3,0.9,sin2,anchor_grid,500,exchangeable_varying_sigma,fixed,30,30,0,0.04076106462783953,0.0005653272775233058,0.05050203393231047,0.0006417721814985812,0.010414271636281162,0.00396111873472564,0.012252675035257694,0.00472013938403831,0.03998909568523098,0.0004551664141701417,0.05037362327039298,0.0004903887571849333,0.010090102908871778,0.004020955426335965,0.011816097584014617,0.00463788298327654,0.2398628136499103,0.014529015610889097,0.2755530422644665,0.015385761180491588,0.33057316550137184,0.011707869309586135,-0.33057316550137184,0.011707869309586135,0.17999999999999997,2.7755575615628914e-17,0.17999999999999997,2.7755575615628914e-17,3421.278860952212,332.33149317152805,0.33057316550137184,0.33078042861295115
5000,base4,0.0,mixed,anchor_grid,500,exchangeable_varying_sigma,fixed,30,30,0,0.019262807531365344,0.00044953202074659107,0.025842545589662955,0.0006427409493191795,0.009180270099922743,0.0034253730480049674,0.010941833506099211,0.003857554251906302,0.019272963702506075,0.00044678812494313276,0.025848265183162196,0.000638997948326251,0.00894167494184161,0.0032939131677575425,0.010656401793515381,0.003769597593901164,0.10464146382975595,0.011664152655359368,0.12707600984114154,0.012485637682478597,0.010850718909217651,0.00702113480470781,-0.0007504685736786813,0.012902373103915944,0.17999999999999997,2.7755575615628914e-17,0.17999999999999997,2.7755575615628914e-17,3381.478333333996,317.5871982530714,0.010850718909217651,0.01292418023677838
5000,base4,0.0,sin,anchor_grid,500,exchangeable_varying_sigma,fixed,30,30,0,0.01885076650307419,0.0004503838809032829,0.024914348998420304,0.0006093527842902235,0.009096419612210216,0.0032592191743051036,0.010739153113637285,0.003686306938716382,0.018885401212960135,0.00044949477153622124,0.024951090886938854,0.0006043978398584515,0.008983869764670908,0.0034001495731386185,0.01078242181322893,0.003939203492372346,0.09481150194713103,0.013091931062161595,0.10848788033828619,0.013067490349023918,0.01196008067990547,0.007150610846325491,-0.0003263918346420699,0.013930837509486456,0.17999999999999997,2.7755575615628914e-17,0.17999999999999997,2.7755575615628914e-17,3846.777895351511,754.880947644619,0.01196008067990547,0.013934660575178568
5000,base4,0.0,sin2,anchor_grid,500,exchangeable_varying_sigma,fixed,30,30,0,0.01623361649401276,0.00036398181443038715,0.020776688809748332,0.00044878953995987244,0.007794131228546597,0.002750307107231704,0.009254840432278682,0.0031723455263781785,0.01622701190609523,0.00036215180607550296,0.020786449924581285,0.00044483993265158475,0.00773259582134221,0.002953081855052112,0.0092714928055322,0.0033710134957240833,0.06395397098039012,0.01031200239872133,0.07339931550770627,0.01137791546601697,0.012028726091118243,0.007804429577025437,-0.0004598670139028817,0.014331360533020658,0.17999999999999997,2.7755575615628914e-17,0.17999999999999997,2.7755575615628914e-17,4362.208836049831,1654.4296586675503,0.012028726091118243,0.014338736778318309
5000,base4,0.3,mixed,anchor_grid,500,exchangeable_varying_sigma,fixed,30,30,0,0.019007941940119122,0.0005392700579170971,0.025529484331689476,0.000674999704576595,0.00928080511415122,0.0031034843678559294,0.010785942016940917,0.003595300789556778,0.01834825476208166,0.0005122598200369231,0.02463059260418956,0.0006828391056798374,0.00917182453077215,0.002873608268700814,0.010684035889551795,0.0034132305232532287,0.10470894663374332,0.011350301040155488,0.12783564898946279,0.012945417885725168,0.03026894999310752,0.012450777326522399,-0.03026894999310752,0.012450777326522399,0.17999999999999997,2.7755575615628914e-17,0.17999999999999997,2.7755575615628914e-17,3353.627771690061,296.51939962263236,0.03026894999310752,0.032729668341122675
5000,base4,0.3,sin,anchor_grid,500,exchangeable_varying_sigma,fixed,30,30,0,0.01860336103244509,0.0005446144624409353,0.024600514678515508,0.0006824720673693086,0.009210897887498772,0.003061677760455652,0.010685605092842955,0.0035388951602293005,0.01797896747190941,0.0005176944964294542,0.023772226354069118,0.0006702739237318314,0.009083005482235573,0.002855982759084464,0.010631603973499437,0.0033957609267290436,0.09442027045188375,0.012631436346629365,0.10825676798701794,0.013215951175732824,0.028199557730910176,0.01163023947745841,-0.028199557730910176,0.01163023947745841,0.17999999999999997,2.7755575615628914e-17,0.17999999999999997,2.7755575615628914e-17,3877.0463772055227,803.0381657495888,0.028199557730910176,0.030503729714937616
5000,base4,0.3,sin2,anchor_grid,500,exchangeable_varying_sigma,fixed,30,30,0,0.01601676693170747,0.0004594011777930731,0.02047556855072803,0.0005633222127045715,0.008129217975878445,0.0025132633963711785,0.00945803606081144,0.002978371116737303,0.015462405109909698,0.00043615586259535433,0.019788791038812113,0.0005362167873247709,0.007715833316997419,0.0026166437746312794,0.009042901263155172,0.0030247172501360656,0.06327016787391122,0.00976857192390878,0.072460139356725,0.010837212609656545,0.027411627799208676,0.011944235839409947,-0.027202758847793815,0.012412575053491932,0.17999999999999997,2.7755575615628914e-17,0.17999999999999997,2.7755575615628914e-17,4268.2036402094445,1762.6918402522153,0.027411627799208676,0.02990087136505883
5000,base4,0.6,mixed,anchor_grid,500,exchangeable_varying_sigma,fixed,30,30,0,0.018999448918164075,0.0005700701028573125,0.025507044595485213,0.0006994314770155801,0.010298674723543852,0.0033971910692085637,0.011937708800357032,0.003960038062307629,0.016007834669040225,0.000479924202303046,0.02147497381713986,0.0006603623378279947,0.010072495098086129,0.0030788522908787403,0.011721629595696446,0.0036720907036667493,0.10587428504136927,0.012987442393012071,0.12938507414721248,0.014977981216252179,0.05678653411348047,0.00955814247280329,-0.05678653411348047,0.00955814247280329,0.17999999999999997,2.7755575615628914e-17,0.17999999999999997,2.7755575615628914e-17,3329.6678980133147,287.3916268519639,0.05678653411348047,0.05758531535167528
5000,base4,0.6,sin,anchor_grid,500,exchangeable_varying_sigma,fixed,30,30,0,0.01859581586413568,0.0005785080427547457,0.024581065970475692,0.0007099241032851643,0.010199138312572336,0.0033888578581767327,0.011827720418642418,0.003910356611453742,0.015674547411902225,0.00048396754938533645,0.020740753907797765,0.0006389885517172427,0.00999260102944813,0.0030528006272321205,0.011674120376319024,0.0036508722678282807,0.09530163590436476,0.013672640363858683,0.10943213353802501,0.014449628503690198,0.05382433831847466,0.00897795011074223,-0.05382433831847466,0.00897795011074223,0.17999999999999997,2.7755575615628914e-17,0.17999999999999997,2.7755575615628914e-17,3477.694098857806,687.1587072712533,0.05382433831847466,0.05456796664355927
5000,base4,0.6,sin2,anchor_grid,500,exchangeable_varying_sigma,fixed,30,30,0,0.016008320065608417,0.0004885539625370395,0.02045946080987742,0.0005908783171764163,0.009017406355372855,0.0027969553015446034,0.010470326904872202,0.003314643793072084,0.013568206745245085,0.0004026562196804235,0.0173661484545488,0.0005028310087251491,0.008465529406162789,0.00279301620966195,0.009921456851586909,0.0032328329919588477,0.06386619098026157,0.010587452205948459,0.07321573087144934,0.011734960590833805,0.052182442305484855,0.009589450386249757,-0.052182442305484855,0.009589450386249757,0.17999999999999997,2.7755575615628914e-17,0.17999999999999997,2.7755575615628914e-17,4064.455181377222,1740.229558995695,0.052182442305484855,0.053056242268705776
5000,base4,0.9,mixed,anchor_grid,500,exchangeable_varying_sigma,fixed,30,30,0,0.019002423026015146,0.0005816543410382578,0.02550081311472426,0.000721312991117609,0.01126003280824583,0.0036853646480088597,0.013018822644879873,0.004320214466972893,0.010385328274457812,0.00032493517136387984,0.013884438923075821,0.00045790788576063245,0.010901044252540161,0.0032710837736658945,0.012665108365819858,0.003935086992881579,0.10724544510200788,0.015409152639994622,0.1312393999620375,0.017770380167428084,0.08254612435934452,0.005105955939088517,-0.08254612435934452,0.005105955939088517,0.17999999999999997,2.7755575615628914e-17,0.17999999999999997,2.7755575615628914e-17,3400.5983927684447,304.0221522438765,0.08254612435934452,0.08270389007054195
5000,base4,0.9,sin,anchor_grid,500,exchangeable_varying_sigma,fixed,30,30,0,0.018595948380031153,0.0005889105795264368,0.02457840037756516,0.0007245751647662273,0.011107628905067892,0.0037249392257715495,0.012897433768495095,0.004281815623360051,0.010151329392870246,0.00032342006385015806,0.013491852592493947,0.0004407354333263422,0.010831873559275786,0.003230546282191202,0.01262869412005807,0.003907024238050646,0.09638259645721443,0.015469133382032164,0.11096423079953704,0.01641122833736172,0.07888511074594844,0.004979995953720956,-0.07888511074594844,0.004979995953720956,0.17999999999999997,2.7755575615628914e-17,0.17999999999999997,2.7755575615628914e-17,3793.308656582679,660.8295009788725,0.07888511074594844,0.0790421473462078
5000,base4,0.9,sin2,anchor_grid,500,exchangeable_varying_sigma,fixed,30,30,0,0.016009022957946165,0.0005021376747188503,0.020461005249018487,0.0006048598703124031,0.0098462179423864,0.0030898858272535197,0.011415783780291825,0.003655651613925706,0.009068481744798323,0.00026612423376376265,0.011697550035010489,0.0003402572292875437,0.009174037812962185,0.0029269660246195994,0.010734054476824373,0.003423596673080831,0.06463033194161678,0.012055027844641906,0.07432456721213411,0.01333014060888105,0.07656920730552559,0.005133290452245004,-0.07656920730552559,0.005133290452245004,0.17999999999999997,2.7755575615628914e-17,0.17999999999999997,2.7755575615628914e-17,4585.193679704296,1856.2660435081423,0.07656920730552559,0.07674108533415243
5000,base5,0.0,constant,anchor_grid,500,exchangeable_varying_sigma,fixed,30,30,0,0.05576119298164463,0.0006997473335370832,0.0787632436684186,0.0012000631316305616,0.012521124626648656,0.005031651455785399,0.015105582907933707,0.005475581957634351,0.059283090758724975,0.0007608636855724626,0.08592263215476804,0.0012929146199910633,0.011932146838031548,0.005304512910461962,0.014171011174228643,0.0058935578464720684,0.7037964244273119,0.028541938357118813,0.9504689321870864,0.03624266328314816,0.015304656028897934,0.009290768054434542,0.001997278950194187,0.017792182103364793,0.17999999999999997,2.7755575615628914e-17,0.17999999999999997,2.7755575615628914e-17,5748.256036475727,2654.4058043249315,0.015304656028897934,0.017903934405716058
5000,base5,0.0,mixed,anchor_grid,500,exchangeable_varying_sigma,fixed,30,30,0,0.0561142920571248,0.0007124507560667335,0.07906079008348356,0.0012047262006627793,0.012676473444693798,0.005093543049474619,0.015274276914878818,0.0055008282146926666,0.05962939071042729,0.0007674607593429889,0.08613086116685274,0.0013082752554311149,0.011924061041627413,0.005334842404948643,0.014207005649307622,0.005925148724052116,0.7118407651152343,0.027893833816128533,0.9641328754814577,0.03530313580872703,0.01503413199605299,0.009759407641020445,0.0018769401444522502,0.017825494609477067,0.17999999999999997,2.7755575615628914e-17,0.17999999999999997,2.7755575615628914e-17,3111.1473506145294,297.47500873294507,0.01503413199605299,0.017924038673757442
5000,base5,0.0,sin,anchor_grid,500,exchangeable_varying_sigma,fixed,30,30,0,0.055637603513443296,0.0006993286008950456,0.07875374072672324,0.0011985114883275125,0.012521451408214434,0.004861172612698521,0.01510180531962003,0.005271071421078722,0.059096197384861694,0.0007608933521883992,0.08581294794460755,0.0012846235056796665,0.011715716129175706,0.005286852683216034,0.013877412300669119,0.005810080234946213,0.7136635914573364,0.029311145525409067,0.9351853286261597,0.037955693396357404,0.014845734981325933,0.00961241907284097,0.0026348622366300484,0.01748862340384921,0.17999999999999997,2.7755575615628914e-17,0.17999999999999997,2.7755575615628914e-17,3966.1677667943877,518.7019146209987,0.014845734981325933,0.017685995803677024
5000,base5,0.0,sin2,anchor_grid,500,exchangeable_varying_sigma,fixed,30,30,0,0.05411201975129751,0.0006790149014938317,0.07753920324785608,0.001185004332610144,0.01139881322733766,0.004438871089228151,0.01390490574231475,0.004826786117709492,0.05798242262878888,0.0007610391031772091,0.08563724509456987,0.0012830166212722705,0.010414394199320378,0.004654633622857067,0.012368878879154239,0.005129198528238587,0.7231938171471712,0.026402964160224945,0.9610538609682874,0.034347094164548266,0.01611514057257069,0.010222539418267293,0.002330176993875057,0.018941181140809508,0.17999999999999997,2.7755575615628914e-17,0.17999999999999997,2.7755575615628914e-17,3155.048450590643,271.6309798324588,0.01611514057257069,0.019083974110015514
5000,base5,0.3,constant,anchor_grid,500,exchangeable_varying_sigma,fixed,30,30,0,0.0554708206692459,0.0007937782642119982,0.0785309458715482,0.0011844997400043502,0.012423497988776911,0.0040921017514912806,0.014284342589430529,0.004307925601338881,0.05875917053778185,0.0008449010331115387,0.08553836887714757,0.001254848689289299,0.01188765756724069,0.003838220867168277,0.013919843112254878,0.00397901136824659,0.7032347311591514,0.026449487643311686,0.9480323812114936,0.03310549506542378,0.1531862877178531,0.017215055658164887,-0.1531862877178531,0.017215055658164887,0.17999999999999997,2.7755575615628914e-17,0.17999999999999997,2.7755575615628914e-17,6203.10360174564,2482.426065313909,0.1531862877178531,0.15415056563662222
5000,base5,0.3,mixed,anchor_grid,500,exchangeable_varying_sigma,fixed,30,30,0,0.05582763065568661,0.0008032988130382511,0.07883386999352551,0.0011854372947984262,0.0123337821797128,0.003967565318049447,0.014234650567214423,0.004170426616786446,0.05909478842637308,0.0008503868138172458,0.08573443183869951,0.0012685102068797339,0.012022519486840973,0.003885425805644377,0.014052282192923763,0.004031699316644768,0.7109858711281303,0.026554397393246137,0.9616340511575796,0.03260392754350178,0.15445267542558927,0.016848598918727534,-0.15445267542558927,0.016848598918727534,0.17999999999999997,2.7755575615628914e-17,0.17999999999999997,2.7755575615628914e-17,3151.336775466668,279.8105002861766,0.15445267542558927,0.15536892942814073
5000,base5,0.3,sin,anchor_grid,500,exchangeable_varying_sigma,fixed,30,30,0,0.05537314481356907,0.0007777746505966064,0.07855104304468391,0.0011819483255594723,0.012217808959852784,0.004118604561202032,0.014035408761505887,0.004301959415733343,0.05859834598081119,0.0008312102425100911,0.0854536983681611,0.001247023770904293,0.011640841109267141,0.003884308034740219,0.013648204086355226,0.0040082035851175596,0.7124277112539884,0.027320422384545653,0.9321260833434576,0.03467606833709871,0.15329317911519438,0.017106155228294128,-0.15329317911519438,0.017106155228294128,0.17999999999999997,2.7755575615628914e-17,0.17999999999999997,2.7755575615628914e-17,3870.662301207004,683.9820004796018,0.15329317911519438,0.15424467352209464
5000,base5,0.3,sin2,anchor_grid,500,exchangeable_varying_sigma,fixed,30,30,0,0.053858595770361804,0.0007598246019284387,0.07733941525109628,0.0011732133155466222,0.011634736350967446,0.004213013100555194,0.013314210432181955,0.0044086177593588,0.057574613002731416,0.0008231513759537317,0.08535239664483386,0.0012475171740544463,0.01025133533391284,0.0034664800313091585,0.012047049986095569,0.003555820202936517,0.723359293256654,0.024164065862926062,0.9589743725244335,0.031242097841547307,0.17126046779926926,0.018767284609781665,-0.17126046779926926,0.018767284609781665,0.17999999999999997,2.7755575615628914e-17,0.17999999999999997,2.7755575615628914e-17,3194.8336533456304,296.4133026885172,0.17126046779926926,0.17228568948827147
5000,base5,0.6,constant,anchor_grid,500,exchangeable_varying_sigma,fixed,30,30,0,0.05544499485507028,0.0007816204333423768,0.07850017514295689,0.0011620397446440636,0.013205548451503459,0.004263549808275486,0.01516073708900042,0.004496480135007124,0.057929495054702636,0.000827407561351932,0.08497039693431113,0.0011873754342852942,0.012729966932797033,0.004063155334014813,0.014961602754344865,0.004182455550756223,0.7028388155317354,0.026567848137278267,0.9475786421461907,0.03294082390364255,0.30680645792940686,0.01720657945033548,-0.30680645792940686,0.01720657945033548,0.17999999999999997,2.7755575615628914e-17,0.17999999999999997,2.7755575615628914e-17,5399.37278168692,2693.9035406140965,0.30680645792940686,0.3072885761032609
5000,base5,0.6,mixed,anchor_grid,500,exchangeable_varying_sigma,fixed,30,30,0,0.05580103447418835,0.0007921761489860577,0.07880339562245141,0.001164142826010911,0.013116128286511807,0.004148139254432381,0.015098080264575802,0.004364342040841465,0.05823499530206062,0.0008351465207702497,0.08512742742176514,0.0012059428616471722,0.012860673873737325,0.004119363350278412,0.01509286342877046,0.00423961137390024,0.710582494269977,0.026752924831631397,0.961171597172666,0.0324177943470054,0.30907542575472574,0.017102104671155898,-0.30907542575472574,0.017102104671155898,0.17999999999999997,2.7755575615628914e-17,0.17999999999999997,2.7755575615628914e-17,3158.0109482255843,346.7419504395741,0.30907542575472574,0.30954822045950803
5000,base5,0.6,sin,anchor_grid,500,exchangeable_varying_sigma,fixed,30,30,0,0.05534982251424366,0.0007694074395042298,0.07852112037145008,0.0011632852560372372,0.012960817338642289,0.004323167424812258,0.014890835877158384,0.004478920279319964,0.05778155477684494,0.0008170144959929051,0.08488348051362446,0.0011798134307651924,0.012512732218722986,0.004010606664873098,0.014665694691319672,0.004188598615394263,0.7120663724485065,0.027411898295591153,0.9315919309224772,0.03449836641896823,0.30691204877740924,0.017103107084344496,-0.30691204877740924,0.017103107084344496,0.17999999999999997,2.7755575615628914e-17,0.17999999999999997,2.7755575615628914e-17,3891.5371475066136,645.696362818023,0.30691204877740924,0.30738822676980554
5000,base5,0.6,sin2,anchor_grid,500,exchangeable_varying_sigma,fixed,30,30,0,0.05383644987706699,0.0007464965624083249,0.0773127450951666,0.0011515902841301203,0.012308302622994231,0.004337488054263816,0.014029984324492213,0.004551956057318493,0.05701099586406145,0.0008056807225076246,0.08499936607777986,0.001181853851629269,0.01096053929460099,0.003599591031423425,0.012922220722874894,0.003700549469684717,0.7229859446163386,0.023975280725906812,0.9586297351654551,0.031106509853630494,0.34351123145229284,0.018602065215438994,-0.34351123145229284,0.018602065215438994,0.17999999999999997,2.7755575615628914e-17,0.17999999999999997,2.7755575615628914e-17,3159.170989403637,326.9381726824757,0.34351123145229284,0.34401453888484146
5000,base5,0.9,constant,anchor_grid,500,exchangeable_varying_sigma,fixed,30,30,0,0.055417870059820386,0.0007624732437429437,0.07846683450503676,0.0011300882447751797,0.013978503575780503,0.004487471602303851,0.016013919839513793,0.004740961545770904,0.056382373141599156,0.0007865677544406158,0.08399400296651655,0.0011121500814047084,0.013562490765951795,0.004264531375003322,0.015947216929186693,0.004426630562424036,0.7025011392747922,0.027347446574336236,0.9471408898485039,0.03330910707000157,0.46044264502424676,0.01686353272106801,-0.46044264502424676,0.01686353272106801,0.17999999999999997,2.7755575615628914e-17,0.17999999999999997,2.7755575615628914e-17,6272.8381952493255,2782.4363979655236,0.46044264502424676,0.46075135169932924
5000,base5,0.9,mixed,anchor_grid,500,exchangeable_varying_sigma,fixed,30,30,0,0.055773606347218105,0.0007730018336160871,0.0787701875477849,0.001133532663613414,0.013857711580641882,0.004389277341754082,0.015939266333738808,0.004621679917002802,0.05662779963708058,0.0007942998562051236,0.0840818683223359,0.001133804563942885,0.013681328801743959,0.004290777021386089,0.01607402047972704,0.004492881378161804,0.7102722206429047,0.027491160813124662,0.960740648568358,0.032664210290054785,0.4637026691466645,0.017046714143886567,-0.4637026691466645,0.017046714143886567,0.17999999999999997,2.7755575615628914e-17,0.17999999999999997,2.7755575615628914e-17,3217.349966943559,344.54893483162806,0.4637026691466645,0.46401590041381596
5000,base5,0.9,sin,anchor_grid,500,exchangeable_varying_sigma,fixed,30,30,0,0.05532385606946659,0.0007557808087746361,0.07848751452427118,0.0011369093457200593,0.013695863446435625,0.004578922371327759,0.015726653089539966,0.004711257210192966,0.056262433974505414,0.0007819944109092373,0.0839033861608969,0.0011052445367925794,0.01332807322118401,0.004172604628635586,0.01562965293688067,0.004409411052130189,0.7117657742553584,0.02810834060429274,0.9310847558428403,0.0348882169351804,0.4605754144512714,0.016787629116266693,-0.4605754144512714,0.016787629116266693,0.17999999999999997,2.7755575615628914e-17,0.17999999999999997,2.7755575615628914e-17,3965.0129173012024,680.6761369549594,0.4605754144512714,0.460881261159863
5000,base5,0.9,sin2,anchor_grid,500,exchangeable_varying_sigma,fixed,30,30,0,0.05381292462118623,0.0007261031395319128,0.07728321331054734,0.0011208215401291486,0.012972664092659746,0.0044971130486997435,0.014731022317211795,0.004733949008487773,0.055991376977863064,0.0007770385330019236,0.08440411142680347,0.0011105025153488794,0.011660763315200577,0.003740010763473425,0.013758803133809866,0.003875928060248309,0.7226383054870663,0.02439018267981205,0.9582831851342196,0.031468145669433074,0.5158277584101018,0.018159581217504352,-0.5158277584101018,0.018159581217504352,0.17999999999999997,2.7755575615628914e-17,0.17999999999999997,2.7755575615628914e-17,3199.152803750406,351.54291811452356,0.5158277584101018,0.5161473110812312
5000,base6,0.0,constant,anchor_grid,500,exchangeable_varying_sigma,fixed,30,30,0,0.03744182544039872,0.0005939764661513031,0.047263596258294224,0.0007339131177962094,0.00961953243801238,0.004151354316341886,0.01158925805327186,0.004638816231604368,0.03818841908134566,0.000573608345116299,0.04828592964057862,0.0007163969992907272,0.009454253087807523,0.004149789725433062,0.011426752609120542,0.004728720594977292,0.1448171085019262,0.011913240853792313,0.18087837409579335,0.014163240084679863,0.011129646945751144,0.008315454042127059,0.001715563603860204,0.013786684104051462,0.17999999999999997,2.7755575615628914e-17,0.17999999999999997,2.7755575615628914e-17,3456.6229570629075,645.9748592307659,0.011129646945751144,0.013893013246369379
5000,base6,0.0,mixed,anchor_grid,500,exchangeable_varying_sigma,fixed,30,30,0,0.037565737252242465,0.0006195692668217211,0.0477503310509327,0.0007815611108340554,0.00970076058830775,0.004189603541809383,0.011749537447510918,0.004671100128263976,0.03825008683049377,0.0006043073919869228,0.04879647064672711,0.0007766885584149152,0.00917229876106747,0.004046841949527158,0.011063838460550144,0.004629398175467421,0.13852100576330575,0.011564758162535802,0.17009153676640795,0.013709728278800508,0.011103859442839358,0.008136378889789022,0.001589390714892154,0.013673704440273377,0.17999999999999997,2.7755575615628914e-17,0.17999999999999997,2.7755575615628914e-17,3609.5825713159984,312.44149068635136,0.011103859442839358,0.013765767539971654
5000,base6,0.0,sin,anchor_grid,500,exchangeable_varying_sigma,fixed,30,30,0,0.03735312004279215,0.0006102937242198762,0.04725568281727526,0.0007641669455536928,0.009705158112708664,0.003953478725785489,0.01157446676585391,0.004440191728364581,0.03807769947513329,0.0005940830290435148,0.048285637911898965,0.000748478064333085,0.009246952240812416,0.004103233579117464,0.011178865049794023,0.004610676136314329,0.14681480455515805,0.011578213168011857,0.1771388563937196,0.014943000652709858,0.011524219986844133,0.008276257878990567,0.0022757602008823628,0.014004463798832538,0.17999999999999997,2.7755575615628914e-17,0.17999999999999997,2.7755575615628914e-17,3600.840807363267,769.8762134096806,0.011524219986844133,0.014188167280686085
5000,base6,0.0,sin2,anchor_grid,500,exchangeable_varying_sigma,fixed,30,30,0,0.0360499270629845,0.0005032587984177296,0.04522847150481213,0.000618510007839972,0.008404531004297795,0.003579761915172056,0.010050570104625834,0.0039989631962248215,0.03690567311838964,0.000483218715724525,0.04636602571995576,0.000591024525381052,0.008312215467300122,0.0036722756619346117,0.010129470669390038,0.004102408027085185,0.18622990696708225,0.009285336219098167,0.22226844424632025,0.01104979543300365,0.011482334924162969,0.008683760095810665,0.002448066790948726,0.014186566663548311,0.17999999999999997,2.7755575615628914e-17,0.17999999999999997,2.7755575615628914e-17,5200.919696503629,1946.9189296376856,0.011482334924162969,0.014396239255869785
5000,base6,0.3,constant,anchor_grid,500,exchangeable_varying_sigma,fixed,30,30,0,0.03731214995639053,0.0006958138140038999,0.04716295664915527,0.0007330864762077303,0.00970159654050093,0.0033467261493543166,0.011357021931221957,0.0037446486959716576,0.03775797744596756,0.0007003471969761151,0.04781110358536475,0.0007610553735950508,0.00977432019903344,0.0033230684017231523,0.011567252032366332,0.0036918076917613627,0.1450365825675334,0.013927970729616929,0.1808861839724183,0.016586699522826195,0.08013967637146555,0.01279148523825271,-0.08013967637146555,0.01279148523825271,0.17999999999999997,2.7755575615628914e-17,0.17999999999999997,2.7755575615628914e-17,3651.5585037711385,796.8455591232253,0.08013967637146555,0.08115411156265388
5000,base6,0.3,mixed,anchor_grid,500,exchangeable_varying_sigma,fixed,30,30,0,0.03744320219656383,0.0007063349137602534,0.047662301832639024,0.0007484810566499255,0.009571202065446028,0.003390804986361442,0.011202637879848164,0.003740661686772239,0.03781612408019783,0.0007173896147159601,0.04830694529590674,0.0007912653476221352,0.009674379815642665,0.003178895108299868,0.011400896265686087,0.003563453944459408,0.13904105832303504,0.014079010901560331,0.17036072265037697,0.015821391179242507,0.08163619892892969,0.013056499270106641,-0.08163619892892969,0.013056499270106641,0.17999999999999997,2.7755575615628914e-17,0.17999999999999997,2.7755575615628914e-17,3527.995719288243,323.5000887865477,0.08163619892892969,0.08267370288522269
5000,base6,0.3,sin,anchor_grid,500,exchangeable_varying_sigma,fixed,30,30,0,0.03724475896568337,0.0006834421836868188,0.04719288916329746,0.0007296016644176247,0.009566183611721587,0.003369704382742913,0.011137519727963275,0.0038000446344553045,0.03767663146268114,0.0006910563499460705,0.04784950281233506,0.0007631956253622425,0.009706417361462475,0.0032540258057998017,0.011515017597029114,0.0035807273722982427,0.1466201409806486,0.013165653114320297,0.17703866967323897,0.017399443578157342,0.07983957490202184,0.01280071816124124,-0.07983957490202184,0.01280071816124124,0.17999999999999997,2.7755575615628914e-17,0.17999999999999997,2.7755575615628914e-17,3642.0812294243524,845.1789250658808,0.07983957490202184,0.08085923636777115
5000,base6,0.3,sin2,anchor_grid,500,exchangeable_varying_sigma,fixed,30,30,0,0.035940679443747486,0.0006127163579434843,0.0451387312428099,0.0006557281294105883,0.008669171876239216,0.0029742861411067305,0.010169288034604403,0.0034156461593824405,0.03657550155187002,0.0006115267240683269,0.04603037827868153,0.0006706996947250077,0.008562683923804338,0.0030025653079931657,0.010156195169767472,0.0033246867387855665,0.18606408563279772,0.010743620385838197,0.22216600969228711,0.012813847862534894,0.09181148699983298,0.013421673550018743,-0.09181148699983298,0.013421673550018743,0.17999999999999997,2.7755575615628914e-17,0.17999999999999997,2.7755575615628914e-17,4864.889193890243,1980.758317975135,0.09181148699983298,0.09278734000931255
5000,base6,0.6,constant,anchor_grid,500,exchangeable_varying_sigma,fixed,30,30,0,0.03726680127815219,0.0006873181134574599,0.0471168849653592,0.0007264538531820925,0.01063714652621095,0.0036737332667544165,0.012410172284763878,0.004117154673176293,0.03668962971487635,0.0006543920601069443,0.04657009495287786,0.0007284861416420053,0.010615488274793505,0.0035450650304098084,0.012549709674355277,0.0039907441514496645,0.14454027019875715,0.015022433649426917,0.1804935928602346,0.01768800989410178,0.16071403140447654,0.011947156527456653,-0.16071403140447654,0.011947156527456653,0.17999999999999997,2.7755575615628914e-17,0.17999999999999997,2.7755575615628914e-17,3450.7309617592023,828.306116770088,0.16071403140447654,0.16115748334896096
5000,base6,0.6,mixed,anchor_grid,500,exchangeable_varying_sigma,fixed,30,30,0,0.037397365407002565,0.0006949656318487701,0.04761392373905956,0.0007394910653792058,0.010503337836190589,0.0037427600873671312,0.012236235888740087,0.004130914983275182,0.03672889755806532,0.0006711122009642255,0.046980315004527824,0.0007593614749771578,0.01050191458972558,0.0033987897702011743,0.012375574004047697,0.0038600896865160815,0.1389409090737093,0.015004552141021036,0.17017238402558757,0.01689764877196182,0.1632971594059156,0.012076385757804878,-0.1632971594059156,0.012076385757804878,0.17999999999999997,2.7755575615628914e-17,0.17999999999999997,2.7755575615628914e-17,3620.2256490435143,370.2089995877826,0.1632971594059156,0.16374309561936443
5000,base6,0.6,sin,anchor_grid,500,exchangeable_varying_sigma,fixed,30,30,0,0.037199915427379396,0.0006804491869885113,0.047146117599273216,0.0007278285076124109,0.010460578438207916,0.0037512727510910448,0.01217153170232605,0.00416135898056914,0.03662096998246691,0.0006464444946506979,0.04660663318895291,0.0007339726495144206,0.010535642034976225,0.0034818766163824343,0.01248614221612775,0.00388634449866153,0.14608188260633603,0.014166546845737184,0.17655669775586355,0.0187059281417882,0.16047816100931728,0.01198618395112142,-0.16047816100931728,0.01198618395112142,0.17999999999999997,2.7755575615628914e-17,0.17999999999999997,2.7755575615628914e-17,3765.649883440137,815.4222517716264,0.16047816100931728,0.16092516511298804
5000,base6,0.6,sin2,anchor_grid,500,exchangeable_varying_sigma,fixed,30,30,0,0.035900886189344304,0.0006056724157116679,0.04510083159319072,0.0006490944850272293,0.009448368371810524,0.003272853937910155,0.011072104458877354,0.003720152338036489,0.03579487019566887,0.000573312964233947,0.045211698720887976,0.0006423534871366675,0.00923575435290284,0.0032381980267290333,0.01096157238844193,0.0036022465972081474,0.18562882796520355,0.011574793095178133,0.22177319294995476,0.013570751498191855,0.18506775884427668,0.012896090456715947,-0.18506775884427668,0.012896090456715947,0.17999999999999997,2.7755575615628914e-17,0.17999999999999997,2.7755575615628914e-17,4900.141776484872,1909.1817627574994,0.18506775884427668,0.18551653433780813
5000,base6,0.9,constant,anchor_grid,500,exchangeable_varying_sigma,fixed,30,30,0,0.0372037986539009,0.0006677665976000706,0.0470631039262807,0.0007274614692222736,0.01150340163426095,0.003995936684634047,0.013415271478427011,0.004457001368934516,0.03463315081713532,0.0005176462054370711,0.044301180996179204,0.0006085296915688913,0.011403631728900798,0.003762461110160859,0.01345190395769922,0.0042946637017972,0.1443643177370584,0.01620150917948026,0.18041167206654157,0.019067500494029388,0.24107776634834496,0.010902546775332944,-0.24107776634834496,0.010902546775332944,0.17999999999999997,2.7755575615628914e-17,0.17999999999999997,2.7755575615628914e-17,3418.2903504218907,851.3393327954539,0.24107776634834496,0.24132416984980087
5000,base6,0.9,mixed,anchor_grid,500,exchangeable_varying_sigma,fixed,30,30,0,0.037332859378320496,0.0006741079260238436,0.04755659856868365,0.00074260942153525,0.011371289930180746,0.004062175880217009,0.013232287690117044,0.0044651995836181915,0.03463267834730176,0.0005323514212789462,0.044542465851770796,0.000629767282879022,0.011269020271456442,0.0036166921816314086,0.01326031205071921,0.004167123940925328,0.13915549280247116,0.016003541574917134,0.17034710595725222,0.018201460885210446,0.24470580403728132,0.010840232874256233,-0.24470580403728132,0.010840232874256233,0.17999999999999997,2.7755575615628914e-17,0.17999999999999997,2.7755575615628914e-17,3535.2570658944546,383.6295589363599,0.24470580403728132,0.2449457923261807
5000,base6,0.9,sin,anchor_grid,500,exchangeable_varying_sigma,fixed,30,30,0,0.03713501878840928,0.0006675016531071172,0.04708922442774187,0.0007344309296791773,0.011350918700753613,0.00401244345122209,0.013170061075130652,0.004458842136830245,0.034593808212806575,0.000514012514955665,0.0443329878803508,0.0006163448588962216,0.011290803638120437,0.0037101485065582783,0.01337508291779619,0.004210186383638762,0.14586148841030067,0.015357893069261514,0.1763818640458475,0.020395169172928437,0.24099784912843783,0.01097216301324726,-0.24099784912843783,0.01097216301324726,0.17999999999999997,2.7755575615628914e-17,0.17999999999999997,2.7755575615628914e-17,3592.0148490508395,891.3332735254535,0.24099784912843783,0.24124749044440352
5000,base6,0.9,sin2,anchor_grid,500,exchangeable_varying_sigma,fixed,30,30,0,0.035849293190118516,0.000587003420162419,0.04505606249281612,0.0006426709656684177,0.010186382279785581,0.003542266434949639,0.011929792431176988,0.004009523873346093,0.03432537394049641,0.00047028953908262,0.04375277421715031,0.0005537661743342331,0.009884839369231376,0.003454927278419343,0.011708911643178058,0.0038971202114493598,0.18530681632880933,0.012646355785748069,0.2215156116449016,0.014587171650149756,0.27822412406511227,0.012216172705671864,-0.27822412406511227,0.012216172705671864,0.17999999999999997,2.7755575615628914e-17,0.17999999999999997,2.7755575615628914e-17,5402.321338511879,1770.7970161750943,0.27822412406511227,0.278492186761808
