n_subject,coef_type,rep,seed,success,error_message,elapsed_seconds,covariance_mode,signal_bandwidth_input,signal_bandwidth_method,best_signal_bandwidth,variance_bandwidth_input,variance_bandwidth_method,best_variance_bandwidth,sigma2_true,sigma2_function,a_eval_mode,a_eval_selected_points,rho_true,rho_error,miae_iid,rmise_iid,beta_mae_iid,beta_rmse_iid,miae_final,rmise_final,beta_mae_final,beta_rmse_final,sigma2_miae,sigma2_rmise,rho_abs_error,Sigma_fro_error
2000,base4,0,123,1,,1657.5077470180113,exchangeable_varying_sigma,0.18,fixed,0.18,0.18,fixed,0.18,1.0,sin,anchor_grid,500,0.9,-0.19006328193763544,0.03403462903701711,0.04671807823283809,0.028894000312901402,0.04089758683866275,0.020248258223861792,0.028951957533442384,0.030004691584963328,0.039739766053407295,0.2146510295313067,0.24337952660770748,0.19006328193763544,
2000,base1,0,123,1,,1689.413991264999,exchangeable_varying_sigma,0.18,fixed,0.18,0.18,fixed,0.18,1.0,sin2,anchor_grid,500,0.3,-0.035562177771039705,0.030446571391130196,0.039316564460448865,0.024585449981808213,0.03188386592688724,0.029512382174410875,0.0382460115165182,0.020024756714499076,0.025792827852949386,0.1210706937395442,0.12661153935913205,0.035562177771039705,
2000,base4,0,123,1,,1692.3656707459595,exchangeable_varying_sigma,0.18,fixed,0.18,0.18,fixed,0.18,1.0,sin,anchor_grid,500,0.3,-0.04008581064185013,0.03278250339005278,0.04499052273029855,0.025365487495094513,0.03314652973101842,0.03139392169472766,0.04322070294250459,0.025619173161626096,0.032639433430130406,0.22288464978115735,0.25041651808520865,0.04008581064185013,
2000,base1,0,123,1,,1719.3709570609499,exchangeable_varying_sigma,0.18,fixed,0.18,0.18,fixed,0.18,1.0,sin2,anchor_grid,500,0.6,-0.11481184112981951,0.03082129434294975,0.039761581608521265,0.02663162133092377,0.03540402878593835,0.02709402854437392,0.03508835736422261,0.02240593532520127,0.02892643076918206,0.11653924943248296,0.12134723915487235,0.11481184112981951,
2000,base4,0,123,1,,1777.452757401974,exchangeable_varying_sigma,0.18,fixed,0.18,0.18,fixed,0.18,1.0,sin,anchor_grid,500,0.0,-0.027421315492980523,0.03339955182728322,0.04533045761248192,0.023974952094683616,0.02417973914078613,0.03347287260979753,0.045456491798913604,0.024734309110994057,0.02500316126724479,0.24173138688760293,0.27188305480179603,0.027421315492980523,
2000,base4,0,123,1,,1779.0066171090584,exchangeable_varying_sigma,0.18,fixed,0.18,0.18,fixed,0.18,1.0,sin,anchor_grid,500,0.6,-0.11399934136991152,0.03330636328763823,0.04574177034041601,0.027373731934888665,0.0370710971017024,0.028080751952748107,0.0390014526123879,0.028389709064649757,0.036387169848533824,0.21710935985946284,0.24521537075495,0.11399934136991152,
2000,base1,0,123,1,,1847.2500892060343,exchangeable_varying_sigma,0.18,fixed,0.18,0.18,fixed,0.18,1.0,sin2,anchor_grid,500,0.0,-0.029853839356485574,0.0317481376729898,0.040567023339268586,0.020024891545934786,0.02120521422819558,0.031851603567,0.040742902201894554,0.019386541693671294,0.019514570933712047,0.13169853556824762,0.1364989565133267,0.029853839356485574,
2000,base1,0,123,1,,1853.894667946035,exchangeable_varying_sigma,0.18,fixed,0.18,0.18,fixed,0.18,1.0,sin2,anchor_grid,500,0.9,-0.19710445423568956,0.03125577263502608,0.040378268685850205,0.028232657651440438,0.038718598374227725,0.021846579666614987,0.028060288786652985,0.02405739541423596,0.03190998751922932,0.11440741075438583,0.11842650729639333,0.19710445423568956,
2000,base5,0,123,1,,1660.6079536819598,exchangeable_varying_sigma,0.18,fixed,0.18,0.18,fixed,0.18,1.0,sin,anchor_grid,500,0.0,-0.01668114211539328,0.06660597230945184,0.08967294099705754,0.01758042449388486,0.0202176586570548,0.07016652969668427,0.09574706522855733,0.017783424927793556,0.021665010276773127,0.49423731542981253,0.6486929087980567,0.01668114211539328,
2000,base5,0,123,1,,1625.6374422600493,exchangeable_varying_sigma,0.18,fixed,0.18,0.18,fixed,0.18,1.0,sin,anchor_grid,500,0.6,-0.32306925218841337,0.06604057322791944,0.08944294807209051,0.031184327312378163,0.038149731726408495,0.06763927771055409,0.09322892574276657,0.024303314356740935,0.030810874535277602,0.520916450810723,0.6868942761293517,0.32306925218841337,
2000,base5,0,123,1,,1751.3744139140472,exchangeable_varying_sigma,0.18,fixed,0.18,0.18,fixed,0.18,1.0,sin,anchor_grid,500,0.9,-0.5002445718112174,0.06646613477132776,0.08997889786998943,0.03487785979642352,0.042306354956459215,0.06551669851661425,0.09134707637084431,0.028798182575074785,0.03537573730235644,0.5267918799813458,0.6942516438586347,0.5002445718112174,
2000,base5,0,123,1,,1827.6353724899236,exchangeable_varying_sigma,0.18,fixed,0.18,0.18,fixed,0.18,1.0,sin,anchor_grid,500,0.3,-0.14734268593581584,0.06574981863154727,0.08904956621682084,0.02777714618337407,0.03405073105623699,0.06876784880021504,0.09431208388061796,0.0208612361363483,0.026774598328101088,0.512978557668495,0.6775295608051325,0.14734268593581584,
5000,base1,0,123,1,,4199.975497673964,exchangeable_varying_sigma,0.18,fixed,0.18,0.18,fixed,0.18,1.0,sin2,anchor_grid,500,0.3,-0.03298732507662522,0.02056455899701394,0.025558903884967468,0.0035271807884219297,0.004439263000791901,0.020462843523295363,0.025199260216764684,0.004686166686857396,0.005298033688124382,0.032453718803424556,0.04119205263375585,0.03298732507662522,
5000,base1,0,123,1,,4236.174232240999,exchangeable_varying_sigma,0.18,fixed,0.18,0.18,fixed,0.18,1.0,sin2,anchor_grid,500,0.0,-0.014574698837883635,0.02077653094712807,0.0256545690322492,0.0072596953973092515,0.008755170601093435,0.020904508164283134,0.025798595752954043,0.007723724287591438,0.008961759031388489,0.02754503088886852,0.035708279214089214,0.014574698837883635,
5000,base1,0,123,1,,4304.214202770032,exchangeable_varying_sigma,0.18,fixed,0.18,0.18,fixed,0.18,1.0,sin2,anchor_grid,500,0.6,-0.06933464825045821,0.020419725133600557,0.025493394516716096,0.00423095811582104,0.005201054934693598,0.019110653224260428,0.023283830315716368,0.0052248640223162834,0.005946424573708297,0.033556067551374996,0.04186443637016843,0.06933464825045821,
5000,base1,0,123,1,,4321.9739111009985,exchangeable_varying_sigma,0.18,fixed,0.18,0.18,fixed,0.18,1.0,sin2,anchor_grid,500,0.9,-0.10654445733641382,0.02017855645142496,0.025373632957099518,0.005042593195403511,0.006042145253208152,0.016275255013398902,0.01932117832616821,0.0061644381450481345,0.007166045406521236,0.03466440954062942,0.04255838337241932,0.10654445733641382,
5000,base4,0,123,1,,3931.345593053964,exchangeable_varying_sigma,0.18,fixed,0.18,0.18,fixed,0.18,1.0,sin,anchor_grid,500,0.6,-0.05247087070095513,0.018964686307137536,0.02535429403207447,0.004569998411567064,0.005938798257206403,0.016009119061126734,0.02132745552459844,0.004000991595753414,0.005256019322259709,0.08973680250243013,0.1043688497140929,0.05247087070095513,
5000,base4,0,123,1,,3974.2226153729716,exchangeable_varying_sigma,0.18,fixed,0.18,0.18,fixed,0.18,1.0,sin,anchor_grid,500,0.3,-0.02746660389831107,0.019016456691280315,0.02534585006984353,0.003991865633183864,0.005130734758561356,0.0183985855716942,0.02443839574185185,0.003262155916164175,0.004584516745948294,0.08914999616617185,0.10316449197868367,0.02746660389831107,
5000,base4,0,123,1,,4121.384672069922,exchangeable_varying_sigma,0.18,fixed,0.18,0.18,fixed,0.18,1.0,sin,anchor_grid,500,0.0,-0.013231355348191805,0.019143212296097292,0.025169737185378935,0.008291444824768957,0.009916098281157321,0.019180232928828696,0.025180678682999735,0.00882949966714583,0.011037699778668059,0.08134164846358333,0.09448683719776478,0.013231355348191805,
2000,base2,1,124,1,,1678.0085316319019,exchangeable_varying_sigma,0.18,fixed,0.18,0.18,fixed,0.18,1.0,mixed,anchor_grid,500,0.0,0.0197529912661311,0.03581382998070304,0.04777385708946836,0.005975398286644826,0.008076078168760667,0.03574268198162688,0.04776172882218171,0.005512712940311026,0.007091169089567587,0.239562248990233,0.28377719268445495,0.0197529912661311,
5000,base4,0,123,1,,4200.601585726021,exchangeable_varying_sigma,0.18,fixed,0.18,0.18,fixed,0.18,1.0,sin,anchor_grid,500,0.9,-0.07771107456108595,0.018846655417702637,0.025324596939044652,0.005228399017019311,0.006805037515775106,0.010426019993319042,0.013996049310148438,0.005428719617788402,0.0066076758549147244,0.08976482566153104,0.10522716660998892,0.07771107456108595,
2000,base2,1,124,1,,1700.3902940399712,exchangeable_varying_sigma,0.18,fixed,0.18,0.18,fixed,0.18,1.0,mixed,anchor_grid,500,0.3,-0.046784243457334396,0.0344712314808296,0.04678454870822811,0.008725408317622502,0.009550730134514246,0.034043406584705414,0.0461273091660302,0.0071975331496677425,0.008283300092912445,0.24175298690149566,0.291185428929843,0.046784243457334396,
2000,base2,1,124,1,,1715.9857119179796,exchangeable_varying_sigma,0.18,fixed,0.18,0.18,fixed,0.18,1.0,mixed,anchor_grid,500,0.6,-0.11448946006950061,0.03428772354879717,0.04658258220412801,0.009156511278456708,0.010141808523626544,0.03113124292245336,0.04209951036440172,0.006799137563447272,0.008851288693589372,0.23996807364792289,0.28869124761414405,0.11448946006950061,
2000,base2,1,124,1,,1825.5060642149765,exchangeable_varying_sigma,0.18,fixed,0.18,0.18,fixed,0.18,1.0,mixed,anchor_grid,500,0.9,-0.1850162692280901,0.03397353954070035,0.04641400033373293,0.009263448902261814,0.010507681685909999,0.023816187735377685,0.032323081147731934,0.005278526010492959,0.009285893684719647,0.23820169789559048,0.2851739682913836,0.1850162692280901,
2000,base5,1,124,1,,1550.7162315450842,exchangeable_varying_sigma,0.18,fixed,0.18,0.18,fixed,0.18,1.0,sin,anchor_grid,500,0.0,-0.018067063101232596,0.06445956792558669,0.09000814584127559,0.007521011251342413,0.010144305850650135,0.06779377596430705,0.09611921733193819,0.005680299346096429,0.007230821315442316,0.4220530885959187,0.5521517878862287,0.018067063101232596,
5000,base5,0,123,1,,3923.4146285959287,exchangeable_varying_sigma,0.18,fixed,0.18,0.18,fixed,0.18,1.0,sin,anchor_grid,500,0.6,-0.3097160662827311,0.05651206240129045,0.07855088829976055,0.007290705206501713,0.0075134043595703566,0.05892234711846558,0.08475895882872572,0.005327366213976087,0.007145394853341712,0.7114045434169104,0.9339465057764935,0.3097160662827311,
5000,base5,0,123,1,,4082.0735166840022,exchangeable_varying_sigma,0.18,fixed,0.18,0.18,fixed,0.18,1.0,sin,anchor_grid,500,0.3,-0.15656513445267456,0.05655049868102656,0.07850777043231241,0.006713647834907258,0.006965647698098904,0.059827405461595824,0.08536406894661809,0.004188820346578165,0.005904242179635966,0.7131461637762433,0.9352295070737009,0.15656513445267456,
2000,base5,1,124,1,,1627.330928635085,exchangeable_varying_sigma,0.18,fixed,0.18,0.18,fixed,0.18,1.0,sin,anchor_grid,500,0.3,-0.14791575139980515,0.06342756880467208,0.0881781235038539,0.011598946113503261,0.013234408428128121,0.06614651983187077,0.09395870945312337,0.004850478389018517,0.006258618754077422,0.46676514166496474,0.6106014947921262,0.14791575139980515,
5000,base5,0,123,1,,3970.906317924033,exchangeable_varying_sigma,0.18,fixed,0.18,0.18,fixed,0.18,1.0,sin,anchor_grid,500,0.9,-0.46288056490809004,0.056409068335872066,0.0785859147109523,0.007892973119511856,0.008142349390142524,0.05724054633709265,0.08371688775686363,0.0069082563103725625,0.008783536647761124,0.7100640373956285,0.9330868105912048,0.46288056490809004,
5000,base5,0,123,1,,4145.361360054929,exchangeable_varying_sigma,0.18,fixed,0.18,0.18,fixed,0.18,1.0,sin,anchor_grid,500,0.0,0.01943924019522577,0.05557349130675498,0.07755201796467141,0.01262952737529005,0.012831478876369725,0.05914959780473617,0.08462671874889777,0.010333718335065245,0.013555534486205093,0.7343814192477001,0.9643888200288804,0.01943924019522577,
2000,base5,1,124,1,,1683.4376516341,exchangeable_varying_sigma,0.18,fixed,0.18,0.18,fixed,0.18,1.0,sin,anchor_grid,500,0.6,-0.31308792354000825,0.0632475136537384,0.08787788046389644,0.012222636694022751,0.013999544058616236,0.0646881099930178,0.0925850441273812,0.00494096241525982,0.006254433893954643,0.46826745996346586,0.6152305449163291,0.31308792354000825,
2000,base5,1,124,1,,1644.4589084839681,exchangeable_varying_sigma,0.18,fixed,0.18,0.18,fixed,0.18,1.0,sin,anchor_grid,500,0.9,-0.47993024432966486,0.06303854542021525,0.08752183176109693,0.012810406803997434,0.014635070731864503,0.062127901608204084,0.09029563363879134,0.005134063777426243,0.006211997214322706,0.4708516753767218,0.6215669233398814,0.47993024432966486,
2000,base1,2,125,1,,1527.9777701799758,exchangeable_varying_sigma,0.18,fixed,0.18,0.18,fixed,0.18,1.0,sin2,anchor_grid,500,0.6,-0.1034959693573359,0.031089524301055337,0.04018173570529187,0.02431859976252064,0.026281126834042098,0.02786700610027202,0.03582915011767289,0.020770616283531607,0.021812429188121336,0.13215146327171146,0.13871876585005866,0.1034959693573359,
2000,base1,2,125,1,,1663.0326126209693,exchangeable_varying_sigma,0.18,fixed,0.18,0.18,fixed,0.18,1.0,sin2,anchor_grid,500,0.3,-0.02764498591203951,0.031226643303722726,0.04039375239770493,0.021763590254282456,0.023503089211011487,0.030515623692324825,0.03945491546477918,0.01909135792876393,0.020373186581987623,0.1392730835031339,0.1448520236143397,0.02764498591203951,
2000,base1,2,125,1,,1758.323086478049,exchangeable_varying_sigma,0.18,fixed,0.18,0.18,fixed,0.18,1.0,sin2,anchor_grid,500,0.0,0.018974737861867694,0.029904298629600243,0.038162116382077275,0.013751217372793778,0.01720989395328067,0.030052734150796255,0.0384039982612559,0.011470848434666753,0.0161958500144447,0.1426631593039299,0.14781428362182794,0.018974737861867694,
2000,base1,2,125,1,,1608.912057791953,exchangeable_varying_sigma,0.18,fixed,0.18,0.18,fixed,0.18,1.0,sin2,anchor_grid,500,0.9,-0.18553814238758126,0.03094337960076424,0.039766852413152774,0.026803520533756814,0.029011389518548137,0.022316702325392138,0.028235062012296207,0.0224698852267331,0.02318589740914155,0.12447799275183706,0.13222073119938926,0.18553814238758126,
5000,base2,1,124,1,,3693.3499058209127,exchangeable_varying_sigma,0.18,fixed,0.18,0.18,fixed,0.18,1.0,mixed,anchor_grid,500,0.6,-0.054295327484195854,0.022110350073039197,0.028586299830787486,0.013474134253915804,0.014943021620778972,0.019234555025608512,0.024580287097214888,0.012164895685289195,0.014686300963156476,0.09457724545189775,0.11155358857775576,0.054295327484195854,
5000,base2,1,124,1,,3931.2507137979846,exchangeable_varying_sigma,0.18,fixed,0.18,0.18,fixed,0.18,1.0,mixed,anchor_grid,500,0.0,-0.0011141424265002275,0.022143913067878506,0.02828567955372213,0.009686408214495915,0.012860557577691532,0.022028138268150182,0.028142983546425426,0.010184268510211938,0.012922047395775247,0.0922818556048318,0.11017664887771085,0.0011141424265002275,
5000,base2,1,124,1,,4351.095308911987,exchangeable_varying_sigma,0.18,fixed,0.18,0.18,fixed,0.18,1.0,mixed,anchor_grid,500,0.3,-0.0124112047895521,0.022137568525938445,0.02851502454629392,0.011795349867268712,0.013324589641661708,0.021306274290524105,0.02730070890274093,0.010972480242854632,0.013542759230756707,0.09707988064276185,0.11497403263803263,0.0124112047895521,
5000,base2,1,124,1,,4143.861971727922,exchangeable_varying_sigma,0.18,fixed,0.18,0.18,fixed,0.18,1.0,mixed,anchor_grid,500,0.9,-0.09990698929160202,0.02206938892635982,0.028640243752135162,0.015189687859249235,0.016556995516066996,0.014852285865153319,0.019115097086407427,0.01369527630565015,0.015981025741758113,0.0922791750788166,0.10857328111584666,0.09990698929160202,
2000,base4,2,125,1,,1737.5160885879304,exchangeable_varying_sigma,0.18,fixed,0.18,0.18,fixed,0.18,1.0,sin,anchor_grid,500,0.0,0.025542320826440056,0.03160931941048453,0.04294504619122111,0.013074273584788965,0.017790999314432194,0.03167839879073077,0.043090997591825164,0.011828971152054224,0.016696776950540712,0.2367003442471184,0.2541385269895587,0.025542320826440056,
5000,base5,1,124,1,,3744.3511330230394,exchangeable_varying_sigma,0.18,fixed,0.18,0.18,fixed,0.18,1.0,sin,anchor_grid,500,0.0,0.023472360799136748,0.055256860197240465,0.07858660602603854,0.015277730706863751,0.016517842234991965,0.0585633569509378,0.08537158198397735,0.015856952320430162,0.016826072755061393,0.6861431207222857,0.9024305114411263,0.023472360799136748,
2000,base4,2,125,1,,1681.927292273962,exchangeable_varying_sigma,0.18,fixed,0.18,0.18,fixed,0.18,1.0,sin,anchor_grid,500,0.3,-0.018313161943343592,0.03331403566596409,0.045915247466782015,0.023344027151096305,0.025686719841648973,0.032165215834826934,0.044403947038058056,0.020460750576380804,0.023673660074932715,0.2333977180323268,0.24774128699391576,0.018313161943343592,
5000,base5,1,124,1,,3924.97232964891,exchangeable_varying_sigma,0.18,fixed,0.18,0.18,fixed,0.18,1.0,sin,anchor_grid,500,0.3,-0.1262713510892278,0.05499599419930444,0.07805283385648984,0.016025752987809394,0.01872920742875307,0.058060553245756,0.08477281373883502,0.017236047250555997,0.019231943250013546,0.6882697206040207,0.89817429893096,0.1262713510892278,
5000,base5,1,124,1,,4068.967214997974,exchangeable_varying_sigma,0.18,fixed,0.18,0.18,fixed,0.18,1.0,sin,anchor_grid,500,0.6,-0.28376513816736154,0.05509059348265648,0.07803640287502635,0.016986277009556308,0.02006499818733896,0.05727014095507359,0.08430193741506757,0.01892378326768518,0.020813071057344347,0.6972160332288503,0.9077109661206639,0.28376513816736154,
5000,base5,1,124,1,,4261.376295019989,exchangeable_varying_sigma,0.18,fixed,0.18,0.18,fixed,0.18,1.0,sin,anchor_grid,500,0.9,-0.4440310007419456,0.05520703847225501,0.07801108744216487,0.017885147108441024,0.02140671653379289,0.0558761998445636,0.08344429562540329,0.020817821864824143,0.0226291281507603,0.7068859637071351,0.9177669534436399,0.4440310007419456,
2000,base4,2,125,1,,1825.6999762149062,exchangeable_varying_sigma,0.18,fixed,0.18,0.18,fixed,0.18,1.0,sin,anchor_grid,500,0.6,-0.08958424874038395,0.03319839359511923,0.04567842351569622,0.02634040114509173,0.028949081633012123,0.02841144999714624,0.03935552263075481,0.022433161300177945,0.0252234831588264,0.22265708448252303,0.23683833955698755,0.08958424874038395,
2000,base4,2,125,1,,1833.3707911599195,exchangeable_varying_sigma,0.18,fixed,0.18,0.18,fixed,0.18,1.0,sin,anchor_grid,500,0.9,-0.1678604259394425,0.03293476951977725,0.04516621528707873,0.029287759048157475,0.03218804716319875,0.01986202410830329,0.028067333095066833,0.024472070009390307,0.02653377625122515,0.21111175974773663,0.22537205343136338,0.1678604259394425,
5000,base1,2,125,1,,3993.8915693099843,exchangeable_varying_sigma,0.18,fixed,0.18,0.18,fixed,0.18,1.0,sin2,anchor_grid,500,0.0,0.007802463483361348,0.02056201278230081,0.025646359441424297,0.004273240736823836,0.0046571448159216326,0.02069538010187605,0.025796358679493456,0.0023432843342374443,0.002568962014764343,0.02395238429713084,0.032194244976074614,0.007802463483361348,
2000,base5,2,125,1,,1614.1491733440198,exchangeable_varying_sigma,0.18,fixed,0.18,0.18,fixed,0.18,1.0,sin,anchor_grid,500,0.0,0.009568138647328866,0.06492924664196163,0.08945573833954398,0.018462071820237402,0.022342790449860348,0.06826366127278509,0.09555994615960023,0.017950961831768475,0.020777672689816118,0.4738437367398513,0.6355972089183192,0.009568138647328866,
5000,base1,2,125,1,,4077.7941257460043,exchangeable_varying_sigma,0.18,fixed,0.18,0.18,fixed,0.18,1.0,sin2,anchor_grid,500,0.3,-0.03879685553893886,0.01974303903710733,0.02465054789167091,0.0041968973967976,0.0051185745189609826,0.01938925196168504,0.02425241018520505,0.003808429542774369,0.004406624397914346,0.023232987087989664,0.03054632067609736,0.03879685553893886,
5000,base1,2,125,1,,4174.019305287977,exchangeable_varying_sigma,0.18,fixed,0.18,0.18,fixed,0.18,1.0,sin2,anchor_grid,500,0.6,-0.07279318369323706,0.0198006635027621,0.024667772764587727,0.004527928881811333,0.005594374940300869,0.018128206185921286,0.022464699754338173,0.004277600712004392,0.005104155079073087,0.023573111966514206,0.030862083539394174,0.07279318369323706,
2000,base5,2,125,1,,1729.613037550007,exchangeable_varying_sigma,0.18,fixed,0.18,0.18,fixed,0.18,1.0,sin,anchor_grid,500,0.3,-0.11569097745507681,0.06401672762493066,0.08749501334576226,0.015354714266440014,0.017202049856849436,0.06721925757826724,0.09356426648372788,0.013522875559619701,0.01607839822746219,0.49461251436847903,0.6767514185945179,0.11569097745507681,
2000,base5,2,125,1,,1709.426941890968,exchangeable_varying_sigma,0.18,fixed,0.18,0.18,fixed,0.18,1.0,sin,anchor_grid,500,0.9,-0.4616889071829051,0.06380517956657955,0.08739504837108146,0.019880194531905537,0.0233686946837019,0.06313510527182177,0.09054867482962684,0.014912202306462799,0.018005378908923206,0.5068543124070404,0.6965111668939746,0.4616889071829051,
2000,base5,2,125,1,,1731.2041685009608,exchangeable_varying_sigma,0.18,fixed,0.18,0.18,fixed,0.18,1.0,sin,anchor_grid,500,0.6,-0.28777758551030685,0.06393544430109777,0.08743949301102778,0.01771230108733443,0.020235418231749628,0.0657776238753047,0.09244888238279501,0.014210772411322944,0.01705962586461438,0.5009874302943536,0.6875007375181341,0.28777758551030685,
5000,base1,2,125,1,,4300.4769775080495,exchangeable_varying_sigma,0.18,fixed,0.18,0.18,fixed,0.18,1.0,sin2,anchor_grid,500,0.9,-0.10575472697536659,0.019885414285429753,0.024747317045484718,0.004781385270854296,0.006030263633631366,0.015546192032154009,0.018723226666814075,0.00470745522107896,0.0059418742085169205,0.02395462082167453,0.03116125976928123,0.10575472697536659,
2000,base2,3,126,1,,1625.5799408560852,exchangeable_varying_sigma,0.18,fixed,0.18,0.18,fixed,0.18,1.0,mixed,anchor_grid,500,0.0,0.030508134495691872,0.03594910113960978,0.04778816477806889,0.017081326266939895,0.02527698982988403,0.03592892222506363,0.04781546948201442,0.01691697789235913,0.023978434620032647,0.2401597448201,0.2914475979482918,0.030508134495691872,
5000,base4,2,125,1,,3963.300186197972,exchangeable_varying_sigma,0.18,fixed,0.18,0.18,fixed,0.18,1.0,sin,anchor_grid,500,0.6,-0.05645810317668731,0.018677130994153236,0.024508218635690433,0.00569139987602639,0.006414911554353393,0.01577244361729884,0.020839318367970542,0.004713203241221556,0.00590494214752173,0.07755653320819718,0.09425142076547073,0.05645810317668731,
2000,base2,3,126,1,,1522.5730789669324,exchangeable_varying_sigma,0.18,fixed,0.18,0.18,fixed,0.18,1.0,mixed,anchor_grid,500,0.9,-0.2123354294774925,0.036939463670292036,0.049317162055735275,0.0249773335772477,0.027322822184974522,0.025510169022518615,0.03466588195056475,0.024542930590022716,0.026666573087023932,0.25224221824872245,0.3024713809700764,0.2123354294774925,
2000,base2,3,126,1,,1675.4550370690413,exchangeable_varying_sigma,0.18,fixed,0.18,0.18,fixed,0.18,1.0,mixed,anchor_grid,500,0.3,-0.08719224032949105,0.03679275244223818,0.04930038463149392,0.02381581075383106,0.025071378807555014,0.03594821429522692,0.04839803248568276,0.02473576100850676,0.025843048941801127,0.23710708662174848,0.2868883313582609,0.08719224032949105,
2000,base2,3,126,1,,1697.9072708070744,exchangeable_varying_sigma,0.18,fixed,0.18,0.18,fixed,0.18,1.0,mixed,anchor_grid,500,0.6,-0.1515434381622625,0.0369047550030394,0.04935433499509666,0.02480547474071776,0.026500536234337617,0.03287180823060898,0.04441785598642039,0.02582549642333168,0.027232827945193588,0.2446263037221901,0.29457423226974694,0.1515434381622625,
5000,base4,2,125,1,,4153.501946529956,exchangeable_varying_sigma,0.18,fixed,0.18,0.18,fixed,0.18,1.0,sin,anchor_grid,500,0.3,-0.03366756168348034,0.0186800934338999,0.02453470788580105,0.005352706410014868,0.005891089861180872,0.018052859552969536,0.02378606773214386,0.004199338159378313,0.005036365586208416,0.0755153752456581,0.09182600532080261,0.03366756168348034,
5000,base4,2,125,1,,4272.1084427300375,exchangeable_varying_sigma,0.18,fixed,0.18,0.18,fixed,0.18,1.0,sin,anchor_grid,500,0.0,0.021167620395146646,0.01898835226759924,0.02498480665388239,0.005130295564002296,0.005607247711575431,0.019026732188497975,0.025020639546867184,0.002746815794708729,0.002868795873699992,0.07045242968729495,0.08622657403126333,0.021167620395146646,
5000,base4,2,125,1,,4224.390003839973,exchangeable_varying_sigma,0.18,fixed,0.18,0.18,fixed,0.18,1.0,sin,anchor_grid,500,0.9,-0.07785503553278295,0.018680811052192683,0.02453572403287159,0.0059150761503367205,0.006909649673964297,0.010243721330093124,0.013612217815863513,0.00521631789201929,0.006924617083670845,0.07914611142510825,0.09628129083677521,0.07785503553278295,
2000,base5,3,126,1,,1567.2064816690981,exchangeable_varying_sigma,0.18,fixed,0.18,0.18,fixed,0.18,1.0,sin,anchor_grid,500,0.0,0.04178390412878753,0.0642698703294196,0.08683467979193468,0.020342259153273257,0.029394158165532817,0.06756870147825407,0.09282287625979399,0.02023600309597126,0.031549517205405525,0.4595190166329845,0.6116061977447712,0.04178390412878753,
2000,base5,3,126,1,,1508.9912918269401,exchangeable_varying_sigma,0.18,fixed,0.18,0.18,fixed,0.18,1.0,sin,anchor_grid,500,0.3,-0.15978658961154216,0.0650809691779012,0.08826936772786095,0.021027188880466022,0.026364131077117315,0.06791506787043419,0.09372721479819125,0.027743976729752387,0.03349050595536691,0.48881092120067865,0.6469620205180208,0.15978658961154216,
2000,base5,3,126,1,,1434.9096553259296,exchangeable_varying_sigma,0.18,fixed,0.18,0.18,fixed,0.18,1.0,sin,anchor_grid,500,0.6,-0.3311708287819221,0.06505516934319922,0.08823652304929519,0.021724465639407955,0.02745386754304703,0.06655425768603207,0.09249234591779547,0.029617681902314397,0.03575470756764027,0.48758614883116186,0.643903443927747,0.3311708287819221,
2000,base5,3,126,1,,1709.9814421790652,exchangeable_varying_sigma,0.18,fixed,0.18,0.18,fixed,0.18,1.0,sin,anchor_grid,500,0.9,-0.5036931120223812,0.06494492614605495,0.08808895055119051,0.021972777394264037,0.027959593193737423,0.06391667916265921,0.0901837446038701,0.02987502046619156,0.03668191808967727,0.48685606262144043,0.641802430765672,0.5036931120223812,
5000,base5,2,125,1,,4175.330631135032,exchangeable_varying_sigma,0.18,fixed,0.18,0.18,fixed,0.18,1.0,sin,anchor_grid,500,0.3,-0.15032953234424884,0.054711067327426796,0.07670250651952296,0.006010755925482947,0.01021504733517613,0.058328288440727925,0.08388028428774394,0.00800791994813757,0.010399381378713744,0.7454188225285817,0.9706561635519632,0.15032953234424884,
5000,base5,2,125,1,,4257.873640137026,exchangeable_varying_sigma,0.18,fixed,0.18,0.18,fixed,0.18,1.0,sin,anchor_grid,500,0.0,0.0331039597703198,0.055273552282263355,0.07670794953045813,0.013054151939488973,0.017255016353853868,0.05903111350577036,0.08397849145542627,0.010346092492231784,0.010717985016987121,0.753250078615558,0.9762126062864246,0.0331039597703198,
5000,base5,2,125,1,,4200.808958483976,exchangeable_varying_sigma,0.18,fixed,0.18,0.18,fixed,0.18,1.0,sin,anchor_grid,500,0.6,-0.30237373629727154,0.05470128583182045,0.0767257967231005,0.005905432899421442,0.010513729204048422,0.05759374272654539,0.0833908872777808,0.008547463470977318,0.010728699213027904,0.743605818255018,0.9691035606208533,0.30237373629727154,
5000,base5,2,125,1,,4361.877728040097,exchangeable_varying_sigma,0.18,fixed,0.18,0.18,fixed,0.18,1.0,sin,anchor_grid,500,0.9,-0.45408146444702385,0.05469277556659315,0.07678178563971412,0.005954142478330926,0.011003409614463196,0.05617434886446936,0.08254118202505714,0.009299323476300303,0.01136902204760536,0.7424639058787506,0.9682114953525324,0.45408146444702385,
2000,base1,4,127,1,,1548.8629644239554,exchangeable_varying_sigma,0.18,fixed,0.18,0.18,fixed,0.18,1.0,sin2,anchor_grid,500,0.3,-0.06349701614453998,0.031121702534822677,0.0403989817699513,0.011768721045985336,0.012805128046902713,0.0308756821254493,0.040173150563430245,0.008274019133407251,0.010123484851240318,0.15871858062774194,0.1654583728461021,0.06349701614453998,
2000,base1,4,127,1,,1651.7256861540955,exchangeable_varying_sigma,0.18,fixed,0.18,0.18,fixed,0.18,1.0,sin2,anchor_grid,500,0.0,0.005936416829692884,0.030981972474137476,0.03999438015550458,0.015481006952910825,0.019324797951210452,0.031160148404975902,0.040319471704465405,0.009721323571014379,0.013051389163843834,0.1332343850677397,0.14365334733008994,0.005936416829692884,
5000,base2,3,126,1,,3980.0922289240407,exchangeable_varying_sigma,0.18,fixed,0.18,0.18,fixed,0.18,1.0,mixed,anchor_grid,500,0.6,-0.08622773219482038,0.022465912907192135,0.029095294841418293,0.007278834655618599,0.009659547846206838,0.01968894485345416,0.025252127139211423,0.0068684695961042375,0.009147988337558595,0.12281047330173178,0.13813727814425436,0.08622773219482038,
2000,base1,4,127,1,,1694.8615170180565,exchangeable_varying_sigma,0.18,fixed,0.18,0.18,fixed,0.18,1.0,sin2,anchor_grid,500,0.6,-0.12829061064722969,0.030851027062719038,0.03997586268016303,0.014100422428045767,0.015030028016177551,0.028342603589072226,0.03676597865157392,0.010150758824511608,0.011801078501546863,0.16031725687713308,0.16704574246176243,0.12829061064722969,
5000,base2,3,126,1,,4085.0332517760107,exchangeable_varying_sigma,0.18,fixed,0.18,0.18,fixed,0.18,1.0,mixed,anchor_grid,500,0.9,-0.11459731086536173,0.02276678307563214,0.029522361632719065,0.008020034795576475,0.010425532991137921,0.015342145148854638,0.019655853281520044,0.0067699892108800674,0.009055877091118814,0.12584525553187922,0.14224627400345385,0.11459731086536173,
5000,base2,3,126,1,,4197.894542303984,exchangeable_varying_sigma,0.18,fixed,0.18,0.18,fixed,0.18,1.0,mixed,anchor_grid,500,0.3,-0.054544457349842035,0.022285623155849518,0.028782295686537267,0.006530162035485454,0.008821638356491739,0.02155884666539366,0.027764520717472627,0.006910370676130262,0.008938433602166231,0.12023567840650685,0.13509823522200345,0.054544457349842035,
5000,base2,3,126,1,,4236.370656918967,exchangeable_varying_sigma,0.18,fixed,0.18,0.18,fixed,0.18,1.0,mixed,anchor_grid,500,0.0,-0.009013663564433989,0.023303797766429102,0.029813649676486163,0.004296854591831656,0.004423217124504482,0.023275051781981002,0.029772088431013897,0.003517376790807214,0.0036320110704908485,0.12386189639126738,0.13898985439832295,0.009013663564433989,
2000,base1,4,127,1,,1906.655484849005,exchangeable_varying_sigma,0.18,fixed,0.18,0.18,fixed,0.18,1.0,sin2,anchor_grid,500,0.9,-0.1956961277974938,0.030432852942463236,0.03933019163845538,0.016550235521885198,0.0173440574465944,0.022355450536568868,0.02862342292508704,0.012824657609632362,0.014183880185141374,0.15992925250906095,0.16740549117479686,0.1956961277974938,
5000,base5,3,126,1,,4126.914035039954,exchangeable_varying_sigma,0.18,fixed,0.18,0.18,fixed,0.18,1.0,sin,anchor_grid,500,0.0,-0.0027011532404406773,0.05569589555749476,0.07817645919277078,0.006406467392490789,0.007276423416155907,0.05903107494081781,0.08513155319224772,0.002275254932253723,0.0026961632412073897,0.6871141998364335,0.9164244017074061,0.0027011532404406773,
2000,base4,4,127,1,,1677.5881651029922,exchangeable_varying_sigma,0.18,fixed,0.18,0.18,fixed,0.18,1.0,sin,anchor_grid,500,0.0,0.005131543539546531,0.032428492399902246,0.04482764369096732,0.011886477853110339,0.016285818435028656,0.03254102527579053,0.045104699273989905,0.010959728022412046,0.013938202985844987,0.21357994205562983,0.22368979019113736,0.005131543539546531,
2000,base4,4,127,1,,1660.2622545609483,exchangeable_varying_sigma,0.18,fixed,0.18,0.18,fixed,0.18,1.0,sin,anchor_grid,500,0.6,-0.11905034186002983,0.033989097668575045,0.04575295493420601,0.015338184843470742,0.017559711511210913,0.030038543899985476,0.0411875208465419,0.015488929826298015,0.017372696204585876,0.25581130510993194,0.2671172855595918,0.11905034186002983,
5000,base5,3,126,1,,4230.086711458978,exchangeable_varying_sigma,0.18,fixed,0.18,0.18,fixed,0.18,1.0,sin,anchor_grid,500,0.3,-0.16066373420048377,0.05494003473417468,0.0776338122361448,0.011550554082548348,0.012767633388738374,0.058121827416614966,0.08472589670651726,0.008986730616429961,0.010174348057756527,0.6867223322368623,0.9248278654749733,0.16066373420048377,
5000,base5,3,126,1,,4215.410540250014,exchangeable_varying_sigma,0.18,fixed,0.18,0.18,fixed,0.18,1.0,sin,anchor_grid,500,0.6,-0.3121820035582929,0.05507874615435535,0.07778373990771968,0.01220258842497271,0.013477300183336717,0.057469931331580716,0.08449551171541589,0.009397750210176192,0.010804390214181192,0.678939652927405,0.9208046474652081,0.3121820035582929,
2000,base4,4,127,1,,1773.8059432529844,exchangeable_varying_sigma,0.18,fixed,0.18,0.18,fixed,0.18,1.0,sin,anchor_grid,500,0.3,-0.06570279539537846,0.03424543886062243,0.04632821668360208,0.013091959351225091,0.015348921214528395,0.03360955593151606,0.0458326403000104,0.013013798649280539,0.014867929805171258,0.2524694251240839,0.262404104673911,0.06570279539537846,
2000,base4,4,127,1,,1799.3851690769661,exchangeable_varying_sigma,0.18,fixed,0.18,0.18,fixed,0.18,1.0,sin,anchor_grid,500,0.9,-0.17331192778516447,0.033476181972038305,0.044924103836804355,0.01771981407745321,0.01980886773013676,0.02097317860872201,0.029352597373673756,0.01910874982106317,0.02076863847148942,0.2564834101445462,0.2698238927138748,0.17331192778516447,
5000,base5,3,126,1,,4228.170055703027,exchangeable_varying_sigma,0.18,fixed,0.18,0.18,fixed,0.18,1.0,sin,anchor_grid,500,0.9,-0.46222393902678627,0.05529230659215199,0.07799899706581485,0.012848287800442976,0.014173085334614309,0.056184084220541095,0.08395510978680934,0.00982423749395897,0.011437462954234815,0.6711201926643807,0.9174770012221876,0.46222393902678627,
2000,base5,4,127,1,,1760.394235926913,exchangeable_varying_sigma,0.18,fixed,0.18,0.18,fixed,0.18,1.0,sin,anchor_grid,500,0.0,4.9518357770258524e-05,0.0644295831322556,0.08804280629010845,0.020274753962492495,0.0216576574119267,0.06809320590204222,0.09439763779983006,0.027269722173794753,0.027992869014972954,0.5158591831356857,0.7154736254733612,4.9518357770258524e-05,
2000,base5,4,127,1,,1757.9908049260266,exchangeable_varying_sigma,0.18,fixed,0.18,0.18,fixed,0.18,1.0,sin,anchor_grid,500,0.3,-0.18963280175837763,0.0657439041622833,0.08948051179653213,0.02381992294713378,0.03051258294177258,0.06923070982853266,0.09577509863182301,0.01961843492196784,0.027997450003737673,0.5005782841606664,0.6862895059143339,0.18963280175837763,
2000,base5,4,127,1,,1655.1877354939934,exchangeable_varying_sigma,0.18,fixed,0.18,0.18,fixed,0.18,1.0,sin,anchor_grid,500,0.6,-0.3580083445774761,0.06560429498722704,0.08922527858016753,0.02537547247383136,0.031921127129009755,0.06791906982653101,0.09441792329804759,0.0203967251910918,0.02911044231864465,0.5015644134286694,0.6864212564524076,0.3580083445774761,
5000,base1,4,127,1,,4244.787241862039,exchangeable_varying_sigma,0.18,fixed,0.18,0.18,fixed,0.18,1.0,sin2,anchor_grid,500,0.3,-0.01947249030119036,0.019890096598211195,0.024818727939501947,0.011194757786812282,0.01324413809798317,0.019629145884547814,0.024447139853747454,0.011360961574435294,0.013740317920206527,0.027313689532126092,0.03282591717878957,0.01947249030119036,
5000,base1,4,127,1,,4369.335291654919,exchangeable_varying_sigma,0.18,fixed,0.18,0.18,fixed,0.18,1.0,sin2,anchor_grid,500,0.0,0.004780754417620251,0.02076054440273093,0.025503905227903655,0.015596514385861321,0.016258646618429174,0.020903651339394747,0.02566968490779323,0.01461947220539661,0.016036055861722458,0.023118727948813263,0.027058779172089997,0.004780754417620251,
2000,base5,4,127,1,,1801.1237124380423,exchangeable_varying_sigma,0.18,fixed,0.18,0.18,fixed,0.18,1.0,sin,anchor_grid,500,0.9,-0.5258657486148619,0.0653439502143639,0.08886061342461118,0.026845997176491374,0.03329072750620808,0.06522237472486997,0.0919197326632268,0.021934124536770086,0.030000955678022304,0.5038504117481933,0.6876824592884514,0.5258657486148619,
5000,base1,4,127,1,,4233.557374695083,exchangeable_varying_sigma,0.18,fixed,0.18,0.18,fixed,0.18,1.0,sin2,anchor_grid,500,0.6,-0.056743500454562334,0.01985236728841202,0.024710610822125785,0.012434044180379689,0.014764897360883922,0.018275295710798063,0.022559390424204434,0.012579348916538419,0.01517432803652299,0.02453947200664101,0.031105270325533414,0.056743500454562334,
5000,base1,4,127,1,,4272.281814021058,exchangeable_varying_sigma,0.18,fixed,0.18,0.18,fixed,0.18,1.0,sin2,anchor_grid,500,0.9,-0.09711158730356684,0.019737385192088897,0.024535748912503767,0.013843775324267338,0.016186364146791577,0.015570279586957196,0.018734510979668023,0.01369490895282352,0.016346346278518845,0.022135173277109142,0.029256300713340122,0.09711158730356684,
5000,base4,4,127,1,,4022.4272212970536,exchangeable_varying_sigma,0.18,fixed,0.18,0.18,fixed,0.18,1.0,sin,anchor_grid,500,0.0,0.0078118251983185505,0.0184538776008315,0.02440249286911107,0.01649219136614949,0.017970550598919267,0.01848105962313607,0.024433884903143428,0.015091483636219372,0.017524905533358965,0.08300701693671805,0.09949640371481204,0.0078118251983185505,
2000,base2,5,128,1,,1613.7397859760094,exchangeable_varying_sigma,0.18,fixed,0.18,0.18,fixed,0.18,1.0,mixed,anchor_grid,500,0.3,-0.05951454265400874,0.035700489602100066,0.04966594630260472,0.017393379378846385,0.021236272058989942,0.03482464400106157,0.048538365001802385,0.015833150350453268,0.01972900120110732,0.2528234299374583,0.29116449292019125,0.05951454265400874,
2000,base2,5,128,1,,1596.9380902070552,exchangeable_varying_sigma,0.18,fixed,0.18,0.18,fixed,0.18,1.0,mixed,anchor_grid,500,0.6,-0.12539539353209922,0.03575883586483418,0.049760902248996625,0.018487220873185925,0.02263744978809539,0.03194377843175839,0.04463242425391346,0.017472315600883706,0.02169975919606558,0.2510629549209217,0.28897326585517147,0.12539539353209922,
2000,base2,5,128,1,,1715.2796151719522,exchangeable_varying_sigma,0.18,fixed,0.18,0.18,fixed,0.18,1.0,mixed,anchor_grid,500,0.0,0.06029698375122434,0.034539575334049714,0.04747193881457908,0.014021287659805107,0.01933275568562083,0.0344921169349063,0.04749720795894967,0.013967774135945188,0.01922426151326721,0.24777688823461388,0.2961272952737119,0.06029698375122434,
2000,base2,5,128,1,,1661.0539581029443,exchangeable_varying_sigma,0.18,fixed,0.18,0.18,fixed,0.18,1.0,mixed,anchor_grid,500,0.9,-0.192335257087759,0.035841580715765396,0.04965212812604925,0.019100363763175365,0.023539698398651585,0.02506504096365143,0.03521602076701264,0.018518301420720265,0.023268336669682747,0.24883892280999287,0.28668385032913823,0.192335257087759,
5000,base4,4,127,1,,4089.9633349360665,exchangeable_varying_sigma,0.18,fixed,0.18,0.18,fixed,0.18,1.0,sin,anchor_grid,500,0.9,-0.07247935487675494,0.018688474692909136,0.02457828128172154,0.019330068849600424,0.020894487968921873,0.009889216522129016,0.013087680728200421,0.017126587113363095,0.020038567882466232,0.07887695809256738,0.09323388626477158,0.07247935487675494,
5000,base4,4,127,1,,4188.0826029250165,exchangeable_varying_sigma,0.18,fixed,0.18,0.18,fixed,0.18,1.0,sin,anchor_grid,500,0.6,-0.04246751177304209,0.018756861794526517,0.02472895792800416,0.017517620429185435,0.01921547752791891,0.015558631786739763,0.020532703347031653,0.015501172993933679,0.01859353647107263,0.08368873902634033,0.09786094786162969,0.04246751177304209,
5000,base4,4,127,1,,4488.455642817076,exchangeable_varying_sigma,0.18,fixed,0.18,0.18,fixed,0.18,1.0,sin,anchor_grid,500,0.3,-0.015406793332757518,0.018774415512981715,0.024792147582641137,0.01561916891698048,0.01738012270915534,0.018040696927511528,0.02379355533957952,0.013876302166584309,0.01687045138745969,0.08741842082118784,0.10149441921265216,0.015406793332757518,
2000,base5,5,128,1,,1734.1015400260221,exchangeable_varying_sigma,0.18,fixed,0.18,0.18,fixed,0.18,1.0,sin,anchor_grid,500,0.0,0.03996318535743452,0.06552142370844453,0.09049807636417982,0.030952973678535695,0.03342471880988866,0.06909562407017061,0.09684247653395903,0.023330241510180635,0.02642152321253807,0.510072916294155,0.6793048255769125,0.03996318535743452,
2000,base5,5,128,1,,1702.776423459989,exchangeable_varying_sigma,0.18,fixed,0.18,0.18,fixed,0.18,1.0,sin,anchor_grid,500,0.3,-0.2261085929416845,0.06821526300418698,0.09334884015713321,0.023826330453055447,0.02391207825122853,0.07154900736108112,0.09925907025248085,0.018061225197100683,0.018643837346332685,0.4811562137160568,0.6470518832674997,0.2261085929416845,
5000,base5,4,127,1,,3999.6818591150222,exchangeable_varying_sigma,0.18,fixed,0.18,0.18,fixed,0.18,1.0,sin,anchor_grid,500,0.3,-0.17132046847630356,0.05695855886168736,0.08208560201441681,0.010471621358532718,0.014332521902270178,0.06026543523163903,0.0890995481484577,0.012607665496611603,0.01574047551670621,0.7486848311532842,0.9711656971347412,0.17132046847630356,
2000,base5,5,128,1,,1688.0226584039629,exchangeable_varying_sigma,0.18,fixed,0.18,0.18,fixed,0.18,1.0,sin,anchor_grid,500,0.6,-0.39519779572706293,0.06839818935376239,0.09363211411008714,0.024966466991976494,0.025058199082626558,0.0705461827085708,0.09835646527708215,0.01927073032332699,0.01968293605378735,0.47817711584700134,0.643181868009606,0.39519779572706293,
5000,base5,4,127,1,,4085.1237011660123,exchangeable_varying_sigma,0.18,fixed,0.18,0.18,fixed,0.18,1.0,sin,anchor_grid,500,0.0,-0.016194990416657496,0.056669225752166666,0.08105467975703129,0.023005806335465756,0.02591267442912713,0.060375042140778885,0.08862697617734759,0.019197303138288546,0.023164160079928893,0.7629424880461751,0.9975956447171834,0.016194990416657496,
2000,base5,5,128,1,,1710.0137579310685,exchangeable_varying_sigma,0.18,fixed,0.18,0.18,fixed,0.18,1.0,sin,anchor_grid,500,0.9,-0.5614734714463117,0.06847672846204386,0.09385714333523013,0.025695673200875915,0.025960962041757976,0.06847503739536932,0.09657362743344151,0.019843873905934298,0.020480931483958142,0.475254476573212,0.6394103469831862,0.5614734714463117,
5000,base5,4,127,1,,4067.1948521229206,exchangeable_varying_sigma,0.18,fixed,0.18,0.18,fixed,0.18,1.0,sin,anchor_grid,500,0.6,-0.3278381220628209,0.05687430442958827,0.08198949646865179,0.011195417708654148,0.01559915839509031,0.05930966013235668,0.0881031457382415,0.013085536351694682,0.016918956390675696,0.7515188127397054,0.974041413498771,0.3278381220628209,
5000,base5,4,127,1,,4338.300201887032,exchangeable_varying_sigma,0.18,fixed,0.18,0.18,fixed,0.18,1.0,sin,anchor_grid,500,0.9,-0.48585333766490435,0.05673563670212584,0.08181186123758279,0.012816453880281464,0.01681379258062162,0.05764116486562973,0.08664891849737036,0.014407807099523814,0.017874909834219133,0.7555474975797661,0.9785003545698985,0.48585333766490435,
2000,base1,6,129,1,,1680.354129923042,exchangeable_varying_sigma,0.18,fixed,0.18,0.18,fixed,0.18,1.0,sin2,anchor_grid,500,0.0,-0.041879459359527506,0.029316943505200435,0.03753982156925242,0.01098348800485588,0.013234033929213022,0.029422429463431314,0.03767708727801991,0.008325584395816363,0.01223621581517893,0.1607503278114069,0.1652366536906967,0.041879459359527506,
2000,base1,6,129,1,,1649.852429395076,exchangeable_varying_sigma,0.18,fixed,0.18,0.18,fixed,0.18,1.0,sin2,anchor_grid,500,0.3,-0.04639535745010692,0.0296862526215437,0.03800092973330826,0.009931395240078328,0.012000730509943443,0.02842571834453506,0.036679116062215945,0.00846686834497995,0.009431071760801567,0.13738430488960182,0.13956568191035912,0.04639535745010692,
2000,base1,6,129,1,,1577.9815579679562,exchangeable_varying_sigma,0.18,fixed,0.18,0.18,fixed,0.18,1.0,sin2,anchor_grid,500,0.6,-0.12413717617573011,0.029982883619009224,0.03833032394903673,0.011089376220398933,0.013490728937054754,0.02603870927294556,0.03369301530181078,0.008468432135796067,0.009660311955401065,0.13030122866787117,0.1327475400931068,0.12413717617573011,
5000,base2,5,128,1,,4055.408541516983,exchangeable_varying_sigma,0.18,fixed,0.18,0.18,fixed,0.18,1.0,mixed,anchor_grid,500,0.6,-0.0921743954858042,0.02225565678126106,0.029171555106398694,0.007325132084568087,0.009179772101077122,0.01975480701178657,0.02551960092793194,0.008033179368038268,0.009596444826846583,0.11608440957810653,0.13815838669457128,0.0921743954858042,
5000,base2,5,128,1,,4113.863082983997,exchangeable_varying_sigma,0.18,fixed,0.18,0.18,fixed,0.18,1.0,mixed,anchor_grid,500,0.9,-0.11889880424396593,0.02224726164446787,0.029236352506238357,0.00769202521627349,0.00977882614665891,0.01525487237676555,0.01965558513729457,0.00862443157470777,0.010079042035848812,0.11989052077607193,0.13978910672161654,0.11889880424396593,
5000,base2,5,128,1,,4257.470983957057,exchangeable_varying_sigma,0.18,fixed,0.18,0.18,fixed,0.18,1.0,mixed,anchor_grid,500,0.0,0.0035462795843194633,0.022541458283272888,0.029215230700022656,0.0071900393295160625,0.008240882538880433,0.022516555993185663,0.029186075403967095,0.007699926874899565,0.0085634556458217,0.11326626093368818,0.13665476583479352,0.0035462795843194633,
2000,base1,6,129,1,,1734.1163569750497,exchangeable_varying_sigma,0.18,fixed,0.18,0.18,fixed,0.18,1.0,sin2,anchor_grid,500,0.9,-0.20395509910983833,0.03033449230346837,0.038816555000506014,0.012897756182138953,0.015125432206078466,0.02138380801152137,0.027495771067818062,0.009268508211135368,0.010454506679191383,0.12529754431891765,0.12825764155603153,0.20395509910983833,
5000,base2,5,128,1,,4431.174193667946,exchangeable_varying_sigma,0.18,fixed,0.18,0.18,fixed,0.18,1.0,mixed,anchor_grid,500,0.3,-0.06053605848994989,0.02227422177379218,0.029132055489913808,0.006804084322213133,0.00846510989563609,0.021675889508793265,0.02820845642056874,0.0071997656883465155,0.008800628888712326,0.11275844651550529,0.13724475340798983,0.06053605848994989,
5000,base5,5,128,1,,3956.796637566993,exchangeable_varying_sigma,0.18,fixed,0.18,0.18,fixed,0.18,1.0,sin,anchor_grid,500,0.6,-0.3545788493778286,0.05496621037342171,0.07802408474770946,0.014864812118543,0.015901827119109306,0.05731122275487356,0.08404247737980214,0.017396504321069234,0.018935861631743732,0.7240340221854865,0.949822100010564,0.3545788493778286,
2000,base4,6,129,1,,1665.2842490390176,exchangeable_varying_sigma,0.18,fixed,0.18,0.18,fixed,0.18,1.0,sin,anchor_grid,500,0.3,-0.036928316948825646,0.031870082437804585,0.043631093525951965,0.009758930382937875,0.012090885412740109,0.03032322092775333,0.04188332825745819,0.007519734157514418,0.008941370091059482,0.23630572917601433,0.25291114755655947,0.036928316948825646,
2000,base4,6,129,1,,1602.8848519179737,exchangeable_varying_sigma,0.18,fixed,0.18,0.18,fixed,0.18,1.0,sin,anchor_grid,500,0.6,-0.10839687393985953,0.03229874459880077,0.04399211515084917,0.011181660689762007,0.013924189874221195,0.027045745570467187,0.03771012211303736,0.008403883739597023,0.009302185050404463,0.22708302597302937,0.24425018046873662,0.10839687393985953,
2000,base4,6,129,1,,1777.73567395797,exchangeable_varying_sigma,0.18,fixed,0.18,0.18,fixed,0.18,1.0,sin,anchor_grid,500,0.0,-0.045031103322800525,0.03184360493326464,0.04331118755815405,0.012901491134423293,0.015640459941833416,0.031907379851061804,0.04341253200660397,0.010448353651917042,0.014681412793134192,0.26190597238490293,0.27427959823959347,0.045031103322800525,
5000,base5,5,128,1,,4062.003588201944,exchangeable_varying_sigma,0.18,fixed,0.18,0.18,fixed,0.18,1.0,sin,anchor_grid,500,0.9,-0.5063124020160277,0.0550196427010653,0.07804496822390558,0.015465852681453243,0.016353694109200782,0.05585548003422686,0.08297329596847275,0.018150312664954538,0.019744500230480248,0.7164052332491968,0.9432002184590487,0.5063124020160277,
5000,base5,5,128,1,,4149.207555675064,exchangeable_varying_sigma,0.18,fixed,0.18,0.18,fixed,0.18,1.0,sin,anchor_grid,500,0.3,-0.20084627488943246,0.054940332772242126,0.07802698902190018,0.014302360766222988,0.015427193778806645,0.05813972305682846,0.08475357426666069,0.016681488934499278,0.018007802006414414,0.7315456699081287,0.9566183207423594,0.20084627488943246,
5000,base5,5,128,1,,4210.7173367840005,exchangeable_varying_sigma,0.18,fixed,0.18,0.18,fixed,0.18,1.0,sin,anchor_grid,500,0.0,-0.027656983966961264,0.05510083062947046,0.07793709279064809,0.008640283328447934,0.012989548609867419,0.05872864669893129,0.0849934830085154,0.006879672819578755,0.008266088221453615,0.7569878311769968,0.9820968981735806,0.027656983966961264,
2000,base4,6,129,1,,1898.5019122910453,exchangeable_varying_sigma,0.18,fixed,0.18,0.18,fixed,0.18,1.0,sin,anchor_grid,500,0.9,-0.18225659147505036,0.03278130928832798,0.04454278320300051,0.012668803134036483,0.01595923886087196,0.019551989175648515,0.028266982219484548,0.010022328865914032,0.010709722538001157,0.2202862451893115,0.23774714770745137,0.18225659147505036,
2000,base5,6,129,1,,1501.8548967459938,exchangeable_varying_sigma,0.18,fixed,0.18,0.18,fixed,0.18,1.0,sin,anchor_grid,500,0.0,-0.040782674003671374,0.06458751633774952,0.08871923916982061,0.017181422170535338,0.0187965626824608,0.0678549451568941,0.09451034574134679,0.00842686989446921,0.011436585925237665,0.43995139025092783,0.5822734139505625,0.040782674003671374,
2000,base5,6,129,1,,1657.0339783689706,exchangeable_varying_sigma,0.18,fixed,0.18,0.18,fixed,0.18,1.0,sin,anchor_grid,500,0.3,-0.15526976549329202,0.06500225832974255,0.08854592394617176,0.008470237488661825,0.010155291573455507,0.06719994287553126,0.09349176983985362,0.011954513857110188,0.013413479821509066,0.46861455775795274,0.620644257068404,0.15526976549329202,
5000,base1,6,129,1,,4069.407223420916,exchangeable_varying_sigma,0.18,fixed,0.18,0.18,fixed,0.18,1.0,sin2,anchor_grid,500,0.0,0.00024070658884116824,0.020494094919502576,0.0256809104948441,0.005996013245738702,0.007546149455079079,0.020545896270726244,0.025745265828816314,0.0059873133263216305,0.00740525282114671,0.038218775276745984,0.04107763908925864,0.00024070658884116824,
2000,base5,6,129,1,,1746.5118517950177,exchangeable_varying_sigma,0.18,fixed,0.18,0.18,fixed,0.18,1.0,sin,anchor_grid,500,0.6,-0.33191938389653003,0.0652511573380354,0.08872256366054818,0.009892967795483903,0.011743292822806204,0.06607476072328593,0.09244773656230316,0.013177097145924743,0.014372494312448228,0.47584788013207835,0.6310144788866314,0.33191938389653003,
2000,base5,6,129,1,,1751.4167503439821,exchangeable_varying_sigma,0.18,fixed,0.18,0.18,fixed,0.18,1.0,sin,anchor_grid,500,0.9,-0.5116363062470257,0.06550480999970634,0.08898480245753407,0.011380110239759988,0.013587952891562076,0.06412745731709597,0.09074138207264787,0.014562077393720063,0.01557989637124354,0.4821369851152429,0.6411160833115951,0.5116363062470257,
5000,base1,6,129,1,,4258.498965881066,exchangeable_varying_sigma,0.18,fixed,0.18,0.18,fixed,0.18,1.0,sin2,anchor_grid,500,0.6,-0.08212233061292862,0.020571357279196373,0.025606973515074623,0.010422703462919347,0.010603855423293078,0.019175164604646334,0.023583488794587205,0.010711885627687545,0.01130074577919731,0.045202882667543104,0.04860819575418102,0.08212233061292862,
5000,base1,6,129,1,,4358.027884403011,exchangeable_varying_sigma,0.18,fixed,0.18,0.18,fixed,0.18,1.0,sin2,anchor_grid,500,0.3,-0.04965795954694219,0.020632087644589247,0.025715846202264765,0.009904413952308982,0.010145624846758709,0.020491643852083036,0.025454732561635843,0.009673554819074698,0.010406837581273235,0.04109999483419328,0.04392827075601952,0.04965795954694219,
5000,base1,6,129,1,,4179.767577812076,exchangeable_varying_sigma,0.18,fixed,0.18,0.18,fixed,0.18,1.0,sin2,anchor_grid,500,0.9,-0.11229279770856382,0.020531041593899086,0.025455483868954826,0.010673112843427368,0.010805576258445805,0.016133615368364412,0.019321011991582062,0.011408918229258769,0.011839148420924303,0.0489786393721828,0.054072712912581644,0.11229279770856382,
2000,base2,7,130,1,,1656.2108086519875,exchangeable_varying_sigma,0.18,fixed,0.18,0.18,fixed,0.18,1.0,mixed,anchor_grid,500,0.0,-0.012033165395294582,0.035519470044985235,0.0482452468079869,0.008066805509843372,0.009443852490148619,0.03558365367902867,0.04839476530640095,0.008011375369746276,0.00920993034094798,0.24483854619850767,0.29618921072245336,0.012033165395294582,
2000,base2,7,130,1,,1664.3487229079474,exchangeable_varying_sigma,0.18,fixed,0.18,0.18,fixed,0.18,1.0,mixed,anchor_grid,500,0.6,-0.1257810970729037,0.03426286990802264,0.04660167988814415,0.01806626600316094,0.019238913590055584,0.030513967501900923,0.041678864171268815,0.013982781956876189,0.014561171333530016,0.251295087757677,0.31135054982540866,0.1257810970729037,
2000,base2,7,130,1,,1747.2908740739804,exchangeable_varying_sigma,0.18,fixed,0.18,0.18,fixed,0.18,1.0,mixed,anchor_grid,500,0.3,-0.05374236695682172,0.034273011300532244,0.04662803645780086,0.01646119942330221,0.017528941773603177,0.0335344633782535,0.045716734551449686,0.014117474093327337,0.014839989432471282,0.2537093817472308,0.31136255856680645,0.05374236695682172,
2000,base2,7,130,1,,1648.68224629201,exchangeable_varying_sigma,0.18,fixed,0.18,0.18,fixed,0.18,1.0,mixed,anchor_grid,500,0.9,-0.19852876777862027,0.034347663548294834,0.04658845829663872,0.019417342340980775,0.020676753752602285,0.023482613194019133,0.03211908654300379,0.013505785920913393,0.013856104714150516,0.24937622943540047,0.3110332258122924,0.19852876777862027,
5000,base4,6,129,1,,3991.045171801001,exchangeable_varying_sigma,0.18,fixed,0.18,0.18,fixed,0.18,1.0,sin,anchor_grid,500,0.6,-0.05796044829008484,0.019446859560262292,0.025749838458218988,0.010949612800765368,0.011349373650651818,0.016718328124950128,0.02224803075604541,0.01216419160907467,0.012596059493376315,0.10593467635317805,0.11696057733987437,0.05796044829008484,
5000,base4,6,129,1,,4129.642136174953,exchangeable_varying_sigma,0.18,fixed,0.18,0.18,fixed,0.18,1.0,sin,anchor_grid,500,0.0,-0.009810908194291477,0.01932599254512447,0.025467990750829454,0.007899172567554152,0.009371036991897602,0.019344224528022036,0.025486177238965065,0.00773477750062182,0.008682225871755595,0.0996421548266316,0.1120596698342226,0.009810908194291477,
5000,base4,6,129,1,,4055.2404491989873,exchangeable_varying_sigma,0.18,fixed,0.18,0.18,fixed,0.18,1.0,sin,anchor_grid,500,0.9,-0.08121371740799099,0.019372396137807318,0.025477030739208362,0.011242895404409398,0.011629136628368088,0.010842886201784977,0.014411397050294119,0.013223092424329091,0.01346868878178106,0.10849262999954992,0.11729055417549844,0.08121371740799099,
5000,base4,6,129,1,,4247.186010607984,exchangeable_varying_sigma,0.18,fixed,0.18,0.18,fixed,0.18,1.0,sin,anchor_grid,500,0.3,-0.033806792245176076,0.019478384743175935,0.025939044939379353,0.010364416259458331,0.01078870844626014,0.0189703592600053,0.025317832618078753,0.010785657274262173,0.011388080377905485,0.1027191775857845,0.11646271192377658,0.033806792245176076,
2000,base5,7,130,1,,1675.1360086110653,exchangeable_varying_sigma,0.18,fixed,0.18,0.18,fixed,0.18,1.0,sin,anchor_grid,500,0.0,-0.005330162494808996,0.06518442005866701,0.08838153342344207,0.01814122797110501,0.02183438364278444,0.06852653541166595,0.09446920824591457,0.01828782937527923,0.021239224561476856,0.4745758358306923,0.6295852061586623,0.005330162494808996,
5000,base5,6,129,1,,3964.974699507002,exchangeable_varying_sigma,0.18,fixed,0.18,0.18,fixed,0.18,1.0,sin,anchor_grid,500,0.3,-0.13822663530307272,0.056457156985893486,0.08006926790654706,0.01911838527408244,0.021685725742246417,0.05989607462534272,0.08748847935830638,0.017963702908806528,0.019663647669522277,0.6991095556903749,0.9116443743398834,0.13822663530307272,
2000,base5,7,130,1,,1694.8577226999914,exchangeable_varying_sigma,0.18,fixed,0.18,0.18,fixed,0.18,1.0,sin,anchor_grid,500,0.3,-0.17628698169821927,0.06484378863563112,0.08714531529027879,0.013299097831036166,0.015811236135265066,0.06774960892267669,0.09246708947761972,0.007902148126474634,0.009541995441493154,0.46869218691932035,0.6180397913714893,0.17628698169821927,
5000,base5,6,129,1,,4199.831298324978,exchangeable_varying_sigma,0.18,fixed,0.18,0.18,fixed,0.18,1.0,sin,anchor_grid,500,0.0,0.00038416648509593713,0.05681296885396709,0.08087653734533798,0.010498523416907074,0.013462330317668282,0.06014688003434774,0.08800249534156547,0.009472614330327506,0.011901519019574178,0.7013572250524481,0.9210707158637568,0.00038416648509593713,
2000,base5,7,130,1,,1676.2851819259813,exchangeable_varying_sigma,0.18,fixed,0.18,0.18,fixed,0.18,1.0,sin,anchor_grid,500,0.6,-0.34315207459785885,0.06477939875533976,0.08718988712277945,0.014441718390301977,0.01685958850129557,0.06655158185352535,0.09145543056007313,0.009069139906519585,0.010087516661838807,0.4734268896591527,0.6233729985896711,0.34315207459785885,
2000,base5,7,130,1,,1723.0643969649682,exchangeable_varying_sigma,0.18,fixed,0.18,0.18,fixed,0.18,1.0,sin,anchor_grid,500,0.9,-0.508899251818449,0.06468009880199609,0.08729483463130026,0.015459454780865217,0.017808068342825795,0.06425943638475294,0.0896274580513679,0.010272854381878999,0.01092797405745419,0.4764694637033306,0.627315897029032,0.508899251818449,
5000,base5,6,129,1,,4239.378540275036,exchangeable_varying_sigma,0.18,fixed,0.18,0.18,fixed,0.18,1.0,sin,anchor_grid,500,0.9,-0.44974781808127545,0.056002159834022645,0.07983747131536723,0.020203790266021204,0.0228987932130086,0.05750687285645679,0.08654870437205192,0.01972871613015073,0.021560993361178962,0.6997725630292926,0.9227183887080457,0.44974781808127545,
5000,base5,6,129,1,,4403.7361322370125,exchangeable_varying_sigma,0.18,fixed,0.18,0.18,fixed,0.18,1.0,sin,anchor_grid,500,0.6,-0.2929391649743035,0.0562650281191832,0.07996121165612874,0.01965858600864076,0.022361697173548828,0.059148535906393164,0.08725412110844438,0.018995902702003548,0.020723186919539362,0.698643133923379,0.9160072095899459,0.2929391649743035,
2000,base1,8,131,1,,1623.82210420107,exchangeable_varying_sigma,0.18,fixed,0.18,0.18,fixed,0.18,1.0,sin2,anchor_grid,500,0.0,-0.015242291586131147,0.03077976476564708,0.03890866385813577,0.006471678593596805,0.007998419010538221,0.03085761841766999,0.03909200717871689,0.0061546841263845214,0.0063286595278226054,0.13218559759544615,0.1381505777517661,0.015242291586131147,
2000,base1,8,131,1,,1593.3791483329842,exchangeable_varying_sigma,0.18,fixed,0.18,0.18,fixed,0.18,1.0,sin2,anchor_grid,500,0.3,-0.05140593858445586,0.030279464880919926,0.039148868663942286,0.007336410694457812,0.010690581122081922,0.02988187256997595,0.03872594355876203,0.010630365106508305,0.012383232168948414,0.14415788825627937,0.14716019876563186,0.05140593858445586,
2000,base1,8,131,1,,1473.4275963540422,exchangeable_varying_sigma,0.18,fixed,0.18,0.18,fixed,0.18,1.0,sin2,anchor_grid,500,0.9,-0.18155879953912468,0.029871047116238,0.038474101721101446,0.008832661809963838,0.012117709145374033,0.02170155920279535,0.027854088050284755,0.01224543285820226,0.0157962915156438,0.14539382994951222,0.14964143227866475,0.18155879953912468,
5000,base2,7,130,1,,3922.4660785190063,exchangeable_varying_sigma,0.18,fixed,0.18,0.18,fixed,0.18,1.0,mixed,anchor_grid,500,0.0,0.018538716690379164,0.022133649814878392,0.02803399474566895,0.00235787807986515,0.002802633931933855,0.02204319840005622,0.027954413031257827,0.00443443042538616,0.004933631103505392,0.10723670399598022,0.13244081865136323,0.018538716690379164,
2000,base1,8,131,1,,1668.916831205017,exchangeable_varying_sigma,0.18,fixed,0.18,0.18,fixed,0.18,1.0,sin2,anchor_grid,500,0.6,-0.11594080083098568,0.030084051312971833,0.03882423824495062,0.006988293926885866,0.011285712606344438,0.027413353123344666,0.03547551149990358,0.011392909796946724,0.013785741682627237,0.1451689040154676,0.1487004092938278,0.11594080083098568,
5000,base2,7,130,1,,4072.6705186490435,exchangeable_varying_sigma,0.18,fixed,0.18,0.18,fixed,0.18,1.0,mixed,anchor_grid,500,0.3,-0.04415506203489156,0.022572709935472716,0.029189082408086143,0.010729435614514171,0.01110657272830905,0.021915026895517664,0.02827191170852092,0.010780285359437675,0.011436607034443373,0.10667274425944279,0.13105466726103288,0.04415506203489156,
5000,base2,7,130,1,,4082.9819640680216,exchangeable_varying_sigma,0.18,fixed,0.18,0.18,fixed,0.18,1.0,mixed,anchor_grid,500,0.6,-0.07950175913585478,0.022534724437825,0.029129097393672608,0.011721908389968269,0.01225020016917183,0.019912922584936297,0.02552865287638857,0.011537533240967346,0.012330171131597274,0.10670349545537611,0.12960760590350398,0.07950175913585478,
5000,base2,7,130,1,,4101.253881542012,exchangeable_varying_sigma,0.18,fixed,0.18,0.18,fixed,0.18,1.0,mixed,anchor_grid,500,0.9,-0.1131264218044773,0.022503294030236837,0.029069805030342063,0.012654750009924276,0.013447206364896493,0.015356778787219211,0.019570916654007668,0.01213833779792306,0.013324541104257438,0.10726951215814351,0.12940990381275605,0.1131264218044773,
2000,base4,8,131,1,,1581.4844128310215,exchangeable_varying_sigma,0.18,fixed,0.18,0.18,fixed,0.18,1.0,sin,anchor_grid,500,0.0,-0.009546932788727194,0.0328682136827245,0.04372137030428866,0.005938378546003098,0.007009787791532782,0.032868273035400915,0.043829537684827,0.006194656945729349,0.006342582985458922,0.21963587684068217,0.23410495162297493,0.009546932788727194,
2000,base4,8,131,1,,1622.460678588017,exchangeable_varying_sigma,0.18,fixed,0.18,0.18,fixed,0.18,1.0,sin,anchor_grid,500,0.6,-0.11048878598630951,0.032512617878963326,0.04457066778223742,0.010734515382568074,0.014800884371917074,0.02870165403506108,0.039935304963277775,0.013142486256344316,0.018155555341894485,0.24353634410026764,0.2597393849852508,0.11048878598630951,
2000,base4,8,131,1,,1643.8861653320491,exchangeable_varying_sigma,0.18,fixed,0.18,0.18,fixed,0.18,1.0,sin,anchor_grid,500,0.3,-0.05101294949486265,0.03284727770001011,0.045099650472335405,0.01020403603786961,0.014056419370102815,0.03219343271199877,0.04444849168586788,0.011079051061337969,0.015746716657636856,0.24236044249486274,0.2585627369881863,0.05101294949486265,
5000,base5,7,130,1,,4015.6175926050637,exchangeable_varying_sigma,0.18,fixed,0.18,0.18,fixed,0.18,1.0,sin,anchor_grid,500,0.0,0.0051559443333621694,0.055866724957890204,0.07784489041580386,0.007321641920372685,0.008643869196352965,0.05943250458487513,0.08473964631436669,0.0058653010482040135,0.007533191702011571,0.6977616497773215,0.9128190906840241,0.0051559443333621694,
2000,base4,8,131,1,,1718.9189185230061,exchangeable_varying_sigma,0.18,fixed,0.18,0.18,fixed,0.18,1.0,sin,anchor_grid,500,0.9,-0.1714017949411698,0.03212175515555711,0.04395434111697806,0.01197564871197572,0.015777784969905072,0.020019725333090176,0.028657602021002385,0.016650116021573513,0.021436352283815702,0.24351353770928688,0.25957300620075524,0.1714017949411698,
5000,base5,7,130,1,,4113.557006718009,exchangeable_varying_sigma,0.18,fixed,0.18,0.18,fixed,0.18,1.0,sin,anchor_grid,500,0.3,-0.1659644365298979,0.05504034134625998,0.0778730075633422,0.01620546759176221,0.01748950657994152,0.05852433568945649,0.0846881634040907,0.016782618385859024,0.018336730547121722,0.7199167049034579,0.9331558110300123,0.1659644365298979,
5000,base5,7,130,1,,4073.9504870100645,exchangeable_varying_sigma,0.18,fixed,0.18,0.18,fixed,0.18,1.0,sin,anchor_grid,500,0.6,-0.3198355739629384,0.054989314655853945,0.07782366252506145,0.016807929357462503,0.018226877659246857,0.05771394620610632,0.08406141229808148,0.017835383004545763,0.019610927905853025,0.7128518133928514,0.9241628848886987,0.3198355739629384,
5000,base5,7,130,1,,4138.577342014061,exchangeable_varying_sigma,0.18,fixed,0.18,0.18,fixed,0.18,1.0,sin,anchor_grid,500,0.9,-0.47165610526382906,0.05499217185946851,0.07775721580103051,0.01739626253727275,0.019006591528296167,0.056262524138624696,0.08300084610505076,0.018878157343144658,0.020925049547929266,0.704298682791581,0.9132450201486456,0.47165610526382906,
2000,base5,8,131,1,,1637.1936969450908,exchangeable_varying_sigma,0.18,fixed,0.18,0.18,fixed,0.18,1.0,sin,anchor_grid,500,0.3,-0.16368762322130262,0.06557906297343367,0.09001234575830408,0.009398215874541357,0.012391430876444138,0.06856120379827785,0.0957789975958985,0.014082883634522758,0.017455451950055035,0.5195697487337818,0.7101338569399817,0.16368762322130262,
2000,base5,8,131,1,,1694.1466119990218,exchangeable_varying_sigma,0.18,fixed,0.18,0.18,fixed,0.18,1.0,sin,anchor_grid,500,0.0,-0.029061377582353606,0.06530276214011219,0.08894555692649479,0.0035986236076029354,0.00419996636768703,0.06862494983828835,0.09482222889481849,0.008430577165200528,0.01006670622963606,0.487484656534995,0.6676682903719742,0.029061377582353606,
2000,base5,8,131,1,,1651.6737174340524,exchangeable_varying_sigma,0.18,fixed,0.18,0.18,fixed,0.18,1.0,sin,anchor_grid,500,0.6,-0.34034267522469175,0.06530616941292344,0.08968171744649239,0.011880026287977699,0.014190137979894138,0.0670569467736904,0.09427443403879253,0.014988673331560814,0.019397184560423546,0.5216076526796679,0.7139931588358985,0.34034267522469175,
5000,base1,8,131,1,,3967.208896703087,exchangeable_varying_sigma,0.18,fixed,0.18,0.18,fixed,0.18,1.0,sin2,anchor_grid,500,0.3,-0.04324200843430637,0.020559692286791744,0.025443708862729574,0.013394907189341498,0.014942818581520256,0.020567000384266246,0.025289408849620318,0.012037629225586585,0.013428294788650185,0.034385925385998474,0.041336057188901494,0.04324200843430637,
2000,base5,8,131,1,,1590.092666008044,exchangeable_varying_sigma,0.18,fixed,0.18,0.18,fixed,0.18,1.0,sin,anchor_grid,500,0.9,-0.5209427731388034,0.06506889009394626,0.08926477685160138,0.014887620584768363,0.0164688005500707,0.06436148403246475,0.09167585584548903,0.015545398134548513,0.02133529624906852,0.5244570733085259,0.7191239223044825,0.5209427731388034,
5000,base1,8,131,1,,4119.138235496008,exchangeable_varying_sigma,0.18,fixed,0.18,0.18,fixed,0.18,1.0,sin2,anchor_grid,500,0.0,-0.0013444113111239003,0.020627119298748386,0.02580870862998902,0.010400287245136364,0.01228909868463075,0.020673895105489292,0.025876728903781825,0.010434331907023364,0.012464018954316057,0.03229512244277347,0.037765074405145434,0.0013444113111239003,
5000,base1,8,131,1,,4153.14221833006,exchangeable_varying_sigma,0.18,fixed,0.18,0.18,fixed,0.18,1.0,sin2,anchor_grid,500,0.6,-0.07760799665309126,0.020319447674755547,0.025225217239269546,0.015058375404516336,0.016812474026762853,0.019266793611156966,0.023495070585993687,0.013303203780844777,0.01493091065734869,0.036937951901281234,0.046045716017250125,0.07760799665309126,
5000,base1,8,131,1,,4081.679336524103,exchangeable_varying_sigma,0.18,fixed,0.18,0.18,fixed,0.18,1.0,sin2,anchor_grid,500,0.9,-0.10968588067950258,0.02002007007023692,0.024944552924491725,0.016664555067376297,0.0186456664073208,0.016231855326342418,0.019388249220013334,0.01452250387901885,0.016428214760750477,0.039548027408524845,0.050715549623714024,0.10968588067950258,
2000,base2,9,132,1,,1652.7562590939924,exchangeable_varying_sigma,0.18,fixed,0.18,0.18,fixed,0.18,1.0,mixed,anchor_grid,500,0.0,0.020122315620958668,0.03514546698414129,0.04827618524029557,0.01693525449778069,0.02267033187599489,0.035206120056210474,0.048413621880304056,0.016738424176072936,0.021904769652536665,0.24355996606203223,0.2931248535307116,0.020122315620958668,
2000,base2,9,132,1,,1636.530230600969,exchangeable_varying_sigma,0.18,fixed,0.18,0.18,fixed,0.18,1.0,mixed,anchor_grid,500,0.3,-0.06019017196334048,0.03719265775361606,0.05015443417713508,0.01892893385654844,0.0208009653684737,0.03614304846460031,0.048737639026023176,0.018197910810938106,0.020542187193078678,0.24407612086980152,0.28845358496144413,0.06019017196334048,
5000,base4,8,131,1,,4065.018097983091,exchangeable_varying_sigma,0.18,fixed,0.18,0.18,fixed,0.18,1.0,sin,anchor_grid,500,0.0,-0.006150319937975935,0.019244561676140047,0.025410053637605016,0.013147540558978404,0.014901526080506211,0.019269640126956387,0.025433109096401774,0.011619889328730537,0.013975140853816969,0.08966486018962502,0.10407035428695449,0.006150319937975935,
2000,base2,9,132,1,,1632.83205894602,exchangeable_varying_sigma,0.18,fixed,0.18,0.18,fixed,0.18,1.0,mixed,anchor_grid,500,0.9,-0.21404616306629165,0.037498540788412076,0.050626204007325586,0.02319440396577796,0.02550846434836753,0.025736558188735076,0.03517036662339664,0.02126107960281036,0.0264069276559209,0.24341642901755625,0.2853311071998444,0.21404616306629165,
2000,base2,9,132,1,,1750.685924457037,exchangeable_varying_sigma,0.18,fixed,0.18,0.18,fixed,0.18,1.0,mixed,anchor_grid,500,0.6,-0.13602681836331193,0.03739157194812211,0.05042259715496555,0.021107508065919184,0.02316801552130693,0.03303897971109223,0.04460282369163651,0.019818809977914936,0.02335895877675997,0.24350843188479213,0.28673032363967244,0.13602681836331193,
5000,base4,8,131,1,,4033.742523758905,exchangeable_varying_sigma,0.18,fixed,0.18,0.18,fixed,0.18,1.0,sin,anchor_grid,500,0.3,-0.031027066695604566,0.01879757419933744,0.025132119444181623,0.01531750494530379,0.016824970076457665,0.018514298736725596,0.024560827046949243,0.013805332049428659,0.015404305424716514,0.08763594675274548,0.10165959059567113,0.031027066695604566,
5000,base4,8,131,1,,4086.711626896984,exchangeable_varying_sigma,0.18,fixed,0.18,0.18,fixed,0.18,1.0,sin,anchor_grid,500,0.6,-0.055805913425555076,0.018588446291582583,0.024991569810508863,0.017229425232511655,0.019000340212270275,0.01636256903793288,0.02163871897625815,0.015213838295227433,0.017084334888933038,0.09080181603754041,0.10416542302984577,0.055805913425555076,
5000,base4,8,131,1,,4256.331628139946,exchangeable_varying_sigma,0.18,fixed,0.18,0.18,fixed,0.18,1.0,sin,anchor_grid,500,0.9,-0.07890118859107775,0.018366668714958588,0.024839506035328984,0.019063804688505923,0.02113123632916621,0.010679026596421741,0.01419742083929966,0.0164581748831691,0.01861913700942365,0.09426564113928788,0.10714265609863703,0.07890118859107775,
2000,base5,9,132,1,,1546.903412410058,exchangeable_varying_sigma,0.18,fixed,0.18,0.18,fixed,0.18,1.0,sin,anchor_grid,500,0.0,0.04209353106181618,0.06448182601081799,0.08919115291644983,0.031934441691583465,0.03752914137630039,0.06795962154611729,0.09571822909799156,0.02466040896247576,0.02969087469304017,0.5105577430227571,0.7065023013730387,0.04209353106181618,
2000,base5,9,132,1,,1541.7127402860206,exchangeable_varying_sigma,0.18,fixed,0.18,0.18,fixed,0.18,1.0,sin,anchor_grid,500,0.3,-0.1562260679751819,0.06485137636807947,0.09110043070034973,0.024908552279776258,0.035084785313356695,0.06768856325694642,0.09705666000237301,0.022904914622873612,0.026544931526502124,0.48260475274401576,0.6609160832065695,0.1562260679751819,
2000,base5,9,132,1,,1654.434868970071,exchangeable_varying_sigma,0.18,fixed,0.18,0.18,fixed,0.18,1.0,sin,anchor_grid,500,0.6,-0.3350940037224198,0.06501947889298088,0.09123446095124817,0.02621532786490874,0.037389748957883946,0.06638839059592644,0.09592975868094954,0.025164433684517276,0.029289171362640424,0.4823696448539016,0.661903985993164,0.3350940037224198,
5000,base5,8,131,1,,3995.0799330389127,exchangeable_varying_sigma,0.18,fixed,0.18,0.18,fixed,0.18,1.0,sin,anchor_grid,500,0.0,-0.007891460128114522,0.055592255887384145,0.07889569855046369,0.012012915822532194,0.018040483234704974,0.05877432004458815,0.08558964217856697,0.009017044800335022,0.012764184161517665,0.7016179384270937,0.9064610118084403,0.007891460128114522,
5000,base5,8,131,1,,4072.2645207199967,exchangeable_varying_sigma,0.18,fixed,0.18,0.18,fixed,0.18,1.0,sin,anchor_grid,500,0.9,-0.46843332329114395,0.05614603900436665,0.0796550577212248,0.02019842942495509,0.02235077315035149,0.05665772928421609,0.0842692163932641,0.0178573386375548,0.021593050378006965,0.6914902011062855,0.8919184030796422,0.46843332329114395,
5000,base5,8,131,1,,4097.390988231986,exchangeable_varying_sigma,0.18,fixed,0.18,0.18,fixed,0.18,1.0,sin,anchor_grid,500,0.3,-0.1659525734887703,0.05613431818777134,0.07938069636178734,0.016452129681751262,0.01863744667023671,0.059086341061034046,0.08583588556926178,0.014971795366132079,0.018492757038785047,0.695801356561481,0.8966299585980104,0.1659525734887703,
5000,base5,8,131,1,,4141.796144517022,exchangeable_varying_sigma,0.18,fixed,0.18,0.18,fixed,0.18,1.0,sin,anchor_grid,500,0.6,-0.3175243261221037,0.05614462415333188,0.07949911597753805,0.018364049968956173,0.02049879391817868,0.05826852133995302,0.08522867906630287,0.016464046039362273,0.02007235341251167,0.6936179502651754,0.8942073695800413,0.3175243261221037,
2000,base5,9,132,1,,1705.5595037819585,exchangeable_varying_sigma,0.18,fixed,0.18,0.18,fixed,0.18,1.0,sin,anchor_grid,500,0.9,-0.5172556383218467,0.06509660338460219,0.09128686271134831,0.027169416449753375,0.0397846906277208,0.0640723847722785,0.09386288275297852,0.027344328384239183,0.032364678925753815,0.4823411846713156,0.6637350301938533,0.5172556383218467,
5000,base2,9,132,1,,3959.7208619510056,exchangeable_varying_sigma,0.18,fixed,0.18,0.18,fixed,0.18,1.0,mixed,anchor_grid,500,0.3,-0.03002914702464443,0.023145365321055166,0.029551765693490047,0.01117375362629025,0.011565493147546657,0.022216028283193235,0.028576732210310717,0.010427560108815903,0.010908750219330864,0.1007186341519219,0.12951460347349966,0.03002914702464443,
2000,base1,10,133,1,,1699.7779631990707,exchangeable_varying_sigma,0.18,fixed,0.18,0.18,fixed,0.18,1.0,sin2,anchor_grid,500,0.3,-0.10062373331944202,0.029027489261807315,0.03691511706137295,0.01343246584118929,0.013728357040628981,0.02846307428731925,0.03620180416973753,0.009883885958925837,0.01242850260859127,0.18678819502242475,0.1929100679239412,0.10062373331944202,
2000,base1,10,133,1,,1669.6642818589462,exchangeable_varying_sigma,0.18,fixed,0.18,0.18,fixed,0.18,1.0,sin2,anchor_grid,500,0.6,-0.1681122300673084,0.02922403907460799,0.037240675373286236,0.014809736999603557,0.015146352645800037,0.026313972140013898,0.0334680869244434,0.011253981582789951,0.014822524581778334,0.1920339752301531,0.19765261824554617,0.1681122300673084,
2000,base1,10,133,1,,1647.6666794869816,exchangeable_varying_sigma,0.18,fixed,0.18,0.18,fixed,0.18,1.0,sin2,anchor_grid,500,0.9,-0.22950258192242223,0.029661964969639777,0.03787998967311826,0.016043289515924514,0.01649758172266195,0.021551203006191958,0.02734849385958715,0.012789202205727518,0.017251227354897213,0.19918839656094706,0.20421956141484007,0.22950258192242223,
2000,base1,10,133,1,,1791.7591476580128,exchangeable_varying_sigma,0.18,fixed,0.18,0.18,fixed,0.18,1.0,sin2,anchor_grid,500,0.0,-0.022789988111910475,0.03131763854341403,0.04026921188082863,0.01959783979490659,0.022403184666687802,0.03148319838515085,0.040503098897370866,0.015807627536674612,0.020060298338795766,0.206120681221126,0.21277039807180703,0.022789988111910475,
5000,base2,9,132,1,,4207.705643162015,exchangeable_varying_sigma,0.18,fixed,0.18,0.18,fixed,0.18,1.0,mixed,anchor_grid,500,0.0,-0.0032242126070924546,0.023059827258110437,0.029915760935936925,0.015295919080127118,0.0168769762076581,0.022985303468871298,0.029830782020410337,0.014699824439847853,0.01636102474861402,0.10194335868274713,0.12557383558308172,0.0032242126070924546,
5000,base2,9,132,1,,4049.94270752999,exchangeable_varying_sigma,0.18,fixed,0.18,0.18,fixed,0.18,1.0,mixed,anchor_grid,500,0.6,-0.06831103115128345,0.02323685775384621,0.02960492642126718,0.01275717907229948,0.013036610507263981,0.020100680526651364,0.025765448075168004,0.01157026050814032,0.012141877536536427,0.09892728039604155,0.13096475816463807,0.06831103115128345,
5000,base2,9,132,1,,4196.920520246029,exchangeable_varying_sigma,0.18,fixed,0.18,0.18,fixed,0.18,1.0,mixed,anchor_grid,500,0.9,-0.10767519484136934,0.02326335331196884,0.029685297967451292,0.014357286987223092,0.01453442341580544,0.015538814765208887,0.019827783277910547,0.013042331910434524,0.013631694827257868,0.0975160693445559,0.1325070396998394,0.10767519484136934,
5000,base5,9,132,1,,3866.0113571609836,exchangeable_varying_sigma,0.18,fixed,0.18,0.18,fixed,0.18,1.0,sin,anchor_grid,500,0.0,0.024621478393653598,0.054491142498501774,0.07812782919549031,0.015170825987881942,0.016996127146752665,0.05809498678829834,0.08586562143778752,0.017497901200434485,0.019286014476201586,0.7222751179881584,0.956320308072799,0.024621478393653598,
2000,base4,10,133,1,,1691.0027225340018,exchangeable_varying_sigma,0.18,fixed,0.18,0.18,fixed,0.18,1.0,sin,anchor_grid,500,0.3,-0.07357000242365702,0.030964790246922173,0.04229029863886062,0.013471339831008733,0.014030135178490045,0.03013890889209417,0.041282907268815734,0.013815552891852073,0.016567673954974327,0.2935201581768779,0.30647882455791187,0.07357000242365702,
2000,base4,10,133,1,,1726.9345879850443,exchangeable_varying_sigma,0.18,fixed,0.18,0.18,fixed,0.18,1.0,sin,anchor_grid,500,0.0,-0.01739458123841435,0.03374375775282007,0.04621654286378395,0.022292187822528536,0.025255364065535548,0.033828697226697235,0.04634008561926279,0.01931023752168798,0.02311471088452592,0.30977891022388676,0.3196549555849026,0.01739458123841435,
2000,base4,10,133,1,,1601.1069006669568,exchangeable_varying_sigma,0.18,fixed,0.18,0.18,fixed,0.18,1.0,sin,anchor_grid,500,0.6,-0.13739729090077124,0.031050576490349407,0.0425726611203388,0.015041495576203823,0.015662974483241925,0.027052446737052788,0.0374406467140828,0.015429567542815742,0.018771512655776083,0.2987618896900598,0.3106997475809507,0.13739729090077124,
5000,base5,9,132,1,,3980.1820345349843,exchangeable_varying_sigma,0.18,fixed,0.18,0.18,fixed,0.18,1.0,sin,anchor_grid,500,0.3,-0.13535814811793118,0.0549476561886036,0.0784519976799623,0.009841935483491951,0.010074965727539843,0.05818016208179982,0.08586746422808424,0.011272217813879867,0.012026658016446054,0.7146757549445774,0.9584683502576605,0.13535814811793118,
5000,base5,9,132,1,,3833.396747687948,exchangeable_varying_sigma,0.18,fixed,0.18,0.18,fixed,0.18,1.0,sin,anchor_grid,500,0.9,-0.4522293289700985,0.054922109644879896,0.07849659942749265,0.012935338817410921,0.01303655003471173,0.055701775554003255,0.08449905105789646,0.014352443674145232,0.01519747480476656,0.7232729535768267,0.9638155047199365,0.4522293289700985,
5000,base5,9,132,1,,4058.7399386590114,exchangeable_varying_sigma,0.18,fixed,0.18,0.18,fixed,0.18,1.0,sin,anchor_grid,500,0.6,-0.2929726503973935,0.054950588221363415,0.07847432918076468,0.011377454203812726,0.011529425358075775,0.05730959897088158,0.0853593151326775,0.012718408488746752,0.013523499867693294,0.7181284470825562,0.9602509093833355,0.2929726503973935,
2000,base4,10,133,1,,1830.8051429040497,exchangeable_varying_sigma,0.18,fixed,0.18,0.18,fixed,0.18,1.0,sin,anchor_grid,500,0.9,-0.19750018407616443,0.03143653405266379,0.043239657005225134,0.016528411347227767,0.017271478142355644,0.01945525183772856,0.02791313029794845,0.016895318823952732,0.020830628786481904,0.30644229665309036,0.3174908050483941,0.19750018407616443,
2000,base5,10,133,1,,1612.9476886340417,exchangeable_varying_sigma,0.18,fixed,0.18,0.18,fixed,0.18,1.0,sin,anchor_grid,500,0.0,-0.035599975299077345,0.06540626883308055,0.08942504439049931,0.02744809009395166,0.032637385217617956,0.06866100417647206,0.0954024291992756,0.018572381350842326,0.02473100469123864,0.41211179303100914,0.5657119013434008,0.035599975299077345,
2000,base5,10,133,1,,1579.8856331610586,exchangeable_varying_sigma,0.18,fixed,0.18,0.18,fixed,0.18,1.0,sin,anchor_grid,500,0.3,-0.19468367957224295,0.06291725515666875,0.08622798117252768,0.005781902417939355,0.006575151360287248,0.06597524784499433,0.09231836768159542,0.010295379474909272,0.012765644345727557,0.4249717733991133,0.5769602324978291,0.19468367957224295,
2000,base5,10,133,1,,1662.5009435629472,exchangeable_varying_sigma,0.18,fixed,0.18,0.18,fixed,0.18,1.0,sin,anchor_grid,500,0.9,-0.5523734323678562,0.06304261256098051,0.08624398967960606,0.008838973934157668,0.010162045379686332,0.06258762593927125,0.08922604538294987,0.01167075893411329,0.01507957760816963,0.42666980102233854,0.5871047613038824,0.5523734323678562,
2000,base5,10,133,1,,1799.4764072980033,exchangeable_varying_sigma,0.18,fixed,0.18,0.18,fixed,0.18,1.0,sin,anchor_grid,500,0.6,-0.37281533479044976,0.0628629388941705,0.08616796927620377,0.0073520581631332516,0.008345799255736298,0.06468656131971161,0.09113165645576723,0.011063535463135321,0.014104307336302508,0.4252937595176356,0.5810391440243501,0.37281533479044976,
5000,base1,10,133,1,,4007.284676866955,exchangeable_varying_sigma,0.18,fixed,0.18,0.18,fixed,0.18,1.0,sin2,anchor_grid,500,0.6,-0.07311527323933298,0.01981016187395033,0.02455472130780092,0.014514396011880787,0.019241693428406224,0.01851639414248421,0.022798917818570085,0.012068446224235266,0.016481965072093673,0.0407159049912711,0.050534836490245955,0.07311527323933298,
5000,base1,10,133,1,,4269.554842062993,exchangeable_varying_sigma,0.18,fixed,0.18,0.18,fixed,0.18,1.0,sin2,anchor_grid,500,0.0,-0.009423032627029128,0.020411447154845087,0.02547270056822058,0.011936239012911437,0.013645704994025933,0.020537316852769764,0.02561195542589334,0.011526765903334388,0.013381255446019001,0.03574292124563368,0.03944530710778423,0.009423032627029128,
5000,base1,10,133,1,,4254.9174797689775,exchangeable_varying_sigma,0.18,fixed,0.18,0.18,fixed,0.18,1.0,sin2,anchor_grid,500,0.3,-0.03725759985522897,0.019835990981330355,0.024610087961683555,0.01274946063652746,0.01693549704701108,0.019737900132527623,0.024456258799456204,0.010717541394489952,0.014867436098676025,0.03816826535520846,0.04603178142522106,0.03725759985522897,
5000,base1,10,133,1,,4322.486776180915,exchangeable_varying_sigma,0.18,fixed,0.18,0.18,fixed,0.18,1.0,sin2,anchor_grid,500,0.9,-0.1079452849134308,0.01980489061477436,0.024554431159722414,0.016316284203294257,0.021610698034886883,0.015899477242782695,0.019098181151505265,0.014292776011536959,0.018771360127906794,0.04343586327660809,0.055437386100223224,0.1079452849134308,
2000,base2,11,134,1,,1574.581071136985,exchangeable_varying_sigma,0.18,fixed,0.18,0.18,fixed,0.18,1.0,mixed,anchor_grid,500,0.0,-0.0017004347069832805,0.036826056322909834,0.0502654209576836,0.011195846568498008,0.012384940218298604,0.03685076924214133,0.050373687345416925,0.010391862903025378,0.01138653839355142,0.2196558751562272,0.2696454762643147,0.0017004347069832805,
5000,base4,10,133,1,,3942.0102639680263,exchangeable_varying_sigma,0.18,fixed,0.18,0.18,fixed,0.18,1.0,sin,anchor_grid,500,0.0,-4.723787802506891e-05,0.01900622325034246,0.025355964030194307,0.012364310120093536,0.014851846277677784,0.01900689785977889,0.02537267631956713,0.012748598566328442,0.015581674693110281,0.09888874552761942,0.11085628833809279,4.723787802506891e-05,
2000,base2,11,134,1,,1617.102741037961,exchangeable_varying_sigma,0.18,fixed,0.18,0.18,fixed,0.18,1.0,mixed,anchor_grid,500,0.3,-0.07606757119410837,0.03475901619075999,0.047100822563199224,0.016802886313734083,0.02072878209875291,0.033960769550611634,0.04613782434146998,0.015712087969942973,0.01967871866581366,0.21583900506052098,0.26457782888924714,0.07606757119410837,
5000,base4,10,133,1,,3962.385412718053,exchangeable_varying_sigma,0.18,fixed,0.18,0.18,fixed,0.18,1.0,sin,anchor_grid,500,0.6,-0.04905154836037895,0.018097902359255468,0.024089898896917063,0.014764666219924394,0.020073836673890382,0.015813355439411474,0.0208581908152479,0.01435542529395431,0.019119310489372657,0.09245160258958737,0.10459789240343616,0.04905154836037895,
5000,base4,10,133,1,,4079.0028763149166,exchangeable_varying_sigma,0.18,fixed,0.18,0.18,fixed,0.18,1.0,sin,anchor_grid,500,0.3,-0.02150744231757734,0.018177221772746808,0.02412516988688924,0.012876222903644846,0.017518245677993715,0.017897535647223982,0.02362895927204442,0.012781912288712297,0.017224631991441912,0.0929498288517239,0.10485723737033179,0.02150744231757734,
2000,base2,11,134,1,,1698.6155899059959,exchangeable_varying_sigma,0.18,fixed,0.18,0.18,fixed,0.18,1.0,mixed,anchor_grid,500,0.6,-0.13841196114045284,0.03479471186325251,0.047248860029949866,0.019169006812609607,0.02348190185642153,0.03117637931049683,0.04242403550394644,0.017722525818775703,0.02204403289853741,0.22392554028123482,0.2708927102603321,0.13841196114045284,
5000,base4,10,133,1,,4200.268302628072,exchangeable_varying_sigma,0.18,fixed,0.18,0.18,fixed,0.18,1.0,sin,anchor_grid,500,0.9,-0.07660204247871605,0.018050183366020732,0.02413473572845281,0.016709839304392585,0.022718051733090536,0.010369491772502258,0.01373078776077641,0.016298137798295018,0.021671785780397596,0.09239203754574393,0.10493049393201556,0.07660204247871605,
2000,base2,11,134,1,,1764.1769530449528,exchangeable_varying_sigma,0.18,fixed,0.18,0.18,fixed,0.18,1.0,mixed,anchor_grid,500,0.9,-0.1964081702197461,0.03476614566332593,0.0474880517292018,0.02160339292788921,0.026261641483223942,0.024435817658169365,0.03342262256113363,0.020126974999999547,0.025106471684389318,0.23269073943025803,0.27761669329936317,0.1964081702197461,
2000,base5,11,134,1,,1569.3060644449433,exchangeable_varying_sigma,0.18,fixed,0.18,0.18,fixed,0.18,1.0,sin,anchor_grid,500,0.0,-0.002681029314324307,0.06561327579211294,0.08961425860553819,0.021598931869986737,0.022459211785296276,0.06857640326704828,0.09506436668590729,0.01638475208861294,0.01955331712715796,0.4121048748115163,0.5389660705561716,0.002681029314324307,
2000,base5,11,134,1,,1522.7182491129497,exchangeable_varying_sigma,0.18,fixed,0.18,0.18,fixed,0.18,1.0,sin,anchor_grid,500,0.3,-0.12591149329558368,0.06457276737505571,0.08854945593449716,0.008950096636970856,0.011242787304053556,0.06744615943796056,0.09457088588537423,0.006978013306279923,0.008585245326571329,0.456917374679182,0.601635457610695,0.12591149329558368,
2000,base5,11,134,1,,1558.601111015072,exchangeable_varying_sigma,0.18,fixed,0.18,0.18,fixed,0.18,1.0,sin,anchor_grid,500,0.6,-0.2881539448368841,0.0646082303348335,0.0884639499312806,0.009989285935837783,0.013302341535666624,0.06635628826210063,0.09363008727572217,0.009118640838152142,0.010909477075610768,0.45558758300317403,0.6009226754123679,0.2881539448368841,
5000,base5,10,133,1,,4113.878689233912,exchangeable_varying_sigma,0.18,fixed,0.18,0.18,fixed,0.18,1.0,sin,anchor_grid,500,0.0,-0.027912326078505204,0.056188624043260194,0.0790678047781976,0.01974035331328232,0.022243497736337117,0.059666575693972566,0.08617825057006093,0.02053386337852521,0.023909269694020074,0.7170837602844121,0.9431558401623304,0.027912326078505204,
5000,base5,10,133,1,,4057.7709255469963,exchangeable_varying_sigma,0.18,fixed,0.18,0.18,fixed,0.18,1.0,sin,anchor_grid,500,0.3,-0.1721807691421503,0.05554264288544495,0.07827181693325318,0.012096231972357277,0.015106925391941993,0.058787688054432054,0.08496627813994172,0.011010633591307772,0.015060850430286666,0.7364249689815426,0.9540636168016748,0.1721807691421503,
5000,base5,10,133,1,,3947.6256412469083,exchangeable_varying_sigma,0.18,fixed,0.18,0.18,fixed,0.18,1.0,sin,anchor_grid,500,0.6,-0.3257256575278779,0.055496344989683526,0.07833274639359093,0.01398467528864375,0.017372742024185588,0.057982909631842036,0.08433153547467417,0.012569132823894047,0.017087569191444833,0.7356452485798823,0.9535419504542976,0.3257256575278779,
2000,base5,11,134,1,,1766.0862662449945,exchangeable_varying_sigma,0.18,fixed,0.18,0.18,fixed,0.18,1.0,sin,anchor_grid,500,0.9,-0.45237588546070123,0.06462961026923643,0.08835241674871992,0.01128650546217344,0.01553248897200399,0.06408167820580202,0.09168189360918601,0.011482464102658851,0.013642652889766873,0.45358181908307166,0.6007803997983978,0.45237588546070123,
5000,base5,10,133,1,,4367.963686559931,exchangeable_varying_sigma,0.18,fixed,0.18,0.18,fixed,0.18,1.0,sin,anchor_grid,500,0.9,-0.47789285984545016,0.055491594375673074,0.07845969570447327,0.01592984837310979,0.01980623777844562,0.056529909655236826,0.0833721596536004,0.01432156397781291,0.01947724230840821,0.7331390823731757,0.9510475654667563,0.47789285984545016,
2000,base1,12,135,1,,1616.8457093249308,exchangeable_varying_sigma,0.18,fixed,0.18,0.18,fixed,0.18,1.0,sin2,anchor_grid,500,0.0,-0.013374519783797532,0.030187528139125716,0.03953104436375743,0.012708583955331282,0.014994370027955454,0.030334797949129765,0.03983070419252161,0.014491932094996787,0.015867914374700247,0.12629657720216536,0.13270662091910052,0.013374519783797532,
2000,base1,12,135,1,,1566.0761155559449,exchangeable_varying_sigma,0.18,fixed,0.18,0.18,fixed,0.18,1.0,sin2,anchor_grid,500,0.3,-0.06138308634105519,0.031070421651098582,0.04037118377701718,0.010334001215794322,0.012726691038738872,0.030474502927955335,0.039696974518252895,0.010065026596227392,0.012851316750999655,0.12630777070345853,0.13566692975128183,0.06138308634105519,
2000,base1,12,135,1,,1700.8935356140137,exchangeable_varying_sigma,0.18,fixed,0.18,0.18,fixed,0.18,1.0,sin2,anchor_grid,500,0.6,-0.13129569047708967,0.03118622100947064,0.04057278575955585,0.012046776031308451,0.014724987152295409,0.028050771555736036,0.03664881672095744,0.011869002004788048,0.01444319701163387,0.1246450026544785,0.13683635568889713,0.13129569047708967,
5000,base2,11,134,1,,3946.0868982480606,exchangeable_varying_sigma,0.18,fixed,0.18,0.18,fixed,0.18,1.0,mixed,anchor_grid,500,0.6,-0.06112753527909831,0.021745517798477148,0.028222316716652412,0.010743396924809065,0.010957346866988236,0.019589464412479732,0.02533311661941374,0.010247084604213363,0.01060936850717121,0.09954387048984645,0.11437233206908769,0.06112753527909831,
5000,base2,11,134,1,,4053.6852834209567,exchangeable_varying_sigma,0.18,fixed,0.18,0.18,fixed,0.18,1.0,mixed,anchor_grid,500,0.3,-0.02640102902194258,0.021837971252828544,0.028333890149663154,0.010020882822155575,0.010197372034750735,0.021472478264617133,0.027817325315052772,0.009963198914228921,0.010309678152826908,0.10285716983550328,0.11845213404434496,0.02640102902194258,
5000,base2,11,134,1,,4203.469996849075,exchangeable_varying_sigma,0.18,fixed,0.18,0.18,fixed,0.18,1.0,mixed,anchor_grid,500,0.0,-0.026361746191518123,0.022173935451235593,0.028649211365172293,0.005480703694445421,0.007229382079063625,0.02215110739180901,0.028601305796404134,0.0051876547348215785,0.006744481970695837,0.10498566046751057,0.12036215660654766,0.026361746191518123,
5000,base2,11,134,1,,4082.4563508729916,exchangeable_varying_sigma,0.18,fixed,0.18,0.18,fixed,0.18,1.0,mixed,anchor_grid,500,0.9,-0.09670714673668102,0.02168663464881036,0.02814393923931533,0.01132779203357101,0.011659920335879956,0.015109711844403835,0.019572923005758414,0.010190320701078323,0.010466172312442559,0.0957365235464775,0.11002012207848069,0.09670714673668102,
2000,base1,12,135,1,,1562.5533202110091,exchangeable_varying_sigma,0.18,fixed,0.18,0.18,fixed,0.18,1.0,sin2,anchor_grid,500,0.9,-0.20204950926795595,0.03134455878885078,0.040773496087001225,0.01390150450496945,0.016920846408990445,0.022574295239486182,0.029503366843914376,0.01400482266767783,0.01642778888091479,0.12343814713985767,0.13910091263833516,0.20204950926795595,
2000,base4,12,135,1,,1619.4026240330422,exchangeable_varying_sigma,0.18,fixed,0.18,0.18,fixed,0.18,1.0,sin,anchor_grid,500,0.0,-0.012076623817800482,0.03307796030038104,0.0462458865261612,0.016962649532540147,0.01834086355660432,0.033136242963880146,0.04651623830385199,0.01575109267967921,0.01739588790947347,0.2126676678365514,0.22371099976998385,0.012076623817800482,
2000,base4,12,135,1,,1617.0781316929497,exchangeable_varying_sigma,0.18,fixed,0.18,0.18,fixed,0.18,1.0,sin,anchor_grid,500,0.3,-0.040434339159073185,0.03360077442599646,0.04645581609082231,0.011942893776872993,0.01528713483130486,0.03269901549657459,0.04549075110879843,0.010095584915907799,0.01576866353786486,0.20479710694955172,0.21265221009745525,0.040434339159073185,
5000,base5,11,134,1,,3963.8106383879203,exchangeable_varying_sigma,0.18,fixed,0.18,0.18,fixed,0.18,1.0,sin,anchor_grid,500,0.3,-0.151882411020348,0.05448181938057522,0.07611839921794426,0.01598971702111257,0.017768641815493064,0.057834580697735304,0.08330248233173801,0.014297354726807848,0.016615942118429695,0.7092331935234127,0.9336207996028133,0.151882411020348,
5000,base5,11,134,1,,4037.848512673052,exchangeable_varying_sigma,0.18,fixed,0.18,0.18,fixed,0.18,1.0,sin,anchor_grid,500,0.0,-0.01362570951455296,0.05484867995539171,0.0767226058145338,0.0096925829355137,0.011757415617306536,0.05834898610325022,0.08398711875298136,0.01128777696345,0.01184898765823489,0.6949496845626015,0.9108458760109913,0.01362570951455296,
2000,base4,12,135,1,,1592.6546653209953,exchangeable_varying_sigma,0.18,fixed,0.18,0.18,fixed,0.18,1.0,sin,anchor_grid,500,0.9,-0.17443793765040394,0.0337333604568274,0.04689726794391971,0.0178837969930932,0.020591362428422893,0.02076974884847919,0.03066403871125383,0.014683365529172557,0.019672640670246273,0.1948474409368053,0.20131123739283635,0.17443793765040394,
2000,base4,12,135,1,,1683.2817366400268,exchangeable_varying_sigma,0.18,fixed,0.18,0.18,fixed,0.18,1.0,sin,anchor_grid,500,0.6,-0.1060963113375698,0.03362245817991601,0.04668133607410204,0.014697899446952656,0.01777883219611119,0.029271746363010782,0.0412882572393535,0.012157864346841254,0.017679740412870376,0.1994817384438413,0.20634680896651403,0.1060963113375698,
5000,base5,11,134,1,,4177.410813821014,exchangeable_varying_sigma,0.18,fixed,0.18,0.18,fixed,0.18,1.0,sin,anchor_grid,500,0.6,-0.29974616166867013,0.05446472913335438,0.07614218370397476,0.016764726379992656,0.018239342353660214,0.057036596316598735,0.08294096602845458,0.014672953251367207,0.016948222335126047,0.7079078323580128,0.9307659833069742,0.29974616166867013,
5000,base5,11,134,1,,4219.670604815008,exchangeable_varying_sigma,0.18,fixed,0.18,0.18,fixed,0.18,1.0,sin,anchor_grid,500,0.9,-0.4446865804872291,0.054502348735473306,0.07622043632779035,0.017389762057967786,0.018569115986209767,0.05557361928353964,0.08227607466052195,0.014938375928145106,0.01695794072008421,0.7044512990475449,0.9247123213558748,0.4446865804872291,
2000,base5,12,135,1,,1658.788521089009,exchangeable_varying_sigma,0.18,fixed,0.18,0.18,fixed,0.18,1.0,sin,anchor_grid,500,0.0,0.02158282909762578,0.06576635873003868,0.09076330104595323,0.022848942733042,0.028346073378779924,0.06924805779001018,0.09746334564591315,0.018181078497025924,0.02379962014657965,0.5194769800457114,0.7112788223024084,0.02158282909762578,
2000,base5,12,135,1,,1679.9298675539903,exchangeable_varying_sigma,0.18,fixed,0.18,0.18,fixed,0.18,1.0,sin,anchor_grid,500,0.3,-0.15056486567235294,0.06499862412493475,0.09004989004209656,0.014037862779965549,0.024656295542764228,0.06811199434488818,0.0964751391547366,0.01978398279604332,0.023588940948848974,0.5071811340262103,0.7087179176401212,0.15056486567235294,
2000,base5,12,135,1,,1561.0253052769694,exchangeable_varying_sigma,0.18,fixed,0.18,0.18,fixed,0.18,1.0,sin,anchor_grid,500,0.6,-0.3258145020453531,0.06507994111907815,0.09000406144345893,0.01613172408005542,0.026288152370961663,0.06672068386142063,0.09518168737319779,0.021036715181906085,0.02520786897390103,0.5092973576344275,0.7132370534100874,0.3258145020453531,
5000,base1,12,135,1,,4126.0658279559575,exchangeable_varying_sigma,0.18,fixed,0.18,0.18,fixed,0.18,1.0,sin2,anchor_grid,500,0.0,0.02270920909666547,0.01915789639016658,0.023874008037701188,0.00807612645757852,0.00843552559528273,0.01926016275057484,0.02400103677706261,0.007754551132120618,0.008454767364850369,0.03200334379576014,0.04069709698011062,0.02270920909666547,
2000,base5,12,135,1,,1745.9360169130377,exchangeable_varying_sigma,0.18,fixed,0.18,0.18,fixed,0.18,1.0,sin,anchor_grid,500,0.9,-0.5040303416084853,0.06518853093736608,0.08990077795597029,0.01931762162619463,0.028451834054741536,0.06424084086558846,0.09286480228869967,0.02234508945771954,0.027268028097802835,0.5132431742663793,0.7191244644952212,0.5040303416084853,
5000,base1,12,135,1,,4342.550787503016,exchangeable_varying_sigma,0.18,fixed,0.18,0.18,fixed,0.18,1.0,sin2,anchor_grid,500,0.3,-0.04350999750136325,0.020188945867830856,0.024939379051811938,0.0116065657683075,0.01290247200636162,0.01992930265419235,0.02458158883880731,0.010390019098804507,0.011432257129499038,0.03552675691236239,0.041677037278873987,0.04350999750136325,
5000,base1,12,135,1,,4139.669971044059,exchangeable_varying_sigma,0.18,fixed,0.18,0.18,fixed,0.18,1.0,sin2,anchor_grid,500,0.6,-0.07929377311933428,0.020199664531547645,0.024936933239415305,0.012594390554346163,0.014091090003828579,0.018621484605441458,0.022847894166208846,0.010678342088769638,0.011979628672661037,0.035547037554544365,0.041048444861988595,0.07929377311933428,
5000,base1,12,135,1,,4081.014333199011,exchangeable_varying_sigma,0.18,fixed,0.18,0.18,fixed,0.18,1.0,sin2,anchor_grid,500,0.9,-0.11419695906442928,0.02027985230448339,0.02497352560423854,0.013370008888264895,0.015088415532208658,0.01597187036398729,0.0191267577583315,0.0103442482525197,0.012122883243062122,0.0359745934882843,0.04107792190898243,0.11419695906442928,
2000,base2,13,136,1,,1508.8141758820275,exchangeable_varying_sigma,0.18,fixed,0.18,0.18,fixed,0.18,1.0,mixed,anchor_grid,500,0.0,-0.01885191832406659,0.03595301032894954,0.048634497030459814,0.01106966705227902,0.01302732928830153,0.03594086376594764,0.0486755749103538,0.011252216070489707,0.013412109193957864,0.2609375151935956,0.2991310054356784,0.01885191832406659,
2000,base2,13,136,1,,1548.7942780379672,exchangeable_varying_sigma,0.18,fixed,0.18,0.18,fixed,0.18,1.0,mixed,anchor_grid,500,0.3,-0.05072030238442263,0.03605385464788637,0.04949461814660129,0.024047578255792512,0.02851060467262256,0.0354847387991863,0.048688096487687585,0.023630618128930816,0.027915614410522552,0.2574087164185069,0.3018661359063688,0.05072030238442263,
5000,base4,12,135,1,,3845.1424381220713,exchangeable_varying_sigma,0.18,fixed,0.18,0.18,fixed,0.18,1.0,sin,anchor_grid,500,0.6,-0.06292490595662659,0.018869294868264313,0.024524156569813892,0.01439463404467431,0.016189138969251754,0.015968694110126188,0.02107496062099992,0.012904071139355336,0.01422815541181945,0.09625230104065181,0.11133101995638965,0.06292490595662659,
5000,base4,12,135,1,,4038.9377000810346,exchangeable_varying_sigma,0.18,fixed,0.18,0.18,fixed,0.18,1.0,sin,anchor_grid,500,0.0,0.01998987258657324,0.017988831404952457,0.023825671730334556,0.00886453339396992,0.00977086911164922,0.0180196434672887,0.02386548659954969,0.009326677834521985,0.010296913805881328,0.07997861771876008,0.09295336069059193,0.01998987258657324,
2000,base2,13,136,1,,1613.950208980008,exchangeable_varying_sigma,0.18,fixed,0.18,0.18,fixed,0.18,1.0,mixed,anchor_grid,500,0.6,-0.12063006173942964,0.03578897743134098,0.04918140434346929,0.026232973844683247,0.030754629691131914,0.0323483427038459,0.04444738590807825,0.024878967232802626,0.028793812777361604,0.2571321856633495,0.30527450524462935,0.12063006173942964,
5000,base4,12,135,1,,3986.7140506189317,exchangeable_varying_sigma,0.18,fixed,0.18,0.18,fixed,0.18,1.0,sin,anchor_grid,500,0.9,-0.08421746205442349,0.018849955817223138,0.024480011478661405,0.015180186426551404,0.017222838613325873,0.010402377493223442,0.013858490904900277,0.012621777799943654,0.014389053166944993,0.09903293649334503,0.1154891510743222,0.08421746205442349,
2000,base2,13,136,1,,1686.927654005005,exchangeable_varying_sigma,0.18,fixed,0.18,0.18,fixed,0.18,1.0,mixed,anchor_grid,500,0.9,-0.19358013969269872,0.035478456136733075,0.04868930949681828,0.0281118678577726,0.032504295786337796,0.02507602936024235,0.034518207185267887,0.02553321607098645,0.028966669485252415,0.2562737302675423,0.3085922430125365,0.19358013969269872,
5000,base4,12,135,1,,4155.3174138299655,exchangeable_varying_sigma,0.18,fixed,0.18,0.18,fixed,0.18,1.0,sin,anchor_grid,500,0.3,-0.039569904003130374,0.018888350187023006,0.024608047686350762,0.013341423605817929,0.01490225110149805,0.018277475699113838,0.023963980388041553,0.012525750561935348,0.013644400023198285,0.09337845359545245,0.10718529886020137,0.039569904003130374,
2000,base5,13,136,1,,1635.5972289299825,exchangeable_varying_sigma,0.18,fixed,0.18,0.18,fixed,0.18,1.0,sin,anchor_grid,500,0.0,-0.01784256804194661,0.06434698753950656,0.08821455794277626,0.020004551346359617,0.024360564568640358,0.06797882336299992,0.09492049945583736,0.01890883417151404,0.022150203117755146,0.434716621958682,0.5855684851312514,0.01784256804194661,
2000,base5,13,136,1,,1555.9951611160068,exchangeable_varying_sigma,0.18,fixed,0.18,0.18,fixed,0.18,1.0,sin,anchor_grid,500,0.6,-0.36207939877650985,0.06553372551961366,0.08972893867488763,0.02342514254814801,0.025234145274976756,0.06723370377997315,0.09439057517318636,0.02073477031968371,0.02444914294706667,0.4333976307099735,0.5711985663888204,0.36207939877650985,
2000,base5,13,136,1,,1661.7105431129457,exchangeable_varying_sigma,0.18,fixed,0.18,0.18,fixed,0.18,1.0,sin,anchor_grid,500,0.3,-0.19029589668071867,0.06565702727056263,0.0898216245943301,0.021533288636371384,0.02315918170044288,0.06858915607203243,0.09570087199347731,0.018853840803586902,0.022717613474675782,0.4305960757272612,0.5710527133303764,0.19029589668071867,
5000,base5,12,135,1,,3975.8540314650163,exchangeable_varying_sigma,0.18,fixed,0.18,0.18,fixed,0.18,1.0,sin,anchor_grid,500,0.0,0.010539947304792867,0.0555717189062472,0.07945209335894987,0.015472068330832034,0.019668806493632948,0.05904806245160792,0.08658817885287626,0.011996394005085287,0.01428478821758914,0.7360232623941496,0.9560079663945363,0.010539947304792867,
5000,base5,12,135,1,,4159.905519903987,exchangeable_varying_sigma,0.18,fixed,0.18,0.18,fixed,0.18,1.0,sin,anchor_grid,500,0.3,-0.14647071195422878,0.05525819516665754,0.07817456027551431,0.014069868665585766,0.014766591571149417,0.058521207984217345,0.0851769160554221,0.008952211022522236,0.012537365180218283,0.717657535628494,0.9400570310399663,0.14647071195422878,
2000,base5,13,136,1,,1797.7688475931063,exchangeable_varying_sigma,0.18,fixed,0.18,0.18,fixed,0.18,1.0,sin,anchor_grid,500,0.9,-0.5361295819606628,0.06542123148439745,0.0895398072245807,0.02484699104650956,0.026914568642941446,0.06478637203203275,0.09210730919358105,0.022422192267201158,0.02580106199360991,0.43727782881260724,0.5733622248415426,0.5361295819606628,
5000,base5,12,135,1,,3999.999476186931,exchangeable_varying_sigma,0.18,fixed,0.18,0.18,fixed,0.18,1.0,sin,anchor_grid,500,0.9,-0.44052370161524085,0.05505844964068636,0.07797702778607561,0.014691883588952334,0.016005055357736917,0.05629896898781686,0.0840341860709271,0.009158173509411158,0.013365106336759691,0.7079105064477281,0.9262165428060953,0.44052370161524085,
5000,base5,12,135,1,,4139.814833988086,exchangeable_varying_sigma,0.18,fixed,0.18,0.18,fixed,0.18,1.0,sin,anchor_grid,500,0.6,-0.2947983098180943,0.05515790544727749,0.07806292070857626,0.01442865890843266,0.01544303656042888,0.05775161572254746,0.08478410018137982,0.00933226575306599,0.01313406083061593,0.7134681374473314,0.9341910983350242,0.2947983098180943,
2000,base1,14,137,1,,1515.4224924589507,exchangeable_varying_sigma,0.18,fixed,0.18,0.18,fixed,0.18,1.0,sin2,anchor_grid,500,0.6,-0.13088501013411535,0.030146920744332048,0.03871246309521926,0.005172305757303999,0.009783325560885037,0.027018031526703828,0.03465740749481327,0.010188219878460969,0.014606692067998783,0.14748227342745013,0.14894321874562907,0.13088501013411535,
2000,base1,14,137,1,,1559.994575220975,exchangeable_varying_sigma,0.18,fixed,0.18,0.18,fixed,0.18,1.0,sin2,anchor_grid,500,0.0,-0.022706057795489263,0.0302635107668547,0.039028347154838584,0.009278714336457161,0.012422050806681812,0.03042657663991624,0.0392878991410618,0.010348572748026946,0.015399615010473072,0.1600220705236283,0.1605435349779366,0.022706057795489263,
2000,base1,14,137,1,,1596.2066299379803,exchangeable_varying_sigma,0.18,fixed,0.18,0.18,fixed,0.18,1.0,sin2,anchor_grid,500,0.9,-0.20258434259445535,0.03035878400783878,0.03895879070775447,0.005303560849505534,0.009900711125259037,0.021714597114211337,0.027620948408247865,0.010906514623868005,0.015443367402116494,0.14403225210474807,0.14608802570685295,0.20258434259445535,
2000,base1,14,137,1,,1725.0089747450547,exchangeable_varying_sigma,0.18,fixed,0.18,0.18,fixed,0.18,1.0,sin2,anchor_grid,500,0.3,-0.06212212637522993,0.030022651595177575,0.0385741774788281,0.005236953316664031,0.009368998531124639,0.029402836231814406,0.037733815026984745,0.009089689670141482,0.012958969364593034,0.15001147422214683,0.1509495853318257,0.06212212637522993,
5000,base2,13,136,1,,4041.745585764991,exchangeable_varying_sigma,0.18,fixed,0.18,0.18,fixed,0.18,1.0,mixed,anchor_grid,500,0.0,0.015610897984475625,0.022621201904371946,0.02957985737912447,0.014911326770295469,0.015874548196144138,0.022553990455311614,0.029492954056681574,0.014452598778481068,0.015447211701466812,0.0958673350189608,0.11835322246285601,0.015610897984475625,
5000,base2,13,136,1,,3984.8859980790876,exchangeable_varying_sigma,0.18,fixed,0.18,0.18,fixed,0.18,1.0,mixed,anchor_grid,500,0.6,-0.06428444591032567,0.021819239618476014,0.028181860491389116,0.005411208025644987,0.006168757987524994,0.019237312789288412,0.024595251134119093,0.005995100317818733,0.007367539723043604,0.07962072475018862,0.1007173238707951,0.06428444591032567,
5000,base2,13,136,1,,4024.4006036589853,exchangeable_varying_sigma,0.18,fixed,0.18,0.18,fixed,0.18,1.0,mixed,anchor_grid,500,0.3,-0.028211720447655908,0.02184470440312784,0.02821534398194152,0.003693498789775429,0.004634960399482239,0.021165667940926926,0.027210972008014027,0.004768983041240696,0.005824267271808808,0.08327375523664472,0.10304698876219792,0.028211720447655908,
5000,base2,13,136,1,,4104.525558052002,exchangeable_varying_sigma,0.18,fixed,0.18,0.18,fixed,0.18,1.0,mixed,anchor_grid,500,0.9,-0.10166365127390697,0.021772793408047286,0.028174350034752084,0.007494118875475464,0.008175597353568561,0.014969156611433205,0.019176284908077417,0.008295784027353731,0.009894083260459059,0.07623980904212842,0.09887468199925173,0.10166365127390697,
2000,base4,14,137,1,,1597.4827550420305,exchangeable_varying_sigma,0.18,fixed,0.18,0.18,fixed,0.18,1.0,sin,anchor_grid,500,0.0,-0.003226288341699342,0.03379915806007265,0.04578433065737786,0.009276245786851295,0.015120541477546169,0.03382614231994207,0.04584910561906011,0.012132742096017085,0.017288076630029434,0.26495266026824,0.28181802039001946,0.003226288341699342,
5000,base5,13,136,1,,3864.1930833199294,exchangeable_varying_sigma,0.18,fixed,0.18,0.18,fixed,0.18,1.0,sin,anchor_grid,500,0.3,-0.1469790610771606,0.0540981979664972,0.07727412255075648,0.016812243174576302,0.017197597148345466,0.057143620908919814,0.0838500753906902,0.012865270058437767,0.014208980932465186,0.7426617326723851,0.959886336878031,0.1469790610771606,
2000,base4,14,137,1,,1609.2188288780162,exchangeable_varying_sigma,0.18,fixed,0.18,0.18,fixed,0.18,1.0,sin,anchor_grid,500,0.3,-0.04272411949991406,0.032375216466631426,0.0439098481137316,0.007768638298612088,0.010371603666975926,0.03149090695763191,0.042887273199564584,0.00996456249067583,0.014967354233003728,0.252586870514928,0.2714610775043926,0.04272411949991406,
5000,base5,13,136,1,,3977.6331739519956,exchangeable_varying_sigma,0.18,fixed,0.18,0.18,fixed,0.18,1.0,sin,anchor_grid,500,0.0,0.007378735913929854,0.0546811949726467,0.07794998133401232,0.010507926787013788,0.01844394385491836,0.05798475616881752,0.08472537304598673,0.011423884560830183,0.017689088325971866,0.7282712487228052,0.9415492712940395,0.007378735913929854,
2000,base4,14,137,1,,1712.4658681249712,exchangeable_varying_sigma,0.18,fixed,0.18,0.18,fixed,0.18,1.0,sin,anchor_grid,500,0.6,-0.10815089316532206,0.03240055180580153,0.04380546401410808,0.007673394699939537,0.010576579480251456,0.028116167024794744,0.03851052590241821,0.01121989668452418,0.016912290933820087,0.2481844058500743,0.266376588973122,0.10815089316532206,
5000,base5,13,136,1,,3971.427243592916,exchangeable_varying_sigma,0.18,fixed,0.18,0.18,fixed,0.18,1.0,sin,anchor_grid,500,0.9,-0.45621950408935147,0.05417159512469129,0.0773731248317107,0.019713834219282328,0.02019005867003307,0.054822431514392485,0.08237251088563309,0.01379292793480183,0.016985256651065407,0.7519639133968129,0.9694158850921331,0.45621950408935147,
5000,base5,13,136,1,,4113.471512761083,exchangeable_varying_sigma,0.18,fixed,0.18,0.18,fixed,0.18,1.0,sin,anchor_grid,500,0.6,-0.3007108615442955,0.05413719444352578,0.07731028062354253,0.018130639535990395,0.018507397779979243,0.056315205249075614,0.08328064332700484,0.01336235474023692,0.015334678081904545,0.7468900448123651,0.9638493900137434,0.3007108615442955,
2000,base4,14,137,1,,1872.1139758949867,exchangeable_varying_sigma,0.18,fixed,0.18,0.18,fixed,0.18,1.0,sin,anchor_grid,500,0.9,-0.17754052739653658,0.032422570428586234,0.04382211017192734,0.007102779963973363,0.010361277048825222,0.019805286463206218,0.02778017165470053,0.011777277803488445,0.017859924719712095,0.2428524839015899,0.2607961930699085,0.17754052739653658,
2000,base5,14,137,1,,1717.7415856070584,exchangeable_varying_sigma,0.18,fixed,0.18,0.18,fixed,0.18,1.0,sin,anchor_grid,500,0.0,-0.0037791567715891234,0.06466208229030129,0.08847274652950074,0.011150186720409017,0.012783051452472369,0.06769371025603975,0.09416210517306296,0.01125499458670573,0.014435301594836707,0.4318604567287149,0.5878665190906456,0.0037791567715891234,
2000,base5,14,137,1,,1657.4704366819933,exchangeable_varying_sigma,0.18,fixed,0.18,0.18,fixed,0.18,1.0,sin,anchor_grid,500,0.3,-0.14311405644047123,0.06375088185788405,0.08666853956513107,0.017636803742508686,0.021582078868935484,0.06620038938225623,0.09193020139356883,0.016771326307464876,0.02414718625645189,0.4418552170386033,0.5922151519798099,0.14311405644047123,
2000,base5,14,137,1,,1539.8581513670506,exchangeable_varying_sigma,0.18,fixed,0.18,0.18,fixed,0.18,1.0,sin,anchor_grid,500,0.6,-0.3113604924056957,0.06380512885357781,0.08651040659308411,0.017541560143835108,0.021754170569581465,0.06481422566449746,0.09056198067378053,0.018122341225624644,0.02550646399863228,0.44509510314308165,0.5981424460348075,0.3113604924056957,
2000,base5,14,137,1,,1595.850713744061,exchangeable_varying_sigma,0.18,fixed,0.18,0.18,fixed,0.18,1.0,sin,anchor_grid,500,0.9,-0.479612198178142,0.06386343593403339,0.086401832606705,0.016970945407866422,0.02146686371452802,0.062246384742846037,0.08826447549426455,0.01911913719384825,0.026232669480067944,0.44845966041965407,0.6037749768131624,0.479612198178142,
5000,base1,14,137,1,,4152.132742598071,exchangeable_varying_sigma,0.18,fixed,0.18,0.18,fixed,0.18,1.0,sin2,anchor_grid,500,0.3,-0.042578941869457154,0.02065485070280872,0.025793909301734187,0.007418872156153722,0.00771066783709528,0.020242080270815623,0.025270020912534115,0.007029431170711309,0.007551559017919877,0.05077513059545308,0.05762839265842045,0.042578941869457154,
5000,base1,14,137,1,,4169.324725582963,exchangeable_varying_sigma,0.18,fixed,0.18,0.18,fixed,0.18,1.0,sin2,anchor_grid,500,0.0,0.015978686173255548,0.020681144482438688,0.025519020683244922,0.0034182355954144733,0.005260552036489986,0.020820701046440723,0.025678452759816117,0.003707002952854671,0.004985920406447758,0.04765970933433988,0.055692860401674905,0.015978686173255548,
5000,base1,14,137,1,,4086.346861395985,exchangeable_varying_sigma,0.18,fixed,0.18,0.18,fixed,0.18,1.0,sin2,anchor_grid,500,0.9,-0.11250588926528426,0.020644941562914333,0.02565809051991176,0.009040430407047495,0.009506428738267491,0.015812936683320837,0.0191514998022256,0.009118311531362278,0.010229721848237429,0.05308305948037082,0.06101558593602233,0.11250588926528426,
5000,base1,14,137,1,,4194.953124642954,exchangeable_varying_sigma,0.18,fixed,0.18,0.18,fixed,0.18,1.0,sin2,anchor_grid,500,0.6,-0.07806655430966591,0.02067650159020711,0.025755834842624743,0.0082435404761311,0.008606538141317182,0.018747580777047624,0.023260394933377913,0.00804056928457042,0.008783792367432222,0.05221544361159,0.05936552879081521,0.07806655430966591,
2000,base2,15,138,1,,1598.71635789203,exchangeable_varying_sigma,0.18,fixed,0.18,0.18,fixed,0.18,1.0,mixed,anchor_grid,500,0.3,-0.08961364723056925,0.035428208344247474,0.04768104980648231,0.00738981038277664,0.007652997556295787,0.035047391524033536,0.04708872440641864,0.005165932994744077,0.005664720636786052,0.2385589883349548,0.29353167704320804,0.08961364723056925,
2000,base2,15,138,1,,1653.2143398980843,exchangeable_varying_sigma,0.18,fixed,0.18,0.18,fixed,0.18,1.0,mixed,anchor_grid,500,0.0,0.004512316163825457,0.036359884504253884,0.04858659621334534,0.015019981459773693,0.01698329937260436,0.036393972965818554,0.04862696029466664,0.014895398120637476,0.016943564297241434,0.2250559792225538,0.2745671349147665,0.004512316163825457,
2000,base2,15,138,1,,1559.374682676047,exchangeable_varying_sigma,0.18,fixed,0.18,0.18,fixed,0.18,1.0,mixed,anchor_grid,500,0.6,-0.15270131842317108,0.03512115998284054,0.04744184870565937,0.009180272602068246,0.009927885852674793,0.03216500025562024,0.04324820245432511,0.005437469431735564,0.006154271042722716,0.24401410377716687,0.3034473535163752,0.15270131842317108,
5000,base4,14,137,1,,3995.083828656003,exchangeable_varying_sigma,0.18,fixed,0.18,0.18,fixed,0.18,1.0,sin,anchor_grid,500,0.0,0.008041435795099887,0.01889017361711884,0.024948728056164254,0.004303784349643083,0.006235197359600129,0.018951233440811194,0.025009459806472987,0.005140361062108134,0.006576517275676679,0.10643231091310618,0.12157857063377962,0.008041435795099887,
5000,base4,14,137,1,,4003.618451592978,exchangeable_varying_sigma,0.18,fixed,0.18,0.18,fixed,0.18,1.0,sin,anchor_grid,500,0.3,-0.03912229575859538,0.019320962845137655,0.02532302901849656,0.007630827902571885,0.008094683752225563,0.01860686611551917,0.024366019313456506,0.008003660430112247,0.008494673425645036,0.10753447782924641,0.12290190556018042,0.03912229575859538,
5000,base4,14,137,1,,3959.4374305260135,exchangeable_varying_sigma,0.18,fixed,0.18,0.18,fixed,0.18,1.0,sin,anchor_grid,500,0.9,-0.08471565223072974,0.0193898489675557,0.025376426702612427,0.009566240094567274,0.010293493259132478,0.010344475899612123,0.013720285852076977,0.010484650909859838,0.011680159130022898,0.11411269496264413,0.13389793308229564,0.08471565223072974,
2000,base2,15,138,1,,1681.8564050960122,exchangeable_varying_sigma,0.18,fixed,0.18,0.18,fixed,0.18,1.0,mixed,anchor_grid,500,0.9,-0.21395454215004406,0.03486298900903967,0.047279040359130206,0.011411999431546194,0.013014323002266119,0.02500819370328742,0.03396092171792108,0.00714226654529998,0.008802765274102661,0.24843790678119196,0.31253589926478376,0.21395454215004406,
5000,base4,14,137,1,,4073.033431241056,exchangeable_varying_sigma,0.18,fixed,0.18,0.18,fixed,0.18,1.0,sin,anchor_grid,500,0.6,-0.06306579924827005,0.01937743744452663,0.025355768700398528,0.008603247861410535,0.009178175366851915,0.016124260452502457,0.021180467686884565,0.00922473433154497,0.0099954780179364,0.11077330540624043,0.12824573780779697,0.06306579924827005,
2000,base5,15,138,1,,1492.1704349720385,exchangeable_varying_sigma,0.18,fixed,0.18,0.18,fixed,0.18,1.0,sin,anchor_grid,500,0.3,-0.2327278440374294,0.06538982574423144,0.08971608451040834,0.02108320706204994,0.022946178720720755,0.06841950996601498,0.09553274804432556,0.016971956350851775,0.018423199869659776,0.47473774521184375,0.6304176268983335,0.2327278440374294,
2000,base5,15,138,1,,1503.2517124830047,exchangeable_varying_sigma,0.18,fixed,0.18,0.18,fixed,0.18,1.0,sin,anchor_grid,500,0.6,-0.3973210296065733,0.06531824646991147,0.08965494557505159,0.022978860466796563,0.02482349432218536,0.06724479552705634,0.09441869351020155,0.017660489966469295,0.018850604642402437,0.47311180426268007,0.6244311794126888,0.3973210296065733,
2000,base5,15,138,1,,1485.969289964065,exchangeable_varying_sigma,0.18,fixed,0.18,0.18,fixed,0.18,1.0,sin,anchor_grid,500,0.9,-0.5579081426001289,0.06529969700851186,0.08964831935525444,0.025359378867490318,0.027373353369150207,0.06498207223524881,0.09242496435005422,0.018340208480974562,0.019716089836089298,0.4718790902453037,0.6186845940233257,0.5579081426001289,
5000,base5,14,137,1,,3730.242302806,exchangeable_varying_sigma,0.18,fixed,0.18,0.18,fixed,0.18,1.0,sin,anchor_grid,500,0.0,0.011235059050073293,0.05471237806179707,0.07725985365471602,0.006721685603637367,0.008925016771967121,0.058143044224603604,0.08421886076238548,0.007719003089238688,0.008468390863317207,0.6644336103181983,0.8781698230773988,0.011235059050073293,
2000,base5,15,138,1,,1597.1857018650044,exchangeable_varying_sigma,0.18,fixed,0.18,0.18,fixed,0.18,1.0,sin,anchor_grid,500,0.0,-0.03338477972984427,0.0667954706640579,0.09018871070351948,0.013564022732925729,0.01623092803314388,0.07042355071668112,0.09658935248080686,0.012448669570319024,0.013576695039175364,0.525235989068107,0.7192989888130176,0.03338477972984427,
5000,base5,14,137,1,,3834.737171720946,exchangeable_varying_sigma,0.18,fixed,0.18,0.18,fixed,0.18,1.0,sin,anchor_grid,500,0.6,-0.30575016845019776,0.0550410344620715,0.0773296248533854,0.01835783573421676,0.02089789884857456,0.05710014142773274,0.08305442763141203,0.017356768748896106,0.01851396298433132,0.6523234287101902,0.8569345355465195,0.30575016845019776,
5000,base5,14,137,1,,3825.614185341052,exchangeable_varying_sigma,0.18,fixed,0.18,0.18,fixed,0.18,1.0,sin,anchor_grid,500,0.9,-0.4573061489687987,0.05505929749462387,0.07736190257503935,0.019320827967372806,0.021570437102807878,0.05557719865256114,0.08208334593975164,0.018225877069925345,0.019192264939556475,0.650543231549807,0.8531366144094478,0.4573061489687987,
5000,base5,14,137,1,,4060.2943222339964,exchangeable_varying_sigma,0.18,fixed,0.18,0.18,fixed,0.18,1.0,sin,anchor_grid,500,0.3,-0.15403553740030057,0.0549748894129178,0.07729578729217783,0.017385415775374197,0.02020364053517076,0.05793674199237204,0.08367889996564426,0.016434292374701287,0.017818083401279324,0.6551983760327615,0.8621650440275314,0.15403553740030057,
2000,base1,16,139,1,,1745.6841287959833,exchangeable_varying_sigma,0.18,fixed,0.18,0.18,fixed,0.18,1.0,sin2,anchor_grid,500,0.0,0.02397432590507359,0.03134614051402816,0.040514459327051805,0.032364321023201,0.04021685935196962,0.031509672529298,0.040898327750723724,0.03206037498187095,0.03820351676040984,0.14124703797818255,0.14768162638063337,0.02397432590507359,
2000,base1,16,139,1,,1665.6456752989907,exchangeable_varying_sigma,0.18,fixed,0.18,0.18,fixed,0.18,1.0,sin2,anchor_grid,500,0.3,-0.08516557813540004,0.031135304324840445,0.040423067841127994,0.023604073550591104,0.031370841152444505,0.030505974521084105,0.03975214186419162,0.02385232754154544,0.030235189428525246,0.13199885148475865,0.13636783032886776,0.08516557813540004,
2000,base1,16,139,1,,1501.5391533089569,exchangeable_varying_sigma,0.18,fixed,0.18,0.18,fixed,0.18,1.0,sin2,anchor_grid,500,0.9,-0.20435786726205574,0.031227165669720457,0.0404280060278407,0.02884086636367378,0.03746895158435305,0.022635208477812165,0.029229649225668886,0.02668242215191427,0.03198271879578705,0.1405256156670921,0.1489442533401402,0.20435786726205574,
5000,base2,15,138,1,,3669.474006635952,exchangeable_varying_sigma,0.18,fixed,0.18,0.18,fixed,0.18,1.0,mixed,anchor_grid,500,0.0,0.006300764041823371,0.02350460725785344,0.030040947450415436,0.008968427832910061,0.012746904917748393,0.023455156715658673,0.029989507856526165,0.00883521515023003,0.013418033739210258,0.10995079368027848,0.1259143808181825,0.006300764041823371,
2000,base1,16,139,1,,1653.1612357740523,exchangeable_varying_sigma,0.18,fixed,0.18,0.18,fixed,0.18,1.0,sin2,anchor_grid,500,0.6,-0.14713598896564573,0.031164083563734696,0.040432888623945305,0.026311171422177898,0.0346069138418499,0.028052627569918526,0.03655968990774545,0.02576490412362624,0.031794713673030016,0.13597054482639104,0.14209050824116784,0.14713598896564573,
5000,base2,15,138,1,,3819.860024204012,exchangeable_varying_sigma,0.18,fixed,0.18,0.18,fixed,0.18,1.0,mixed,anchor_grid,500,0.6,-0.07389611414724095,0.022820972014675006,0.02947489293245285,0.007510927967470077,0.011452841250742097,0.020498556892619858,0.026268944949893076,0.008711196454718934,0.013299213826315178,0.11572343046820058,0.13520331359877805,0.07389611414724095,
5000,base2,15,138,1,,3946.479130377993,exchangeable_varying_sigma,0.18,fixed,0.18,0.18,fixed,0.18,1.0,mixed,anchor_grid,500,0.9,-0.10578395651074757,0.022768389628093456,0.02942996913817777,0.008472963362616187,0.012250002425037074,0.016003166390177105,0.020407346651392263,0.01005060526853535,0.014237321968835372,0.1156663628051505,0.13575729534099695,0.10578395651074757,
5000,base2,15,138,1,,3998.39594216994,exchangeable_varying_sigma,0.18,fixed,0.18,0.18,fixed,0.18,1.0,mixed,anchor_grid,500,0.3,-0.04196317502049335,0.022874249845366616,0.029482501221399983,0.0068749264354595885,0.010550954863716464,0.022380111548268442,0.028788326956561975,0.007695930826926267,0.012044606954128612,0.11502907539686769,0.13372344947067719,0.04196317502049335,
2000,base4,16,139,1,,1365.6353138869163,exchangeable_varying_sigma,0.18,fixed,0.18,0.18,fixed,0.18,1.0,sin,anchor_grid,500,0.0,0.027634938948226186,0.03366841619203257,0.04587554046219766,0.03609631215454101,0.04507082549676874,0.03375954083679369,0.046153641164062696,0.03801468790409754,0.045519959098641025,0.23726485503022537,0.25196740097251635,0.027634938948226186,
5000,base5,15,138,1,,3388.725394736044,exchangeable_varying_sigma,0.18,fixed,0.18,0.18,fixed,0.18,1.0,sin,anchor_grid,500,0.0,0.012149074496345766,0.05748042666619694,0.08111321179108846,0.015576575840288126,0.018434627766321352,0.06115637273549891,0.08834675286409989,0.013638602947171327,0.016446660408700877,0.7322612296482524,0.9569846480069514,0.012149074496345766,
5000,base5,15,138,1,,3440.793869864079,exchangeable_varying_sigma,0.18,fixed,0.18,0.18,fixed,0.18,1.0,sin,anchor_grid,500,0.9,-0.463664048160767,0.056655460142552266,0.07989480352630106,0.011286324033639772,0.015835309800037455,0.05773090992083566,0.08573772346136221,0.009723204757680931,0.011652053089917028,0.7629420165204036,0.9869772776766503,0.463664048160767,
5000,base5,15,138,1,,3471.975338649936,exchangeable_varying_sigma,0.18,fixed,0.18,0.18,fixed,0.18,1.0,sin,anchor_grid,500,0.6,-0.3054774319060987,0.05674634930026298,0.08004080997626484,0.01149007866575194,0.015496405445305691,0.059367964997490356,0.08677444573091952,0.010164885742792285,0.0115612277563218,0.7588019145657015,0.9824695776039203,0.3054774319060987,
2000,base4,16,139,1,,1252.8453009129735,exchangeable_varying_sigma,0.18,fixed,0.18,0.18,fixed,0.18,1.0,sin,anchor_grid,500,0.6,-0.13240442710381178,0.03354192008959392,0.04686961546843465,0.03161198228712411,0.04127944069747876,0.028937695888728982,0.041253962668829275,0.03023607252636569,0.037184266445443585,0.22868999662314787,0.24158281609981858,0.13240442710381178,
2000,base4,16,139,1,,1512.0109870129963,exchangeable_varying_sigma,0.18,fixed,0.18,0.18,fixed,0.18,1.0,sin,anchor_grid,500,0.3,-0.07551520140221427,0.033353818717908615,0.04674755894686584,0.028410206954795347,0.03732012255341746,0.03236168953564667,0.045649826163912596,0.027924313218012198,0.035369863122648726,0.22663182911672197,0.24140978123767848,0.07551520140221427,
2000,base4,16,139,1,,1502.3763377700234,exchangeable_varying_sigma,0.18,fixed,0.18,0.18,fixed,0.18,1.0,sin,anchor_grid,500,0.9,-0.18651372455440896,0.03386159406146275,0.046939921701740404,0.03457390505759603,0.044830184418872716,0.02064317216806983,0.03055633693087147,0.03163887292779735,0.037597648813531725,0.23100746357818278,0.24214519321970768,0.18651372455440896,
5000,base5,15,138,1,,3969.787474145065,exchangeable_varying_sigma,0.18,fixed,0.18,0.18,fixed,0.18,1.0,sin,anchor_grid,500,0.3,-0.1498764130527878,0.0567912031965826,0.08015040970668638,0.011535388622079562,0.01515568690421629,0.06020982598743872,0.0873373422519401,0.010058461978497996,0.011143679681416335,0.756656490977414,0.9803258857729427,0.1498764130527878,
2000,base5,16,139,1,,1541.9779149029637,exchangeable_varying_sigma,0.18,fixed,0.18,0.18,fixed,0.18,1.0,sin,anchor_grid,500,0.0,0.021447641707395305,0.06656999447212818,0.08929489344548594,0.028755336565677664,0.034259174907154015,0.07106365318058719,0.09662935568802686,0.03864444986997398,0.04226498011218379,0.588769474253204,0.8058203652161362,0.021447641707395305,
2000,base5,16,139,1,,1298.398582214024,exchangeable_varying_sigma,0.18,fixed,0.18,0.18,fixed,0.18,1.0,sin,anchor_grid,500,0.6,-0.37025862641977314,0.06665262001881685,0.08993285948892349,0.04080738273104936,0.05322970787676964,0.06895247972181932,0.09507410228326284,0.03706331125631106,0.04508856141522122,0.5554941030979691,0.7691269290698087,0.37025862641977314,
2000,base5,16,139,1,,1527.1239101419924,exchangeable_varying_sigma,0.18,fixed,0.18,0.18,fixed,0.18,1.0,sin,anchor_grid,500,0.3,-0.1978947775014686,0.06675898423407237,0.09010546818885251,0.037605607398719765,0.04927744647822071,0.07031661170967532,0.09643405337489241,0.03431049722174977,0.04231487543455074,0.5635099073815552,0.7785868728582607,0.1978947775014686,
5000,base1,16,139,1,,3564.2168700010516,exchangeable_varying_sigma,0.18,fixed,0.18,0.18,fixed,0.18,1.0,sin2,anchor_grid,500,0.0,-0.0014995238154936795,0.021566781703441576,0.02685428433700665,0.009273155450763612,0.011243598169021858,0.02165313569705357,0.026960705456477274,0.008100849852445316,0.010635252414502827,0.035589477756242646,0.039728571770562736,0.0014995238154936795,
2000,base5,16,139,1,,1480.3305047559552,exchangeable_varying_sigma,0.18,fixed,0.18,0.18,fixed,0.18,1.0,sin,anchor_grid,500,0.9,-0.5394839728666614,0.0665736433581597,0.08961923534719768,0.043769305501520084,0.05677141454526784,0.06630649221076641,0.09244554310380822,0.03933260311314472,0.04714980688011176,0.5446447315736511,0.7546369626730374,0.5394839728666614,
5000,base1,16,139,1,,3625.000187764992,exchangeable_varying_sigma,0.18,fixed,0.18,0.18,fixed,0.18,1.0,sin2,anchor_grid,500,0.6,-0.07999204716214481,0.020179369331766717,0.025298415333680484,0.009695243233108719,0.01235334662079259,0.01870285026444702,0.022878347292281945,0.007494542950359118,0.010479686958481442,0.030538021745426278,0.03650991878019933,0.07999204716214481,
5000,base1,16,139,1,,3914.6477140849456,exchangeable_varying_sigma,0.18,fixed,0.18,0.18,fixed,0.18,1.0,sin2,anchor_grid,500,0.9,-0.11623961792365389,0.020089530450386157,0.025264816060069927,0.010924535350343961,0.013741250311277854,0.01592104834552136,0.01896671849722352,0.008456971855424739,0.011672048038845358,0.03264550986731735,0.039045793812709804,0.11623961792365389,
5000,base1,16,139,1,,4088.9315547769656,exchangeable_varying_sigma,0.18,fixed,0.18,0.18,fixed,0.18,1.0,sin2,anchor_grid,500,0.3,-0.042855915655663934,0.02024564816366112,0.025313101186078376,0.008521440828155646,0.010999041666400245,0.02002547031143757,0.024820022938677536,0.006757561173899196,0.009445401518197496,0.028822288430215667,0.03442029299889835,0.042855915655663934,
5000,base4,16,139,1,,3198.637211660971,exchangeable_varying_sigma,0.18,fixed,0.18,0.18,fixed,0.18,1.0,sin,anchor_grid,500,0.9,-0.08858590516248077,0.01882099692203205,0.02524400679650765,0.010980218318963175,0.014122877471598107,0.010054899688825199,0.013226319822254423,0.010222986943380669,0.013219033449252156,0.09163972286784869,0.10405199486964246,0.08858590516248077,
2000,base2,17,140,1,,1312.8674675719813,exchangeable_varying_sigma,0.18,fixed,0.18,0.18,fixed,0.18,1.0,mixed,anchor_grid,500,0.3,-0.1301719519860447,0.03536078765559224,0.04860230605417129,0.029860443001650805,0.035112144080144785,0.034740324301667416,0.04792220308538972,0.029766693906307956,0.03414208287291993,0.2779769097959003,0.31911303449884787,0.1301719519860447,
2000,base2,17,140,1,,1458.0328524979996,exchangeable_varying_sigma,0.18,fixed,0.18,0.18,fixed,0.18,1.0,mixed,anchor_grid,500,0.0,-0.007516244455329148,0.03464945233392602,0.04738217315858514,0.015262574650500044,0.01671814188115086,0.03473340796954049,0.04756160850716712,0.014414483736778921,0.015529428846768533,0.26263903967477975,0.3042502443038277,0.007516244455329148,
5000,base4,16,139,1,,3604.4441046530847,exchangeable_varying_sigma,0.18,fixed,0.18,0.18,fixed,0.18,1.0,sin,anchor_grid,500,0.0,-0.0020330573733525906,0.01993024210328714,0.02644697773902563,0.011090755081397674,0.013518645096362707,0.01994214774233291,0.02646076053121836,0.011454281984296794,0.014542730857326764,0.09928114122259113,0.11324732205831849,0.0020330573733525906,
5000,base4,16,139,1,,3955.2043582439655,exchangeable_varying_sigma,0.18,fixed,0.18,0.18,fixed,0.18,1.0,sin,anchor_grid,500,0.6,-0.06440722998740589,0.018614350303465425,0.025013174610152414,0.009624384727577762,0.012453966296076374,0.015491462551645638,0.020524394590966707,0.008623073611224275,0.01166979159101017,0.08881097625289842,0.10064016138361732,0.06440722998740589,
2000,base2,17,140,1,,1554.8450736199738,exchangeable_varying_sigma,0.18,fixed,0.18,0.18,fixed,0.18,1.0,mixed,anchor_grid,500,0.9,-0.2342615347874708,0.034676691913446384,0.0472287163724451,0.03299369113375722,0.04033859239839026,0.02456115864941833,0.033620224670203216,0.03429145669525416,0.038716614466635914,0.3072275184488175,0.34643392987744465,0.2342615347874708,
5000,base4,16,139,1,,4298.609306100057,exchangeable_varying_sigma,0.18,fixed,0.18,0.18,fixed,0.18,1.0,sin,anchor_grid,500,0.3,-0.03856838101391935,0.018506428795167555,0.02483003836735895,0.008339452706554756,0.010852087036201455,0.01781799849250534,0.023718576271579913,0.007538104885165986,0.01038411197096648,0.08663974008343954,0.09808568423266949,0.03856838101391935,
2000,base2,17,140,1,,1871.4676512370352,exchangeable_varying_sigma,0.18,fixed,0.18,0.18,fixed,0.18,1.0,mixed,anchor_grid,500,0.6,-0.18719663871771053,0.0350707645882221,0.0479301505029464,0.03177727682531853,0.037984667426869394,0.03162160273350146,0.04352797395242648,0.032553089159952,0.03682537638297991,0.292971614177945,0.3330166177846254,0.18719663871771053,
2000,base5,17,140,1,,1608.788950274,exchangeable_varying_sigma,0.18,fixed,0.18,0.18,fixed,0.18,1.0,sin,anchor_grid,500,0.0,0.02276205411562512,0.06340274778163198,0.08568217640146288,0.011338647154005121,0.012204335709005195,0.06706432103489106,0.09238486083283749,0.009385964561271859,0.011534318973998196,0.4707646588063237,0.6413677674888493,0.02276205411562512,
2000,base5,17,140,1,,1735.2749541010708,exchangeable_varying_sigma,0.18,fixed,0.18,0.18,fixed,0.18,1.0,sin,anchor_grid,500,0.3,-0.18050426202682152,0.06422624227481467,0.08787530027237,0.036430073668145685,0.04224473265029455,0.0674455644193226,0.0942163923662781,0.03815040893956215,0.041120659140448955,0.42311819308586807,0.5664644938458189,0.18050426202682152,
5000,base5,16,139,1,,4144.905562362983,exchangeable_varying_sigma,0.18,fixed,0.18,0.18,fixed,0.18,1.0,sin,anchor_grid,500,0.0,0.0003280739562187955,0.05655640531635984,0.07926218734080492,0.014420634174105204,0.018009482717010035,0.059901159759833005,0.0860030985648056,0.015905788901691933,0.019454993582419547,0.7290743977549383,0.9405050101019298,0.0003280739562187955,
2000,base5,17,140,1,,1626.2760292119347,exchangeable_varying_sigma,0.18,fixed,0.18,0.18,fixed,0.18,1.0,sin,anchor_grid,500,0.6,-0.34947916331142387,0.06384606583646667,0.08765912546735581,0.0384172704652474,0.04528186038615657,0.06617415922492557,0.09331721466035586,0.040582019847685086,0.0438283542315673,0.4193627061960715,0.5606150205287825,0.34947916331142387,
5000,base5,16,139,1,,3962.7846294000046,exchangeable_varying_sigma,0.18,fixed,0.18,0.18,fixed,0.18,1.0,sin,anchor_grid,500,0.9,-0.47652805495187545,0.05608387681402407,0.07959429174174587,0.013500504781007228,0.014098991045975832,0.05697987172431929,0.08453883391175748,0.01203092396497707,0.014709686220853458,0.7174193897088749,0.9326146250753258,0.47652805495187545,
2000,base5,17,140,1,,1740.4767281309469,exchangeable_varying_sigma,0.18,fixed,0.18,0.18,fixed,0.18,1.0,sin,anchor_grid,500,0.9,-0.5179933288335032,0.06345480953627913,0.08742861180443322,0.03973351035656211,0.047841227202605925,0.06368412519516839,0.0915790629413641,0.04193479779105283,0.04551845464441184,0.41825063177178373,0.5590307490637899,0.5179933288335032,
5000,base5,16,139,1,,4376.92776645103,exchangeable_varying_sigma,0.18,fixed,0.18,0.18,fixed,0.18,1.0,sin,anchor_grid,500,0.3,-0.16585578343766538,0.056284094352118556,0.07968902789358238,0.01085973916860311,0.01136556617286482,0.059427701077399295,0.08639044712213467,0.009575434019163082,0.011437595942207873,0.7230825825777288,0.943334300167009,0.16585578343766538,
5000,base5,16,139,1,,4408.272406016942,exchangeable_varying_sigma,0.18,fixed,0.18,0.18,fixed,0.18,1.0,sin,anchor_grid,500,0.6,-0.3212334964131852,0.056218417328290825,0.079666552120341,0.012144671189626366,0.01266425371048612,0.058605550438296156,0.08573203405480373,0.010672073961311757,0.012963744032367181,0.720666815594769,0.9390446822190004,0.3212334964131852,
5000,base2,17,140,1,,3186.545266484958,exchangeable_varying_sigma,0.18,fixed,0.18,0.18,fixed,0.18,1.0,mixed,anchor_grid,500,0.0,-0.016127454204320886,0.022827410294991267,0.029131826510738906,0.015261809896577869,0.016536455915240972,0.022777453309653042,0.02907678381507613,0.01439685382671467,0.015861566786480406,0.11141926872292537,0.1368575540517508,0.016127454204320886,
5000,base2,17,140,1,,3246.7889226310654,exchangeable_varying_sigma,0.18,fixed,0.18,0.18,fixed,0.18,1.0,mixed,anchor_grid,500,0.3,-0.054422221010931526,0.022875490082704203,0.029569611419057742,0.008310124998679044,0.008421008356581612,0.022268911621494743,0.028737673821764325,0.0077303463098817166,0.007745204110932189,0.11983054632839721,0.1485290693096793,0.054422221010931526,
5000,base2,17,140,1,,3804.48499199294,exchangeable_varying_sigma,0.18,fixed,0.18,0.18,fixed,0.18,1.0,mixed,anchor_grid,500,0.6,-0.08468383362180154,0.022765013697597057,0.02940303417994681,0.009271090588857847,0.009408564056090307,0.02023280141828672,0.025959647211832255,0.008025024975383807,0.008041850921118428,0.12845241281827813,0.15937118059979227,0.08468383362180154,
5000,base2,17,140,1,,3842.4912593830377,exchangeable_varying_sigma,0.18,fixed,0.18,0.18,fixed,0.18,1.0,mixed,anchor_grid,500,0.9,-0.11156610017038182,0.02263064037506332,0.029161093364945056,0.01015891431482506,0.010384769203239415,0.015684540144331127,0.020035186476780428,0.008051745194100263,0.008136016833300449,0.13689015032673857,0.1703488823943026,0.11156610017038182,
2000,base1,18,141,1,,1517.8585967960535,exchangeable_varying_sigma,0.18,fixed,0.18,0.18,fixed,0.18,1.0,sin2,anchor_grid,500,0.6,-0.11218049196128888,0.030318219009497473,0.03904194004867726,0.020198171214300384,0.024521911979264278,0.027269799910032547,0.03500260550818751,0.017624839304143963,0.021215038915800313,0.1171794023819312,0.11995258373695547,0.11218049196128888,
2000,base1,18,141,1,,1715.9161737300456,exchangeable_varying_sigma,0.18,fixed,0.18,0.18,fixed,0.18,1.0,sin2,anchor_grid,500,0.0,0.041681626501142016,0.030544489930411825,0.039201513943074306,0.023088378501328055,0.02592492703888366,0.03070034277919742,0.03946050653734976,0.017950651437294476,0.020716225882812144,0.1339511083044119,0.13691419690844764,0.041681626501142016,
2000,base1,18,141,1,,1654.3605213779956,exchangeable_varying_sigma,0.18,fixed,0.18,0.18,fixed,0.18,1.0,sin2,anchor_grid,500,0.3,-0.03737468875621425,0.030166471507328985,0.03877458296828973,0.01866421377406796,0.02248541277217379,0.02961332631127431,0.0380465603863895,0.016107819743861607,0.020500026504308263,0.12196510087308682,0.12400213644444978,0.03737468875621425,
2000,base1,18,141,1,,1634.4403244249988,exchangeable_varying_sigma,0.18,fixed,0.18,0.18,fixed,0.18,1.0,sin2,anchor_grid,500,0.9,-0.18977976838576593,0.030677157562279515,0.039499604616244854,0.021448138247311732,0.02623381335810469,0.021989480932770096,0.0280375758316155,0.019353477478412068,0.021688854423148978,0.11406516444430631,0.11798570092822447,0.18977976838576593,
2000,base4,18,141,1,,1261.8625588850118,exchangeable_varying_sigma,0.18,fixed,0.18,0.18,fixed,0.18,1.0,sin,anchor_grid,500,0.0,0.0198261527462753,0.0323921628636481,0.04383843231296129,0.024081811391084423,0.0279709651802344,0.03248593023425665,0.044108812803436113,0.021607992030729356,0.025202030480486665,0.23135749743482853,0.25122268699390715,0.0198261527462753,
2000,base4,18,141,1,,1269.597733110888,exchangeable_varying_sigma,0.18,fixed,0.18,0.18,fixed,0.18,1.0,sin,anchor_grid,500,0.3,-0.028642177673581293,0.032639223717044176,0.04385613779143258,0.021533259533838958,0.026987962979466595,0.03164877661215553,0.042763526391533226,0.01849595289549616,0.023842193044161734,0.22045589286420203,0.24683880157874363,0.028642177673581293,
2000,base4,18,141,1,,1292.848492858,exchangeable_varying_sigma,0.18,fixed,0.18,0.18,fixed,0.18,1.0,sin,anchor_grid,500,0.9,-0.1695231392443155,0.033087033626226545,0.04464668949906789,0.025243769394566212,0.03092312137719526,0.02000110389684552,0.028109386266596637,0.022203698955154005,0.025323908788473577,0.20987440488407327,0.23914242704439162,0.1695231392443155,
2000,base4,18,141,1,,1628.875997007941,exchangeable_varying_sigma,0.18,fixed,0.18,0.18,fixed,0.18,1.0,sin,anchor_grid,500,0.6,-0.09738702497410578,0.032838365280135874,0.04413853109372855,0.023314722097458884,0.02917114761843243,0.02828645782863723,0.038529302942555264,0.020157315218684663,0.024681859577303303,0.21424528057735062,0.24213228862290603,0.09738702497410578,
5000,base5,17,140,1,,3583.144170945976,exchangeable_varying_sigma,0.18,fixed,0.18,0.18,fixed,0.18,1.0,sin,anchor_grid,500,0.9,-0.45340147738122577,0.055486065226184426,0.07795498749568779,0.007480455317803433,0.008460360181324584,0.05636405658150338,0.0834533653025287,0.009377853838257025,0.009860387458480847,0.6805313375028949,0.8892269982139261,0.45340147738122577,
5000,base5,17,140,1,,3857.6309207729064,exchangeable_varying_sigma,0.18,fixed,0.18,0.18,fixed,0.18,1.0,sin,anchor_grid,500,0.6,-0.29848522251704457,0.05562835538420964,0.07825112331747491,0.006538444641360913,0.0074337359664216,0.05799596207629633,0.08473360679542247,0.008850220300208267,0.009219034321522638,0.6750501261241602,0.8834836465956942,0.29848522251704457,
5000,base5,17,140,1,,3882.466902568005,exchangeable_varying_sigma,0.18,fixed,0.18,0.18,fixed,0.18,1.0,sin,anchor_grid,500,0.3,-0.14504235889091166,0.055689168690491515,0.07844730202222261,0.0057234471871741716,0.006505065429079057,0.05884247623008513,0.08544341223521067,0.008075728601065743,0.008492530251848688,0.6700226067135194,0.878124902612576,0.14504235889091166,
5000,base5,17,140,1,,4196.644333653967,exchangeable_varying_sigma,0.18,fixed,0.18,0.18,fixed,0.18,1.0,sin,anchor_grid,500,0.0,-0.006917286402772287,0.05489886827518314,0.07782808338464012,0.017639926371934886,0.018605833414373142,0.05832795619303262,0.08487678690157931,0.020944847088986113,0.022812754281225717,0.6504947035353648,0.8522396131270913,0.006917286402772287,
5000,base1,18,141,1,,3524.4741467589047,exchangeable_varying_sigma,0.18,fixed,0.18,0.18,fixed,0.18,1.0,sin2,anchor_grid,500,0.0,0.006235101159336632,0.019672061665669826,0.024777655059322206,0.006281199358788528,0.00830987768720525,0.019749784521777166,0.02487791487081492,0.004824315571259716,0.0070764423688240465,0.022382705198008244,0.0303863837774284,0.006235101159336632,
5000,base1,18,141,1,,3710.990870636073,exchangeable_varying_sigma,0.18,fixed,0.18,0.18,fixed,0.18,1.0,sin2,anchor_grid,500,0.3,-0.029666367776645663,0.02041168020843378,0.025497450640881707,0.003920977182346352,0.004829136272517416,0.019948424304153996,0.024889539754648377,0.005162089287952559,0.005786778883154099,0.024627898006869826,0.03517773669174784,0.029666367776645663,
2000,base5,18,141,1,,1498.6246265160153,exchangeable_varying_sigma,0.18,fixed,0.18,0.18,fixed,0.18,1.0,sin,anchor_grid,500,0.0,0.02213229666159305,0.06677877018946521,0.09054732032193961,0.024229784345253594,0.027218100020049135,0.07011440513360832,0.096523744497203,0.017323549764810098,0.020236542036918128,0.48782400488158906,0.6631132913926754,0.02213229666159305,
5000,base1,18,141,1,,3693.0014419479994,exchangeable_varying_sigma,0.18,fixed,0.18,0.18,fixed,0.18,1.0,sin2,anchor_grid,500,0.9,-0.1071694160174611,0.02063910880322438,0.025711307937061174,0.004750941533114589,0.006197672396567937,0.015624792774684962,0.019013567115522913,0.006033581258012732,0.006646652383653363,0.024473708163205925,0.033724895093480804,0.1071694160174611,
5000,base1,18,141,1,,3763.721272088005,exchangeable_varying_sigma,0.18,fixed,0.18,0.18,fixed,0.18,1.0,sin2,anchor_grid,500,0.6,-0.06727405205742598,0.02052817628787326,0.025619468730421965,0.004353806743111671,0.00549580483695142,0.018471313571030417,0.022940700152681553,0.0056191810557173205,0.00623293173309704,0.02413382310030721,0.034632649465720665,0.06727405205742598,
2000,base5,18,141,1,,1512.568338049925,exchangeable_varying_sigma,0.18,fixed,0.18,0.18,fixed,0.18,1.0,sin,anchor_grid,500,0.3,-0.13526836203616296,0.06634037006670501,0.08981365232354739,0.02451230848478085,0.02879923421355076,0.06934921581459474,0.09551192585434558,0.01960423304314919,0.02598542124836083,0.49407179736079343,0.6627380440509131,0.13526836203616296,
2000,base5,18,141,1,,1591.886516403989,exchangeable_varying_sigma,0.18,fixed,0.18,0.18,fixed,0.18,1.0,sin,anchor_grid,500,0.9,-0.48338958176942565,0.06641723711127959,0.08990661685047105,0.027157391748473744,0.03253276331432566,0.0657255636707718,0.09279387588292022,0.020568191171973338,0.027261541874311936,0.5063537101240443,0.6773368131205855,0.48338958176942565,
2000,base5,18,141,1,,1760.8586612410145,exchangeable_varying_sigma,0.18,fixed,0.18,0.18,fixed,0.18,1.0,sin,anchor_grid,500,0.6,-0.30816422802926785,0.06634262874474917,0.08982260114517397,0.026067748530431006,0.03088762721413213,0.0681082578590187,0.09453947063335773,0.019508119476907906,0.026756636912601862,0.5001328941878855,0.6697931606950938,0.30816422802926785,
2000,base2,19,142,1,,1397.0278545359615,exchangeable_varying_sigma,0.18,fixed,0.18,0.18,fixed,0.18,1.0,mixed,anchor_grid,500,0.0,0.008293912485987062,0.03582772554081544,0.049530463226684036,0.022106862705708524,0.02571349684909642,0.035909519096251875,0.049785362759261584,0.02194902027814294,0.025558668580448075,0.2146574400611509,0.2747804878350383,0.008293912485987062,
5000,base4,18,141,1,,3370.864121129038,exchangeable_varying_sigma,0.18,fixed,0.18,0.18,fixed,0.18,1.0,sin,anchor_grid,500,0.6,-0.0476303614111252,0.019279834853498427,0.025382942022560903,0.006449861409086072,0.007703589848104868,0.015837700342162062,0.020692247377870978,0.007128481212103049,0.007751014414710184,0.07139139457615504,0.08462671152968279,0.0476303614111252,
5000,base4,18,141,1,,3934.154271182022,exchangeable_varying_sigma,0.18,fixed,0.18,0.18,fixed,0.18,1.0,sin,anchor_grid,500,0.0,0.005223253321306966,0.0182288581451907,0.024270643143605088,0.005758899391118427,0.007870550423564465,0.018249229662324815,0.024293728621968498,0.006760235597611922,0.008614346913493767,0.07093357911193741,0.08561139826190306,0.005223253321306966,
5000,base4,18,141,1,,3546.1840377610642,exchangeable_varying_sigma,0.18,fixed,0.18,0.18,fixed,0.18,1.0,sin,anchor_grid,500,0.9,-0.07922305959542308,0.01946725200762191,0.025522013979750287,0.007100139925026769,0.00866397528805306,0.01017413988108978,0.013303549688575928,0.007624298197480048,0.008317864169460638,0.06671274377016057,0.08001956577661723,0.07922305959542308,
5000,base4,18,141,1,,4026.810462225927,exchangeable_varying_sigma,0.18,fixed,0.18,0.18,fixed,0.18,1.0,sin,anchor_grid,500,0.3,-0.019003659613502644,0.01916108490802887,0.025207259462312778,0.005772588621939856,0.006807511226634011,0.018334928659861256,0.02397582496089564,0.0063822680833225676,0.00703207695884935,0.07522079265491598,0.08873691259367927,0.019003659613502644,
2000,base2,19,142,1,,1950.8226693730103,exchangeable_varying_sigma,0.18,fixed,0.18,0.18,fixed,0.18,1.0,mixed,anchor_grid,500,0.3,0.004038043908439315,0.03572256997801505,0.050187277259477144,0.0358139580865756,0.03851853221474533,0.034317589521858115,0.048824554212480505,0.03401355676113152,0.036448222895207535,0.21463886453879247,0.28224721370110795,0.004038043908439315,
2000,base2,19,142,1,,1714.2974012990016,exchangeable_varying_sigma,0.18,fixed,0.18,0.18,fixed,0.18,1.0,mixed,anchor_grid,500,0.9,-0.1859447935173396,0.036642880556939976,0.05077806211464283,0.04338174036272391,0.0468036350679943,0.02451033956487834,0.03527987566790717,0.03863616720169112,0.04084486948200978,0.19240251346596166,0.26311108335066186,0.1859447935173396,
2000,base2,19,142,1,,1846.23871508101,exchangeable_varying_sigma,0.18,fixed,0.18,0.18,fixed,0.18,1.0,mixed,anchor_grid,500,0.6,-0.08479025301256149,0.03615258498594916,0.05053798357034528,0.03976553732449255,0.04285815837845719,0.031234810690468073,0.044695360459064214,0.03667308304305672,0.03903012530456031,0.2030132082227521,0.27302014920038165,0.08479025301256149,
5000,base5,18,141,1,,3926.7679242789745,exchangeable_varying_sigma,0.18,fixed,0.18,0.18,fixed,0.18,1.0,sin,anchor_grid,500,0.0,0.01549326248516233,0.055459679570268684,0.07874930843466314,0.005921760879987359,0.007127699679664693,0.05869663256242795,0.08547902464129643,0.004301383377118051,0.005923971162233372,0.7301448745027707,0.9433339335378458,0.01549326248516233,
2000,base5,19,142,1,,1288.1427022620337,exchangeable_varying_sigma,0.18,fixed,0.18,0.18,fixed,0.18,1.0,sin,anchor_grid,500,0.0,-0.0005741404581513672,0.06363802779153437,0.08863093021569171,0.023711256768751854,0.023976926315024023,0.06722459766451405,0.09480491130350256,0.02209362458580033,0.022950692118986257,0.550410437887042,0.7243909128464512,0.0005741404581513672,
5000,base5,18,141,1,,4033.2734089449514,exchangeable_varying_sigma,0.18,fixed,0.18,0.18,fixed,0.18,1.0,sin,anchor_grid,500,0.3,-0.12183361937217507,0.05551109565176896,0.07831834612024953,0.009154570017138347,0.01036651845888352,0.058728311621225125,0.08516730034319869,0.012406426938882414,0.012435802144461409,0.7304573089690081,0.938436805756532,0.12183361937217507,
2000,base5,19,142,1,,1638.1068335940363,exchangeable_varying_sigma,0.18,fixed,0.18,0.18,fixed,0.18,1.0,sin,anchor_grid,500,0.6,-0.33179783671022245,0.0654301638476797,0.08992168862627314,0.0469590335014063,0.04744079546798565,0.06651217830039884,0.09383666670991331,0.0458140390250191,0.048645337788746204,0.5463787280157324,0.6968762633912443,0.33179783671022245,
2000,base5,19,142,1,,1759.020955406013,exchangeable_varying_sigma,0.18,fixed,0.18,0.18,fixed,0.18,1.0,sin,anchor_grid,500,0.3,-0.15326320853698341,0.06508043045468997,0.08975455145611434,0.04322552409095065,0.04356130053963598,0.06767389583216973,0.09503513132641053,0.042340756763131995,0.04509532974356237,0.5286467159754997,0.6784060795431327,0.15326320853698341,
5000,base5,18,141,1,,4043.652892946033,exchangeable_varying_sigma,0.18,fixed,0.18,0.18,fixed,0.18,1.0,sin,anchor_grid,500,0.6,-0.27289135862466424,0.0555645367507771,0.07831284086486566,0.00900536807920746,0.010585277918647117,0.05794682019207592,0.08481319922741805,0.013236470000112022,0.013250328970102797,0.7352852454657289,0.9446462586033658,0.27289135862466424,
5000,base5,18,141,1,,3968.4293012990383,exchangeable_varying_sigma,0.18,fixed,0.18,0.18,fixed,0.18,1.0,sin,anchor_grid,500,0.9,-0.4246041816913325,0.055578704774332265,0.07828039788032438,0.009039277257278946,0.010781369611942001,0.05643053696847079,0.0840457750604849,0.013812789008251017,0.013912661084144995,0.740916120990906,0.9519014960965896,0.4246041816913325,
2000,base5,19,142,1,,1800.2712367259664,exchangeable_varying_sigma,0.18,fixed,0.18,0.18,fixed,0.18,1.0,sin,anchor_grid,500,0.9,-0.5158246346240838,0.06592910688797467,0.09005485059763983,0.05038416351327829,0.0510414387847772,0.06449555504187436,0.09171762394046924,0.04927159335487377,0.05191182188090582,0.5637497321932301,0.7164809348702135,0.5158246346240838,
5000,base2,19,142,1,,3705.503060688032,exchangeable_varying_sigma,0.18,fixed,0.18,0.18,fixed,0.18,1.0,mixed,anchor_grid,500,0.0,0.0158036749602835,0.023081369570656336,0.02956374444680305,0.008449949557012865,0.00984482169911961,0.022989368847423176,0.029463983903070205,0.0069011540373458136,0.007890868864006773,0.08884499094509733,0.10754959173608465,0.0158036749602835,
2000,base1,20,143,1,,1215.7686587879434,exchangeable_varying_sigma,0.18,fixed,0.18,0.18,fixed,0.18,1.0,sin2,anchor_grid,500,0.6,-0.11891665662770051,0.029847685458832315,0.03847766183778457,0.009175744566610633,0.012491386721219298,0.027417721888666417,0.035620304456447635,0.011005361521260026,0.014008286726643018,0.1474762095014899,0.15291262442831063,0.11891665662770051,
5000,base2,19,142,1,,3549.7262825160287,exchangeable_varying_sigma,0.18,fixed,0.18,0.18,fixed,0.18,1.0,mixed,anchor_grid,500,0.9,-0.09849685792561946,0.02217269397048378,0.028666461855665647,0.010465259813519423,0.011997826938396062,0.015407691817835608,0.01958598076943209,0.009508214365263307,0.010693889076999445,0.08828303008166724,0.10363238819094946,0.09849685792561946,
2000,base1,20,143,1,,1402.3173658369342,exchangeable_varying_sigma,0.18,fixed,0.18,0.18,fixed,0.18,1.0,sin2,anchor_grid,500,0.3,-0.05386646303899534,0.029969049399221834,0.038609494774244704,0.009372596972363118,0.012313510452922168,0.02963805785182189,0.03838752932020879,0.011362441444786223,0.013552794101794505,0.14782369683251165,0.15375568941971857,0.05386646303899534,
5000,base2,19,142,1,,3664.3028243919834,exchangeable_varying_sigma,0.18,fixed,0.18,0.18,fixed,0.18,1.0,mixed,anchor_grid,500,0.6,-0.057301437084671725,0.022397575993269574,0.028773818595961898,0.009987436738093908,0.011472643474399313,0.01986581172932416,0.02521704423054289,0.008783882877798077,0.010531913725037584,0.09058028567285335,0.10726826651564855,0.057301437084671725,
5000,base2,19,142,1,,4114.140724873985,exchangeable_varying_sigma,0.18,fixed,0.18,0.18,fixed,0.18,1.0,mixed,anchor_grid,500,0.3,-0.01886849482669367,0.022529497715137875,0.028850729747726865,0.009301986015474328,0.010719001736895491,0.021901277287657096,0.02792822890519254,0.008062475855660556,0.009956676424984828,0.0924939831030143,0.11044664828711988,0.01886849482669367,
2000,base1,20,143,1,,1844.7439532260178,exchangeable_varying_sigma,0.18,fixed,0.18,0.18,fixed,0.18,1.0,sin2,anchor_grid,500,0.0,0.01718615470481949,0.02972982231339,0.038487852785250194,0.006074694991033636,0.006333789736105896,0.02986302856228039,0.03859925557586636,0.00527413823023723,0.00731058323365936,0.14454792682684436,0.15064224478952257,0.01718615470481949,
2000,base1,20,143,1,,1953.3665344539331,exchangeable_varying_sigma,0.18,fixed,0.18,0.18,fixed,0.18,1.0,sin2,anchor_grid,500,0.9,-0.18505491726254408,0.02964647118229825,0.03830460274771323,0.008947043076372452,0.0123297537005702,0.022165435758476064,0.02861956094266374,0.012045089419094851,0.014758686981487138,0.14675285010383715,0.15187722656635663,0.18505491726254408,
2000,base4,20,143,1,,1592.3729384539183,exchangeable_varying_sigma,0.18,fixed,0.18,0.18,fixed,0.18,1.0,sin,anchor_grid,500,0.0,0.013361111588587946,0.03100624382521057,0.04284929849601377,0.008504449499422445,0.00999573701746218,0.031022253597070733,0.04282124343390801,0.00941447217749078,0.011079405531822403,0.24770330503199067,0.26874587084854873,0.013361111588587946,
5000,base5,19,142,1,,3980.063180251047,exchangeable_varying_sigma,0.18,fixed,0.18,0.18,fixed,0.18,1.0,sin,anchor_grid,500,0.3,-0.12824299755179036,0.05554567148129308,0.08015853095385068,0.009561384764473851,0.011877487790083342,0.05869469328096841,0.08694782524233004,0.009008335516491328,0.01089358283958317,0.722299426692367,0.9405348950898228,0.12824299755179036,
2000,base4,20,143,1,,1541.4203727529384,exchangeable_varying_sigma,0.18,fixed,0.18,0.18,fixed,0.18,1.0,sin,anchor_grid,500,0.6,-0.1031281498411411,0.03198082961319917,0.043687373559196586,0.014925578595290867,0.017067884354187726,0.028109418671788167,0.03898521033897215,0.010284589560895466,0.013951543741681382,0.24837719349943876,0.2678020459641454,0.1031281498411411,
2000,base4,20,143,1,,1681.6833928800188,exchangeable_varying_sigma,0.18,fixed,0.18,0.18,fixed,0.18,1.0,sin,anchor_grid,500,0.3,-0.04368861755584191,0.03201921114925234,0.04359159022830311,0.014465152100665402,0.016560857374477593,0.03126974918369898,0.04285026259489426,0.010968657200372031,0.014247243025055506,0.25066014558093447,0.2717414858867304,0.04368861755584191,
5000,base5,19,142,1,,4520.4409465789795,exchangeable_varying_sigma,0.18,fixed,0.18,0.18,fixed,0.18,1.0,sin,anchor_grid,500,0.0,0.023615731421888813,0.05598621755037509,0.08090388558720969,0.008509739910843112,0.009619198391083583,0.05928529054269693,0.08791954470623273,0.006936942216085568,0.008466664547364595,0.7346870943589237,0.9565085943617971,0.023615731421888813,
5000,base5,19,142,1,,4070.54992800497,exchangeable_varying_sigma,0.18,fixed,0.18,0.18,fixed,0.18,1.0,sin,anchor_grid,500,0.6,-0.2840131870657164,0.05536264192915956,0.08006474700498165,0.010320086111527016,0.012648941736172646,0.05774438435598982,0.08620979615847173,0.009745071823573898,0.011436426187588427,0.7265359002274412,0.9439698140899013,0.2840131870657164,
2000,base4,20,143,1,,1894.8891179590719,exchangeable_varying_sigma,0.18,fixed,0.18,0.18,fixed,0.18,1.0,sin,anchor_grid,500,0.9,-0.16406997867896433,0.03196634082196409,0.04381207658723914,0.014824026195750892,0.01717060810449807,0.019967987402879073,0.02876093764714408,0.009308972732634799,0.013913469837563417,0.24568592177059861,0.26359287756188376,0.16406997867896433,
5000,base5,19,142,1,,4189.142726207036,exchangeable_varying_sigma,0.18,fixed,0.18,0.18,fixed,0.18,1.0,sin,anchor_grid,500,0.9,-0.44159062334842436,0.05511745291716299,0.07994313678502404,0.010904350661340129,0.013226004133426787,0.05598407130004504,0.085047952617822,0.010093937753063192,0.01148248729342548,0.730833545891746,0.9472619503156274,0.44159062334842436,
5000,base1,20,143,1,,3106.6403863369487,exchangeable_varying_sigma,0.18,fixed,0.18,0.18,fixed,0.18,1.0,sin2,anchor_grid,500,0.0,0.020284006628319314,0.020586487166359503,0.025617935184308476,0.00762126803287505,0.008283831434955008,0.020694337780812217,0.025741787071347885,0.007327644046351001,0.008255521913713516,0.032583170652164394,0.046688854466269504,0.020284006628319314,
5000,base1,20,143,1,,3410.716105791973,exchangeable_varying_sigma,0.18,fixed,0.18,0.18,fixed,0.18,1.0,sin2,anchor_grid,500,0.3,-0.044668656029056286,0.019795366438497768,0.024484964084724843,0.006351627001622451,0.009155392329722923,0.019604304450792785,0.024143923574548986,0.006739666457119792,0.008602572829889918,0.03217240694321692,0.043550147416599315,0.044668656029056286,
2000,base5,20,143,1,,1676.6074078319361,exchangeable_varying_sigma,0.18,fixed,0.18,0.18,fixed,0.18,1.0,sin,anchor_grid,500,0.0,0.0007302881144379424,0.06389166964216053,0.08819187748915877,0.020348888847914526,0.025881500118228252,0.06699782383915234,0.09407569772457129,0.023190864886827797,0.027297421711378653,0.4899793959311247,0.6665142345602929,0.0007302881144379424,
2000,base5,20,143,1,,1867.0771044209832,exchangeable_varying_sigma,0.18,fixed,0.18,0.18,fixed,0.18,1.0,sin,anchor_grid,500,0.3,-0.1410964410748544,0.0638810073724992,0.08769308145992871,0.034533508871660595,0.03626412842250491,0.06668750898690956,0.09358307808017302,0.02344932944635207,0.02615690558331954,0.48988307406188886,0.6705955298647727,0.1410964410748544,
5000,base1,20,143,1,,3917.7249017859576,exchangeable_varying_sigma,0.18,fixed,0.18,0.18,fixed,0.18,1.0,sin2,anchor_grid,500,0.9,-0.11057537908395598,0.019579316456438543,0.02434128025740752,0.007336839391706235,0.01081633665386048,0.015718097357431068,0.01874094807851335,0.007846369964059324,0.009930036128435155,0.040924199211033976,0.050264792408510034,0.11057537908395598,
5000,base1,20,143,1,,4260.261774362996,exchangeable_varying_sigma,0.18,fixed,0.18,0.18,fixed,0.18,1.0,sin2,anchor_grid,500,0.6,-0.07890598552697803,0.019673339664007347,0.0243881440829701,0.006887427222001891,0.01002314241451298,0.018300170162093187,0.022351767343031043,0.007302277112257283,0.009260746860710115,0.03628930975672915,0.04653198791602236,0.07890598552697803,
2000,base5,20,143,1,,1710.9472865009448,exchangeable_varying_sigma,0.18,fixed,0.18,0.18,fixed,0.18,1.0,sin,anchor_grid,500,0.9,-0.47988912332198624,0.0636651135658287,0.08746140693337484,0.034892382966744406,0.036070555841609515,0.06282322208138764,0.09023995581676851,0.02224232602449784,0.024299376860932434,0.48242089199259486,0.6609153418490474,0.47988912332198624,
2000,base5,20,143,1,,1961.9987468770705,exchangeable_varying_sigma,0.18,fixed,0.18,0.18,fixed,0.18,1.0,sin,anchor_grid,500,0.6,-0.3105725648285277,0.06377463665254385,0.08759198910795883,0.034993935366281356,0.03643954028667232,0.06531639365748668,0.09242025589023456,0.02317139043664225,0.02555488174727659,0.48693025008337976,0.6673007092642885,0.3105725648285277,
2000,base2,21,144,1,,1154.7734686629847,exchangeable_varying_sigma,0.18,fixed,0.18,0.18,fixed,0.18,1.0,mixed,anchor_grid,500,0.3,-0.04635187276445524,0.0340972721612628,0.04643768379813996,0.021743340162737518,0.026225635787500052,0.033446789921347815,0.045521479005067714,0.020409521287528737,0.023860992134796744,0.23421812946433512,0.2799327238851905,0.04635187276445524,
2000,base2,21,144,1,,1790.110093418043,exchangeable_varying_sigma,0.18,fixed,0.18,0.18,fixed,0.18,1.0,mixed,anchor_grid,500,0.0,0.020525394810977426,0.03401391678793918,0.045769177616765716,0.020085170937708785,0.022736054340327695,0.03410379266025065,0.045981682158428315,0.01969525794917562,0.022347099311966465,0.23675704696126113,0.28143737569447963,0.020525394810977426,
5000,base4,20,143,1,,4132.556925584911,exchangeable_varying_sigma,0.18,fixed,0.18,0.18,fixed,0.18,1.0,sin,anchor_grid,500,0.6,-0.05609878421480541,0.017572403625869176,0.023756335572772097,0.009116409116542767,0.011182641802310477,0.01514828178917753,0.020180246983425337,0.0072916931218520165,0.009525953442619422,0.0818991511808208,0.09381122973398964,0.05609878421480541,
5000,base4,20,143,1,,4245.151636351948,exchangeable_varying_sigma,0.18,fixed,0.18,0.18,fixed,0.18,1.0,sin,anchor_grid,500,0.3,-0.03105576400082366,0.01776643733147004,0.023879337477836386,0.008459709658667963,0.010246731985850637,0.017352132404652096,0.023156226568306022,0.006743062347694062,0.008857923389291918,0.08002250196286607,0.0904708472363285,0.03105576400082366,
2000,base2,21,144,1,,1752.0366307329386,exchangeable_varying_sigma,0.18,fixed,0.18,0.18,fixed,0.18,1.0,mixed,anchor_grid,500,0.6,-0.11718057055916203,0.03393800321321163,0.046143650278177024,0.023797903761112862,0.0287781287379061,0.030376360116187585,0.04118378774161592,0.022488734167084037,0.025990452430148282,0.22877071199197507,0.2762002110180359,0.11718057055916203,
5000,base4,20,143,1,,4183.399824091932,exchangeable_varying_sigma,0.18,fixed,0.18,0.18,fixed,0.18,1.0,sin,anchor_grid,500,0.9,-0.07904492428025045,0.017474109026603676,0.02370488907037707,0.009619424448534697,0.011982024627780948,0.009838538187201186,0.013123162606312543,0.007905743059422848,0.010280400853910332,0.08627414730598355,0.0983074304972002,0.07904492428025045,
5000,base4,20,143,1,,4768.572352395044,exchangeable_varying_sigma,0.18,fixed,0.18,0.18,fixed,0.18,1.0,sin,anchor_grid,500,0.0,0.020547166361084983,0.018532693525336673,0.024665007625855356,0.009109248156692756,0.01020897656649495,0.018593401163250988,0.024721239335963905,0.008939589931451969,0.010143748108158246,0.08495877363186824,0.09319274963228238,0.020547166361084983,
2000,base2,21,144,1,,2003.772851962014,exchangeable_varying_sigma,0.18,fixed,0.18,0.18,fixed,0.18,1.0,mixed,anchor_grid,500,0.9,-0.1912165027792203,0.033797018865773854,0.04569923320491188,0.02585753750946465,0.03125128808760699,0.023088299228221476,0.031204217589134584,0.024269374400910385,0.028087037693714956,0.22350881666401468,0.2722063075003261,0.1912165027792203,
5000,base5,20,143,1,,2989.167658931925,exchangeable_varying_sigma,0.18,fixed,0.18,0.18,fixed,0.18,1.0,sin,anchor_grid,500,0.6,-0.3106943749608812,0.05412300229015286,0.07822694710597566,0.007173788937254899,0.008904875362732228,0.05634458174843866,0.08435655909704957,0.008516425168984765,0.010367458966525417,0.7112383302166126,0.939556728366595,0.3106943749608812,
2000,base5,21,144,1,,1181.2567733109463,exchangeable_varying_sigma,0.18,fixed,0.18,0.18,fixed,0.18,1.0,sin,anchor_grid,500,0.0,0.0018388587179333155,0.06213899975409948,0.08476052827472982,0.019617752632465263,0.023139239938859846,0.06537299879991869,0.09048238939046967,0.022113517596481502,0.024472949919181475,0.4368914674790016,0.5851032725657785,0.0018388587179333155,
5000,base5,20,143,1,,4090.8433645960176,exchangeable_varying_sigma,0.18,fixed,0.18,0.18,fixed,0.18,1.0,sin,anchor_grid,500,0.3,-0.15989916389367798,0.054151828444800355,0.07827530822051915,0.006717349299321357,0.00873369669201152,0.05721045177981139,0.0850250137930523,0.007711748855939615,0.009365128305787411,0.7143619319474306,0.9468205573666257,0.15989916389367798,
5000,base5,20,143,1,,4512.562618613942,exchangeable_varying_sigma,0.18,fixed,0.18,0.18,fixed,0.18,1.0,sin,anchor_grid,500,0.0,0.021664640478734457,0.054755127666647176,0.07842160446279677,0.018889036746742,0.020322150267167802,0.05816592007323779,0.0855706831628226,0.014790466344219655,0.016184558940285372,0.7293926192768538,0.9743093403080139,0.021664640478734457,
2000,base5,21,144,1,,1606.8115919820266,exchangeable_varying_sigma,0.18,fixed,0.18,0.18,fixed,0.18,1.0,sin,anchor_grid,500,0.3,-0.15312604639953634,0.06140896947624225,0.08383726446781645,0.021307027027187037,0.02520497638991176,0.06427131202107635,0.08924037485982828,0.01610441206597364,0.01860534507391894,0.44905769827302355,0.6007598390721663,0.15312604639953634,
2000,base5,21,144,1,,1426.6861635540845,exchangeable_varying_sigma,0.18,fixed,0.18,0.18,fixed,0.18,1.0,sin,anchor_grid,500,0.6,-0.3149736408011838,0.06143058413058754,0.08372775518260407,0.023161220989070086,0.027986125426885576,0.06315449250569978,0.08809925882076308,0.017579180756631826,0.021275211933011965,0.4525246430390789,0.6038855827368416,0.3149736408011838,
2000,base5,21,144,1,,1687.9559672209434,exchangeable_varying_sigma,0.18,fixed,0.18,0.18,fixed,0.18,1.0,sin,anchor_grid,500,0.9,-0.47650042616103144,0.0614386691191268,0.08360626241917264,0.02473774687270075,0.03076620978792793,0.0608495274430271,0.08605723794796671,0.01849750595547235,0.024186962291469355,0.45657185010277185,0.6080514612923761,0.47650042616103144,
5000,base5,20,143,1,,4470.324747764971,exchangeable_varying_sigma,0.18,fixed,0.18,0.18,fixed,0.18,1.0,sin,anchor_grid,500,0.9,-0.45972378846133155,0.05416704319211199,0.0781905325664503,0.007512528345074099,0.009060196867756871,0.05484126537969301,0.08328952463958685,0.009474485584522269,0.011378659770505336,0.7062029900074245,0.9301088197929784,0.45972378846133155,
2000,base1,22,145,1,,1295.456596328062,exchangeable_varying_sigma,0.18,fixed,0.18,0.18,fixed,0.18,1.0,sin2,anchor_grid,500,0.3,-0.0979041724978032,0.03088319939589127,0.039147207649460516,0.01107479423105387,0.014763419158618889,0.03036963572785135,0.03855692600740834,0.005284747171964407,0.008770453066786303,0.15227628389585213,0.16074704520701616,0.0979041724978032,
2000,base1,22,145,1,,1661.5580096769845,exchangeable_varying_sigma,0.18,fixed,0.18,0.18,fixed,0.18,1.0,sin2,anchor_grid,500,0.0,0.029365803704008382,0.028937481557436064,0.037003455685822105,0.010457438594374008,0.012476261574174917,0.02909932942550236,0.03732156279305126,0.006630796407250283,0.008736585157963087,0.1308215135359854,0.13511723089940844,0.029365803704008382,
5000,base2,21,144,1,,3397.077735517989,exchangeable_varying_sigma,0.18,fixed,0.18,0.18,fixed,0.18,1.0,mixed,anchor_grid,500,0.6,-0.06436552332054568,0.02216096777975192,0.028843502346350355,0.008411029378200874,0.0111009009696957,0.019757811326081898,0.025709736474352502,0.008592480769316485,0.010971598327636953,0.10703562603348,0.12290548761877558,0.06436552332054568,
5000,base2,21,144,1,,4216.203137920005,exchangeable_varying_sigma,0.18,fixed,0.18,0.18,fixed,0.18,1.0,mixed,anchor_grid,500,0.0,0.02257956950558358,0.022998318464065255,0.02997759828451633,0.010173593726827135,0.014489584991640669,0.022904859519421263,0.02986427642305767,0.009647498699434362,0.014004373090175399,0.10948693499260209,0.12667659907305967,0.02257956950558358,
2000,base1,22,145,1,,1753.7325860459823,exchangeable_varying_sigma,0.18,fixed,0.18,0.18,fixed,0.18,1.0,sin2,anchor_grid,500,0.6,-0.15738875553381526,0.03064699675126462,0.03895234088577104,0.012657673955495094,0.017066027928104993,0.027801069422127622,0.03537372444051443,0.006793593769259282,0.010501122005602943,0.15664382621641315,0.16501592437765492,0.15738875553381526,
5000,base2,21,144,1,,4184.853834185051,exchangeable_varying_sigma,0.18,fixed,0.18,0.18,fixed,0.18,1.0,mixed,anchor_grid,500,0.3,-0.029504305103619344,0.02214806985883632,0.028914285372815283,0.007444948986211786,0.010009347829514214,0.021556934544541318,0.02823108980554013,0.007866400302519283,0.009995643357663153,0.10567277481313818,0.12192142728024082,0.029504305103619344,
5000,base2,21,144,1,,3886.266779127065,exchangeable_varying_sigma,0.18,fixed,0.18,0.18,fixed,0.18,1.0,mixed,anchor_grid,500,0.9,-0.09986371599535904,0.022135211416982138,0.028756746189200058,0.009291567636788789,0.012127917839535056,0.015486185732540531,0.019895730484933212,0.009413501593121293,0.01212996288313646,0.10762114959527011,0.12305385203772394,0.09986371599535904,
2000,base1,22,145,1,,1860.9020325760357,exchangeable_varying_sigma,0.18,fixed,0.18,0.18,fixed,0.18,1.0,sin2,anchor_grid,500,0.9,-0.21402131445108186,0.030293186399432116,0.03867031999012695,0.014492948071449074,0.019482719365565317,0.022241722848977477,0.028188236235777684,0.00961705028960877,0.012541487223801927,0.16006032564395498,0.16833070610610962,0.21402131445108186,
5000,base5,21,144,1,,3374.235465617967,exchangeable_varying_sigma,0.18,fixed,0.18,0.18,fixed,0.18,1.0,sin,anchor_grid,500,0.6,-0.2832498632186125,0.055357094365444844,0.07826838008641142,0.00840007361772084,0.009892345628411462,0.05789608892925424,0.08485463894397616,0.0069247136648147856,0.010147635697566364,0.6860819209712412,0.8950253702094181,0.2832498632186125,
5000,base5,21,144,1,,4228.5120619589,exchangeable_varying_sigma,0.18,fixed,0.18,0.18,fixed,0.18,1.0,sin,anchor_grid,500,0.0,0.025390845458904694,0.055868076237256835,0.07952243925087829,0.015548981085395208,0.017574010617465163,0.05948298366849953,0.08650490773574089,0.012844047191635455,0.016215598954867877,0.6896266897617813,0.9062403691880301,0.025390845458904694,
5000,base5,21,144,1,,3873.1670971650165,exchangeable_varying_sigma,0.18,fixed,0.18,0.18,fixed,0.18,1.0,sin,anchor_grid,500,0.3,-0.12852786668348637,0.05538581636101037,0.07838815544307538,0.00822361277842397,0.009401891832188031,0.05864627460637361,0.08530236332721784,0.005618528775610698,0.009065953949844992,0.6868415041277897,0.8960282053175672,0.12852786668348637,
5000,base5,21,144,1,,3866.8575725710252,exchangeable_varying_sigma,0.18,fixed,0.18,0.18,fixed,0.18,1.0,sin,anchor_grid,500,0.9,-0.43917927382680483,0.05525973519763044,0.0781224017263598,0.008322953239028444,0.010322515289290037,0.05639255979007694,0.0839222476985091,0.008672705673300501,0.011407876607362715,0.6860692609686403,0.8945240540321479,0.43917927382680483,
2000,base4,22,145,1,,1444.0060036199866,exchangeable_varying_sigma,0.18,fixed,0.18,0.18,fixed,0.18,1.0,sin,anchor_grid,500,0.3,-0.08836757264929052,0.03207624987664366,0.04272995782717602,0.0093110219389375,0.013483761342872479,0.031358130773825973,0.0418496983075934,0.007748346522931757,0.011638563621907265,0.24238694881913891,0.2517221393595613,0.08836757264929052,
2000,base4,22,145,1,,1470.1835773420753,exchangeable_varying_sigma,0.18,fixed,0.18,0.18,fixed,0.18,1.0,sin,anchor_grid,500,0.0,0.011753431795465074,0.031138402310335555,0.04199058039229294,0.008874909249950935,0.011129332886378138,0.031190806395750007,0.04212564240804223,0.008354155378307901,0.010760825950477537,0.2245484753147469,0.23791244874521628,0.011753431795465074,
2000,base4,22,145,1,,1543.4682894109283,exchangeable_varying_sigma,0.18,fixed,0.18,0.18,fixed,0.18,1.0,sin,anchor_grid,500,0.6,-0.1389026691725872,0.03166296567351947,0.04236451002027935,0.010898619376028346,0.01573336488827599,0.027872054846655496,0.03750375421767848,0.00925755959079548,0.013711170000468478,0.24826686069428971,0.2576409157005258,0.1389026691725872,
2000,base4,22,145,1,,1462.6025140649872,exchangeable_varying_sigma,0.18,fixed,0.18,0.18,fixed,0.18,1.0,sin,anchor_grid,500,0.9,-0.18567927653037875,0.03107689219114035,0.04193964217138355,0.013453681153334118,0.018191330979987937,0.01942263852332289,0.026930980149308382,0.012465529704688338,0.016067277104460143,0.25303844897315125,0.2629071802909264,0.18567927653037875,
5000,base1,22,145,1,,3240.123652450973,exchangeable_varying_sigma,0.18,fixed,0.18,0.18,fixed,0.18,1.0,sin2,anchor_grid,500,0.0,-0.02483201572538622,0.020442218706142202,0.02558388950781436,0.00856548403308438,0.009427838748855041,0.020517300493766457,0.02567202848049976,0.007933314703398309,0.01015789678540985,0.03049927269834608,0.03473602845432444,0.02483201572538622,
5000,base1,22,145,1,,3279.0159189399565,exchangeable_varying_sigma,0.18,fixed,0.18,0.18,fixed,0.18,1.0,sin2,anchor_grid,500,0.6,-0.07619582897370059,0.02011319630461372,0.025042193580947412,0.01007643042742841,0.0110461351047804,0.0182289857384862,0.022722301652624576,0.008516942465740945,0.010800821645770186,0.03161868033659139,0.035466791814722363,0.07619582897370059,
2000,base5,22,145,1,,1340.1638393499888,exchangeable_varying_sigma,0.18,fixed,0.18,0.18,fixed,0.18,1.0,sin,anchor_grid,500,0.3,-0.1663412579993387,0.0639696525019048,0.0875768968999199,0.01825143383664074,0.0206786192665273,0.06724206823801841,0.09391463296178305,0.011847796306200045,0.01402242448493315,0.49141731299552543,0.6967134239200313,0.1663412579993387,
5000,base1,22,145,1,,3082.708341520047,exchangeable_varying_sigma,0.18,fixed,0.18,0.18,fixed,0.18,1.0,sin2,anchor_grid,500,0.9,-0.10678875525037013,0.020273597046628594,0.025114681064279228,0.011342645026471754,0.012081587789864737,0.015524930017748817,0.018862582273285543,0.009986542924539127,0.011980931970693817,0.03325048176420701,0.03745535938789547,0.10678875525037013,
5000,base1,22,145,1,,3459.2278230770025,exchangeable_varying_sigma,0.18,fixed,0.18,0.18,fixed,0.18,1.0,sin2,anchor_grid,500,0.3,-0.04406290926443501,0.020005336032746655,0.024991080744404016,0.008805550881008276,0.00996246354161487,0.01961700096410108,0.024552050856040095,0.0076072367382624545,0.009749783613942636,0.02979985966124612,0.03370531415615343,0.04406290926443501,
2000,base5,22,145,1,,1442.7362610669807,exchangeable_varying_sigma,0.18,fixed,0.18,0.18,fixed,0.18,1.0,sin,anchor_grid,500,0.0,0.002284172754731059,0.06359031534197276,0.08680137078650518,0.010714757976488631,0.014393469996487388,0.0671971701160233,0.09360531371875373,0.01281237367253138,0.015040292163170214,0.5274347271225532,0.738206446945866,0.002284172754731059,
2000,base5,22,145,1,,1601.0747511510272,exchangeable_varying_sigma,0.18,fixed,0.18,0.18,fixed,0.18,1.0,sin,anchor_grid,500,0.6,-0.3338580760874576,0.06355597101546298,0.0871973998352499,0.01838713592497182,0.021881141127072918,0.06565317644782473,0.09251457178237443,0.012146954318985714,0.015077014800892583,0.48623483720185884,0.6895464297264163,0.3338580760874576,
2000,base5,22,145,1,,1350.1648242449155,exchangeable_varying_sigma,0.18,fixed,0.18,0.18,fixed,0.18,1.0,sin,anchor_grid,500,0.9,-0.5001790373251944,0.06307492931385439,0.08670092824549969,0.018238274912791452,0.02321967420114822,0.06269817418161765,0.09000052355620919,0.012347953522195088,0.016545890544994047,0.48089964531681256,0.6814034028765876,0.5001790373251944,
5000,base4,22,145,1,,2929.9359013070352,exchangeable_varying_sigma,0.18,fixed,0.18,0.18,fixed,0.18,1.0,sin,anchor_grid,500,0.0,-0.016385023650065757,0.01876248389412702,0.025102676942085875,0.009553785527113445,0.01060602421520312,0.018756076726356506,0.02507659210865834,0.009516603544654806,0.011072630235396168,0.08759313562191429,0.09944717267835645,0.016385023650065757,
5000,base4,22,145,1,,3004.40831369895,exchangeable_varying_sigma,0.18,fixed,0.18,0.18,fixed,0.18,1.0,sin,anchor_grid,500,0.3,-0.03535680219635878,0.01884603786936607,0.024945860412991943,0.009562764804061069,0.01056998131237484,0.01819185223668591,0.02423910966967384,0.009784567314422732,0.012027484250694997,0.08790097270045935,0.09946991879279875,0.03535680219635878,
2000,base2,23,146,1,,1337.7393487480003,exchangeable_varying_sigma,0.18,fixed,0.18,0.18,fixed,0.18,1.0,mixed,anchor_grid,500,0.0,0.04069420102334354,0.0348914243642651,0.04813487661231825,0.021955894159030764,0.02851904528732355,0.03491600380399793,0.04827165586973788,0.021836130659026343,0.027269380676697985,0.268183345862091,0.30956610324513334,0.04069420102334354,
2000,base2,23,146,1,,1274.2669674190693,exchangeable_varying_sigma,0.18,fixed,0.18,0.18,fixed,0.18,1.0,mixed,anchor_grid,500,0.6,-0.14576399910846932,0.035110274353938424,0.047702418662827185,0.022130051098422976,0.028765380209033544,0.030684581346998186,0.04196166608773245,0.02324367192209513,0.028407977474268188,0.25077429851151717,0.2803415496472672,0.14576399910846932,
2000,base2,23,146,1,,1271.314395043999,exchangeable_varying_sigma,0.18,fixed,0.18,0.18,fixed,0.18,1.0,mixed,anchor_grid,500,0.9,-0.22249763818009727,0.035804406775678484,0.048475461924981304,0.023053481142810292,0.0311783647460366,0.02438276581633714,0.033325121818075724,0.02333715944301519,0.029693806402694412,0.2489471901351759,0.2750092904322222,0.22249763818009727,
2000,base2,23,146,1,,1551.2658380760113,exchangeable_varying_sigma,0.18,fixed,0.18,0.18,fixed,0.18,1.0,mixed,anchor_grid,500,0.3,-0.06818837993547694,0.03461915182370186,0.04720631730778801,0.0206307501594451,0.026107771120444555,0.03345056497551886,0.04575428834494584,0.02177631378036872,0.026250513961599147,0.2545027725070293,0.2873491721992417,0.06818837993547694,
5000,base4,22,145,1,,3097.8350469579455,exchangeable_varying_sigma,0.18,fixed,0.18,0.18,fixed,0.18,1.0,sin,anchor_grid,500,0.9,-0.07766374998089398,0.018934630223705673,0.024862671669211075,0.012408087985502914,0.012988475843205281,0.010194804270000208,0.013777057605440181,0.012498928124209469,0.014499093782905556,0.0945955939947231,0.10908413164808291,0.07766374998089398,
5000,base4,22,145,1,,3478.6916905679973,exchangeable_varying_sigma,0.18,fixed,0.18,0.18,fixed,0.18,1.0,sin,anchor_grid,500,0.6,-0.05754321154463826,0.018854261883991853,0.02490740956187192,0.010978725571844247,0.011788458985870946,0.015832558354183335,0.021230210320535507,0.010852443026123412,0.013215200225995117,0.09129178417565217,0.10409838881583296,0.05754321154463826,
5000,base5,22,145,1,,2808.4108974599512,exchangeable_varying_sigma,0.18,fixed,0.18,0.18,fixed,0.18,1.0,sin,anchor_grid,500,0.0,-0.03052544598397747,0.05566415361280509,0.07954515209044827,0.010519416583215258,0.01583019362739743,0.05873062936702598,0.08627306199181212,0.014426453486303975,0.01829696870876513,0.6688127634589136,0.8789322574043281,0.03052544598397747,
5000,base5,22,145,1,,2823.461614408996,exchangeable_varying_sigma,0.18,fixed,0.18,0.18,fixed,0.18,1.0,sin,anchor_grid,500,0.9,-0.4441604588536963,0.05409321871761199,0.0775115725415255,0.016250247191826092,0.01762958203719493,0.054815433580765995,0.08322331840960394,0.016853951885815635,0.02155408668898231,0.6924527623510505,0.9151709586577452,0.4441604588536963,
2000,base5,23,146,1,,1376.8754647750175,exchangeable_varying_sigma,0.18,fixed,0.18,0.18,fixed,0.18,1.0,sin,anchor_grid,500,0.6,-0.3414979347531774,0.06487519940794426,0.08682931137569011,0.032061849533944475,0.03913168645832869,0.06644879588318171,0.09109544362341991,0.02417450205207823,0.030377167415566887,0.5012619017106629,0.6936339625977268,0.3414979347531774,
2000,base5,23,146,1,,1501.6481116960058,exchangeable_varying_sigma,0.18,fixed,0.18,0.18,fixed,0.18,1.0,sin,anchor_grid,500,0.0,0.034029108148613006,0.064605620632432,0.0871359924689562,0.02088101223808425,0.02350748150987264,0.0680503876048352,0.09309618460296298,0.020954773800124726,0.024936976856311292,0.4697543873760947,0.6352259688740708,0.034029108148613006,
2000,base5,23,146,1,,1660.4019641579362,exchangeable_varying_sigma,0.18,fixed,0.18,0.18,fixed,0.18,1.0,sin,anchor_grid,500,0.3,-0.16741243899734784,0.06447060333673132,0.08637765667378362,0.031042542481053925,0.0366072765460641,0.06739308643259449,0.09197413422981235,0.023476629836949064,0.02842845758280178,0.5050994129382494,0.6985877215704838,0.16741243899734784,
2000,base5,23,146,1,,1445.307489347062,exchangeable_varying_sigma,0.18,fixed,0.18,0.18,fixed,0.18,1.0,sin,anchor_grid,500,0.9,-0.5119680058013576,0.06551787634320928,0.0875325810009524,0.033308376718715824,0.04132567844674554,0.06480285804961534,0.08961624569080905,0.024060840774120837,0.031942289860945265,0.49457985851131947,0.6845798420005937,0.5119680058013576,
5000,base5,22,145,1,,3511.67828287906,exchangeable_varying_sigma,0.18,fixed,0.18,0.18,fixed,0.18,1.0,sin,anchor_grid,500,0.3,-0.13951068067015232,0.05435097110801874,0.07801061940245702,0.014850847795811056,0.016083038481552795,0.057342825416147714,0.0849409000764416,0.014296797316005902,0.018444426029225032,0.6871870883402819,0.9061901156775459,0.13951068067015232,
5000,base5,22,145,1,,3809.8667399520054,exchangeable_varying_sigma,0.18,fixed,0.18,0.18,fixed,0.18,1.0,sin,anchor_grid,500,0.6,-0.29067404024619126,0.054230391675216434,0.07778758065867926,0.015557691550325936,0.01685017405295879,0.05644396300806323,0.08431842249726534,0.015504843297918944,0.02000316000218312,0.6889132933288145,0.9095050027267673,0.29067404024619126,
5000,base2,23,146,1,,3417.561494732043,exchangeable_varying_sigma,0.18,fixed,0.18,0.18,fixed,0.18,1.0,mixed,anchor_grid,500,0.0,-0.008497861107954852,0.022822891851768126,0.029165407095033714,0.0062843595062102575,0.009960849964233829,0.022705565300890615,0.02904894066137903,0.006453214775369254,0.009923439658054338,0.10307074648442927,0.12890697650132826,0.008497861107954852,
5000,base2,23,146,1,,2857.2562630369794,exchangeable_varying_sigma,0.18,fixed,0.18,0.18,fixed,0.18,1.0,mixed,anchor_grid,500,0.9,-0.11189537072669076,0.02304112319137466,0.029628119276068673,0.01437544999434591,0.01865519666762524,0.015526152791524809,0.019680782120504406,0.012532468050566764,0.01609370909480403,0.11043559443491849,0.13283406780845183,0.11189537072669076,
5000,base2,23,146,1,,3477.996113669942,exchangeable_varying_sigma,0.18,fixed,0.18,0.18,fixed,0.18,1.0,mixed,anchor_grid,500,0.3,-0.040932575119627834,0.02286329751562002,0.029517382255437482,0.011994876771716026,0.015416314644570455,0.022067112480413337,0.028371163870818877,0.010866545765290253,0.013817511664231433,0.10761894450371719,0.13154326702070693,0.040932575119627834,
2000,base1,24,147,1,,1493.6765078649623,exchangeable_varying_sigma,0.18,fixed,0.18,0.18,fixed,0.18,1.0,sin2,anchor_grid,500,0.3,-0.07191200582882284,0.03059893817482823,0.03866321254302035,0.016032151467458622,0.01857484589463657,0.029915489477285596,0.03782719965955293,0.012758779549780497,0.01575202910423426,0.16113105987702148,0.17097819957085308,0.07191200582882284,
2000,base1,24,147,1,,1676.2065819349373,exchangeable_varying_sigma,0.18,fixed,0.18,0.18,fixed,0.18,1.0,sin2,anchor_grid,500,0.0,0.002698124946780304,0.030435606315091363,0.03897515551254055,0.009582553888238143,0.012605782345157022,0.030524572063578805,0.03915931687156952,0.011281000677608566,0.013912761424974012,0.1662543443924834,0.17489856679719126,0.002698124946780304,
2000,base1,24,147,1,,1512.9529490950517,exchangeable_varying_sigma,0.18,fixed,0.18,0.18,fixed,0.18,1.0,sin2,anchor_grid,500,0.6,-0.1379883684109342,0.03077528030592777,0.03891355276270154,0.017944574045364065,0.020443124276866623,0.027570177169366196,0.03475426084987171,0.014742435937929121,0.017282691813575717,0.16135725156420128,0.17112478123093133,0.1379883684109342,
5000,base2,23,146,1,,3776.6032089500222,exchangeable_varying_sigma,0.18,fixed,0.18,0.18,fixed,0.18,1.0,mixed,anchor_grid,500,0.6,-0.07643405597722663,0.02293217420979308,0.029580717154241664,0.013253687614035087,0.017112166125613216,0.020053949922049123,0.02557600294184246,0.011846722309489618,0.015050458617629702,0.10903428907501198,0.13209400967937068,0.07643405597722663,
2000,base1,24,147,1,,1820.1999533880735,exchangeable_varying_sigma,0.18,fixed,0.18,0.18,fixed,0.18,1.0,sin2,anchor_grid,500,0.9,-0.20474397056379057,0.03093887288899911,0.0391539523417498,0.01974266525459112,0.02212231429639228,0.02216977314964375,0.02777195446543884,0.01704806047731594,0.01894631748678449,0.16076570722958938,0.17013429872384103,0.20474397056379057,
5000,base5,23,146,1,,3985.6346161999973,exchangeable_varying_sigma,0.18,fixed,0.18,0.18,fixed,0.18,1.0,sin,anchor_grid,500,0.0,0.022029193946330385,0.05578374097064176,0.0776749286824677,0.006747406407120321,0.008448428466835755,0.05926711001663373,0.08431064734102776,0.0056791612109529654,0.008186627326073415,0.7053868072209709,0.9092448082832434,0.022029193946330385,
2000,base4,24,147,1,,1697.9671487010783,exchangeable_varying_sigma,0.18,fixed,0.18,0.18,fixed,0.18,1.0,sin,anchor_grid,500,0.0,0.0030476799622002134,0.03223049273725198,0.04351082328311283,0.01096284687697996,0.014512898485994434,0.0322780521746342,0.04363379266750702,0.012128244749555234,0.013789329458696337,0.2709199913619434,0.2887523430230541,0.0030476799622002134,
5000,base5,23,146,1,,3898.8818875369616,exchangeable_varying_sigma,0.18,fixed,0.18,0.18,fixed,0.18,1.0,sin,anchor_grid,500,0.3,-0.13881847178913925,0.055502443627103965,0.0777741994308724,0.012850116215247329,0.016681992176936455,0.05871415788284455,0.0842209952013019,0.01338722228765557,0.01706070633164482,0.6770887559038425,0.8677421189320047,0.13881847178913925,
2000,base4,24,147,1,,1798.9648546070093,exchangeable_varying_sigma,0.18,fixed,0.18,0.18,fixed,0.18,1.0,sin,anchor_grid,500,0.3,-0.06032876367540854,0.032316771974677666,0.04288209783176308,0.015343481672071085,0.017979844019140896,0.031250958200001774,0.04154236939165864,0.016961302785338,0.019763267256648273,0.26323339566437565,0.28119607716578776,0.06032876367540854,
5000,base1,24,147,1,,2329.17343911191,exchangeable_varying_sigma,0.18,fixed,0.18,0.18,fixed,0.18,1.0,sin2,anchor_grid,500,0.3,-0.02006524567707818,0.018902460188278052,0.0237618065575237,0.008484418010671124,0.011545542258586448,0.018725577585865245,0.023462062679958772,0.008574982890003982,0.01088677235917495,0.02837060404974674,0.033073208464433415,0.02006524567707818,
5000,base5,23,146,1,,3827.1491049159085,exchangeable_varying_sigma,0.18,fixed,0.18,0.18,fixed,0.18,1.0,sin,anchor_grid,500,0.6,-0.29520741838582387,0.05556202223340131,0.07783099653481923,0.014040057501341283,0.018257872074557334,0.05798040344385001,0.08379301161824386,0.014550359264175042,0.018453532118622436,0.6774074595638393,0.8689909090175969,0.29520741838582387,
2000,base4,24,147,1,,1992.321286352002,exchangeable_varying_sigma,0.18,fixed,0.18,0.18,fixed,0.18,1.0,sin,anchor_grid,500,0.6,-0.12295005738736753,0.0327396078949325,0.04336072019911129,0.017440210872377987,0.02010897196731131,0.02802566767008534,0.03737174668730803,0.019440425067860395,0.021688317391632975,0.2612557334888972,0.2776315478909252,0.12295005738736753,
2000,base4,24,147,1,,1986.5233403620077,exchangeable_varying_sigma,0.18,fixed,0.18,0.18,fixed,0.18,1.0,sin,anchor_grid,500,0.9,-0.18694143835355992,0.03327430936118043,0.043994159442308826,0.01948134920836883,0.022114903928114934,0.020041986850979254,0.027279195614314626,0.02192715688025701,0.023559065018982927,0.25877720961126516,0.2737677019715704,0.18694143835355992,
5000,base1,24,147,1,,3509.0387974829646,exchangeable_varying_sigma,0.18,fixed,0.18,0.18,fixed,0.18,1.0,sin2,anchor_grid,500,0.0,-0.011410739655201016,0.02085280726825817,0.0257857560141608,0.008322470030994622,0.010189437250086808,0.021013592987671557,0.025963269537211158,0.010304611515501827,0.011895675816377502,0.03230400239548532,0.03804166078047994,0.011410739655201016,
5000,base5,23,146,1,,4742.070506251068,exchangeable_varying_sigma,0.18,fixed,0.18,0.18,fixed,0.18,1.0,sin,anchor_grid,500,0.9,-0.4534192982230395,0.05564708141383328,0.07789768829123846,0.015130991819514591,0.019706477943123513,0.056648318864710286,0.08300032571430886,0.015363230820112539,0.019590302697356766,0.6795938056179275,0.873067304219313,0.4534192982230395,
2000,base5,24,147,1,,1133.2136244929861,exchangeable_varying_sigma,0.18,fixed,0.18,0.18,fixed,0.18,1.0,sin,anchor_grid,500,0.0,0.022214518009828058,0.0641166044783253,0.08692834576158677,0.016516312685636608,0.020013678958702846,0.06746630159378947,0.09263679979855963,0.013651867056894001,0.018997703705818214,0.4674187342958848,0.6286151286372617,0.022214518009828058,
5000,base1,24,147,1,,3714.8726265750593,exchangeable_varying_sigma,0.18,fixed,0.18,0.18,fixed,0.18,1.0,sin2,anchor_grid,500,0.6,-0.05742015487170782,0.018767485495959278,0.023632036875142547,0.009357895403244443,0.01277104841748685,0.017432471593239258,0.02173769131810931,0.009142541488029746,0.011648531199623578,0.026964509165148375,0.031550183404613005,0.05742015487170782,
2000,base5,24,147,1,,1873.4015093480702,exchangeable_varying_sigma,0.18,fixed,0.18,0.18,fixed,0.18,1.0,sin,anchor_grid,500,0.3,-0.19599018493318757,0.06366809075492116,0.08633528716757012,0.029882434713724565,0.033714812295614786,0.06621694986293661,0.09118295131460993,0.02676226674081067,0.02945305795978977,0.4166218614788879,0.5479086502257787,0.19599018493318757,
2000,base5,24,147,1,,2020.7796183179598,exchangeable_varying_sigma,0.18,fixed,0.18,0.18,fixed,0.18,1.0,sin,anchor_grid,500,0.6,-0.3645352055935701,0.06405842307291094,0.08677764457560334,0.031979163914030606,0.03600212155050414,0.0652867535032044,0.09034638734489417,0.028504500749778144,0.031640850545667114,0.4133261116052374,0.5438504033624284,0.3645352055935701,
5000,base1,24,147,1,,4715.146419739001,exchangeable_varying_sigma,0.18,fixed,0.18,0.18,fixed,0.18,1.0,sin2,anchor_grid,500,0.9,-0.09544205704996933,0.018669260314350906,0.023530107309493998,0.01015794389233833,0.013958746730668001,0.014998354245505377,0.01828735902032127,0.00958194266596292,0.012189098195857704,0.026829398003669024,0.030929803023831363,0.09544205704996933,
2000,base5,24,147,1,,2165.426699549076,exchangeable_varying_sigma,0.18,fixed,0.18,0.18,fixed,0.18,1.0,sin,anchor_grid,500,0.9,-0.5303309414656282,0.06459056493928626,0.08740072466750905,0.034020302250019896,0.038215105311065194,0.06342356045411607,0.0888644876980507,0.029899009341076588,0.03349416039964527,0.4108049012135217,0.5399708583402818,0.5303309414656282,
5000,base4,24,147,1,,3566.2819176880876,exchangeable_varying_sigma,0.18,fixed,0.18,0.18,fixed,0.18,1.0,sin,anchor_grid,500,0.6,-0.04548303898238959,0.01764795518296826,0.023080283027425822,0.011728657610343515,0.014550860571312477,0.014850329520851436,0.019334018063358206,0.008960259790730715,0.011709898654154052,0.0875381879906761,0.10340205211355862,0.04548303898238959,
5000,base4,24,147,1,,3998.648600174929,exchangeable_varying_sigma,0.18,fixed,0.18,0.18,fixed,0.18,1.0,sin,anchor_grid,500,0.0,-0.009822118199118364,0.01893538997961712,0.024779218752033757,0.010550776074591844,0.013659826079885988,0.018979492183044074,0.024853912435542965,0.009523426644605676,0.012779598614367156,0.09411898260716664,0.10837712226057787,0.009822118199118364,
2000,base2,25,148,1,,1815.122584177996,exchangeable_varying_sigma,0.18,fixed,0.18,0.18,fixed,0.18,1.0,mixed,anchor_grid,500,0.0,0.023692023526846812,0.03416347298353225,0.04666038475897475,0.010965334077159272,0.01331016469523795,0.03422271376075236,0.04677918468609825,0.01183495913388806,0.013960409550312525,0.2568525576994334,0.2933119429325541,0.023692023526846812,
2000,base2,25,148,1,,1679.5757277669618,exchangeable_varying_sigma,0.18,fixed,0.18,0.18,fixed,0.18,1.0,mixed,anchor_grid,500,0.3,-0.062073110669744136,0.03437706118062147,0.04661832952696842,0.01917209056070973,0.023019959343803617,0.033483385620384165,0.045385479536609534,0.01816865888880917,0.021803162585592582,0.25812002324129785,0.29708095013829067,0.062073110669744136,
5000,base5,24,147,1,,3334.561337883002,exchangeable_varying_sigma,0.18,fixed,0.18,0.18,fixed,0.18,1.0,sin,anchor_grid,500,0.6,-0.3238861365428346,0.05475722899465306,0.07956352546554207,0.011774007875784365,0.012968060272997121,0.057318319008375085,0.08584229974839239,0.007517066089810079,0.008809920324645903,0.7105156266250204,0.9337977443745751,0.3238861365428346,
5000,base5,24,147,1,,3470.7980985500617,exchangeable_varying_sigma,0.18,fixed,0.18,0.18,fixed,0.18,1.0,sin,anchor_grid,500,0.0,-0.0035685150548723315,0.05599905049624986,0.079175281067077,0.01927495945786578,0.02368632687349723,0.059582953818040824,0.08652187006802328,0.017978095824351448,0.020594207724719968,0.7334870159605884,0.9765696186570022,0.0035685150548723315,
5000,base4,24,147,1,,4709.158936092048,exchangeable_varying_sigma,0.18,fixed,0.18,0.18,fixed,0.18,1.0,sin,anchor_grid,500,0.3,-0.018948648813975677,0.017711043225970006,0.023092749088756914,0.01056830622161603,0.0130721068055523,0.017143423025883953,0.022258632283919874,0.008383166679801171,0.010870629355466547,0.08826222397037284,0.10216169169158801,0.018948648813975677,
2000,base2,25,148,1,,1961.7939165100688,exchangeable_varying_sigma,0.18,fixed,0.18,0.18,fixed,0.18,1.0,mixed,anchor_grid,500,0.6,-0.13365435549158455,0.03433931419097518,0.04688504560504111,0.020523118671839702,0.024932142844522352,0.030437852174878245,0.04142827811289434,0.019898519564611472,0.024032508057346566,0.25859662497319597,0.29888452455562464,0.13365435549158455,
5000,base4,24,147,1,,4979.106406375999,exchangeable_varying_sigma,0.18,fixed,0.18,0.18,fixed,0.18,1.0,sin,anchor_grid,500,0.9,-0.07173907828773995,0.017665077895794978,0.023167745030475084,0.012790748740622984,0.015941962118548793,0.009562123977371753,0.012621339142168859,0.009392547259665193,0.012287006946203107,0.0876514493999746,0.10605179746043344,0.07173907828773995,
2000,base2,25,148,1,,2159.254809680977,exchangeable_varying_sigma,0.18,fixed,0.18,0.18,fixed,0.18,1.0,mixed,anchor_grid,500,0.9,-0.20415017956690262,0.034458189665320826,0.047387014870367124,0.021723475963004835,0.02649452940607398,0.023406798285806794,0.03225060139549183,0.021009085744682188,0.02606433119545329,0.2596337010864222,0.30161267163560207,0.20415017956690262,
5000,base5,24,147,1,,3847.5473920189543,exchangeable_varying_sigma,0.18,fixed,0.18,0.18,fixed,0.18,1.0,sin,anchor_grid,500,0.9,-0.48156631250190174,0.054770044933451556,0.07956825967095707,0.012836099006065277,0.013716988458916762,0.055996779940679316,0.08476982774828402,0.007955193287783088,0.009154618904190994,0.7142207949884513,0.9369534697160312,0.48156631250190174,
2000,base5,25,148,1,,1674.581643850077,exchangeable_varying_sigma,0.18,fixed,0.18,0.18,fixed,0.18,1.0,sin,anchor_grid,500,0.0,0.04311402562506434,0.0635355195836251,0.08592135962545312,0.005671043082197874,0.008450434927865626,0.06673006934650182,0.09167275176697137,0.00836872492549677,0.009298596467678584,0.4400275223935231,0.5979683448706667,0.04311402562506434,
2000,base5,25,148,1,,1804.2831154820742,exchangeable_varying_sigma,0.18,fixed,0.18,0.18,fixed,0.18,1.0,sin,anchor_grid,500,0.6,-0.3060836061579072,0.06271149684664805,0.08575821620569621,0.029555430939493116,0.0315295567083771,0.06480933894587422,0.09064722249872645,0.030101659933731206,0.03234478280253417,0.42810956754891233,0.5856827623925432,0.3060836061579072,
2000,base5,25,148,1,,1934.4803095289972,exchangeable_varying_sigma,0.18,fixed,0.18,0.18,fixed,0.18,1.0,sin,anchor_grid,500,0.3,-0.13503405398676527,0.06270989542911054,0.08571042480885005,0.028306480824503905,0.0302691454900201,0.06590797365471901,0.09144277543249774,0.02786861917417932,0.02985070785027658,0.4275311967233419,0.583609088077618,0.13503405398676527,
2000,base5,25,148,1,,1878.9262783490121,exchangeable_varying_sigma,0.18,fixed,0.18,0.18,fixed,0.18,1.0,sin,anchor_grid,500,0.9,-0.4777101438649017,0.06289368235792307,0.0858901174140633,0.030435527236372967,0.032401033380086514,0.06268108857753896,0.08906473237886084,0.03185472983717061,0.03450215690362688,0.42851318494424673,0.5869751245257805,0.4777101438649017,
5000,base5,24,147,1,,5719.698926075944,exchangeable_varying_sigma,0.18,fixed,0.18,0.18,fixed,0.18,1.0,sin,anchor_grid,500,0.3,-0.16763688991463638,0.054784352948580715,0.07955628342418665,0.010613656487059392,0.01223686556412172,0.05805673172176237,0.08653408474559797,0.007016284523129107,0.008411093428678375,0.708381323198195,0.9320905808378731,0.16763688991463638,
5000,base2,25,148,1,,3745.9172854959033,exchangeable_varying_sigma,0.18,fixed,0.18,0.18,fixed,0.18,1.0,mixed,anchor_grid,500,0.3,-0.05952444172934043,0.022701994464815436,0.029452784760775088,0.009916118386024145,0.010850180785420348,0.021935111412515737,0.028310481590186516,0.01078501491390739,0.01163828407777977,0.10499027177702598,0.13356192095285915,0.05952444172934043,
2000,base1,26,149,1,,1092.6954354910413,exchangeable_varying_sigma,0.18,fixed,0.18,0.18,fixed,0.18,1.0,sin2,anchor_grid,500,0.9,-0.21764186085631,0.030729160457417627,0.03978895246429984,0.008530954494014947,0.01010355314290173,0.02172172366312665,0.028403971043140422,0.00848374866077889,0.009439059914636883,0.15582537949962452,0.15832098412868714,0.21764186085631,
5000,base2,25,148,1,,4222.451442418969,exchangeable_varying_sigma,0.18,fixed,0.18,0.18,fixed,0.18,1.0,mixed,anchor_grid,500,0.6,-0.08913305090739476,0.022794733048693512,0.02953412489329692,0.010865260916616215,0.011995444363391507,0.019905652061836775,0.025467617534704824,0.011702715854147658,0.012849459561099303,0.11511253427397332,0.14454603019540968,0.08913305090739476,
2000,base1,26,149,1,,1778.896912876051,exchangeable_varying_sigma,0.18,fixed,0.18,0.18,fixed,0.18,1.0,sin2,anchor_grid,500,0.0,-0.017595023846801353,0.028399864376408637,0.037061049511392205,0.005200601397033322,0.005620672141275333,0.028475365192464117,0.037261838546991104,0.00427754264912078,0.0051837587192344855,0.14555053589914507,0.14647108723465307,0.017595023846801353,
5000,base2,25,148,1,,4681.888916683034,exchangeable_varying_sigma,0.18,fixed,0.18,0.18,fixed,0.18,1.0,mixed,anchor_grid,500,0.0,-0.01879738117931547,0.021881963473195553,0.028302945669548784,0.009411234157306464,0.011355002647676254,0.02180210475326569,0.028207508474359478,0.01007534099674065,0.011825650097507101,0.09247318186147206,0.11785396135252289,0.01879738117931547,
5000,base5,25,148,1,,3397.4076464690734,exchangeable_varying_sigma,0.18,fixed,0.18,0.18,fixed,0.18,1.0,sin,anchor_grid,500,0.0,0.0005938476488754432,0.055167619535290695,0.07799853605519678,0.011952700628141216,0.013735187682451471,0.058536604540506035,0.08492324560752681,0.011485041822521996,0.014279807245854082,0.7245868500265165,0.9422762535719805,0.0005938476488754432,
2000,base1,26,149,1,,1888.9190273650456,exchangeable_varying_sigma,0.18,fixed,0.18,0.18,fixed,0.18,1.0,sin2,anchor_grid,500,0.6,-0.158684300140226,0.030160699360827763,0.03920463673280828,0.00921651946160848,0.010526397815425437,0.02673843790441736,0.03495029459995459,0.007960781313059495,0.009515629804009499,0.15151682370821704,0.15362468188851558,0.158684300140226,
2000,base1,26,149,1,,2056.8137317229994,exchangeable_varying_sigma,0.18,fixed,0.18,0.18,fixed,0.18,1.0,sin2,anchor_grid,500,0.3,-0.0965790462937367,0.029867990835107314,0.03881663397221198,0.009573074775054397,0.010581811267235211,0.029113707518801463,0.03798164687961498,0.008208257709802547,0.009323823555138428,0.14760170131423864,0.14947322938765115,0.0965790462937367,
5000,base2,25,148,1,,4560.068365862942,exchangeable_varying_sigma,0.18,fixed,0.18,0.18,fixed,0.18,1.0,mixed,anchor_grid,500,0.9,-0.11377586106265836,0.022984511541937536,0.02962489996870674,0.011656360239924057,0.013034454085890795,0.015395964223388533,0.01948584599104982,0.01216217667142766,0.013793158620802076,0.12622351982872673,0.156790529882639,0.11377586106265836,
5000,base5,25,148,1,,4391.934551493032,exchangeable_varying_sigma,0.18,fixed,0.18,0.18,fixed,0.18,1.0,sin,anchor_grid,500,0.3,-0.15745932849997823,0.056044559432074016,0.07919720806577635,0.0226324196775905,0.02450224533840646,0.0592565128452092,0.08594880138657844,0.01982212359432882,0.02095022795104068,0.732246617806177,0.9681338264903993,0.15745932849997823,
2000,base4,26,149,1,,1401.698271833011,exchangeable_varying_sigma,0.18,fixed,0.18,0.18,fixed,0.18,1.0,sin,anchor_grid,500,0.3,-0.08048531207820728,0.03179552050946947,0.04368310976747757,0.008252732942808344,0.009659493245490982,0.03072151323828295,0.04243883871575402,0.00795211284357078,0.008610214305640766,0.2555913454228427,0.27650838348698176,0.08048531207820728,
5000,base5,25,148,1,,4852.682787780999,exchangeable_varying_sigma,0.18,fixed,0.18,0.18,fixed,0.18,1.0,sin,anchor_grid,500,0.6,-0.3118739360140006,0.05610941946213807,0.07924009327078235,0.02369180998844568,0.025733920954965517,0.058374443900467615,0.08516280329025439,0.02085412054835499,0.022138283602340245,0.7330936750754329,0.9677839508093333,0.3118739360140006,
2000,base4,26,149,1,,2141.9194331140025,exchangeable_varying_sigma,0.18,fixed,0.18,0.18,fixed,0.18,1.0,sin,anchor_grid,500,0.0,-0.01282862263647596,0.03176392134364331,0.04311816510344055,0.0036133634812471616,0.0046035134877589826,0.031741946973511626,0.04319857707349091,0.0035274505184827443,0.004594384782574015,0.25115667001621744,0.2701587774798786,0.01282862263647596,
2000,base4,26,149,1,,2117.2439270210452,exchangeable_varying_sigma,0.18,fixed,0.18,0.18,fixed,0.18,1.0,sin,anchor_grid,500,0.9,-0.1839013811608441,0.03265429449248408,0.044789630847896215,0.007050462968151816,0.00890139555742823,0.019704633652734234,0.028793409934757673,0.006489007155632248,0.008103423205391182,0.26714722945057273,0.2889887368939317,0.1839013811608441,
2000,base4,26,149,1,,2222.5604427220533,exchangeable_varying_sigma,0.18,fixed,0.18,0.18,fixed,0.18,1.0,sin,anchor_grid,500,0.6,-0.13369058940569095,0.032084247959658134,0.044103611619065355,0.0076617189680771025,0.009476985774088445,0.027478081355453116,0.038372418639639645,0.007680324159424712,0.008544761094269864,0.26132379431390895,0.2827058730192599,0.13369058940569095,
5000,base5,25,148,1,,5281.4010671,exchangeable_varying_sigma,0.18,fixed,0.18,0.18,fixed,0.18,1.0,sin,anchor_grid,500,0.9,-0.465266715932249,0.05620706168139412,0.07927466552396797,0.02469994005944194,0.026944518428419703,0.056812902239717585,0.08393163298589236,0.02172799085154828,0.02327287872210675,0.7340231828443744,0.9667392247046687,0.465266715932249,
5000,base1,26,149,1,,3830.2328016130487,exchangeable_varying_sigma,0.18,fixed,0.18,0.18,fixed,0.18,1.0,sin2,anchor_grid,500,0.3,-0.04344836921453554,0.020363845068784373,0.02504889199403171,0.007625226772488197,0.008848528668100632,0.020078457070251975,0.02475355433996143,0.006856700206999716,0.007989844961693552,0.03737898307817535,0.046088137183629266,0.04344836921453554,
5000,base4,26,149,1,,1964.6743046169868,exchangeable_varying_sigma,0.18,fixed,0.18,0.18,fixed,0.18,1.0,sin,anchor_grid,500,0.6,-0.052260260009066695,0.018101335346471036,0.02389630550281178,0.009470233458539895,0.01012415153196921,0.01555467739402538,0.020717609550578633,0.00915701924043158,0.009785418084131508,0.09714346013086508,0.11082109920416088,0.052260260009066695,
5000,base1,26,149,1,,4450.952601619996,exchangeable_varying_sigma,0.18,fixed,0.18,0.18,fixed,0.18,1.0,sin2,anchor_grid,500,0.0,-0.028797644582332096,0.02025204615037837,0.02531787934382012,0.006764958398125326,0.007027175081391391,0.020337857715189218,0.025417085830121897,0.006138087431948824,0.006985792054296877,0.034550774715325326,0.04162873324960608,0.028797644582332096,
2000,base5,26,149,1,,1945.6950654099928,exchangeable_varying_sigma,0.18,fixed,0.18,0.18,fixed,0.18,1.0,sin,anchor_grid,500,0.0,-0.0007511208324019958,0.06499083180768593,0.09133871854239026,0.012175597466433624,0.015675685112596052,0.0683815665681934,0.09805710305727909,0.005754954635250997,0.00672762940820022,0.5109021200842808,0.6844745984745458,0.0007511208324019958,
2000,base5,26,149,1,,2022.3356480089715,exchangeable_varying_sigma,0.18,fixed,0.18,0.18,fixed,0.18,1.0,sin,anchor_grid,500,0.3,-0.2213631182754055,0.06685662913291623,0.09372337286958508,0.01670157673467948,0.01936224183019665,0.07023774335828037,0.10053842407628041,0.010109207830649003,0.010570749277507067,0.5080021570312188,0.689268811448434,0.2213631182754055,
5000,base1,26,149,1,,4873.756948675029,exchangeable_varying_sigma,0.18,fixed,0.18,0.18,fixed,0.18,1.0,sin2,anchor_grid,500,0.6,-0.0788224635694239,0.020318823153807127,0.024949774512447103,0.008192853100916192,0.009357286188205529,0.018770496259547624,0.022960483960964725,0.007366675757410693,0.008713847486133455,0.039981994886958395,0.048632914576652767,0.0788224635694239,
2000,base5,26,149,1,,2189.4270964600146,exchangeable_varying_sigma,0.18,fixed,0.18,0.18,fixed,0.18,1.0,sin,anchor_grid,500,0.6,-0.39369884266463995,0.067373530924873,0.09405654445136284,0.017146358792392652,0.01983020716835972,0.06944263466965059,0.0996443089672544,0.01092424696275765,0.011205455471161843,0.49961194849430374,0.6774507579461362,0.39369884266463995,
5000,base1,26,149,1,,4921.638164951,exchangeable_varying_sigma,0.18,fixed,0.18,0.18,fixed,0.18,1.0,sin2,anchor_grid,500,0.9,-0.11211211955683964,0.02029332805068805,0.024915734580535778,0.008591017461391043,0.00969066174737605,0.016043517892396768,0.019142288336944566,0.007414142374476379,0.009143111803198642,0.042783855186219764,0.05180364792106611,0.11211211955683964,
5000,base5,26,149,1,,2024.5944874990964,exchangeable_varying_sigma,0.18,fixed,0.18,0.18,fixed,0.18,1.0,sin,anchor_grid,500,0.3,-0.16568636595621639,0.05562793470211819,0.07947689680786085,0.01393333119664833,0.014438461686983196,0.05897737277167447,0.08685679592434342,0.011294693798612768,0.012074372940926592,0.7468521283418545,0.9905086434867889,0.16568636595621639,
2000,base5,26,149,1,,2432.8589695390547,exchangeable_varying_sigma,0.18,fixed,0.18,0.18,fixed,0.18,1.0,sin,anchor_grid,500,0.9,-0.5650996686370569,0.06810805448702119,0.09448497925212018,0.017491455564293573,0.0202096914533889,0.06795876288667273,0.09800856218441076,0.011922272174597792,0.012101919698978501,0.4912037910887163,0.666396688173689,0.5650996686370569,
5000,base4,26,149,1,,5587.362924460089,exchangeable_varying_sigma,0.18,fixed,0.18,0.18,fixed,0.18,1.0,sin,anchor_grid,500,0.0,-0.02751212668684605,0.019015093469704914,0.025272275969550697,0.006695806885809313,0.007685242097445241,0.01902800011617999,0.025293839924391614,0.006881148556428074,0.008091245109252635,0.09557600473605375,0.10765344227112955,0.02751212668684605,
2000,base2,27,150,1,,1993.9273657239974,exchangeable_varying_sigma,0.18,fixed,0.18,0.18,fixed,0.18,1.0,mixed,anchor_grid,500,0.0,-0.009048570939832244,0.03637749936919921,0.05065750982903321,0.014187593144844857,0.015823559624803172,0.03635034236648948,0.05079450226752365,0.014347166370156983,0.015665491525847456,0.2610651782619624,0.2942074228142697,0.009048570939832244,
5000,base4,26,149,1,,5237.623847603099,exchangeable_varying_sigma,0.18,fixed,0.18,0.18,fixed,0.18,1.0,sin,anchor_grid,500,0.3,-0.026971848464049375,0.018149502626527522,0.02408922759930922,0.008909841191358195,0.009532770557445988,0.017690303710492614,0.023585084787344602,0.008418943148759253,0.008939471670820822,0.0952913836983261,0.10931199791024838,0.026971848464049375,
5000,base4,26,149,1,,4611.100215106038,exchangeable_varying_sigma,0.18,fixed,0.18,0.18,fixed,0.18,1.0,sin,anchor_grid,500,0.9,-0.07606734575466756,0.018182329335105756,0.02382951432581714,0.009802375717307465,0.010529211956641894,0.010177599412733069,0.01357578118547883,0.009451202438275144,0.010310009920996703,0.09930177639911572,0.11253364979096506,0.07606734575466756,
2000,base2,27,150,1,,2094.2992278009187,exchangeable_varying_sigma,0.18,fixed,0.18,0.18,fixed,0.18,1.0,mixed,anchor_grid,500,0.3,-0.07708285206169707,0.03700553500232675,0.05218757421741551,0.017926768067142884,0.01822014487173814,0.03592950418300724,0.05080559804587709,0.01671897114878526,0.016966349062369743,0.25362096677882434,0.2883274240159227,0.07708285206169707,
2000,base2,27,150,1,,2148.956243667053,exchangeable_varying_sigma,0.18,fixed,0.18,0.18,fixed,0.18,1.0,mixed,anchor_grid,500,0.6,-0.1459252710914279,0.03719912688873256,0.05257369325312595,0.01989902163598667,0.020246782431569795,0.03276172772135378,0.046550257835138185,0.01800343163749675,0.01828071764042898,0.2554005501761851,0.28856954160132103,0.1459252710914279,
2000,base2,27,150,1,,2041.8028742410243,exchangeable_varying_sigma,0.18,fixed,0.18,0.18,fixed,0.18,1.0,mixed,anchor_grid,500,0.9,-0.21311582180224664,0.037383887184758845,0.05303653345591524,0.021638893868820536,0.022203828606481648,0.02573033555884063,0.0369436847312637,0.019191144440689964,0.01952471511288151,0.2577298271769436,0.2893372126942839,0.21311582180224664,
5000,base2,27,150,1,,2001.6476652250858,exchangeable_varying_sigma,0.18,fixed,0.18,0.18,fixed,0.18,1.0,mixed,anchor_grid,500,0.0,-0.007921814778572955,0.022911444265291212,0.02974465001879109,0.0043536860956805284,0.00468981061405256,0.022905313316807754,0.029741130753895558,0.003343591607137611,0.0034147952462378565,0.12305777845962071,0.14642429614873095,0.007921814778572955,
5000,base5,26,149,1,,4401.067188828019,exchangeable_varying_sigma,0.18,fixed,0.18,0.18,fixed,0.18,1.0,sin,anchor_grid,500,0.0,-0.0193310270619309,0.056142619164733926,0.07982996773123077,0.005082234006740002,0.007124563691420361,0.059757782810661464,0.08759236770429457,0.008722073317416923,0.009542717593982956,0.75041382096549,1.0134378164098372,0.0193310270619309,
5000,base5,26,149,1,,4845.574252885999,exchangeable_varying_sigma,0.18,fixed,0.18,0.18,fixed,0.18,1.0,sin,anchor_grid,500,0.6,-0.3222856024561323,0.05553987750161978,0.07934308896671362,0.014493723463830557,0.015004174470994095,0.05809459668556119,0.0860448113921955,0.011762163560707944,0.012900812016483755,0.7461140394851036,0.9901675024817423,0.3222856024561323,
2000,base5,27,150,1,,1827.3603204920655,exchangeable_varying_sigma,0.18,fixed,0.18,0.18,fixed,0.18,1.0,sin,anchor_grid,500,0.3,-0.20076300116619594,0.06769467658584831,0.09185199797991479,0.014963227916569413,0.017076911872124925,0.07075731690655215,0.09741652322531963,0.019725021327989353,0.020556733825244082,0.41819566246802303,0.5528241852032538,0.20076300116619594,
5000,base5,26,149,1,,4667.329921460943,exchangeable_varying_sigma,0.18,fixed,0.18,0.18,fixed,0.18,1.0,sin,anchor_grid,500,0.9,-0.4786044772898562,0.055505847199347126,0.07920127229713257,0.014825865722599724,0.015406561830429922,0.05650155366428017,0.08475845125976832,0.011845680898238467,0.013706222432158775,0.7447620932809177,0.9898103619000588,0.4786044772898562,
2000,base5,27,150,1,,2079.559129246045,exchangeable_varying_sigma,0.18,fixed,0.18,0.18,fixed,0.18,1.0,sin,anchor_grid,500,0.6,-0.371350639042393,0.06795515762940374,0.0921421713790657,0.017066713396643785,0.018834861065895207,0.0696806995379018,0.09623846387472075,0.021172760929580092,0.02164438211821247,0.4158389184379875,0.5495521514655888,0.371350639042393,
2000,base5,27,150,1,,2130.485399098019,exchangeable_varying_sigma,0.18,fixed,0.18,0.18,fixed,0.18,1.0,sin,anchor_grid,500,0.9,-0.5429618834696892,0.0681224563387537,0.0924862110560563,0.01897048916589994,0.020572360258620855,0.06763223181002667,0.09427037838783117,0.022435060270383014,0.02275010327368846,0.41551119454017543,0.5492995426632821,0.5429618834696892,
2000,base5,27,150,1,,2457.134657738032,exchangeable_varying_sigma,0.18,fixed,0.18,0.18,fixed,0.18,1.0,sin,anchor_grid,500,0.0,-0.005578213763968046,0.06529228882475423,0.08952528215282968,0.01751827403168188,0.019441027708346485,0.0689057458082245,0.09573549801874288,0.01604653258384761,0.01681705557598407,0.44314264277059723,0.5966574063479425,0.005578213763968046,
5000,base2,27,150,1,,3307.446180482977,exchangeable_varying_sigma,0.18,fixed,0.18,0.18,fixed,0.18,1.0,mixed,anchor_grid,500,0.9,-0.104864736247687,0.022267002930997284,0.029138508149555715,0.006416426935475145,0.007018431339032135,0.015962797209051607,0.02059753889337144,0.007495399085079957,0.008351328185572455,0.12045229005531408,0.1418523476789944,0.104864736247687,
2000,base1,28,151,1,,1852.330545563018,exchangeable_varying_sigma,0.18,fixed,0.18,0.18,fixed,0.18,1.0,sin2,anchor_grid,500,0.0,-0.030859248658135177,0.03144609426365416,0.03945576365051362,0.01517979546335084,0.016941610830110143,0.031505198118155296,0.039555774870048604,0.014325977292238515,0.016303869790646446,0.14942054941132404,0.1564022527821366,0.030859248658135177,
5000,base5,27,150,1,,2858.0190861580195,exchangeable_varying_sigma,0.18,fixed,0.18,0.18,fixed,0.18,1.0,sin,anchor_grid,500,0.3,-0.16378226453924816,0.05542494964327748,0.07829036403604492,0.008741189950300293,0.010776694513314453,0.05903594991727048,0.08555616045815351,0.008213282937169164,0.009585064378308864,0.6968929765073404,0.9172620113191218,0.16378226453924816,
2000,base1,28,151,1,,1846.6369749139994,exchangeable_varying_sigma,0.18,fixed,0.18,0.18,fixed,0.18,1.0,sin2,anchor_grid,500,0.3,-0.02284692596193777,0.028395146142073356,0.03612974344674055,0.015625456961050027,0.019103970144224502,0.0277765147283234,0.035724860867664916,0.011501081702314592,0.015608393669475923,0.13773576330178713,0.1475815512688885,0.02284692596193777,
2000,base1,28,151,1,,2068.3515033239964,exchangeable_varying_sigma,0.18,fixed,0.18,0.18,fixed,0.18,1.0,sin2,anchor_grid,500,0.6,-0.10126376199161358,0.028436980736605607,0.03602301441030619,0.016814714207830955,0.020594096271082284,0.025312094893113733,0.032625784323239315,0.012015960817536309,0.016607310274403504,0.1322448966767356,0.1405727332433817,0.10126376199161358,
2000,base1,28,151,1,,2060.663504078053,exchangeable_varying_sigma,0.18,fixed,0.18,0.18,fixed,0.18,1.0,sin2,anchor_grid,500,0.9,-0.18297685901501415,0.028570405965974866,0.036079969232232355,0.01774585254030267,0.021861572341863315,0.020024193146395648,0.025546769319122326,0.012947851617968159,0.017671874668527633,0.12826240932665786,0.1347671475039837,0.18297685901501415,
5000,base2,27,150,1,,5143.963570407941,exchangeable_varying_sigma,0.18,fixed,0.18,0.18,fixed,0.18,1.0,mixed,anchor_grid,500,0.6,-0.0590946837419799,0.022437522038466638,0.02932160480292433,0.006088740367699769,0.006799395211301351,0.020430844064480324,0.026511769991434054,0.0069321484429208935,0.008040911517481713,0.12186069450755994,0.14478218597317358,0.0590946837419799,
5000,base2,27,150,1,,5796.059015345061,exchangeable_varying_sigma,0.18,fixed,0.18,0.18,fixed,0.18,1.0,mixed,anchor_grid,500,0.3,-0.01592671489723685,0.022643834494368645,0.02953313377562023,0.005670984073297303,0.006447232160042097,0.02230601348248186,0.029079521606776758,0.0063718318374318406,0.007219359391117335,0.12373601568358669,0.14813052082936848,0.01592671489723685,
5000,base1,28,151,1,,2065.8645875679795,exchangeable_varying_sigma,0.18,fixed,0.18,0.18,fixed,0.18,1.0,sin2,anchor_grid,500,0.3,-0.0183604280341092,0.019220739069087188,0.023991189655524336,0.00995959437255034,0.011492157212905798,0.018973955030904165,0.023712093776811126,0.008892277305735191,0.010899463675217415,0.04289246281963454,0.05100059935839271,0.0183604280341092,
5000,base5,27,150,1,,4999.5370598279405,exchangeable_varying_sigma,0.18,fixed,0.18,0.18,fixed,0.18,1.0,sin,anchor_grid,500,0.0,-0.007501835705674954,0.05590390995650766,0.07839659165198123,0.01060079050424545,0.012414505587895652,0.05958891295700634,0.0854727206286522,0.005402443804032209,0.005970749096464575,0.6904718548134627,0.900148328944772,0.007501835705674954,
2000,base4,28,151,1,,1352.3997304909863,exchangeable_varying_sigma,0.18,fixed,0.18,0.18,fixed,0.18,1.0,sin,anchor_grid,500,0.0,-0.013992766995888275,0.03299761261574904,0.04375217589004573,0.017572852963492452,0.01878892345009239,0.03299435982902249,0.043781575312908334,0.016970165570927065,0.01936211174253889,0.24741528209101388,0.2606885293457291,0.013992766995888275,
5000,base5,27,150,1,,4522.245740658953,exchangeable_varying_sigma,0.18,fixed,0.18,0.18,fixed,0.18,1.0,sin,anchor_grid,500,0.6,-0.3185208698221187,0.055434318652334266,0.07822548373898179,0.00894894164927676,0.011024577541175364,0.05830851307625752,0.08501495246965585,0.008923843926957581,0.010535134146894533,0.6960315021747139,0.9161535624688117,0.3185208698221187,
5000,base1,28,151,1,,2139.230849824031,exchangeable_varying_sigma,0.18,fixed,0.18,0.18,fixed,0.18,1.0,sin2,anchor_grid,500,0.6,-0.05891251328103875,0.01918543801401424,0.023881181386519162,0.0106036295626675,0.012069526100610968,0.017766432064372464,0.02202241621141251,0.01010334788396472,0.012205376328252348,0.04197568370095925,0.050435466664534405,0.05891251328103875,
5000,base5,27,150,1,,4073.0772634629393,exchangeable_varying_sigma,0.18,fixed,0.18,0.18,fixed,0.18,1.0,sin,anchor_grid,500,0.9,-0.4705764603115273,0.0555514367987178,0.07818041443691644,0.009032772012015994,0.011178688375809438,0.05697940040955296,0.08396749841022358,0.00921912553487142,0.011213195497304118,0.6915666696649531,0.9099389470979906,0.4705764603115273,
2000,base4,28,151,1,,2088.058994791005,exchangeable_varying_sigma,0.18,fixed,0.18,0.18,fixed,0.18,1.0,sin,anchor_grid,500,0.3,-0.030669788150683386,0.031908584149022604,0.04191246647709657,0.016117406480189833,0.020010976686816194,0.030945509716133753,0.04110523954214778,0.011521779457566106,0.017632831539666226,0.2308053386158116,0.24541507471042026,0.030669788150683386,
2000,base4,28,151,1,,1884.682105936925,exchangeable_varying_sigma,0.18,fixed,0.18,0.18,fixed,0.18,1.0,sin,anchor_grid,500,0.9,-0.17822771923591674,0.03194339808195503,0.04168644627970558,0.017861151698165406,0.022435568067416554,0.019130406939945475,0.026180062971928268,0.015734266697878335,0.02072847344122079,0.2223916880052099,0.239892388963105,0.17822771923591674,
2000,base4,28,151,1,,2078.2564157119486,exchangeable_varying_sigma,0.18,fixed,0.18,0.18,fixed,0.18,1.0,sin,anchor_grid,500,0.6,-0.10329076146283389,0.031912295770795455,0.041714601636332976,0.017098111617165235,0.02136396738746779,0.02748129784961981,0.03680155745275181,0.013146176579283825,0.019130845528421724,0.22551098376490386,0.24153251364648748,0.10329076146283389,
2000,base5,28,151,1,,942.3587256680476,exchangeable_varying_sigma,0.18,fixed,0.18,0.18,fixed,0.18,1.0,sin,anchor_grid,500,0.3,-0.210950942668219,0.06165845664221816,0.08673294587878899,0.01121176229434337,0.016772495214695208,0.06504343664090735,0.09321903594661331,0.014997088203586417,0.019677333267052968,0.5016255390042308,0.7001867789147558,0.210950942668219,
2000,base5,28,151,1,,1082.982078271918,exchangeable_varying_sigma,0.18,fixed,0.18,0.18,fixed,0.18,1.0,sin,anchor_grid,500,0.6,-0.3811523767535302,0.06161595499841146,0.08694399942024482,0.012051181773780784,0.017317672984436844,0.06371295312559984,0.09214593494113738,0.016211791313205576,0.020971562655417338,0.5028372072326714,0.6986834580688686,0.3811523767535302,
2000,base5,28,151,1,,1236.185848352965,exchangeable_varying_sigma,0.18,fixed,0.18,0.18,fixed,0.18,1.0,sin,anchor_grid,500,0.0,-0.034840005364513656,0.06282142731265491,0.08673381290611905,0.022899246316822636,0.02513195838572518,0.06570624836971235,0.09286534372095895,0.020200823796271805,0.023988564403541766,0.47613676274482136,0.6717515827289952,0.034840005364513656,
5000,base1,28,151,1,,3513.1403633970767,exchangeable_varying_sigma,0.18,fixed,0.18,0.18,fixed,0.18,1.0,sin2,anchor_grid,500,0.9,-0.10190896064146804,0.019167616422755603,0.023779250140011463,0.011020750514889127,0.012337275705542763,0.015307214978520072,0.018464740672138113,0.010890955434775418,0.012877229690832817,0.04218758923771411,0.051079701536297546,0.10190896064146804,
5000,base1,28,151,1,,4940.298065313022,exchangeable_varying_sigma,0.18,fixed,0.18,0.18,fixed,0.18,1.0,sin2,anchor_grid,500,0.0,-0.0033562051432621002,0.020144670799828956,0.02526267219846562,0.0038484160328234457,0.0051824002977613115,0.020210810340289476,0.025368224409890623,0.004328971376784535,0.004737809070788726,0.049222792940131606,0.05755860002743894,0.0033562051432621002,
2000,base5,28,151,1,,1065.2495778769953,exchangeable_varying_sigma,0.18,fixed,0.18,0.18,fixed,0.18,1.0,sin,anchor_grid,500,0.9,-0.5473724744990307,0.06174590060308335,0.08737247137095434,0.012814221854780095,0.01757206852187231,0.06127437481901228,0.09040225711340402,0.01718927753571106,0.021838124562592022,0.5007585931398798,0.6914016224625747,0.5473724744990307,
5000,base4,28,151,1,,2349.7383389440365,exchangeable_varying_sigma,0.18,fixed,0.18,0.18,fixed,0.18,1.0,sin,anchor_grid,500,0.3,-0.016060360386905448,0.01785451355109533,0.023511606064288332,0.00951363434251759,0.011439831172021858,0.01724777383400833,0.022870445571212143,0.010649639301207214,0.013110363888596255,0.10938095893345001,0.1273356457726123,0.016060360386905448,
5000,base4,28,151,1,,2441.1000469189603,exchangeable_varying_sigma,0.18,fixed,0.18,0.18,fixed,0.18,1.0,sin,anchor_grid,500,0.9,-0.07478988828960376,0.017738430639238776,0.023198078807664748,0.01032481449178424,0.012087167224925088,0.009812625331166521,0.013117617385980817,0.012989457973242108,0.015594071444580353,0.10517598367319056,0.12977409694543318,0.07478988828960376,
2000,base2,29,152,1,,1104.6541835790267,exchangeable_varying_sigma,0.18,fixed,0.18,0.18,fixed,0.18,1.0,mixed,anchor_grid,500,0.0,0.010417486397136364,0.037245950317659475,0.051619982494234704,0.007165159141843597,0.00974063653321164,0.03726093777457085,0.051729890833794985,0.007056373169644914,0.0091086923321508,0.23207464558745294,0.2826174400381814,0.010417486397136364,
5000,base4,28,151,1,,3162.7884149280144,exchangeable_varying_sigma,0.18,fixed,0.18,0.18,fixed,0.18,1.0,sin,anchor_grid,500,0.6,-0.04471048599966698,0.017793347651635434,0.023360900453363503,0.010052639308181871,0.011939221624962389,0.015059363475766276,0.020034199945753926,0.01206809950320642,0.014730085219068193,0.10695176862938806,0.12828243840474368,0.04471048599966698,
5000,base4,28,151,1,,3690.5281234739814,exchangeable_varying_sigma,0.18,fixed,0.18,0.18,fixed,0.18,1.0,sin,anchor_grid,500,0.0,0.004635438715732153,0.018117949786949226,0.024104884544867828,0.0049236135448996465,0.006084974907224679,0.018145688697712,0.024126871130325394,0.005297352393553126,0.006564595645800919,0.11606359875734332,0.13009014375386807,0.004635438715732153,
2000,base2,29,152,1,,1585.835136358044,exchangeable_varying_sigma,0.18,fixed,0.18,0.18,fixed,0.18,1.0,mixed,anchor_grid,500,0.3,-0.09540250118153701,0.0356011813274903,0.04843497382047239,0.010653374096834603,0.011653425978150339,0.03502771938330912,0.04766171060145322,0.010704320561267994,0.012622770914502854,0.23645980311317955,0.28798622575982064,0.09540250118153701,
2000,base2,29,152,1,,1506.4070541509427,exchangeable_varying_sigma,0.18,fixed,0.18,0.18,fixed,0.18,1.0,mixed,anchor_grid,500,0.9,-0.20706277492897407,0.034735577422951414,0.047376331107055566,0.011514406652401638,0.013466815115410992,0.024656346174508972,0.03389586026375984,0.009903281729020663,0.012612758011940613,0.2549138799140879,0.30510156874534594,0.20706277492897407,
5000,base5,28,151,1,,2565.32066498301,exchangeable_varying_sigma,0.18,fixed,0.18,0.18,fixed,0.18,1.0,sin,anchor_grid,500,0.3,-0.14549557282874148,0.054037134808970794,0.07745248866936877,0.010542735196286734,0.012410027236663564,0.057111846521031004,0.08438496298154519,0.008062446074335816,0.010780767822303703,0.6613515838163481,0.8718701948178191,0.14549557282874148,
5000,base5,28,151,1,,2465.521473955945,exchangeable_varying_sigma,0.18,fixed,0.18,0.18,fixed,0.18,1.0,sin,anchor_grid,500,0.6,-0.2985957383082965,0.05391021052656773,0.0773059799306379,0.010458723903505829,0.01266395483166747,0.056375071945485807,0.08401466946701712,0.008599086851242305,0.011686368543893358,0.661072491567417,0.8690483967328506,0.2985957383082965,
2000,base2,29,152,1,,2060.5003835540265,exchangeable_varying_sigma,0.18,fixed,0.18,0.18,fixed,0.18,1.0,mixed,anchor_grid,500,0.6,-0.1536249237616295,0.03516672958947652,0.04782651231357861,0.01121993354908822,0.01261393417858586,0.03178114160912532,0.04330134096676427,0.010708357600676621,0.013088933052563,0.2464736741395456,0.2971836490177385,0.1536249237616295,
5000,base5,28,151,1,,2774.844880966004,exchangeable_varying_sigma,0.18,fixed,0.18,0.18,fixed,0.18,1.0,sin,anchor_grid,500,0.9,-0.45202889005406116,0.05372519243707951,0.07711575468799103,0.01019816219495448,0.012632905753794246,0.05487873499098262,0.083213513795626,0.008829971390245439,0.01206130080839951,0.6601668394975635,0.8657069977620968,0.45202889005406116,
5000,base2,29,152,1,,2422.305031563039,exchangeable_varying_sigma,0.18,fixed,0.18,0.18,fixed,0.18,1.0,mixed,anchor_grid,500,0.0,-0.0029984835297889177,0.02342579774538198,0.029905041978215873,0.01565412627969684,0.01637453341843048,0.023354992121976642,0.029804499092283755,0.015006876393044627,0.01573492372332798,0.11162845541623442,0.1305100683026239,0.0029984835297889177,
2000,base5,29,152,1,,1072.2499956210377,exchangeable_varying_sigma,0.18,fixed,0.18,0.18,fixed,0.18,1.0,sin,anchor_grid,500,0.9,-0.5256944852709116,0.064704106284458,0.08743197720897904,0.023995325869755377,0.02720153357193778,0.06404369297072439,0.08989684030201689,0.01682911694029056,0.018112273256548874,0.5159925594213177,0.6879546092289465,0.5256944852709116,
2000,base5,29,152,1,,1894.2698588370113,exchangeable_varying_sigma,0.18,fixed,0.18,0.18,fixed,0.18,1.0,sin,anchor_grid,500,0.0,-0.011569415057783394,0.06584487874850839,0.09024907757285171,0.009293488532370026,0.010702257080369388,0.06929955213427251,0.09607568935611563,0.0056988701638509,0.006612515331549312,0.49262284879980633,0.667629439369262,0.011569415057783394,
2000,base5,29,152,1,,1757.571119982982,exchangeable_varying_sigma,0.18,fixed,0.18,0.18,fixed,0.18,1.0,sin,anchor_grid,500,0.3,-0.1875693509372196,0.06516484367133517,0.08776448127061577,0.02292306858442268,0.02545490167626725,0.06844449567931626,0.09368867330870319,0.01617617215654829,0.017373375463997677,0.5236954533032185,0.6955871593041743,0.1875693509372196,
2000,base5,29,152,1,,1767.0994347480591,exchangeable_varying_sigma,0.18,fixed,0.18,0.18,fixed,0.18,1.0,sin,anchor_grid,500,0.6,-0.3566763596555753,0.06495717639343658,0.08754684818554015,0.023627413365597663,0.026432315540045805,0.06676784922382432,0.0921466221303839,0.01669163223340374,0.017938945253478878,0.519523592515452,0.6906897255866054,0.3566763596555753,
5000,base5,28,151,1,,4355.574212988024,exchangeable_varying_sigma,0.18,fixed,0.18,0.18,fixed,0.18,1.0,sin,anchor_grid,500,0.0,0.005613396131288989,0.05482126566732027,0.0780237246509453,0.007480966568620073,0.008520099965900672,0.057990153180367966,0.08494280317668615,0.006163560179086369,0.007672687326595544,0.6606960075454041,0.8802533830038497,0.005613396131288989,
5000,base2,29,152,1,,3143.5552848679945,exchangeable_varying_sigma,0.18,fixed,0.18,0.18,fixed,0.18,1.0,mixed,anchor_grid,500,0.3,-0.047789969485542205,0.022714376341786975,0.029168192745985293,0.01559802286200511,0.017359440374187324,0.022045927683518894,0.028336319812114038,0.014061700279552586,0.016062683523115524,0.11026360935882003,0.1270613957698246,0.047789969485542205,
5000,base2,29,152,1,,3169.3434596820734,exchangeable_varying_sigma,0.18,fixed,0.18,0.18,fixed,0.18,1.0,mixed,anchor_grid,500,0.6,-0.07933603155886781,0.022645614327255786,0.029085910714974027,0.016847705422179796,0.018829674608705015,0.02003384952551253,0.025642807812825852,0.014785337001889554,0.016950411356351846,0.11485652891092764,0.13188175353811285,0.07933603155886781,
5000,base5,29,152,1,,1549.1528682459611,exchangeable_varying_sigma,0.18,fixed,0.18,0.18,fixed,0.18,1.0,sin,anchor_grid,500,0.6,-0.32981599662849476,0.05608084273430374,0.07945897745649982,0.00846726423051114,0.010448877222886227,0.05814586370941981,0.08545104631418289,0.013575002973027661,0.01620293916319749,0.7489879131440772,0.9747742567836044,0.32981599662849476,
5000,base5,29,152,1,,1368.2513213460334,exchangeable_varying_sigma,0.18,fixed,0.18,0.18,fixed,0.18,1.0,sin,anchor_grid,500,0.9,-0.47887029313285784,0.05616522655461526,0.07952211074617442,0.009212597430672015,0.011472462544320355,0.05661376978615825,0.08446580901247522,0.014199818271827272,0.016840231918414314,0.7419431540307084,0.9680711105989716,0.47887029313285784,
5000,base2,29,152,1,,2947.555716814939,exchangeable_varying_sigma,0.18,fixed,0.18,0.18,fixed,0.18,1.0,mixed,anchor_grid,500,0.9,-0.10781210660635909,0.02253120406271947,0.028983486782322963,0.017768464937546094,0.019969061612995765,0.01541051834221005,0.01973022735429702,0.01487519637261428,0.017200090229190074,0.12006486593661567,0.1372773926639468,0.10781210660635909,
5000,base5,29,152,1,,2165.7063438599,exchangeable_varying_sigma,0.18,fixed,0.18,0.18,fixed,0.18,1.0,sin,anchor_grid,500,0.0,-0.019336357615978184,0.05630540085498524,0.07995521991114504,0.02132592188516866,0.022637376550109542,0.05989651118404805,0.08702693142063683,0.022549798749418565,0.023361964201238886,0.7357783797175235,0.9590270981551955,0.019336357615978184,
5000,base5,29,152,1,,2119.7801333620446,exchangeable_varying_sigma,0.18,fixed,0.18,0.18,fixed,0.18,1.0,sin,anchor_grid,500,0.3,-0.17808081688899385,0.05603141586237983,0.07942698128169194,0.007548392843827925,0.009158731853962892,0.059041261816622594,0.08610371541777452,0.012418949219859185,0.015085982869584172,0.7546422925547503,0.9800162811748225,0.17808081688899385,
