n_subject,coef_type,rho_true,sigma2_function,covariance_mode,signal_bandwidth_method,n_rep,n_success,n_fail,miae_iid_mean,miae_iid_std,rmise_iid_mean,rmise_iid_std,beta_mae_iid_mean,beta_mae_iid_std,beta_rmse_iid_mean,beta_rmse_iid_std,miae_final_mean,miae_final_std,rmise_final_mean,rmise_final_std,beta_mae_final_mean,beta_mae_final_std,beta_rmse_final_mean,beta_rmse_final_std,sigma2_miae_mean,sigma2_miae_std,sigma2_rmise_mean,sigma2_rmise_std,rho_abs_error_mean,rho_abs_error_std,rho_error_mean,rho_error_std,best_signal_bandwidth_mean,best_signal_bandwidth_std,best_variance_bandwidth_mean,best_variance_bandwidth_std,elapsed_seconds_mean,elapsed_seconds_std,Sigma_fro_error_mean,Sigma_fro_error_std,rho_mae,rho_rmse
1000,base1,0.0,constant,exchangeable_varying_sigma,fixed,30,30,0,0.05063106368906292,0.0017300751503300778,0.06930603476734125,0.0033269746229805425,0.02087199199300403,0.0077807894254800815,0.02449163302308332,0.009428135741679012,0.05076807676439623,0.0017651200345172465,0.06968418329610641,0.0033888550721555806,0.0212337367826826,0.007729644424379306,0.024982880002369902,0.009829469307676805,0.303230790114104,0.02658285098628829,0.3146025634665423,0.024944896672218525,0.028083303726369392,0.019090601887516444,,,0.17999999999999997,2.7755575615628914e-17,0.17999999999999997,2.7755575615628914e-17,1618.1512102205734,1350.6211543614631,0.4302377315312353,0.036879610286852264,,
1000,base1,0.0,mixed,exchangeable_varying_sigma,fixed,30,30,0,0.0516881200871249,0.0018423604720558455,0.07279968389598897,0.003815550580959567,0.02078287308900416,0.007908858514540136,0.024517520791219945,0.009733312117884679,0.05177063883754949,0.0018684503136633132,0.07306764200451568,0.0038500624433782933,0.020931207889364593,0.007509044270999266,0.024522855081037374,0.009535169811403243,0.31654122442938804,0.02675164277121148,0.35630098682118366,0.026773329019859488,0.029215382811254652,0.020374938894091744,0.010862100128748138,0.03392184412055418,0.17999999999999997,2.7755575615628914e-17,0.17999999999999997,2.7755575615628914e-17,1291.4919971449135,276.75899107384754,,,0.029215382811254652,0.035618488566278694
1000,base1,0.0,sin,exchangeable_varying_sigma,fixed,30,30,0,0.05045995200208131,0.0017715380184204143,0.06926150057224872,0.003455491094635189,0.021189207023234628,0.007970995250863169,0.02476456520456472,0.009860501881129953,0.05054455718215941,0.0018037349175225818,0.06956934042102023,0.0034966927127821758,0.020519761562281438,0.007477084778250027,0.024200431847263598,0.009241393191707725,0.3042937902966083,0.027528037160300223,0.32723031420243043,0.02785495099670815,0.029290180883769355,0.019401085843944774,0.012603104035140244,0.03279449034224306,0.17999999999999997,2.7755575615628914e-17,0.17999999999999997,2.7755575615628914e-17,1256.6952729064787,145.23924631374206,,,0.029290180883769355,0.035132845431704536
1000,base1,0.0,sin2,exchangeable_varying_sigma,fixed,30,30,0,0.042797728073365536,0.0013635628265326058,0.05642987928970125,0.0022983101319787157,0.01815142692118438,0.00676025419815178,0.02120070484755272,0.008056828627510773,0.042901123446874065,0.0013919847553796937,0.05675204600294644,0.002371336058665169,0.017849806684977702,0.006644120415076582,0.021211161904896487,0.008390557027886904,0.20983644278167454,0.02098266838322566,0.2155892699735626,0.02155433522971338,0.027860522379485005,0.019571681145826084,0.011781297290602845,0.031944646566867865,0.17999999999999997,2.7755575615628914e-17,0.17999999999999997,2.7755575615628914e-17,1265.5459601487296,202.70647799967216,,,0.027860522379485005,0.03404789876235638
1000,base1,0.3,constant,exchangeable_varying_sigma,fixed,30,30,0,0.05050633850203157,0.002045195438843199,0.06946139170585797,0.0037615860398561352,0.024433497455361063,0.0100530495750123,0.02783055284123054,0.010689534950450653,0.04941229992752295,0.0017753096220301293,0.06832692414389524,0.003503946224939515,0.02488281474773757,0.010661206357092372,0.028309733583623663,0.010861192291180752,0.302291144392839,0.03484226921832809,0.3133779639312493,0.033486859898437714,0.07483925398352695,0.030594774617989866,,,0.17999999999999997,2.7755575615628914e-17,0.17999999999999997,2.7755575615628914e-17,1497.9493506417396,1201.1945056835657,0.4735513201476214,0.053152762068489755,,
1000,base1,0.3,mixed,exchangeable_varying_sigma,fixed,30,30,0,0.051500244437849285,0.002076608658131552,0.07297072242484519,0.004107332757547191,0.024495490817630822,0.010277246559406381,0.028014180277591304,0.0107066582793712,0.05031617657777745,0.0017822287438949837,0.07164608322551773,0.003816361798423127,0.024428595292670476,0.01047020275333322,0.027745484255919453,0.010743883410785665,0.3151537376635259,0.03554513854160703,0.35453779739589025,0.035578865406693846,0.07701983709680185,0.030975712982855105,-0.07701983709680185,0.030975712982855105,0.17999999999999997,2.7755575615628914e-17,0.17999999999999997,2.7755575615628914e-17,1325.6153259895266,290.7588504245709,,,0.07701983709680185,0.08301536063412669
1000,base1,0.3,sin,exchangeable_varying_sigma,fixed,30,30,0,0.050294614213675586,0.002023606020343102,0.06939082719876911,0.003687599345157723,0.02407079453416997,0.010258382857499887,0.02759901994996588,0.01080054778085545,0.04918608588763849,0.0017598369361170698,0.06820590736062916,0.0034452176851165594,0.024518214187773838,0.01035472156796956,0.02776759048632725,0.010590739086037823,0.3027142471664425,0.03466476936390765,0.32457833879462333,0.03448742486672424,0.07631578274106525,0.0319187840845106,-0.07631578274106525,0.0319187840845106,0.17999999999999997,2.7755575615628914e-17,0.17999999999999997,2.7755575615628914e-17,1241.3218950158625,162.09296676359034,,,0.07631578274106525,0.08272186816564943
1000,base1,0.3,sin2,exchangeable_varying_sigma,fixed,30,30,0,0.04275317691111037,0.0017644861810956754,0.05654096576772271,0.0028214265769599877,0.02084178930326658,0.008532810063784577,0.023789258613735247,0.009203746116397363,0.04186713759129335,0.0015639151869591657,0.05567559468066567,0.002654694244220402,0.021182623426678152,0.008892322485137657,0.024078478613483185,0.009068323015740447,0.20914902620043177,0.026232516293969957,0.2146460591725899,0.026170386949342796,0.07392971854874911,0.031728778084396184,-0.07392971854874911,0.031728778084396184,0.17999999999999997,2.7755575615628914e-17,0.17999999999999997,2.7755575615628914e-17,1261.2626391557026,170.78835998191,,,0.07392971854874911,0.08045072183284695
1000,base1,0.6,constant,exchangeable_varying_sigma,fixed,30,30,0,0.05056953693683395,0.0023561841287233778,0.0695615192990499,0.004335222310858012,0.02658862672050164,0.01095247872706002,0.030515086801900983,0.01161961737554609,0.04525274282758242,0.0017063515647419544,0.06303717603137997,0.0036420151931369294,0.02692485159256189,0.011303518811679313,0.030412781573947827,0.011716099371000899,0.30193390244962875,0.037115839797833804,0.31327616988663026,0.03566351083632969,0.1509075740690428,0.02545056827063109,,,0.17999999999999997,2.7755575615628914e-17,0.17999999999999997,2.7755575615628914e-17,1725.5599488156595,1602.8832290525936,0.5888064879180418,0.06141317342930424,,
1000,base1,0.6,mixed,exchangeable_varying_sigma,fixed,30,30,0,0.05157706475846839,0.002396936598670461,0.07308372518049107,0.004729512671634208,0.026815420163727486,0.011020868184580417,0.03067947204763486,0.011703531340527736,0.04616830359371767,0.0017222332806665173,0.06624466989413298,0.00397584080723881,0.026392793851294092,0.01111011025702096,0.02982755851609425,0.011612754030172954,0.3146620306649765,0.03787547848038123,0.35418519069210236,0.03809929590979834,0.15646487897669234,0.025969108964246663,-0.15646487897669234,0.025969108964246663,0.17999999999999997,2.7755575615628914e-17,0.17999999999999997,2.7755575615628914e-17,1293.5790586922521,263.24290341304146,,,0.15646487897669234,0.1586053371535394
1000,base1,0.6,sin,exchangeable_varying_sigma,fixed,30,30,0,0.05034984002784455,0.002336680848793344,0.06945698686047226,0.004229204325605159,0.02631959192803411,0.010984717837279953,0.030321999350060008,0.011648451879897133,0.045054312845135405,0.0016875617067307147,0.06290967856127631,0.0035634363369086335,0.026461832267472413,0.011043528924203771,0.029802944565792723,0.011524603428616397,0.3026041384471727,0.03762391661724525,0.3249757581865533,0.03804351614016791,0.1522726361331143,0.02666696359899944,-0.1522726361331143,0.02666696359899944,0.17999999999999997,2.7755575615628914e-17,0.17999999999999997,2.7755575615628914e-17,1250.447752669187,178.1362567043171,,,0.1522726361331143,0.15459004710044624
1000,base1,0.6,sin2,exchangeable_varying_sigma,fixed,30,30,0,0.04280031673425158,0.002019738055686817,0.056597498590071946,0.003221028225788345,0.0226699095394703,0.00923286187557851,0.026137836380169345,0.009919984901417255,0.03841936279155398,0.001492585208868825,0.05133646741931312,0.0027239313935587188,0.022911939337807583,0.009420698752336153,0.025833020908441837,0.009745444506748479,0.20892448132620683,0.027985071216829752,0.2146504674192762,0.02798015510907985,0.14772769493981636,0.0262904139211894,-0.14772769493981636,0.0262904139211894,0.17999999999999997,2.7755575615628914e-17,0.17999999999999997,2.7755575615628914e-17,1246.1207615770982,188.97993468674028,,,0.14772769493981636,0.15004885109982985
1000,base1,0.9,constant,exchangeable_varying_sigma,fixed,30,30,0,0.050586936166082105,0.0027200594385320943,0.06962264196479925,0.005007483900321569,0.028822652830304697,0.011342990723260307,0.0332072935288357,0.012260031449057338,0.03569359197231937,0.0018129417810737293,0.050867245517126805,0.004008270411559297,0.02836369085200614,0.011483806276889,0.031928440097200333,0.01224044988783121,0.30139440382255994,0.039889803907469115,0.31337060786368814,0.03819500870402769,0.22701441836094152,0.019222985522318464,,,0.17999999999999997,2.7755575615628914e-17,0.17999999999999997,2.7755575615628914e-17,1519.3651215152834,1391.537997826107,0.742646658369951,0.06853689567056702,,
1000,base1,0.9,mixed,exchangeable_varying_sigma,fixed,30,30,0,0.05162215353170247,0.002787941530082223,0.07315645818066242,0.0054832494444879715,0.029049962590386082,0.011584932551155806,0.033326317091864885,0.012504210149463901,0.03669857738380747,0.0018786857702571501,0.05388511371047029,0.004415053272868464,0.027901734720365945,0.011245813574074146,0.03139435410781964,0.012073412744247978,0.31404700830561777,0.040490054535577955,0.35409481220060407,0.04062016791839284,0.23600571818971072,0.020218057300978184,-0.23600571818971072,0.020218057300978184,0.17999999999999997,2.7755575615628914e-17,0.17999999999999997,2.7755575615628914e-17,1248.294280776204,283.9832909433756,,,0.23600571818971072,0.236870151896069
1000,base1,0.9,sin,exchangeable_varying_sigma,fixed,30,30,0,0.05035737905883534,0.0027035933979093654,0.06948649529784838,0.004889254792586158,0.028583545560931137,0.011377613338376197,0.033038466869720125,0.012295179571484486,0.035560216428694905,0.0017763164344877106,0.050750100901118284,0.0038909163386147794,0.027892865310515998,0.011231788428204284,0.031259035853889075,0.01202557389251094,0.302344082729236,0.04121633755972198,0.32557042631549105,0.0422185810667291,0.22797512491237595,0.020212611227123926,-0.22797512491237595,0.020212611227123926,0.17999999999999997,2.7755575615628914e-17,0.17999999999999997,2.7755575615628914e-17,1209.832885941022,127.73672211488713,,,0.22797512491237595,0.2288694108688015
1000,base1,0.9,sin2,exchangeable_varying_sigma,fixed,30,30,0,0.04278413941229941,0.0022964027862158,0.05662368493813764,0.003674976622307067,0.024530811602861375,0.009596958226064508,0.028492947154402915,0.01036558144917524,0.030568860989954722,0.0015188133025304143,0.04141995105079556,0.0029082497427668536,0.024009183816804256,0.009615644777140652,0.027017513719165998,0.010217800249882513,0.20851273594775932,0.03032316556849924,0.21470891175902537,0.03052814406936946,0.22150272139768465,0.01958490828165694,-0.22150272139768465,0.01958490828165694,0.17999999999999997,2.7755575615628914e-17,0.17999999999999997,2.7755575615628914e-17,1207.7041009446432,182.8000876338529,,,0.22150272139768465,0.22236686852807286
1000,base2,0.0,constant,exchangeable_varying_sigma,fixed,30,30,0,0.05081004618904373,0.0020759182632964345,0.06939115497937472,0.0036438003414822214,0.02093200070736732,0.007932251796981767,0.024673244349059823,0.00954086378888298,0.050993796682671046,0.002123166647568246,0.06981182948512127,0.0037228476096846,0.021200209443705872,0.00783982622601026,0.025086507875524293,0.0098089435425304,0.3033370370620416,0.027198372056614507,0.3156938256566695,0.025662050096457036,0.02936146225602124,0.021113403422642008,,,0.17999999999999997,2.7755575615628914e-17,0.17999999999999997,2.7755575615628914e-17,969.9026029186032,379.1094261445645,0.43055371515281116,0.03781062278450888,,
1000,base2,0.0,mixed,exchangeable_varying_sigma,fixed,30,30,0,0.05190466423048728,0.002191290971861201,0.07285145129928343,0.004112005716862116,0.020777172494791923,0.008041270325202186,0.024723173118333927,0.009798958516463573,0.051988511451438936,0.0022339580721335932,0.07311976450921533,0.004167699667429654,0.02105132916737206,0.007646974558169103,0.024745851518363206,0.009544429273089548,0.3167089934652519,0.0274548249571297,0.358718614147225,0.027598631275623946,0.030664663143729898,0.021953112133672886,0.009080253861044362,0.03660341087782709,0.17999999999999997,2.7755575615628914e-17,0.17999999999999997,2.7755575615628914e-17,1304.976863553081,315.15708629646224,,,0.030664663143729898,0.03771287178235095
1000,base2,0.0,sin,exchangeable_varying_sigma,fixed,30,30,0,0.05049868639115589,0.0021006374196387324,0.06937910781056418,0.003781250673118661,0.021064069902456788,0.008210261843961734,0.024888040401866755,0.010005564494611045,0.050699209019515516,0.002149323098364835,0.06978392865649649,0.0038347554122785243,0.02056233277472599,0.007490803131423581,0.024322978952404557,0.009122319020895187,0.3043485525727553,0.02824999563586141,0.3254594872159375,0.028711328732503687,0.03142677293001124,0.020268609967153847,0.010334986654771342,0.035939486051428084,0.17999999999999997,2.7755575615628914e-17,0.17999999999999997,2.7755575615628914e-17,1244.7575439744114,162.29342655933533,,,0.03142677293001124,0.03739597046200427
1000,base2,0.0,sin2,exchangeable_varying_sigma,fixed,30,30,0,0.042896885854136896,0.001670066532629106,0.05652178898067026,0.002605012992511309,0.018256220671980863,0.006949285546278717,0.021355297977834017,0.00825045451746287,0.0430708588234424,0.001714962330683088,0.05691534558807632,0.0026967257097885626,0.017706547634578292,0.006698275051103648,0.021187742954504152,0.008325163322546304,0.20996812776366625,0.021490492648657298,0.21571858537427396,0.022084926351698165,0.030341050342866716,0.020362793159829633,0.0092755247230614,0.03534384419230955,0.17999999999999997,2.7755575615628914e-17,0.17999999999999997,2.7755575615628914e-17,1259.230636123205,151.45144281780364,,,0.030341050342866716,0.03654069896948301
1000,base2,0.3,constant,exchangeable_varying_sigma,fixed,30,30,0,0.05025911433174141,0.0017919864991859692,0.06924755198912577,0.0035975641522218655,0.02440625374288398,0.009833184334004949,0.0280592272463852,0.010178105502856418,0.04923278061500583,0.0016345677618379883,0.0681789508413703,0.0033609013706486527,0.025071203327774263,0.010270582072847333,0.028463119187077213,0.010466652178442767,0.3027842094123352,0.03561010511695156,0.3146688465604218,0.03396622881798776,0.06872468456861203,0.0292487333803057,,,0.17999999999999997,2.7755575615628914e-17,0.17999999999999997,2.7755575615628914e-17,1157.578340596046,454.79177705970085,0.47155112738506355,0.055079079345718686,,
1000,base2,0.3,mixed,exchangeable_varying_sigma,fixed,30,30,0,0.05132775032076571,0.0018332749942128273,0.07275580006665555,0.003984042167899177,0.02460237207824512,0.01003074912067385,0.028155909519134024,0.010319165390772805,0.05016339983543158,0.0016607003190771252,0.0714481382288476,0.0037111589695627036,0.02454466719289807,0.010085623714874568,0.02791212193026262,0.010257200453445805,0.31561957091400605,0.03611402417253909,0.3567938907666274,0.035563875659690374,0.0710873293493583,0.030066005759123115,-0.0710873293493583,0.030066005759123115,0.17999999999999997,2.7755575615628914e-17,0.17999999999999997,2.7755575615628914e-17,1354.2812879083087,254.91272260287127,,,0.0710873293493583,0.07718402099095227
1000,base2,0.3,sin,exchangeable_varying_sigma,fixed,30,30,0,0.049897520003627606,0.0017968101449953033,0.0691578215038898,0.003571981336847049,0.02423982468857947,0.01007239376902568,0.027905840932610726,0.010314798592253323,0.04889586868332561,0.001664823141852911,0.06808855646951363,0.0033676306122768468,0.024362724602190623,0.010192924328003172,0.02774551650932304,0.010318286011395832,0.3032378968302256,0.03540884154849027,0.32326327137384214,0.0349829546179011,0.06969913855641027,0.03070093240925913,-0.06969913855641027,0.03070093240925913,0.17999999999999997,2.7755575615628914e-17,0.17999999999999997,2.7755575615628914e-17,1252.9578880701533,145.294592364042,,,0.06969913855641027,0.07616112634608009
1000,base2,0.3,sin2,exchangeable_varying_sigma,fixed,30,30,0,0.04242016224600737,0.001521394039792215,0.056298893155896895,0.0025995030344997372,0.020798690416719147,0.00827315271659665,0.02412484996320099,0.008576598723872727,0.04162623618216021,0.0014015038053445082,0.05553549564252664,0.002469781334211872,0.02132646585364096,0.008657017780290674,0.024196562940025604,0.008871775082223749,0.2097041203237285,0.026990609064190197,0.2152815422191011,0.02704897528343925,0.06682290195313821,0.029804463552333342,-0.06682290195313821,0.029804463552333342,0.17999999999999997,2.7755575615628914e-17,0.17999999999999997,2.7755575615628914e-17,1287.0529784812923,144.07760675066663,,,0.06682290195313821,0.07316834201402332
1000,base2,0.6,constant,exchangeable_varying_sigma,fixed,30,30,0,0.05025855138288496,0.001981803096132476,0.06926811529885872,0.0041115380626951074,0.026580733660907758,0.010758613949739211,0.030755072724810206,0.011123836503093646,0.045019473399990136,0.0015596238451200707,0.06282999179150459,0.003451561010054724,0.027088231220929192,0.011087480866099085,0.030507016799376268,0.011406494840612106,0.3024649708345649,0.03782873717119397,0.31455546305179266,0.03601037583328822,0.14463774451140715,0.023059859096847057,,,0.17999999999999997,2.7755575615628914e-17,0.17999999999999997,2.7755575615628914e-17,1335.3176318447843,404.5805867063309,0.5851525481832489,0.06373586565585082,,
1000,base2,0.6,mixed,exchangeable_varying_sigma,fixed,30,30,0,0.05134145652276347,0.002032545029628939,0.07280155067609693,0.004551073717396226,0.026883921420689117,0.010983772897910783,0.03082309483490147,0.011373145767713378,0.04595628404797852,0.0015828104680755237,0.0659849801427442,0.0038154964950777946,0.026479101974371484,0.010963803481350494,0.029937248402200734,0.011182249104480001,0.3151989294086699,0.03833726178287685,0.35644319084627024,0.0380197654319261,0.15038243453038994,0.023750053352044175,-0.15038243453038994,0.023750053352044175,0.17999999999999997,2.7755575615628914e-17,0.17999999999999997,2.7755575615628914e-17,1195.7580759379643,245.24435949686156,,,0.15038243453038994,0.15224631900151794
1000,base2,0.6,sin,exchangeable_varying_sigma,fixed,30,30,0,0.04988647460526079,0.0019717528231209857,0.06913784409508322,0.004036446112703904,0.026551577877963462,0.010888150859795383,0.03061571986048627,0.011231446905516461,0.044705319395489954,0.001576362836520085,0.06273550010080359,0.003430062882269436,0.02629688217654306,0.01105110976861191,0.02974737043775747,0.011275845075282854,0.3031700928326095,0.038294522330357586,0.3236727407981998,0.038337943136139994,0.1454598201089392,0.024166604753848398,-0.1454598201089392,0.024166604753848398,0.17999999999999997,2.7755575615628914e-17,0.17999999999999997,2.7755575615628914e-17,1181.8036511853104,134.18137061982696,,,0.1454598201089392,0.14745366747373115
1000,base2,0.6,sin2,exchangeable_varying_sigma,fixed,30,30,0,0.04239725527511963,0.0016649373073822286,0.056261389783264795,0.0029320713749250243,0.02269724024797554,0.008932998224301903,0.026485207206500317,0.00927785642103103,0.038115749339622945,0.0013355141691891587,0.051135614109543336,0.0025076891292922054,0.023042267279071032,0.009327818284242654,0.02588888130695757,0.00965647718030171,0.20951221341592074,0.02869577545718854,0.21524828899775128,0.02870954945829476,0.14040784326206568,0.0236092614576222,-0.14040784326206568,0.0236092614576222,0.17999999999999997,2.7755575615628914e-17,0.17999999999999997,2.7755575615628914e-17,1249.339567599394,209.70972456178376,,,0.14040784326206568,0.14237892988809528
1000,base2,0.9,constant,exchangeable_varying_sigma,fixed,30,30,0,0.05023123985362727,0.002241018146866465,0.06922423278677962,0.00470641063941358,0.028926746587168442,0.0111866967526593,0.03343399495215007,0.011847204404382297,0.035205037225452034,0.001518364436323232,0.05042720670087118,0.0037061109601808544,0.028436206667446152,0.011449237377833377,0.03197994150445701,0.011980673604359919,0.30198483053487357,0.04051021692541714,0.3146610999542711,0.0383724349840884,0.2208561085576747,0.014798115534678028,,,0.17999999999999997,2.7755575615628914e-17,0.17999999999999997,2.7755575615628914e-17,1602.9491369266898,1255.897027773222,0.7384255999700859,0.07109897174047976,,
1000,base2,0.9,mixed,exchangeable_varying_sigma,fixed,30,30,0,0.05134182957617129,0.0023104054934871138,0.07278680706937428,0.005228017499151,0.02920440281050874,0.011639265060349742,0.03345742000780161,0.012277973557833501,0.036223010183272016,0.0015778171817895155,0.05339665187947719,0.004136827374942792,0.02797660176316234,0.01113417535809808,0.03144756756278959,0.011695873538428993,0.31466806649990464,0.04085483802431148,0.356384839181784,0.040504916990373604,0.2300109542715321,0.015800623093637806,-0.2300109542715321,0.015800623093637806,0.17999999999999997,2.7755575615628914e-17,0.17999999999999997,2.7755575615628914e-17,1261.978990399885,285.1154316379546,,,0.2300109542715321,0.23055302811945028
1000,base2,0.9,sin,exchangeable_varying_sigma,fixed,30,30,0,0.04985055021291804,0.002214354905699135,0.0690547153729119,0.004594170443209733,0.028828197609408846,0.011470764391164855,0.03331592647635754,0.011957332434205381,0.03494365195483483,0.0014778854230795668,0.05034077568677411,0.0036103435695808792,0.027838309110418968,0.011229380409701747,0.031179851127886384,0.011782504778707967,0.3029737304875542,0.04179147001777615,0.32431319321207247,0.042294704363448156,0.22124326420539164,0.015114709621473574,-0.22124326420539164,0.015114709621473574,0.17999999999999997,2.7755575615628914e-17,0.17999999999999997,2.7755575615628914e-17,1228.995736598404,135.60072816888177,,,0.22124326420539164,0.22175896014185806
1000,base2,0.9,sin2,exchangeable_varying_sigma,fixed,30,30,0,0.042337539339922695,0.0018480309121114717,0.05616141808229139,0.0033101200163802385,0.024754860453951144,0.00924476403675056,0.028819184301638996,0.009792395908420432,0.029961730132932254,0.001250641725552722,0.04097273242882242,0.0025971193135812605,0.024085971140921147,0.00970728841913017,0.027031896459107547,0.010185253522156872,0.20914958542743992,0.030934664751525464,0.21527846177652007,0.0310356911440867,0.2143009867529483,0.014931782219084169,-0.2143009867529483,0.014931782219084169,0.17999999999999997,2.7755575615628914e-17,0.17999999999999997,2.7755575615628914e-17,1252.6286800123091,165.21848739854244,,,0.2143009867529483,0.21482055544925274
1000,base3,0.0,constant,exchangeable_varying_sigma,fixed,30,30,0,0.0648961250710584,0.002221807673775738,0.08406407340481449,0.0034111562403197596,0.022067807789766032,0.007644822265126901,0.02637399156434128,0.009117497837724189,0.06602409184268439,0.002312706182989397,0.08552668314316812,0.0035332544715281035,0.02267741806322347,0.007646631075909162,0.02711362626136222,0.00934316941330653,0.17163600659742723,0.02641907083638233,0.20981155901794138,0.021801297543262446,0.028517800249245908,0.022083933451645176,,,0.17999999999999997,2.7755575615628914e-17,0.17999999999999997,2.7755575615628914e-17,1220.6429252646399,573.2207349465184,0.24195619304731214,0.040243042784892644,,
1000,base3,0.0,mixed,exchangeable_varying_sigma,fixed,30,30,0,0.06600258071933389,0.002296210856532943,0.08696853926546799,0.0038037782302414087,0.02213484903132285,0.007675785755624662,0.02656566025998387,0.009333080223529343,0.06710016787848856,0.002354986775339595,0.08840090990111524,0.0038809905874778216,0.02226200608755661,0.007359525928097481,0.026602651172646884,0.008956681876663519,0.1912449620344915,0.024544258617428684,0.2643153712592008,0.023936994398007286,0.029080130820919294,0.022378083763529042,0.01599577106178059,0.03302374826739698,0.17999999999999997,2.7755575615628914e-17,0.17999999999999997,2.7755575615628914e-17,1330.752170043428,251.501869577388,,,0.029080130820919294,0.036693768428567024
1000,base3,0.0,sin,exchangeable_varying_sigma,fixed,30,30,0,0.06482655666323799,0.002229004200583355,0.08401272189098218,0.0034457189193861258,0.022195497786358934,0.007905698330177886,0.02674916018033176,0.009306285924145046,0.06587030361116965,0.002328816286436922,0.08539101016112624,0.0035556435310884534,0.022142455022855834,0.007486463853883671,0.026414026428924396,0.008967421223923694,0.19238163872946396,0.02335515907642391,0.2274966520451936,0.02392211370443468,0.029463553284598324,0.021764723080535783,0.01733987995859554,0.032266588074171536,0.17999999999999997,2.7755575615628914e-17,0.17999999999999997,2.7755575615628914e-17,1251.5866166610465,135.57003225396085,,,0.029463553284598324,0.03663064486091901
1000,base3,0.0,sin2,exchangeable_varying_sigma,fixed,30,30,0,0.05842751727459039,0.0019045989122729915,0.07386460674679628,0.00252869285680847,0.019404588308281213,0.006764909765289496,0.023116428771573397,0.0078570564917567,0.059633442801592024,0.002032687145325431,0.07539888817251163,0.0026903409010780575,0.019488447147139546,0.006799901457094829,0.023507808324340747,0.008167968127608458,0.09428293106262116,0.013257051071996708,0.11829531176706524,0.017843227891905556,0.030018684501891615,0.021381132613971676,0.01715065775527397,0.03262099308178419,0.17999999999999997,2.7755575615628914e-17,0.17999999999999997,2.7755575615628914e-17,1317.8617710777316,178.2877114148461,,,0.030018684501891615,0.03685477243289329
1000,base3,0.3,constant,exchangeable_varying_sigma,fixed,30,30,0,0.06519271348362128,0.001781104618114949,0.08455063676621394,0.002841790338710848,0.02460992897662139,0.01112006805700049,0.028928800328416087,0.011696650302465165,0.06557322531877523,0.001703079979681241,0.08500179581388036,0.002677203657180157,0.02526841732676221,0.010867624424922472,0.02968681962253888,0.011047570731754922,0.1707991196073536,0.032149572080360185,0.2087710739822903,0.03014000233856148,0.10995539180603825,0.030798319079282307,,,0.17999999999999997,2.7755575615628914e-17,0.17999999999999997,2.7755575615628914e-17,1194.399023049674,413.21766746623666,0.310561369281471,0.055178807500928656,,
1000,base3,0.3,mixed,exchangeable_varying_sigma,fixed,30,30,0,0.06623961893863231,0.0018500386782986835,0.08744537686669758,0.0031905965299657904,0.02483923288360134,0.010850825503439816,0.02912687644578259,0.011289418835897985,0.06657772522092041,0.0017389971598958224,0.0878013067957804,0.0029733791986739206,0.024912426351928717,0.010916440417914713,0.02920598213091828,0.011231275652886837,0.19061405342660864,0.03181743455325853,0.26284300259990573,0.03309691792641488,0.11235931288084625,0.03139206222429298,-0.11235931288084625,0.03139206222429298,0.17999999999999997,2.7755575615628914e-17,0.17999999999999997,2.7755575615628914e-17,1271.7487983898318,258.8259348727183,,,0.11235931288084625,0.11666223365661135
1000,base3,0.3,sin,exchangeable_varying_sigma,fixed,30,30,0,0.0651317203586455,0.0018127478861562976,0.08449904564976013,0.0029122712186572725,0.024339189798361714,0.010764018471284685,0.028803248278126695,0.011369973248439476,0.0654320776972108,0.0017397959881685083,0.08488197267810624,0.002760916513197248,0.024918980782503923,0.0108189003570409,0.029300343147330914,0.011012553849325004,0.1902785404983674,0.02811938369501999,0.22480625503161233,0.030969509498197514,0.11197011539826524,0.032586284366010715,-0.11197011539826524,0.032586284366010715,0.17999999999999997,2.7755575615628914e-17,0.17999999999999997,2.7755575615628914e-17,1136.7300791303007,216.48682794035986,,,0.11197011539826524,0.11661549069949217
1000,base3,0.3,sin2,exchangeable_varying_sigma,fixed,30,30,0,0.05875573645900188,0.0014590337985890638,0.07429846613894571,0.0020113247651791697,0.02121958482834532,0.00979311002723621,0.025113485581590118,0.010575153230752844,0.0594151451420249,0.0014580267764590252,0.07514052497782742,0.00195482397022223,0.021507904841763605,0.00895634696920571,0.02538604662492103,0.009043817223422505,0.09571945768021291,0.016076436590259983,0.11874804705664416,0.0205539537928908,0.11735498350836542,0.03093876027512057,-0.11735498350836542,0.03093876027512057,0.17999999999999997,2.7755575615628914e-17,0.17999999999999997,2.7755575615628914e-17,1247.6389571378736,208.48411382025176,,,0.11735498350836542,0.12136473557673208
1000,base3,0.6,constant,exchangeable_varying_sigma,fixed,30,30,0,0.06526305651816616,0.001941342443678233,0.08468807572083567,0.003236912473059524,0.026966201049213694,0.011797658740465969,0.03141851817124017,0.012630167937866732,0.06292646892308035,0.0016087211020397291,0.08151896750013109,0.0026838271168021636,0.027263338984195588,0.011608901172917085,0.03173402031792832,0.01199323616306592,0.1715359760290504,0.03259447297308734,0.20867231074866677,0.031316631157493495,0.22317721588712633,0.027712155573944512,,,0.17999999999999997,2.7755575615628914e-17,0.17999999999999997,2.7755575615628914e-17,1220.3661842829003,1015.6009058286221,0.46831398639123767,0.05952756360295568,,
1000,base3,0.6,mixed,exchangeable_varying_sigma,fixed,30,30,0,0.06631965889554602,0.002012711566049696,0.08759578907919846,0.003626901320078526,0.027200854457320667,0.011617974429506205,0.031593262195549796,0.01229118666089955,0.0639357966301984,0.0016475670666211916,0.08418441164005455,0.0030072903380437476,0.026863159778104943,0.011725992421259464,0.03122762334369445,0.01219923894541066,0.1913135028736523,0.03230886912519544,0.2624045726172297,0.03474204733498144,0.22896547542602608,0.02844090271658629,-0.22896547542602608,0.02844090271658629,0.17999999999999997,2.7755575615628914e-17,0.17999999999999997,2.7755575615628914e-17,1270.082843298657,241.65408183164968,,,0.22896547542602608,0.23072510458205556
1000,base3,0.6,sin,exchangeable_varying_sigma,fixed,30,30,0,0.06519984694928305,0.0019992345949442357,0.08461015961165134,0.003288677334014246,0.026651084700434067,0.011540393347233089,0.03132237313303857,0.012263244678299335,0.06279093591265054,0.0016567866752241565,0.08138868385958177,0.002757516760722884,0.02691501612500489,0.011539701492633142,0.03129205412009688,0.011918171462307014,0.1903416363472301,0.030917175573228057,0.22519313612090772,0.03379002355535982,0.22522156235829616,0.029906664082720143,-0.22522156235829616,0.029906664082720143,0.17999999999999997,2.7755575615628914e-17,0.17999999999999997,2.7755575615628914e-17,1227.3004159793122,136.7113317235203,,,0.22522156235829616,0.22719850507357772
1000,base3,0.6,sin2,exchangeable_varying_sigma,fixed,30,30,0,0.05881207799805336,0.001576465652117735,0.07438921607900849,0.002249279135759442,0.023218884546687173,0.010468450052663586,0.027259227500560274,0.011294731037150656,0.05741643477373009,0.0013698146043123137,0.07265238625375196,0.00189470917856813,0.023189599699270865,0.00952919898810419,0.027109711870934174,0.009745291067573356,0.09613964013413206,0.016023643092677026,0.11922558089912,0.020433707930749452,0.23728797790359624,0.028393747511030083,-0.23728797790359624,0.028393747511030083,0.17999999999999997,2.7755575615628914e-17,0.17999999999999997,2.7755575615628914e-17,1283.9308508889808,170.37369737638224,,,0.23728797790359624,0.238980730091984
1000,base3,0.9,constant,exchangeable_varying_sigma,fixed,30,30,0,0.0653652312034476,0.0021637572138579466,0.08480754074829436,0.0037513884936994967,0.029526590675047374,0.012090831242575437,0.03396477002426761,0.013176373180740147,0.05753526611879943,0.0015456066430345257,0.074471066630569,0.0028182083311519097,0.028879058137535885,0.012178281202092371,0.03331797321183919,0.012828750301200925,0.17239896617903755,0.03347230996463515,0.208967725272125,0.03257807691975081,0.33663589835288277,0.02458955320969849,,,0.17999999999999997,2.7755575615628914e-17,0.17999999999999997,2.7755575615628914e-17,1713.1739370864273,1680.9720697643663,0.6523274206533871,0.06375835894794618,,
1000,base3,0.9,mixed,exchangeable_varying_sigma,fixed,30,30,0,0.06643109919628451,0.002245617663707808,0.08772828306666512,0.0042087704936926915,0.029627831452638243,0.012044358442308256,0.034082814114147056,0.01300744600994186,0.058575786066329856,0.0016162507360381003,0.07687102651924343,0.0032126351798342366,0.028485176050275594,0.012285728977767554,0.03281801245871428,0.013007529841342489,0.19229969987268478,0.032560131044771685,0.262316439158625,0.03601762259760652,0.34587607857770436,0.02545275936181684,-0.34587607857770436,0.02545275936181684,0.17999999999999997,2.7755575615628914e-17,0.17999999999999997,2.7755575615628914e-17,1317.2258798863536,272.5026044506012,,,0.34587607857770436,0.3468113387584392
1000,base3,0.9,sin,exchangeable_varying_sigma,fixed,30,30,0,0.06528616265717768,0.0022490195777667894,0.08470581660436657,0.0038004383459977627,0.02909444733135269,0.011889234564498532,0.03388967701387971,0.012839067255554629,0.057437502121796526,0.001612803984313098,0.07434684342367967,0.00287267621377171,0.028565015686445625,0.012032407226419014,0.03280066673972029,0.012698679284872574,0.19055465451105183,0.03452622954548866,0.2259051009835944,0.037006594591442094,0.3384810588757479,0.02684090914220367,-0.3384810588757479,0.02684090914220367,0.17999999999999997,2.7755575615628914e-17,0.17999999999999997,2.7755575615628914e-17,1276.591270565491,130.66575926554057,,,0.3384810588757479,0.3395436078344393
1000,base3,0.9,sin2,exchangeable_varying_sigma,fixed,30,30,0,0.05889571759431545,0.0017414866162873742,0.07446756120578471,0.0025648540105400043,0.02541405965578565,0.010576234539613616,0.029461954283583103,0.011656028460998448,0.0534205541937834,0.0012893362565431997,0.06775979741115434,0.0018765689989241464,0.024541803098831857,0.01003635758827178,0.028450356124777008,0.010428710876850229,0.09694155963730845,0.016814529186351707,0.12012962184112791,0.021116352498574666,0.35738173771048076,0.026176935444578588,-0.35738173771048076,0.026176935444578588,0.17999999999999997,2.7755575615628914e-17,0.17999999999999997,2.7755575615628914e-17,1288.5844316260104,173.90467786399702,,,0.35738173771048076,0.3583391388032188
1000,base4,0.0,constant,exchangeable_varying_sigma,fixed,30,30,0,0.0487349613103724,0.0019384067333013712,0.06747472975888379,0.0035636375763582672,0.02091674738733992,0.0075940540059115545,0.024544421464184497,0.009317154696971414,0.04882861984332689,0.001978859396918553,0.06781782926510758,0.0036366006554885443,0.021272123050165584,0.0074581334230302875,0.02500718506428604,0.009549387520901384,0.31774659519037646,0.026892192608171783,0.32741988974869013,0.025379076307251693,0.028498777657383303,0.019678446439806818,,,0.17999999999999997,2.7755575615628914e-17,0.17999999999999997,2.7755575615628914e-17,1501.5376783411677,1176.2114885418941,0.45070028534255235,0.037339815412213824,,
1000,base4,0.0,mixed,exchangeable_varying_sigma,fixed,30,30,0,0.049697839458494035,0.002058391455220172,0.07104588292000455,0.004057296519142693,0.020844858267974224,0.007710975042374821,0.02461851170856789,0.00958145975794575,0.04977108379790375,0.0020893845874746186,0.07129592406358497,0.004097075619252544,0.020951052338389897,0.007243875162095496,0.02453068525002745,0.009244183374803405,0.3311079482525544,0.027041707966503997,0.36694225549541215,0.02703280907718854,0.02926838919735623,0.021365703962559816,0.011346937266453923,0.03441480679438463,0.17999999999999997,2.7755575615628914e-17,0.17999999999999997,2.7755575615628914e-17,1289.1089814339095,279.793284609242,,,0.02926838919735623,0.03623716203048554
1000,base4,0.0,sin,exchangeable_varying_sigma,fixed,30,30,0,0.04848184055971546,0.0019639111153914274,0.06743630867654771,0.0036866671060212445,0.02121321900666752,0.007806741302351855,0.024821429369191562,0.009722340216264534,0.048554115136994765,0.001998052731436645,0.06772425744087167,0.003732996580480514,0.020548116126730777,0.007135584691700717,0.024197131913899123,0.00889465623802448,0.3187849683179259,0.02786637087374119,0.33881197789747114,0.02814333094474503,0.0295110015357806,0.020121744512079934,0.012914217821516803,0.033301753586150416,0.17999999999999997,2.7755575615628914e-17,0.17999999999999997,2.7755575615628914e-17,1173.505144297643,384.11657304290725,,,0.0295110015357806,0.035718116045702415
1000,base4,0.0,sin2,exchangeable_varying_sigma,fixed,30,30,0,0.0406916462920457,0.0015398679548351204,0.05418008357564131,0.0025061145659771816,0.01813059369827861,0.006703307144789595,0.021188806498280796,0.007987865315621928,0.040724733696864725,0.0015821059308351408,0.054442282120046336,0.0026037219920958293,0.01788653687899853,0.006418858812140789,0.021234350114486752,0.008101195018356093,0.22428937437292987,0.02126894687917297,0.2303223561220466,0.022048476986144396,0.028925727490791052,0.01951920613888115,0.012155024619200181,0.03271012833466537,0.17999999999999997,2.7755575615628914e-17,0.17999999999999997,2.7755575615628914e-17,1253.7213224457664,202.78878945795984,,,0.028925727490791052,0.03489551717862397
1000,base4,0.3,constant,exchangeable_varying_sigma,fixed,30,30,0,0.04848412850741644,0.0018256986616729531,0.06761894884571218,0.0035937561418161296,0.02426062203065874,0.010105645366761212,0.02779858876780089,0.010601688099396699,0.04730891854408458,0.0015953921139029185,0.06638462210619664,0.0033358110421289945,0.02466213785041175,0.010667007325181757,0.028210556610967157,0.01072566623654229,0.31679045934408945,0.03467861126223943,0.32618169450114587,0.03349612991284471,0.06830455816763822,0.029669183559691555,,,0.17999999999999997,2.7755575615628914e-17,0.17999999999999997,2.7755575615628914e-17,1591.966172653004,1562.214881709421,0.4913497250650345,0.053066888504734025,,
1000,base4,0.3,mixed,exchangeable_varying_sigma,fixed,30,30,0,0.04939453404468823,0.0018710970894405404,0.07121049699013522,0.003980267913855549,0.024333450007930198,0.010314347300785974,0.02794287409816161,0.010605401726417971,0.0481596678552471,0.001618021454284736,0.06980455195842422,0.003685408736592705,0.024209860989263098,0.010441007192177307,0.02763554303818953,0.010638675762844559,0.32964887504629414,0.03537346105012802,0.3650147366713347,0.035522364722493746,0.07050688561452544,0.030144736951482776,-0.07050688561452544,0.030144736951482776,0.17999999999999997,2.7755575615628914e-17,0.17999999999999997,2.7755575615628914e-17,1270.7959318351952,236.88220221329087,,,0.07050688561452544,0.0766806760855293
1000,base4,0.3,sin,exchangeable_varying_sigma,fixed,30,30,0,0.04819322880739427,0.0018280699941269853,0.06754126283324377,0.003561448999570468,0.02393734166554017,0.010284445852010748,0.02759826987759267,0.010668194768151429,0.04701886033318191,0.0016142565252110347,0.06626972275219423,0.003327185614680213,0.024204031564628897,0.010487753272801626,0.027629524926625897,0.010571749297875547,0.31721485499101454,0.03451961288887289,0.33625218145005126,0.03445116572684589,0.06980674170379358,0.03125863561010211,-0.06980674170379358,0.03125863561010211,0.17999999999999997,2.7755575615628914e-17,0.17999999999999997,2.7755575615628914e-17,1308.8435419647362,422.1892652436223,,,0.06980674170379358,0.07648583847684026
1000,base4,0.3,sin2,exchangeable_varying_sigma,fixed,30,30,0,0.04052335953132426,0.0015450450964687602,0.05427188248023532,0.0025985314010769614,0.020690110042309726,0.008605212112685997,0.02379046274196509,0.00913185045414973,0.03951845493104851,0.0013684349812399738,0.05326857104060748,0.0024416151311362193,0.02093161432396405,0.008938295076172937,0.023930668969714908,0.00895486752282059,0.22365030411890696,0.02610802828494385,0.22958614226363894,0.02634236631867872,0.06570507176665512,0.03040375417472483,-0.06570507176665512,0.03040375417472483,0.17999999999999997,2.7755575615628914e-17,0.17999999999999997,2.7755575615628914e-17,1276.6200063407168,203.04869246855048,,,0.06570507176665512,0.07239851327049747
1000,base4,0.6,constant,exchangeable_varying_sigma,fixed,30,30,0,0.04853339226564426,0.002081962662493692,0.06770450325273317,0.004148221274578521,0.02646171299576199,0.010966094860982994,0.030483521393829847,0.011526919107986033,0.04283017640883144,0.0015132228370295486,0.06081148695223884,0.0034547352614172104,0.026688323329222986,0.011383042417714952,0.03026539745874435,0.011628712536999033,0.31644587240990724,0.0369270166284951,0.32605980492922165,0.03563434036682793,0.13977202404380767,0.023679306636095982,,,0.17999999999999997,2.7755575615628914e-17,0.17999999999999997,2.7755575615628914e-17,1384.4610518929278,588.2215950146824,0.6027307708687151,0.06136815936262377,,
1000,base4,0.6,mixed,exchangeable_varying_sigma,fixed,30,30,0,0.049459665496679836,0.0021337777603068556,0.07131324016840222,0.004581005622105206,0.026667129661951082,0.011062869604374253,0.03060415351456225,0.011612489117637714,0.04368564734556634,0.0015362856520254719,0.06413298960670702,0.003818257730622292,0.026101528559500743,0.011259801343444996,0.02965995968903212,0.011561932651499138,0.329164582058577,0.03767717613555684,0.3646392718167743,0.037996268870201994,0.14532929957344903,0.024220315788579225,-0.14532929957344903,0.024220315788579225,0.17999999999999997,2.7755575615628914e-17,0.17999999999999997,2.7755575615628914e-17,1362.6299449305807,255.3087219069144,,,0.14532929957344903,0.14733373344691905
1000,base4,0.6,sin,exchangeable_varying_sigma,fixed,30,30,0,0.04823435476227395,0.002081423516298195,0.06759011861898938,0.004079214403317005,0.0262210665289046,0.011007666760618345,0.03032211086703957,0.011511551893806022,0.04256303650646362,0.0015268289567938282,0.06068892939066379,0.003425759866469581,0.026129471924276927,0.011226994165683223,0.029621354261971065,0.011526609007465867,0.3171193390026848,0.03745201174398678,0.33662721591792516,0.037941388945761545,0.14113484378187524,0.025193225809238273,-0.14113484378187524,0.025193225809238273,0.17999999999999997,2.7755575615628914e-17,0.17999999999999997,2.7755575615628914e-17,1409.553873955671,379.28370779940036,,,0.14113484378187524,0.1433657656346507
1000,base4,0.6,sin2,exchangeable_varying_sigma,fixed,30,30,0,0.0405502998058871,0.0017525809855643737,0.05430765638068717,0.002983396598847449,0.022591100523036797,0.009252283936646457,0.02614350560317661,0.009830519488246783,0.03571705041602081,0.0012917840271766965,0.048584374797686646,0.0025057436058734664,0.02269487549539876,0.009440101184380979,0.02565534855755956,0.009649107018544179,0.22344538721983204,0.027834425711833626,0.2295898564448518,0.02810870440541346,0.13343459804295824,0.02408899638261733,-0.13343459804295824,0.02408899638261733,0.17999999999999997,2.7755575615628914e-17,0.17999999999999997,2.7755575615628914e-17,1275.5540606174677,185.79000915363127,,,0.13343459804295824,0.13559156205902925
1000,base4,0.9,constant,exchangeable_varying_sigma,fixed,30,30,0,0.04855718395231922,0.00241775659797832,0.06774315938746818,0.004806678538555649,0.028837227891853428,0.01133450005405971,0.03317256841321693,0.012161133278644112,0.032021458278620095,0.0015631758231097108,0.047621071697700815,0.0038524443448625097,0.028176389403120637,0.011487480147124347,0.031723955791208194,0.012157046814183434,0.3159245780965879,0.039677075197891494,0.3261034464062605,0.038148950820415244,0.2114201341694393,0.016371363617738832,,,0.17999999999999997,2.7755575615628914e-17,0.17999999999999997,2.7755575615628914e-17,1178.837858392956,452.9876652196362,0.7535602781233322,0.06849251561551453,,
1000,base4,0.9,mixed,exchangeable_varying_sigma,fixed,30,30,0,0.04950911008823528,0.0024868941822643884,0.07136989950368383,0.005317434887574138,0.029010757427033594,0.011605822143143521,0.033245164475296594,0.012420299301087871,0.03296593244083862,0.001628617277636458,0.050814126381670724,0.004277775676731515,0.027667115307789536,0.011300553787042478,0.03115787042699921,0.012032377633197363,0.3285608855017334,0.04026192186764014,0.36449898805165515,0.04048780197754046,0.22038906438129088,0.017421541676091508,-0.22038906438129088,0.017421541676091508,0.17999999999999997,2.7755575615628914e-17,0.17999999999999997,2.7755575615628914e-17,1377.8656078836648,288.42215370755366,,,0.22038906438129088,0.22107657002322198
1000,base4,0.9,sin,exchangeable_varying_sigma,fixed,30,30,0,0.04824619482693919,0.002413872059692222,0.06759410100399545,0.004720579536083856,0.028515606501665285,0.011446825838598716,0.033034312555369386,0.012156778719095635,0.031801693932000795,0.0015468974859773512,0.047507323142781575,0.0037745232779593887,0.02766397627026939,0.011329357642401129,0.031016382750508702,0.012010768756329856,0.31688004289085825,0.041020572403819754,0.3371728833378367,0.04205886016804955,0.21233388836824857,0.017584945508511415,-0.21233388836824857,0.017584945508511415,0.17999999999999997,2.7755575615628914e-17,0.17999999999999997,2.7755575615628914e-17,1469.7155248974575,384.8057026951725,,,0.21233388836824857,0.213060813990084
1000,base4,0.9,sin2,exchangeable_varying_sigma,fixed,30,30,0,0.04054599583661723,0.002013437181610889,0.054302052388405256,0.0034323063704200085,0.024615280049791823,0.009569513689775962,0.028496972670894457,0.010260048255854056,0.02650157977583548,0.0012836411325952745,0.03743026890993754,0.002743324975054653,0.023796854421790987,0.009615000917588259,0.026796371045326457,0.010105518682949614,0.2230611712357501,0.03014980007210254,0.22962703569807222,0.03062010414267874,0.2012963699305786,0.0161572273159691,-0.2012963699305786,0.0161572273159691,0.17999999999999997,2.7755575615628914e-17,0.17999999999999997,2.7755575615628914e-17,1355.8312640248032,210.88215531498557,,,0.2012963699305786,0.20194376579079695
1000,base5,0.0,constant,exchangeable_varying_sigma,fixed,30,30,0,0.07879506927392937,0.0021838899704806083,0.10615276315454085,0.003386069100818058,0.02556739683290713,0.010507270835385664,0.030243299313574504,0.011355834255047556,0.08190786102957964,0.0024046558453016376,0.11118701243625585,0.0036092671125748455,0.024942584781797946,0.010023027089805273,0.02951242381089701,0.01132227167371885,0.28319199227295216,0.02369217873310352,0.3650252434280039,0.03499345180642401,0.03496564841079875,0.02040775417979857,0.005946766827313615,0.04004633521000694,0.17999999999999997,2.7755575615628914e-17,0.17999999999999997,2.7755575615628914e-17,1419.6457304213002,498.94113799077667,,,0.03496564841079875,0.04048546652134169
1000,base5,0.0,mixed,exchangeable_varying_sigma,fixed,30,30,0,0.07994935136135382,0.0022765692146395535,0.10843694173612112,0.003592890706425498,0.0256200210870665,0.010575006684434094,0.030304968051220522,0.011409299740160717,0.08309924510470361,0.0025000684407727627,0.11340875390385316,0.0038387714635729707,0.025022441123221474,0.010044357437018757,0.02949606734523933,0.01133833782563462,0.3241307003296416,0.02327763204777402,0.41766436685828895,0.03231844309953644,0.03501694922197572,0.020318262936501776,0.006390636029098584,0.039977222423710664,0.17999999999999997,2.7755575615628914e-17,0.17999999999999997,2.7755575615628914e-17,1322.3566467750197,290.9583876514693,,,0.03501694922197572,0.04048479395490668
1000,base5,0.0,sin,exchangeable_varying_sigma,fixed,30,30,0,0.07845719837682245,0.0022500840633246358,0.1061679018132775,0.0034595005081438346,0.025727259886242686,0.01072513680864618,0.03064951209686083,0.011438167997625098,0.08149773934504606,0.0024572553150740296,0.11111780453412748,0.0036498604747442153,0.02436787232641298,0.009416229099416128,0.028764306454882958,0.010816816095568916,0.26698724655823614,0.022747315066667165,0.3289801721678774,0.0329715686747506,0.03606616948945572,0.022378496601242717,0.006474248155237233,0.04194817996765039,0.17999999999999997,2.7755575615628914e-17,0.17999999999999997,2.7755575615628914e-17,1328.7695409958872,328.80027259319155,,,0.03606616948945572,0.04244485471495902
1000,base5,0.0,sin2,exchangeable_varying_sigma,fixed,30,30,0,0.07256477779009787,0.0019393267636490844,0.09821590982460912,0.003039252903184511,0.02338118408017264,0.009299807086674645,0.027449222938684334,0.01021631853326641,0.07587870956067759,0.0021758752224898367,0.10393878766341715,0.0032210387094324614,0.021416683155007884,0.008503860687727034,0.02557730198930841,0.009598203111712035,0.25262381674487483,0.022930974625958788,0.3578015470144287,0.03585454444213099,0.036290683373467504,0.0211479846512697,0.0059944971355100265,0.041573031626475965,0.17999999999999997,2.7755575615628914e-17,0.17999999999999997,2.7755575615628914e-17,1356.6849107532219,240.64005357499394,,,0.036290683373467504,0.04200298744760436
1000,base5,0.3,constant,exchangeable_varying_sigma,fixed,30,30,0,0.07844244446461536,0.002553867694160054,0.10569211656659405,0.00377852589171601,0.02626555676755168,0.008345852478791722,0.031135780598543918,0.0091668528714206,0.08093362213640169,0.0025759505097484006,0.11010587643507858,0.0037756151239624076,0.02708530390527542,0.009627932734261891,0.031912194019291455,0.010199461860032226,0.2827621604115886,0.025396927205188394,0.3635881600074088,0.037429515860999935,0.14551406142962425,0.03558815944202693,-0.14551406142962425,0.03558815944202693,0.17999999999999997,2.7755575615628914e-17,0.17999999999999997,2.7755575615628914e-17,1433.130770722245,420.17133854693856,,,0.14551406142962425,0.14980273417469914
1000,base5,0.3,mixed,exchangeable_varying_sigma,fixed,30,30,0,0.07958004549693105,0.0025711086973973676,0.10803597075411223,0.003905301250574537,0.02642271784209695,0.008345161916356975,0.03125061352043975,0.009135021977055425,0.08209763124151741,0.0025987383372804984,0.11233296334209118,0.003930615518740709,0.026890266402060214,0.009555674307854006,0.03178338973344114,0.010105936354823068,0.32395744999090786,0.02472189132563585,0.4169298056654377,0.033656239583190445,0.148175846488201,0.03624329684269889,-0.148175846488201,0.03624329684269889,0.17999999999999997,2.7755575615628914e-17,0.17999999999999997,2.7755575615628914e-17,1292.8767334930676,238.32826079036246,,,0.148175846488201,0.15254395448041494
1000,base5,0.3,sin,exchangeable_varying_sigma,fixed,30,30,0,0.07808323635407319,0.0024669445802769866,0.10564031794707038,0.003635818768198129,0.02630041491976084,0.008165631581247751,0.03093242756115635,0.008999923577518746,0.08051352630478353,0.0024846299417112883,0.10998316971528532,0.0036176440519173356,0.026018720574854794,0.009434154058252674,0.030557898329760223,0.009927264153205507,0.2669474432031012,0.025144772878632086,0.32806552932717403,0.03707074173859848,0.1458973766523039,0.035508537171785697,-0.1458973766523039,0.035508537171785697,0.17999999999999997,2.7755575615628914e-17,0.17999999999999997,2.7755575615628914e-17,1391.8875049340966,245.1403616697194,,,0.1458973766523039,0.15015625436892172
1000,base5,0.3,sin2,exchangeable_varying_sigma,fixed,30,30,0,0.07229149099013715,0.002327743119023128,0.09773402378954095,0.0033480160798609127,0.023116113247911206,0.007494679999771582,0.027694245928249213,0.00822789891450042,0.07516386535342273,0.002401917314703888,0.10308343722167858,0.003363346724860031,0.023324074148136482,0.008343101552455174,0.027389554753237164,0.008739074330799354,0.2511051846836461,0.025978712011197277,0.3543941921808718,0.041345953879455014,0.15727033758703568,0.03796814755672003,-0.15727033758703568,0.03796814755672003,0.17999999999999997,2.7755575615628914e-17,0.17999999999999997,2.7755575615628914e-17,1369.2615140960668,234.4786073235314,,,0.15727033758703568,0.16178856360580324
1000,base5,0.6,constant,exchangeable_varying_sigma,fixed,30,30,0,0.07847548606502566,0.002734757665356981,0.10567835538062975,0.004091610790265098,0.028543227003469496,0.008820556809790738,0.033643184222786456,0.009865422377639732,0.07886096973218562,0.0026474349484891736,0.10791316903145211,0.0039027172219345744,0.02933201346791257,0.010338847367347302,0.034360423417669164,0.011091907891429411,0.28213242212630607,0.02579633371924345,0.36245046453795743,0.038278640617101546,0.29923252765843783,0.0358252779348565,-0.29923252765843783,0.0358252779348565,0.17999999999999997,2.7755575615628914e-17,0.17999999999999997,2.7755575615628914e-17,1483.9183680935491,422.58375749204754,,,0.29923252765843783,0.3013694678429908
1000,base5,0.6,mixed,exchangeable_varying_sigma,fixed,30,30,0,0.07962840559617113,0.002761705572341993,0.1080450437259982,0.004272214367095491,0.02869529848545507,0.008979119821993866,0.03374604394498672,0.009919029424940303,0.08001799247108685,0.0026795886278299843,0.11002974472849898,0.0041013360632983055,0.029156280928757695,0.010252975623927033,0.03423933498094185,0.010970430137825449,0.32349976238710393,0.02511521216490277,0.4160411370618947,0.03426227242742786,0.3050914826202385,0.03659370280708045,-0.3050914826202385,0.03659370280708045,0.17999999999999997,2.7755575615628914e-17,0.17999999999999997,2.7755575615628914e-17,1286.5855662080887,280.2108843653324,,,0.3050914826202385,0.3072782319861727
1000,base5,0.6,sin,exchangeable_varying_sigma,fixed,30,30,0,0.0780984190375062,0.0026370338469636936,0.10559378691361435,0.003921682919727497,0.028521105187525146,0.008621074817884803,0.03343869406393852,0.009706059374007387,0.07845668615368631,0.002549474129936443,0.10778112855086765,0.00373335301370334,0.02823755301952929,0.010164965719045101,0.032916157202647726,0.010759606453135567,0.2662584504457285,0.025765119689912328,0.32707387234876756,0.03792585269040439,0.29960139080439147,0.03555068196274201,-0.29960139080439147,0.03555068196274201,0.17999999999999997,2.7755575615628914e-17,0.17999999999999997,2.7755575615628914e-17,1226.7686961589459,296.4170157617486,,,0.29960139080439147,0.3017032388953452
1000,base5,0.6,sin2,exchangeable_varying_sigma,fixed,30,30,0,0.07230167104545462,0.0024504075242237013,0.09767985553012812,0.0035036225313214457,0.025052073389089147,0.00775654810807856,0.029780542699700555,0.008798282866210391,0.07364533693613877,0.0024575632641660526,0.10164671588264235,0.003417167276048948,0.025126207120733716,0.008848346908855604,0.029398715674859858,0.009492621029429665,0.25057167309540607,0.02679864682286257,0.3532415076912137,0.04265887968275825,0.3230625691987926,0.038480592975508314,-0.3230625691987926,0.038480592975508314,0.17999999999999997,2.7755575615628914e-17,0.17999999999999997,2.7755575615628914e-17,1232.3177336023848,345.50376546841824,,,0.3230625691987926,0.3253462457952625
1000,base5,0.9,constant,exchangeable_varying_sigma,fixed,30,30,0,0.07850670431989917,0.002953300591122914,0.10562678448691923,0.004467271583163116,0.03076826260486738,0.009277758959405108,0.036127774697655116,0.010652199160836987,0.07483894152808929,0.00280512318784091,0.10381888808322844,0.004137558359756662,0.031267051756567764,0.01112935048944694,0.03644060756255912,0.01197964656714119,0.28194420370291273,0.026573760856320097,0.36159034458098477,0.03970923590097918,0.45299284832147657,0.035687327317436866,-0.45299284832147657,0.035687327317436866,0.17999999999999997,2.7755575615628914e-17,0.17999999999999997,2.7755575615628914e-17,1280.206943320056,380.16868016258474,,,0.45299284832147657,0.4543964193977173
1000,base5,0.9,mixed,exchangeable_varying_sigma,fixed,30,30,0,0.07968148954250989,0.003003280094438534,0.1080193248133354,0.0047288392632361806,0.03089026602967791,0.009582243767430335,0.03620795522526554,0.010854785861707739,0.07600799447039079,0.0028767153509668252,0.10573465057877174,0.0044136907725006065,0.031226688146234593,0.010875180870193615,0.036343475215081376,0.011848285831408508,0.32347375096199665,0.02590698550557218,0.4153455211315263,0.03531380859501249,0.46209028361966265,0.036665668470924666,-0.46209028361966265,0.036665668470924666,0.17999999999999997,2.7755575615628914e-17,0.17999999999999997,2.7755575615628914e-17,1348.403948942859,234.15614105809567,,,0.46209028361966265,0.4635426641207042
1000,base5,0.9,sin,exchangeable_varying_sigma,fixed,30,30,0,0.07811061865618314,0.0028484870765066897,0.10550815914128386,0.00427816752975054,0.030816440019521822,0.009027149557374652,0.0359217541806058,0.010570418363494224,0.07448481921224667,0.0026922262919351647,0.10367617334364033,0.003966308358679986,0.030151871456041528,0.010809079718030204,0.0349082581724611,0.011554469049476832,0.2658451618689132,0.02687126645421962,0.3264556165419128,0.03920934619963706,0.4532232782182482,0.035105835739254326,-0.4532232782182482,0.035105835739254326,0.17999999999999997,2.7755575615628914e-17,0.17999999999999997,2.7755575615628914e-17,1327.5677337404456,284.16400291270236,,,0.4532232782182482,0.45458086147774324
1000,base5,0.9,sin2,exchangeable_varying_sigma,fixed,30,30,0,0.07230671742785379,0.002596396562756936,0.0975910229884621,0.0036843708669211665,0.02693439988429076,0.008040337682853602,0.031857562242133465,0.009446605778505241,0.07077247645321963,0.002555970066695744,0.09902989893541089,0.003527317706158778,0.026514584322914696,0.009571001609807155,0.031089339829980512,0.010263630579361603,0.2503017496793496,0.0279492582404015,0.35230550257904325,0.04451428349661342,0.488855488164246,0.03854952670706155,-0.488855488164246,0.03854952670706155,0.17999999999999997,2.7755575615628914e-17,0.17999999999999997,2.7755575615628914e-17,1394.7160775942418,244.03316603041137,,,0.488855488164246,0.4903730766647386
1000,base6,0.0,constant,exchangeable_varying_sigma,fixed,30,30,0,0.061843511690757975,0.002108155132419398,0.08246608150777116,0.0036127935269947152,0.02103340897193117,0.008412445206736651,0.025072151808175333,0.010204038208811208,0.06261991014623614,0.002125827052491213,0.0834250323422161,0.003636563457036965,0.021487567215209624,0.00808426734900166,0.025575566147678898,0.01006366464542302,0.2074387309875011,0.028734596847048433,0.2252021985081134,0.02652279789775066,0.02912326398308272,0.020753828525969888,0.007424103543538161,0.03498240400670755,0.17999999999999997,2.7755575615628914e-17,0.17999999999999997,2.7755575615628914e-17,1329.921676501651,231.78693597587844,,,0.02912326398308272,0.03576151427881214
1000,base6,0.0,mixed,exchangeable_varying_sigma,fixed,30,30,0,0.06256453799733018,0.0021868431370655333,0.0854063716908615,0.004021226711992265,0.020812730225995148,0.00863294631347752,0.025015353034026033,0.010539759021828356,0.06338512300038777,0.0022010031648383986,0.08641027993657249,0.004023877423796099,0.02136860270342894,0.007839416465765163,0.025191506826106044,0.009785072665260653,0.22133030858505487,0.028773776141876622,0.26276873120510946,0.029616813527935153,0.030170615377823715,0.022146127010672895,0.007521487144585153,0.03666257226359422,0.17999999999999997,2.7755575615628914e-17,0.17999999999999997,2.7755575615628914e-17,1193.4313723237253,285.3305151274834,,,0.030170615377823715,0.03742615360746317
1000,base6,0.0,sin,exchangeable_varying_sigma,fixed,30,30,0,0.06158626075281684,0.00214948905431406,0.0824633709032578,0.00375852275271374,0.02110440917374173,0.008660128633851655,0.02524787374701786,0.010657921157171617,0.06234575772477681,0.002178799140769647,0.08339895638436287,0.0037777211191154466,0.02105661135480699,0.007928968016327158,0.024931199234853166,0.009745996881486783,0.20880896539327434,0.02964841726520167,0.2330111057574606,0.029170923271107513,0.030984656485543296,0.020803240750533507,0.008769223260429605,0.036275673483210744,0.17999999999999997,2.7755575615628914e-17,0.17999999999999997,2.7755575615628914e-17,1257.8997868849508,278.5204102808996,,,0.030984656485543296,0.03732055416592549
1000,base6,0.0,sin2,exchangeable_varying_sigma,fixed,30,30,0,0.05566791072708241,0.0017608484190931846,0.07191139140966472,0.0026746291784033598,0.01880547543002301,0.007169706146272294,0.022132057038768017,0.008823320824087533,0.056328389421399165,0.0017816227585479216,0.07272285991060493,0.0027034560949567824,0.01852230152237165,0.006877317203198663,0.022115778267079125,0.00867087763022448,0.12294032624972262,0.018921606428869406,0.15464701607769304,0.021692407775326224,0.0282689475568989,0.021498584873071575,0.007770337804474677,0.034654644680384684,0.17999999999999997,2.7755575615628914e-17,0.17999999999999997,2.7755575615628914e-17,1191.2882176172143,306.82419667571173,,,0.0282689475568989,0.035515103090366526
1000,base6,0.3,constant,exchangeable_varying_sigma,fixed,30,30,0,0.06127927692265164,0.0020989416599908692,0.08205005844822871,0.0039296632092726555,0.02623175347645033,0.010124849956417407,0.02993519571458876,0.011009893577231865,0.06116272943830973,0.002012720016723604,0.08194560843615947,0.0037979269064508494,0.026357327293503426,0.010453769386084557,0.030062274435424714,0.011357891935591377,0.20629161692746784,0.03737234528718749,0.2235898825053081,0.03450950323880583,0.0937554202397879,0.03130638466567142,-0.0937554202397879,0.03130638466567142,0.17999999999999997,2.7755575615628914e-17,0.17999999999999997,2.7755575615628914e-17,1201.8828583551688,305.5261035530094,,,0.0937554202397879,0.09884416292919991
1000,base6,0.3,mixed,exchangeable_varying_sigma,fixed,30,30,0,0.06198063269192657,0.002142848104189582,0.08503912215511883,0.004286478550490732,0.02644763043705452,0.010477150582035317,0.030007000608949418,0.011362573052962073,0.06188287634026373,0.002040805931790543,0.08489380832862102,0.004098585522305544,0.02552654852284823,0.010113870877697526,0.029184174011501026,0.010885062647076506,0.21968504807059872,0.0366836350120824,0.259821577949243,0.034539906869754444,0.09591384088280651,0.0329271966357177,-0.09591384088280651,0.0329271966357177,0.17999999999999997,2.7755575615628914e-17,0.17999999999999997,2.7755575615628914e-17,1353.0884424109129,220.4752325480778,,,0.09591384088280651,0.10140840769472492
1000,base6,0.3,sin,exchangeable_varying_sigma,fixed,30,30,0,0.060996180738693166,0.002104338423183558,0.0819517374281335,0.003905221794789885,0.026204727584397125,0.010534688442243745,0.029805732792589322,0.011268840594937794,0.06086589918705956,0.0020259700470314787,0.08183322560152474,0.0037892634717718193,0.025715711093986855,0.010069996403767751,0.029308118256537143,0.010907234334418486,0.20759183261090808,0.03586121892952092,0.2299120085575149,0.03423547285143559,0.09419764282236166,0.0329660647384314,-0.09419764282236166,0.0329660647384314,0.17999999999999997,2.7755575615628914e-17,0.17999999999999997,2.7755575615628914e-17,1258.5565578110904,289.9189844370882,,,0.09419764282236166,0.0997995858589988
1000,base6,0.3,sin2,exchangeable_varying_sigma,fixed,30,30,0,0.055170482493978254,0.0018110368938638421,0.07144538978022122,0.002978772483665335,0.02267735434634323,0.00859964748339153,0.02611648145985719,0.009388155325425222,0.05517079093174678,0.0017678450872387335,0.07153439596441918,0.002955280617567168,0.023187653077930876,0.0089598495931546,0.026420848888791048,0.010077223908149874,0.12393400182537657,0.02444761471100716,0.15427448374250236,0.026750875440524784,0.09885275141232717,0.0311578572837846,-0.09885275141232717,0.0311578572837846,0.17999999999999997,2.7755575615628914e-17,0.17999999999999997,2.7755575615628914e-17,1266.915716241855,247.04281903162328,,,0.09885275141232717,0.10364689350050024
1000,base6,0.6,constant,exchangeable_varying_sigma,fixed,30,30,0,0.06122560728079518,0.00227617308656379,0.08201992839232797,0.004405690707373206,0.02831137673862163,0.011156789792086409,0.03259297410495773,0.01192517045142508,0.058114017239604084,0.0020144313865200912,0.07808231819370265,0.0039760433720142764,0.028212669530812185,0.011348540768667285,0.03206687369221632,0.012309687565555545,0.20621673198569138,0.03940123688128847,0.22354511007493338,0.03606871235679232,0.19659030435522235,0.026891578205115976,-0.19659030435522235,0.026891578205115976,0.17999999999999997,2.7755575615628914e-17,0.17999999999999997,2.7755575615628914e-17,1316.0785126707206,221.65977247602027,,,0.19659030435522235,0.1984210289884639
1000,base6,0.6,mixed,exchangeable_varying_sigma,fixed,30,30,0,0.06194106746316024,0.0023267879790558332,0.08502927357480002,0.004823610187241421,0.028646707549583626,0.011499881898701114,0.03263642476969791,0.012388273696145832,0.058833075782562645,0.0020473308599830904,0.08088696677703791,0.004298386879006756,0.02734081033974558,0.010990581926811934,0.031184496182342116,0.011798681536261787,0.21939298822000294,0.03867189748419021,0.25947579596038184,0.036589677519510845,0.2021982103826078,0.028251358866565008,-0.2021982103826078,0.028251358866565008,0.17999999999999997,2.7755575615628914e-17,0.17999999999999997,2.7755575615628914e-17,1334.9418235386024,260.0740651852449,,,0.2021982103826078,0.2041623264947203
1000,base6,0.6,sin,exchangeable_varying_sigma,fixed,30,30,0,0.0609280371280712,0.0022536411868657627,0.08188563736116974,0.004329442763109118,0.028334729232429096,0.011516186085641356,0.032458934225303625,0.01218159593717028,0.057839658351991896,0.0020166755130414066,0.07796304402751172,0.003936345776402518,0.027484295377041043,0.010935126957256841,0.0312935749405581,0.011861128392046512,0.2078518195290643,0.03834325960847745,0.2304905194763819,0.03724397753134274,0.1969784875371775,0.02818317834868182,-0.1969784875371775,0.02818317834868182,0.17999999999999997,2.7755575615628914e-17,0.17999999999999997,2.7755575615628914e-17,1277.5256766782995,201.97092682822284,,,0.1969784875371775,0.1989844619417999
1000,base6,0.6,sin2,exchangeable_varying_sigma,fixed,30,30,0,0.05510055059977617,0.0019466032623017494,0.0713737431502426,0.0032702715375316207,0.024456298269082643,0.009363410133173752,0.028421689631528666,0.010050387328289622,0.05282354962769822,0.001769732679589991,0.06870717592251276,0.0030709482079215394,0.02469029367193659,0.00976710494316327,0.028072397299714676,0.010907612939522257,0.12432709532622321,0.02528344717523263,0.15428318151416745,0.027667667875061374,0.20637308515240005,0.027396119262106434,-0.20637308515240005,0.027396119262106434,0.17999999999999997,2.7755575615628914e-17,0.17999999999999997,2.7755575615628914e-17,1296.6047790308717,211.26006863852805,,,0.20637308515240005,0.20818356713713818
1000,base6,0.9,constant,exchangeable_varying_sigma,fixed,30,30,0,0.06108987381787561,0.002493880228246067,0.08192284408431458,0.004901323252513688,0.03038049340441944,0.011907968792755312,0.03522640655342987,0.012691644155129534,0.05179457885245527,0.002048747936761042,0.0701564331190082,0.004133861684697244,0.02962700681727597,0.01178175565531122,0.033685233603828975,0.012833720002722048,0.20618526760422676,0.04182226441097825,0.2239134326114664,0.03805414867279505,0.2995772466497445,0.020704905005564093,-0.2995772466497445,0.020704905005564093,0.17999999999999997,2.7755575615628914e-17,0.17999999999999997,2.7755575615628914e-17,1306.9872508960273,188.40304571939532,,,0.2995772466497445,0.30029189100195713
1000,base6,0.9,mixed,exchangeable_varying_sigma,fixed,30,30,0,0.061832776429192084,0.0025624250085944135,0.08495526993281528,0.005396280922733385,0.03067431551350856,0.012354566193729991,0.035230475144103046,0.01332062725521316,0.05255145531780631,0.002108047462604292,0.07267435900685529,0.004513645761912297,0.02876310276146698,0.011367868081246051,0.032821861851454956,0.012282306650461301,0.21919486637235394,0.040967431413077945,0.2596187453398346,0.038906707842503045,0.30866634490205774,0.021927903402091786,-0.30866634490205774,0.021927903402091786,0.17999999999999997,2.7755575615628914e-17,0.17999999999999997,2.7755575615628914e-17,1311.235781931881,339.7121918106348,,,0.30866634490205774,0.309444252528315
1000,base6,0.9,sin,exchangeable_varying_sigma,fixed,30,30,0,0.060780760402615396,0.002443348006677134,0.08175476644576106,0.004770667671869082,0.030373555995533152,0.012288686914610415,0.035099892532643846,0.012955974969206889,0.051581311211376504,0.0020182623487060977,0.07004011665710548,0.004027929166535857,0.02884321202742948,0.011477116121273426,0.03288997428777132,0.012371414612099218,0.20803110131662886,0.04152139520525165,0.2314957641683409,0.04100379453484835,0.2997150908761602,0.021346906571307115,-0.2997150908761602,0.021346906571307115,0.17999999999999997,2.7755575615628914e-17,0.17999999999999997,2.7755575615628914e-17,1308.0508934930356,261.0962619268052,,,0.2997150908761602,0.30047433520863154
1000,base6,0.9,sin2,exchangeable_varying_sigma,fixed,30,30,0,0.05494188512691329,0.0021047803121009992,0.071241702602703,0.0035593282603606584,0.02629271509885856,0.009792849806740037,0.030701996265811823,0.010584288173436823,0.04803149733857114,0.0018004716339462504,0.06307851142507155,0.0031150975800031057,0.025787316238753074,0.010283966936757722,0.02941006495501641,0.011384350560381762,0.12478442091296849,0.0266121237743405,0.1544385549788539,0.02935780931145309,0.31404090684797586,0.02190256172537878,-0.31404090684797586,0.02190256172537878,0.17999999999999997,2.7755575615628914e-17,0.17999999999999997,2.7755575615628914e-17,1281.05540510359,271.67619570967815,,,0.31404090684797586,0.3148037696471138
2000,base1,0.0,constant,exchangeable_varying_sigma,fixed,30,30,0,0.03293937743874974,0.0010169004628012037,0.04276509997702196,0.0013609008912628669,0.012520907730420163,0.004345601487973393,0.014458545468862695,0.0049211161315890015,0.03298166623117329,0.001025811818284758,0.042839774537679634,0.001381834397938977,0.012423254964285538,0.004384466214731667,0.014410145317168391,0.004920391634975007,0.1330992505855712,0.018800126536251977,0.1439048544915313,0.01865580678431153,0.013718167898252927,0.008031531225164742,,,0.17999999999999997,2.7755575615628914e-17,0.17999999999999997,2.7755575615628914e-17,4543.8874343305015,1107.1725274054365,0.18932732704347013,0.02603895445902,,
2000,base1,0.0,mixed,exchangeable_varying_sigma,fixed,30,30,0,0.03348936420040107,0.0010223087814021082,0.04429503220112533,0.0014451491936330581,0.01245895770259384,0.00431148538828143,0.014464118481609962,0.004858273930748369,0.033461104358972524,0.0010271363393526537,0.04427942143737795,0.001460260418739125,0.012291933525892607,0.004292243046736275,0.014169647371902879,0.004883139062230136,0.1438818821825843,0.01763290500964225,0.17817302848146846,0.021835842219912267,0.013123372625977627,0.00807089679518561,0.0018301810513639905,0.015297474349644272,0.17999999999999997,2.7755575615628914e-17,0.17999999999999997,2.7755575615628914e-17,5199.424077884173,1033.7796871406558,,,0.013123372625977627,0.015406566267627457
2000,base1,0.0,sin,exchangeable_varying_sigma,fixed,30,30,0,0.03288283018835668,0.0010213252165363839,0.04280265593721345,0.0013945605120315758,0.012414347616222473,0.004564050858295228,0.0143554997137701,0.005083823922666439,0.032877579872932376,0.001027937085247667,0.042830937778779464,0.0014202303836592758,0.012085442384061713,0.0041501653326537335,0.014081832173962496,0.004818383555458269,0.1346708867874164,0.019219614223335877,0.15655636898407116,0.019588790547590502,0.015976019168297946,0.008971982546504009,0.0025851967006307653,0.018139636636372948,0.17999999999999997,2.7755575615628914e-17,0.17999999999999997,2.7755575615628914e-17,4945.061042229999,1228.9128737685937,,,0.015976019168297946,0.018322927148264164
2000,base1,0.0,sin2,exchangeable_varying_sigma,fixed,30,30,0,0.028518670520157063,0.0009256768143169137,0.0361895816975439,0.0011815602936036636,0.010927164765588717,0.003829880746565761,0.01259704423715843,0.004288638338102648,0.028588764455655336,0.0009304196941807355,0.036298869279124575,0.0011961523567181852,0.010375504234131909,0.003764257115983136,0.012127230326727889,0.004125555887663781,0.08561419676272555,0.014439072253618727,0.09156636106244033,0.014961341786517045,0.01509318985001634,0.009131281516377803,0.0027209025377534168,0.017429325040288456,0.17999999999999997,2.7755575615628914e-17,0.17999999999999997,2.7755575615628914e-17,5269.582348065827,996.9265452398189,,,0.01509318985001634,0.01764042748858369
2000,base1,0.3,constant,exchangeable_varying_sigma,fixed,30,30,0,0.03322010959099099,0.0011019436023753648,0.043336888635608486,0.0014494377787846275,0.013860589570052567,0.00589035071138422,0.01615302076637635,0.00639406664794283,0.03217889132703495,0.0011013638870489108,0.042050205497768826,0.001458036461662871,0.01356849041666807,0.006082039937741474,0.015831514885240545,0.006673932910124596,0.13236254720710308,0.01824428129058768,0.14536578375237377,0.017379143573966954,0.041200134169879735,0.016419703747653742,,,0.17999999999999997,2.7755575615628914e-17,0.17999999999999997,2.7755575615628914e-17,6138.1221022420605,4314.428909216871,0.21583403921205377,0.03132838196389569,,
2000,base1,0.3,mixed,exchangeable_varying_sigma,fixed,30,30,0,0.033819189918151076,0.0011268382621935423,0.04497972705113599,0.0015767742696081446,0.013797644654934207,0.005852057921141102,0.016092760919337836,0.006372246472708841,0.03269182510263307,0.0011327476820884915,0.043552144545099765,0.0015852918061763136,0.013474597947197093,0.006033884708086771,0.015612176452168383,0.00662309071128779,0.14457186317914247,0.017117348159546287,0.18104299067465693,0.020435658662420184,0.042655895226394965,0.01686435850590051,-0.04255528823607736,0.01711664185887812,0.17999999999999997,2.7755575615628914e-17,0.17999999999999997,2.7755575615628914e-17,5252.802936862268,897.9903307222709,,,0.042655895226394965,0.04586863836414509
2000,base1,0.3,sin,exchangeable_varying_sigma,fixed,30,30,0,0.03310797042014387,0.0010913399759783858,0.04326221275500629,0.0014478016170128335,0.013863124307467868,0.006098767882482636,0.015956852822806237,0.006585256509443282,0.032030773685550205,0.0010885582722038646,0.04193266233210032,0.0014547569071123713,0.013361434135770218,0.005847980776805217,0.015684592776920536,0.006471239411043825,0.1340825992036335,0.019268463998134446,0.15736317779944584,0.018688919568438482,0.04307717006437988,0.015531988348910864,-0.04307717006437988,0.015531988348910864,0.17999999999999997,2.7755575615628914e-17,0.17999999999999997,2.7755575615628914e-17,5139.368818944942,857.057878484002,,,0.04307717006437988,0.04579175955154169
2000,base1,0.3,sin2,exchangeable_varying_sigma,fixed,30,30,0,0.028717901692597723,0.0009485499283113212,0.036547616267480834,0.0011550748073041646,0.012254065240506639,0.005194109800721615,0.014290878103105123,0.005565368919858025,0.02791643246978021,0.0009493282949984486,0.03557032449962978,0.0011626416733977768,0.011339111443838947,0.005078794063318111,0.013344601997444631,0.00556005139515448,0.08469893153765858,0.014309802322816461,0.09163529636468136,0.01492170547193913,0.04169589312958948,0.01728507776358645,-0.04169589312958948,0.01728507776358645,0.17999999999999997,2.7755575615628914e-17,0.17999999999999997,2.7755575615628914e-17,5396.838215780288,975.6840385941856,,,0.04169589312958948,0.04513669701215829
2000,base1,0.6,constant,exchangeable_varying_sigma,fixed,30,30,0,0.03327065880481748,0.001075403759281908,0.04338559680819954,0.0014155552562195993,0.015325688659879261,0.006481829112319547,0.01785244766472065,0.006984216216246896,0.028912495864521468,0.0009977818660883318,0.0376594623757649,0.0012926204460421426,0.014676848950673364,0.006715963922851724,0.01710496026913417,0.007372047627033298,0.1314751622102164,0.020402756715603307,0.14574744222852015,0.019823206763520042,0.08481128554509722,0.014077575396466402,,,0.17999999999999997,2.7755575615628914e-17,0.17999999999999997,2.7755575615628914e-17,5218.475555976368,3888.966651445652,0.2846947544370241,0.0394736434982281,,
2000,base1,0.6,mixed,exchangeable_varying_sigma,fixed,30,30,0,0.033869644274154426,0.0010852797711779398,0.045029105224177905,0.0015381394442207153,0.015283692994666257,0.006392194620983803,0.01776598500968973,0.006953981225581469,0.0293882414984335,0.001020704107542254,0.038984390485586946,0.0014043173367075201,0.014585093700833433,0.006626364083468946,0.016897073509033814,0.007280093445021233,0.14384403796743292,0.019663636613319966,0.1812398020978173,0.02356667578809581,0.0881123974038063,0.014767103050686506,-0.0881123974038063,0.014767103050686506,0.17999999999999997,2.7755575615628914e-17,0.17999999999999997,2.7755575615628914e-17,5416.281402995131,875.4163442160047,,,0.0881123974038063,0.08934126654998735
2000,base1,0.6,sin,exchangeable_varying_sigma,fixed,30,30,0,0.033165688866210186,0.001059272912317889,0.043316329993863985,0.0014121680299063694,0.015304242069629477,0.006680212452151529,0.017638057181164533,0.007168684000618089,0.028790608904616585,0.0009873968287797288,0.03755452089826158,0.001293528651027257,0.014425669501990741,0.006507466125071061,0.01690984055915528,0.007180559708172698,0.13456483646697343,0.020959188478434178,0.15885866071023788,0.020773793974236978,0.0862727758830814,0.0131249088617529,-0.0862727758830814,0.0131249088617529,0.17999999999999997,2.7755575615628914e-17,0.17999999999999997,2.7755575615628914e-17,5360.957266688117,896.8403166765968,,,0.0862727758830814,0.08726542895787374
2000,base1,0.6,sin2,exchangeable_varying_sigma,fixed,30,30,0,0.028764445976076816,0.0009405046619384782,0.036592632421616186,0.001144360324924444,0.013535126514887015,0.005693411179018494,0.015798838309040112,0.006084364438254429,0.025308305289164452,0.0008645981572439242,0.03212859819134613,0.0010408281767240516,0.012296950506836843,0.0055929560430842545,0.014362020198062313,0.006176702417755094,0.084126308297207,0.015806956963598125,0.09207971969533707,0.016961568820164044,0.08512130577892056,0.014169366819558247,-0.08512130577892056,0.014169366819558247,0.17999999999999997,2.7755575615628914e-17,0.17999999999999997,2.7755575615628914e-17,5307.421535761774,1086.416628748587,,,0.08512130577892056,0.08629257009485633
2000,base1,0.9,constant,exchangeable_varying_sigma,fixed,30,30,0,0.033293269260798085,0.0010934128646385875,0.04337672738937614,0.001432870549293755,0.016773726906243642,0.0070160129782422505,0.0194920237269617,0.007525636951668454,0.02156132620644489,0.0007236240279248759,0.027359274216599314,0.0009239267206957765,0.015581969821176342,0.007173193797388873,0.018213796742626055,0.007731774632886449,0.1307288189089065,0.023233720851894145,0.14656885511881854,0.022619877480197715,0.12916894935625917,0.010276293232118424,,,0.17999999999999997,2.7755575615628914e-17,0.17999999999999997,2.7755575615628914e-17,6036.061310229297,3700.1042924713574,0.37348450745656164,0.04574010389385058,,
2000,base1,0.9,mixed,exchangeable_varying_sigma,fixed,30,30,0,0.033886502315916354,0.0011062560706425147,0.0450101216883017,0.0015665520331006098,0.01670690302741024,0.00688651890372862,0.019374672142487726,0.0074912328277830205,0.021932713518150047,0.0007367642756266353,0.028187144685671784,0.001001147254682016,0.015479341048743737,0.00703528233128594,0.018025119935167,0.007628162112497999,0.14324609112934225,0.022886538460019295,0.18159471096403454,0.027055016433558524,0.13437851942313117,0.011018090500326679,-0.13437851942313117,0.011018090500326679,0.17999999999999997,2.7755575615628914e-17,0.17999999999999997,2.7755575615628914e-17,5085.456138742225,972.7538637741479,,,0.13437851942313117,0.13482946562464093
2000,base1,0.9,sin,exchangeable_varying_sigma,fixed,30,30,0,0.03319154639312782,0.0010722508805408638,0.04332653321883329,0.0014350541159165525,0.016721879551779666,0.007203028063973018,0.019265231043612708,0.007692015257940055,0.02149153567478392,0.0007159620214599526,0.02728108215719078,0.0009190320671855391,0.015341450936121744,0.00694847344014455,0.01799508443035081,0.007524796708721381,0.13567196758843342,0.022543719953461057,0.16083603441898253,0.023224587233861414,0.1296547783384763,0.009835200631058416,-0.1296547783384763,0.009835200631058416,0.17999999999999997,2.7755575615628914e-17,0.17999999999999997,2.7755575615628914e-17,4551.43852777851,1054.0627909560253,,,0.1296547783384763,0.13002727682087553
2000,base1,0.9,sin2,exchangeable_varying_sigma,fixed,30,30,0,0.028787307040890116,0.0009561136869404946,0.03660231953194361,0.0011652339289575373,0.014754737431497996,0.006136994392721563,0.01725583234044751,0.006554249832077476,0.019613079231160728,0.0006330767969309005,0.024342573608226913,0.0007465969602012157,0.013120097758567812,0.00596070541610604,0.01523528360726452,0.006481384577721278,0.08368748400559277,0.017652072956799197,0.0930268217885394,0.01930697483648705,0.12908517148116117,0.010074496295339616,-0.12908517148116117,0.010074496295339616,0.17999999999999997,2.7755575615628914e-17,0.17999999999999997,2.7755575615628914e-17,5158.89320532526,1039.901640198432,,,0.12908517148116117,0.12947770839772224
2000,base2,0.0,constant,exchangeable_varying_sigma,fixed,30,30,0,0.03278239508086979,0.0007907819453223294,0.04273277617877933,0.001048262518202845,0.012063201939698334,0.004554798468613504,0.01429816123640239,0.005335401344422378,0.032854543609127256,0.0008083373469884303,0.042842077380421624,0.0010800733596756228,0.01207638162527772,0.004572974888795212,0.014278801704068407,0.005282756250923779,0.13433275823175841,0.018919683241626722,0.14678606766361743,0.01889965713138168,0.015624101694396436,0.009557695318769531,,,0.17999999999999997,2.7755575615628914e-17,0.17999999999999997,2.7755575615628914e-17,5404.2814731516255,4782.6142493444195,0.1913309581209731,0.025929893302356528,,
2000,base2,0.0,mixed,exchangeable_varying_sigma,fixed,30,30,0,0.03338004492623146,0.0007739561948065999,0.04425807896079102,0.001154495440283763,0.012031326076815492,0.004550003595262913,0.014305631269860425,0.00527148062410051,0.03332439715711152,0.0007895347752361505,0.04420934091996972,0.0011841535979213616,0.011920656842022521,0.0045121085929271144,0.014087335759245026,0.00526925803232698,0.14817914743154234,0.017119730792745976,0.18290254908862427,0.022368188681518672,0.014507650531399628,0.009574245003136111,0.0003803199130960271,0.017377958685789285,0.17999999999999997,2.7755575615628914e-17,0.17999999999999997,2.7755575615628914e-17,5294.320082679477,962.9976359830499,,,0.014507650531399628,0.017382119874206847
2000,base2,0.0,sin,exchangeable_varying_sigma,fixed,30,30,0,0.03256904954629642,0.0007938509351350986,0.042781449481354136,0.0010706576301338158,0.01194678575006841,0.00463182330199801,0.01412669390796366,0.0054656614436119026,0.03267613505294274,0.0008065624403632443,0.04292874047325166,0.0010985689670833625,0.011848499936928965,0.004443559386693011,0.014046494064706991,0.005123823394950229,0.13553011794380468,0.019904265835736342,0.1548490834922839,0.020110339666496124,0.017660832442292107,0.011219564121921282,0.000880022491721881,0.020904764577834505,0.17999999999999997,2.7755575615628914e-17,0.17999999999999997,2.7755575615628914e-17,4959.586768658135,528.0415356739536,,,0.017660832442292107,0.020923279418882234
2000,base2,0.0,sin2,exchangeable_varying_sigma,fixed,30,30,0,0.028254394617241687,0.0007228946406056046,0.036135161870699005,0.0008457912704172455,0.010443846386051862,0.004020087612082684,0.012406931327407283,0.004715273731218578,0.028370668669335294,0.0007381506313143644,0.03630928973280532,0.0008712298241866063,0.010067406690106077,0.0038571571588572502,0.011974555013650318,0.004437836078090651,0.08676306775329519,0.014477623457534996,0.09336002256982891,0.0144414772989299,0.017548828864230634,0.011468328453281008,0.000518387324532717,0.020957462312984187,0.17999999999999997,2.7755575615628914e-17,0.17999999999999997,2.7755575615628914e-17,5194.248923740897,1037.9846005928746,,,0.017548828864230634,0.020963872543458873
2000,base2,0.3,constant,exchangeable_varying_sigma,fixed,30,30,0,0.032878350930918745,0.001200941685506238,0.04305828554448145,0.0015470885216482054,0.013939855631584674,0.005945158147452749,0.016330473831129153,0.006526226923886113,0.03193721147880821,0.0011447944723295966,0.04186072263910997,0.0014896591050075699,0.013654754940739021,0.006283347402442777,0.016031389233283188,0.00697804212381738,0.13344490504514414,0.017813684728098925,0.14767977205477475,0.017356313908632976,0.038736696675878875,0.01587708462284347,,,0.17999999999999997,2.7755575615628914e-17,0.17999999999999997,2.7755575615628914e-17,5402.808826928395,4096.793999053189,0.2152643708746885,0.030607687792738047,,
2000,base2,0.3,mixed,exchangeable_varying_sigma,fixed,30,30,0,0.03355731945891505,0.0012468364265352993,0.04473404633789767,0.0016614475664364474,0.013936941533116927,0.00588222830572498,0.01632075939006171,0.00652194604029679,0.0324612941501606,0.0012010277745673442,0.04331333078027224,0.0016186405264230128,0.01350702991682012,0.0063131837569496505,0.015823693489332522,0.006996409110501531,0.14936536958124652,0.01664650493379122,0.18534098479349953,0.02027616010004372,0.04047304348992221,0.016067958587059967,-0.04047304348992221,0.016067958587059967,0.17999999999999997,2.7755575615628914e-17,0.17999999999999997,2.7755575615628914e-17,5380.048275429168,881.6374686320004,,,0.04047304348992221,0.04354591304006161
2000,base2,0.3,sin,exchangeable_varying_sigma,fixed,30,30,0,0.03258930021593184,0.0012089092710768044,0.042984028268242325,0.00159627206806564,0.01384544429192135,0.0062306511500927605,0.01617115105094904,0.006731665739366418,0.031697020602720234,0.0011524890345927879,0.041836542945595606,0.00153089885006757,0.013522304629481344,0.005849555000245445,0.015768112862938017,0.0065911465592071354,0.1340683383393235,0.019405003843456253,0.15516210626138244,0.01854019849080725,0.04057230874207715,0.015315316777281656,-0.04057230874207715,0.015315316777281656,0.17999999999999997,2.7755575615628914e-17,0.17999999999999997,2.7755575615628914e-17,5235.677689221199,551.0708042024576,,,0.04057230874207715,0.04336670571591662
2000,base2,0.3,sin2,exchangeable_varying_sigma,fixed,30,30,0,0.02827197365840201,0.0010149682734688593,0.036219725006718904,0.0012550555402645318,0.012224309649947881,0.005259324514578271,0.014414754070019374,0.005710457241301549,0.02757956531698998,0.0009519070124346551,0.03537093149259437,0.0011777111629006052,0.01145676450800398,0.0051339841470656854,0.013532080152435916,0.005726405464453145,0.08558417328395941,0.014058240761454812,0.09288465861454656,0.014478588665926401,0.03874340238949985,0.017160123157178322,-0.03874340238949985,0.017160123157178322,0.17999999999999997,2.7755575615628914e-17,0.17999999999999997,2.7755575615628914e-17,5422.234801277423,907.0366962334483,,,0.03874340238949985,0.04237358912676894
2000,base2,0.6,constant,exchangeable_varying_sigma,fixed,30,30,0,0.03290103482419957,0.001177094637853229,0.043085421175009915,0.0015276430458037147,0.015442148823071803,0.006438434862482551,0.018085981959414077,0.006987479488169178,0.028637747490091684,0.0010149677813572511,0.037475927876562815,0.0013272350316771617,0.014849462433649097,0.006999405161614993,0.01732745826197433,0.007736924213012063,0.1323712692230535,0.02029617596852723,0.14773791282512122,0.020127881081204335,0.08222217282773814,0.013135033954291324,,,0.17999999999999997,2.7755575615628914e-17,0.17999999999999997,2.7755575615628914e-17,5239.703755640856,1228.4933168371915,0.28321425902089564,0.03836257219819462,,
2000,base2,0.6,mixed,exchangeable_varying_sigma,fixed,30,30,0,0.033578430906470405,0.001214026687081252,0.04476543573907985,0.0016426488616892024,0.01543826556189781,0.00640526732732823,0.018050599974912707,0.006981569214433306,0.02911651519440837,0.0010718975793235232,0.03873878771151842,0.0014545316507496699,0.014708666322619558,0.00698579915573455,0.01711978597074489,0.0077252183550258705,0.1486796134714404,0.019258965119512278,0.18536115954069524,0.02351231281711019,0.08581393989454762,0.013595835801995845,-0.08581393989454762,0.013595835801995845,0.17999999999999997,2.7755575615628914e-17,0.17999999999999997,2.7755575615628914e-17,5480.566079642543,1790.8547296233435,,,0.08581393989454762,0.08688428529590296
2000,base2,0.6,sin,exchangeable_varying_sigma,fixed,30,30,0,0.03261449256619337,0.001183389220162278,0.04301408197751311,0.00158140675716742,0.015359537155078297,0.006731939523890852,0.01791190751307482,0.007184407217159109,0.028426410018932955,0.0010259061472092338,0.03747872763085256,0.0013712189556195171,0.01462486584966567,0.006538612493903566,0.017022731014897163,0.007325895591202079,0.1341203461294385,0.02118847163444053,0.15641331898251123,0.02077411265775484,0.08357098866355701,0.012795652313757903,-0.08357098866355701,0.012795652313757903,0.17999999999999997,2.7755575615628914e-17,0.17999999999999997,2.7755575615628914e-17,5168.387342500353,566.8184823975856,,,0.08357098866355701,0.08454489259759547
2000,base2,0.6,sin2,exchangeable_varying_sigma,fixed,30,30,0,0.028288536973158786,0.0010039387474484003,0.03624166051015243,0.0012438369703724895,0.013599871531340891,0.0056264676956966925,0.015973740672622572,0.006104627037769846,0.024914648091856416,0.0008363854519283868,0.03194050324763356,0.0010361255805396707,0.012453070682699395,0.005752625739044432,0.014590423478459697,0.00637173653604649,0.08488829748509115,0.015794165573613073,0.09287881754855079,0.017021117630576624,0.08186900722203473,0.013770779217090676,-0.08186900722203473,0.013770779217090676,0.17999999999999997,2.7755575615628914e-17,0.17999999999999997,2.7755575615628914e-17,4969.385104707162,997.3424078630275,,,0.08186900722203473,0.08301908638239419
2000,base2,0.9,constant,exchangeable_varying_sigma,fixed,30,30,0,0.03288259910155482,0.001131802503186593,0.04305566773454372,0.0015045240735396539,0.016935738268842093,0.006856362527156636,0.019787554345283252,0.0073792501543751025,0.020860764601910654,0.0007506996274448324,0.027069594877335738,0.0009769470204384143,0.015990191636419886,0.007398526819645219,0.01848947319572205,0.00808285203628774,0.1312066479799663,0.023372040832023048,0.14818795202466462,0.02320986611574958,0.12644346836722603,0.00982318252872454,,,0.17999999999999997,2.7755575615628914e-17,0.17999999999999997,2.7755575615628914e-17,5597.31887999053,2118.2361906042565,0.37161709418626543,0.04438616857814011,,
2000,base2,0.9,mixed,exchangeable_varying_sigma,fixed,30,30,0,0.033558443120268185,0.0011620986954956807,0.044729031918940794,0.0016410968643849207,0.016871563696750063,0.006862732991257806,0.01972254080886732,0.007374860965808642,0.02121789528295849,0.0007889623000655753,0.027804658011512613,0.0010730787073559376,0.015808369887688016,0.007410664396694214,0.01828658582819729,0.008055188178255419,0.1479253494068256,0.022471193011551056,0.18552332951394684,0.027054958960641428,0.1319348019829649,0.010361699733215352,-0.1319348019829649,0.010361699733215352,0.17999999999999997,2.7755575615628914e-17,0.17999999999999997,2.7755575615628914e-17,5601.08328513417,1688.31007567353,,,0.1319348019829649,0.13234106239427534
2000,base2,0.9,sin,exchangeable_varying_sigma,fixed,30,30,0,0.032606248953018,0.0011309300718431764,0.04300028661252749,0.0015640729215408082,0.016886738195535676,0.007099166421266293,0.019604025757483996,0.007556287742903871,0.020744981717072276,0.0007667020698770569,0.027134495092120774,0.00101548748229027,0.015634289604041222,0.006956740982905432,0.018149876376373195,0.007650076925780464,0.13451848971974484,0.02316668736671404,0.15813634865921464,0.023224691470653407,0.12685236709939413,0.009974033131750226,-0.12685236709939413,0.009974033131750226,0.17999999999999997,2.7755575615628914e-17,0.17999999999999997,2.7755575615628914e-17,4971.682666974407,577.4015957438884,,,0.12685236709939413,0.1272438775565752
2000,base2,0.9,sin2,exchangeable_varying_sigma,fixed,30,30,0,0.02827522681376364,0.0009646666017183412,0.03622944911301941,0.0012090417627604556,0.01494656827668136,0.0059153970707332216,0.017487572793323698,0.0064288397050560366,0.018726530513733127,0.0006264438036650579,0.024062900631040794,0.0007566326146414462,0.01339681772135411,0.006110065643040758,0.015530805440785481,0.006658107081555773,0.08415144829149887,0.018076913801915735,0.09329228802423195,0.019900327644810378,0.1256424493473436,0.009867331366640822,-0.1256424493473436,0.009867331366640822,0.17999999999999997,2.7755575615628914e-17,0.17999999999999997,2.7755575615628914e-17,5175.072549559556,1061.1089495733186,,,0.1256424493473436,0.126029319232863
2000,base3,0.0,constant,exchangeable_varying_sigma,fixed,30,30,0,0.05041855900809138,0.0010948818844607527,0.06253373703813281,0.001244137633220208,0.014940004045064315,0.005567833851170829,0.01749820649963114,0.005851776501225091,0.05140989401818522,0.0011709685869323327,0.06377076869570035,0.001322324862091213,0.014793178140323665,0.005790469151172181,0.017391756896254225,0.005939614783269402,0.09820720460691998,0.011653134141948766,0.11693861565458627,0.01315239528695731,0.013290584414713372,0.009830622967805158,,,0.17999999999999997,2.7755575615628914e-17,0.17999999999999997,2.7755575615628914e-17,5960.716409561471,4660.388541747597,0.058557541265609844,0.022618883251006677,,
2000,base3,0.0,mixed,exchangeable_varying_sigma,fixed,30,30,0,0.05100606613007546,0.0011155451735281856,0.0635973998417233,0.00127961072327145,0.01482800954117366,0.0054557537251820635,0.01748105635935547,0.005757488698916183,0.05191810000907222,0.0011911588141380815,0.06477741708556974,0.001360551363730615,0.014665054541462826,0.005724736278342695,0.01715777365956086,0.00588678513252283,0.12791475559393423,0.01331483289827124,0.15120293863683007,0.014502681421440601,0.013008979267218024,0.0097070241267225,0.0020244975924233717,0.016104697093393374,0.17999999999999997,2.7755575615628914e-17,0.17999999999999997,2.7755575615628914e-17,5566.260947268258,1695.4476610730014,,,0.013008979267218024,0.016231446607486377
2000,base3,0.0,sin,exchangeable_varying_sigma,fixed,30,30,0,0.05044682499140107,0.001082865814488427,0.0625812627339254,0.0012520726754922781,0.015151523580814305,0.00553748050538567,0.017540638693674546,0.00589953017604423,0.051350591698372035,0.0011721439538030852,0.06372794100625027,0.0013530167186225387,0.01473375555371363,0.00561343180980062,0.017309834357534453,0.005949566352182226,0.10295746437207093,0.011278168562098859,0.13037698710002257,0.011768985322083559,0.013915049518693058,0.010419346118542363,0.002610752339759727,0.017186487391730256,0.17999999999999997,2.7755575615628914e-17,0.17999999999999997,2.7755575615628914e-17,5039.7201136094145,635.0291030187302,,,0.013915049518693058,0.017383652569171525
2000,base3,0.0,sin2,exchangeable_varying_sigma,fixed,30,30,0,0.04715310488991129,0.0009872392974458572,0.05825436002312121,0.0010998920858856424,0.01360397649846417,0.005065456884590275,0.015783569085059457,0.00533280665821901,0.04835184780103298,0.0010595873680786726,0.059764020150832355,0.0011612492026651625,0.01285426557332073,0.005075616720523238,0.015150656352041913,0.005210125513761042,0.10461808307020727,0.00953326846299244,0.12485984993960392,0.011944342150524418,0.013825357762507987,0.010483787697060945,0.002509690334758058,0.017168336441309866,0.17999999999999997,2.7755575615628914e-17,0.17999999999999997,2.7755575615628914e-17,5182.744609686042,844.9859778234783,,,0.013825357762507987,0.01735080176067914
2000,base3,0.3,constant,exchangeable_varying_sigma,fixed,30,30,0,0.050526582644849084,0.0012411442217561454,0.06272010005812675,0.001533377843704904,0.014133560390949977,0.005883270300216006,0.016304930191677634,0.006794325590741747,0.05090064220634686,0.001161341403051625,0.06318260538378467,0.0014851589268438739,0.01375704493902905,0.006052594930017756,0.015985040054674708,0.006998692234985502,0.10294837591555771,0.012990548408883673,0.12230535052441681,0.014900700713407843,0.08324440976463425,0.018956125008844114,,,0.17999999999999997,2.7755575615628914e-17,0.17999999999999997,2.7755575615628914e-17,4792.502845255501,1363.6158896276731,0.1229957435212946,0.02285232153959448,,
2000,base3,0.3,mixed,exchangeable_varying_sigma,fixed,30,30,0,0.051135136945094174,0.0012476023527142875,0.06385408656531695,0.0015506029818252332,0.013971745312947481,0.006004293695620407,0.016226093992674585,0.006879755702740961,0.051427191706396605,0.0011752270946475854,0.06421971148487891,0.0015132907468230151,0.013694187192949174,0.005955208614360571,0.015820894479509396,0.006963626972138819,0.13227253848564105,0.014094777052745887,0.15705295569717323,0.015627895540710545,0.08467702325447532,0.018680988070984544,-0.08467702325447532,0.018680988070984544,0.17999999999999997,2.7755575615628914e-17,0.17999999999999997,2.7755575615628914e-17,4986.220143021529,1335.0826334331148,,,0.08467702325447532,0.08671319151402064
2000,base3,0.3,sin,exchangeable_varying_sigma,fixed,30,30,0,0.05051163315221823,0.0012396378895728152,0.06271759294717738,0.0015339230341980723,0.014088955597349507,0.005761843336638233,0.016125596481210692,0.00659561855587315,0.05081038084368425,0.0011817434541289322,0.06310402559006369,0.0015048930937615332,0.013487187187308214,0.006063699916501987,0.01573167753278101,0.007058831670420162,0.10842386208816722,0.012859934592578405,0.13496108099681864,0.013205380290046578,0.08505630500826586,0.018875967960107303,-0.08505630500826586,0.018875967960107303,0.17999999999999997,2.7755575615628914e-17,0.17999999999999997,2.7755575615628914e-17,5185.145819397266,665.3620285144859,,,0.08505630500826586,0.0871256402449368
2000,base3,0.3,sin2,exchangeable_varying_sigma,fixed,30,30,0,0.0472120472825629,0.0011284405993152635,0.05830817411960116,0.0014054936202513866,0.012763197274457001,0.00498755253432752,0.014718318545758726,0.0059108577632577645,0.04795620305949524,0.0010410405524569472,0.05929516229364982,0.0013443866537917154,0.011717435983719,0.0051506132817550135,0.013701858667059143,0.005911878038974886,0.10686505470975977,0.010992829672944415,0.1276427465241979,0.01354328613575927,0.09396498225868781,0.020577667512327,-0.09396498225868781,0.020577667512327,0.17999999999999997,2.7755575615628914e-17,0.17999999999999997,2.7755575615628914e-17,5252.766884726475,964.0116818646289,,,0.09396498225868781,0.09619177870859544
2000,base3,0.6,constant,exchangeable_varying_sigma,fixed,30,30,0,0.0505844847141497,0.0012747139243006454,0.06278848742724383,0.0015295915956213743,0.015457638383289847,0.006456085092252587,0.01777871784735134,0.007423224363905166,0.0489469521228365,0.00105530318012222,0.06071051964428134,0.0013545208773953613,0.014899482970973165,0.006572522794598351,0.01724545800917095,0.0075740559526100044,0.10411137455676935,0.013605820936377052,0.12392919561226835,0.01578619819075717,0.1680656618827891,0.018254137019064073,,,0.17999999999999997,2.7755575615628914e-17,0.17999999999999997,2.7755575615628914e-17,5015.667804853354,948.7094616397677,0.22426228774669615,0.02877299032550005,,
2000,base3,0.6,mixed,exchangeable_varying_sigma,fixed,30,30,0,0.05119306735620433,0.0012725855645655721,0.06392034977722169,0.0015395290454035535,0.015252311159133667,0.00662995283248633,0.017663025538047203,0.007524924621653103,0.049431562864776436,0.0010698643411319276,0.061596744135639994,0.0013746302354720051,0.014832026501023594,0.006434543262466415,0.01709431965876119,0.007511338947375037,0.13328340977892847,0.015269893025327797,0.1581906923161694,0.017275924621548266,0.17143536078771524,0.018274038613297364,-0.17143536078771524,0.018274038613297364,0.17999999999999997,2.7755575615628914e-17,0.17999999999999997,2.7755575615628914e-17,5150.631674058062,1020.3297343599521,,,0.17143536078771524,0.17240656430558077
2000,base3,0.6,sin,exchangeable_varying_sigma,fixed,30,30,0,0.050568565355866804,0.0012647874595521226,0.06278593675799592,0.0015268265670236752,0.015432913959550243,0.006334574343748332,0.0175774221834081,0.007217974396195379,0.048862260925177904,0.0010707163912270486,0.06063342360508529,0.0013699096211653343,0.014620562733525659,0.006571357669984504,0.01696676556463864,0.007647537202733107,0.10991032233969017,0.013256816478613521,0.13673288305879716,0.014371578549260917,0.16963099561519793,0.01811656321939449,-0.16963099561519793,0.01811656321939449,0.17999999999999997,2.7755575615628914e-17,0.17999999999999997,2.7755575615628914e-17,5106.797777492576,565.8680813511279,,,0.16963099561519793,0.17059567560839758
2000,base3,0.6,sin2,exchangeable_varying_sigma,fixed,30,30,0,0.04726215554381877,0.0011799186283801342,0.058372101637724765,0.0014229330532570495,0.013906418062909523,0.0054733136108532,0.016001322820873982,0.00642549677893537,0.046525162558823094,0.0009578087128862742,0.05762639601326378,0.0012430727516137788,0.012639948923036699,0.005577041509151623,0.014695840669049085,0.006424182256079326,0.10783013239765073,0.011474796936533957,0.12882405223979382,0.01400674087403063,0.18862670480886834,0.019739079962653155,-0.18862670480886834,0.019739079962653155,0.17999999999999997,2.7755575615628914e-17,0.17999999999999997,2.7755575615628914e-17,5207.0719802461335,1169.935683378973,,,0.18862670480886834,0.18965670313707336
2000,base3,0.9,constant,exchangeable_varying_sigma,fixed,30,30,0,0.05061883589602163,0.0013330552356612343,0.06284920801539605,0.0015512230616531665,0.016708718802126623,0.00698758216357161,0.019206925667194272,0.008047071887577301,0.04497460082643076,0.0008928188532843316,0.05594385918644917,0.001123072370525971,0.015826345000333322,0.007002528411995739,0.01834324231282931,0.007915963758618439,0.10574832606582926,0.014780349526741704,0.12607133345675925,0.01732208542846038,0.2532021025238566,0.016702989726430466,,,0.17999999999999997,2.7755575615628914e-17,0.17999999999999997,2.7755575615628914e-17,5486.487975067319,2169.307311996451,0.33015407129875807,0.03486553084843038,,
2000,base3,0.9,mixed,exchangeable_varying_sigma,fixed,30,30,0,0.05122519443014588,0.0013285325446425215,0.0639699965716654,0.0015660055707294046,0.016478124666586224,0.007221933789663808,0.019049352375123455,0.008168005406303042,0.04534996007881944,0.0009113775202531712,0.056493953803097435,0.00113570995847797,0.015754305941342493,0.006841582383133703,0.01821469223038514,0.007844426759681193,0.13446379537643796,0.016990630363032354,0.1595616344495833,0.019432987259703917,0.25857020225965954,0.016951092136263463,-0.25857020225965954,0.016951092136263463,0.17999999999999997,2.7755575615628914e-17,0.17999999999999997,2.7755575615628914e-17,5373.604880619872,771.8659377102955,,,0.25857020225965954,0.2591252381016047
2000,base3,0.9,sin,exchangeable_varying_sigma,fixed,30,30,0,0.05060650252840843,0.0013212876837814893,0.06285239455747497,0.0015527669138369674,0.016711674621961492,0.006834663233368658,0.01898291515919063,0.007843786114077187,0.04490279184980187,0.0008958030031271738,0.055871248147883,0.0011248525238847418,0.015557475703698215,0.006993134989821409,0.01807236923714569,0.007973996414787826,0.11215417696772646,0.01370725745694522,0.138999457970431,0.015932984540629105,0.2542053280421377,0.01657001571924124,-0.2542053280421377,0.01657001571924124,0.17999999999999997,2.7755575615628914e-17,0.17999999999999997,2.7755575615628914e-17,5110.574204904608,734.7258147379624,,,0.2542053280421377,0.25474480215687767
2000,base3,0.9,sin2,exchangeable_varying_sigma,fixed,30,30,0,0.047295306047676434,0.0012426846569617456,0.05844402373567299,0.001447997571620823,0.014997323885666554,0.00590927347362261,0.017249486577762724,0.006937503812284209,0.04369999558401687,0.0008308089304742688,0.05454105891436592,0.0010520647290245353,0.013405065617550772,0.005967835207658339,0.015550280451592586,0.0067531536323959815,0.10920045276645936,0.012460686617107447,0.130358220357718,0.015069578140246235,0.28345184668595863,0.01828237270108173,-0.28345184668595863,0.01828237270108173,0.17999999999999997,2.7755575615628914e-17,0.17999999999999997,2.7755575615628914e-17,5364.9275692566935,1037.79339956877,,,0.28345184668595863,0.28404083252458867
2000,base4,0.0,constant,exchangeable_varying_sigma,fixed,30,30,0,0.030171740320418566,0.0008505665620217566,0.03998949995086862,0.0012487895260520586,0.012597408306799441,0.004507160395649043,0.01460531889951176,0.0050253934455423725,0.03018120544160873,0.0008561364780698456,0.040036321336840805,0.0012721446680214448,0.012550747744997015,0.00453129315997414,0.014572354810730813,0.0050024613823124635,0.15115741966895604,0.01870474943507639,0.15886453393538538,0.018613551570426108,0.014444443531280927,0.007815990762827674,,,0.17999999999999997,2.7755575615628914e-17,0.17999999999999997,2.7755575615628914e-17,5655.161388935882,3192.782243135133,0.21476052982721425,0.025887062846074244,,
2000,base4,0.0,mixed,exchangeable_varying_sigma,fixed,30,30,0,0.030603184416398133,0.0008606342287412595,0.04162098448593686,0.0013529428410310146,0.012552912530470558,0.004418664786197761,0.014614423426723307,0.004927789846791824,0.03060766667819266,0.0008563428728805318,0.04162803553612721,0.001368906210233044,0.012369071341572313,0.004488176882570465,0.014289299768498595,0.005001850462161253,0.16050775945572837,0.01842186678702768,0.18909047968977102,0.02171809731328243,0.013750481081038133,0.008216961165048229,0.0011721753076601841,0.01597561221975578,0.17999999999999997,2.7755575615628914e-17,0.17999999999999997,2.7755575615628914e-17,4976.835229766668,843.1162781050833,,,0.013750481081038133,0.01601855738660315
2000,base4,0.0,sin,exchangeable_varying_sigma,fixed,30,30,0,0.0300188798391473,0.0008503199523804396,0.040040428185770964,0.0012798969031518194,0.012487824182311853,0.004686071306887727,0.014501618064738177,0.005183199668785769,0.030029697565472524,0.0008574546319642269,0.04007386761846745,0.0013092963419161386,0.01228069282156516,0.004312977334622498,0.014313827218862684,0.004846155740002807,0.1524289413436919,0.019446482480415146,0.16950823422072445,0.019769079712864065,0.016451139255016848,0.00917150971375401,0.0018508469533007877,0.018743824016803443,0.17999999999999997,2.7755575615628914e-17,0.17999999999999997,2.7755575615628914e-17,5021.289040624429,710.6592734504607,,,0.016451139255016848,0.01883498269756148
2000,base4,0.0,sin2,exchangeable_varying_sigma,fixed,30,30,0,0.02548770911850355,0.0007612673365515756,0.03286428061958044,0.0010617853613018168,0.011006561010664117,0.003973509678359567,0.012700851466354518,0.004420493570505472,0.025465836099994924,0.0007684882842155384,0.03288086722812339,0.001078210637928082,0.010499173310250957,0.0038233963911078733,0.012291933201166248,0.004158463989006171,0.10368371115691229,0.014360611982679926,0.11014716964668625,0.015055793253423377,0.01564967130723638,0.009031903599585047,0.0017085403255360037,0.017988006688145083,0.17999999999999997,2.7755575615628914e-17,0.17999999999999997,2.7755575615628914e-17,5136.6897975080265,1020.2458857005055,,,0.01564967130723638,0.0180689649580914
2000,base4,0.3,constant,exchangeable_varying_sigma,fixed,30,30,0,0.030313183727343367,0.0009477040611383039,0.040450481046181604,0.0013419965775293462,0.013611684032803165,0.005771729199849368,0.015826181698484675,0.006323804501259511,0.02913903240416517,0.0009210071130715334,0.039018245959887274,0.0013582301900439996,0.013347930959252473,0.005976363168669623,0.015521765139019398,0.006642455206784421,0.15038897295371553,0.018474857606665524,0.15991516179815532,0.017497427534661724,0.035652070135426595,0.014528450789322295,,,0.17999999999999997,2.7755575615628914e-17,0.17999999999999997,2.7755575615628914e-17,4268.29462713217,1149.7041755818097,0.23812824493825627,0.030605103166176668,,
2000,base4,0.3,mixed,exchangeable_varying_sigma,fixed,30,30,0,0.03079457977123643,0.0009784463340373922,0.04220908898520811,0.0014954654349429249,0.013526626885560257,0.0057932962035650935,0.015767886707251967,0.00635788205824693,0.02960072335995202,0.0009636492840113105,0.04068836140714583,0.0015113624408145568,0.0132059338527732,0.0059049447137481835,0.015301043157571227,0.006581000321169796,0.16083830602862065,0.01778582798652049,0.19168652284319085,0.02018911011925069,0.03713375681427414,0.014836428523021007,-0.036614270878702684,0.016075779125172985,0.17999999999999997,2.7755575615628914e-17,0.17999999999999997,2.7755575615628914e-17,4816.354339995565,764.9875889384408,,,0.03713375681427414,0.0399879420133165
2000,base4,0.3,sin,exchangeable_varying_sigma,fixed,30,30,0,0.030097685217689327,0.0009478663032706174,0.04038618044745055,0.0013571597340131345,0.01357487519779515,0.005916829113392889,0.01563896585545683,0.006450506331393106,0.02893440772053929,0.0009196412562662722,0.03894944299575143,0.001369808780148638,0.013111172674924641,0.005725033434704115,0.015307036769379657,0.0064222207821523014,0.15152831203140654,0.019411956753724677,0.16994518857650467,0.01892029269586421,0.037101496091337526,0.014747479229220888,-0.037101496091337526,0.014747479229220888,0.17999999999999997,2.7755575615628914e-17,0.17999999999999997,2.7755575615628914e-17,5050.259530564649,575.0921051925762,,,0.037101496091337526,0.03992504421828278
2000,base4,0.3,sin2,exchangeable_varying_sigma,fixed,30,30,0,0.025557019461361442,0.0007902955252411041,0.03310140765283423,0.0010131543970715135,0.011944480050797747,0.005011681367442854,0.013956599298525241,0.005431693109304454,0.024546557379347675,0.0007589192592191398,0.03189372233782702,0.0010221339228575852,0.011133284917148843,0.004969982641335432,0.013020076889668965,0.005506591822244397,0.10269844257205411,0.014579643837847196,0.10978056937539211,0.015401628964580845,0.03446559105467595,0.015368760144148053,-0.03393548637094192,0.016506317574920458,0.17999999999999997,2.7755575615628914e-17,0.17999999999999997,2.7755575615628914e-17,5029.6633802145125,926.2097100406141,,,0.03446559105467595,0.03773692826816344
2000,base4,0.6,constant,exchangeable_varying_sigma,fixed,30,30,0,0.030365904780215516,0.0009180629817976993,0.040506145094294094,0.0012896831008944497,0.015064224119021067,0.006370002709266683,0.017534980069175463,0.006906808545032637,0.025435436057494154,0.0008017207064708356,0.034192005201616985,0.0011970773637644462,0.014480942855072945,0.0066082382913475535,0.01681184404137356,0.007357817913194536,0.14952126490200301,0.02059515564738492,0.16006653028111265,0.02002193145731805,0.0732648817371712,0.012950705552199153,,,0.17999999999999997,2.7755575615628914e-17,0.17999999999999997,2.7755575615628914e-17,4490.101916707028,2548.4622481975334,0.30154386092401525,0.03888348291744387,,
2000,base4,0.6,mixed,exchangeable_varying_sigma,fixed,30,30,0,0.030849084256929934,0.0009354104968343723,0.042265294772715914,0.0014430376886455578,0.015007787030807195,0.006372334022327171,0.017449034956902313,0.006938501197954793,0.025855122186610287,0.0008381249041157487,0.03570251251613137,0.0013410052659348782,0.014305445618150473,0.006536729963568815,0.016604576696717648,0.007249053826124247,0.15989066526370652,0.020537874519978898,0.19172058842732068,0.02334140566416365,0.07657195910425417,0.013560116625362046,-0.07657195910425417,0.013560116625362046,0.17999999999999997,2.7755575615628914e-17,0.17999999999999997,2.7755575615628914e-17,4436.001558875046,472.49620061671766,,,0.07657195910425417,0.07776336980839368
2000,base4,0.6,sin,exchangeable_varying_sigma,fixed,30,30,0,0.03015308289969575,0.0009106679864343641,0.040445535800709885,0.001306082439806691,0.015060163990901949,0.006473149615365623,0.01733083454860522,0.007023654790725863,0.02524911405983226,0.0008014640390745874,0.03413895580422559,0.001213414497179073,0.014215148328103751,0.0063577100549771885,0.016556554208834534,0.007140997068068752,0.15137815566021046,0.021095734827495334,0.17122466065027694,0.020967772783736984,0.07471033287604496,0.012128465104941382,-0.07471033287604496,0.012128465104941382,0.17999999999999997,2.7755575615628914e-17,0.17999999999999997,2.7755575615628914e-17,4501.230127847341,646.2264075327562,,,0.07471033287604496,0.07568839742160766
2000,base4,0.6,sin2,exchangeable_varying_sigma,fixed,30,30,0,0.02560342042266765,0.0007862245773083893,0.033155452668413646,0.0009820132875289398,0.013252253198578184,0.0054700266655513105,0.015475608679362178,0.005941244527132077,0.021462614255465747,0.0006685912950507697,0.02794939364296243,0.0008961311514574166,0.012056628038308535,0.005523199654501621,0.014051494102294832,0.0061432195740136275,0.10209865210656872,0.01606909335708258,0.10993634057869506,0.017514982050527497,0.07005857960210435,0.013017793617484858,-0.07005857960210435,0.013017793617484858,0.17999999999999997,2.7755575615628914e-17,0.17999999999999997,2.7755575615628914e-17,4815.281035301696,714.451740572292,,,0.07005857960210435,0.07125775415021036
2000,base4,0.9,constant,exchangeable_varying_sigma,fixed,30,30,0,0.030396386314303258,0.0009262660244081854,0.040509803376450736,0.0012885314164973879,0.016476626073722953,0.006895444688833076,0.019182457886943678,0.0074378440341186115,0.016305405323002838,0.0005578597356282428,0.022109586745906892,0.0008574355898663394,0.01540329703640656,0.007058181921174861,0.017936646130036753,0.0077076739791765185,0.1484530497850721,0.023501158739458895,0.1605872904923489,0.022953755973913668,0.11206539991704151,0.008801439850175924,,,0.17999999999999997,2.7755575615628914e-17,0.17999999999999997,2.7755575615628914e-17,3377.6379556366182,1390.2469972664737,0.38600651225700205,0.045601186583474465,,
2000,base4,0.9,mixed,exchangeable_varying_sigma,fixed,30,30,0,0.03087395957695743,0.0009441485669760389,0.04225776321547029,0.0014607279896793597,0.016408502513602128,0.006896747968669199,0.019064474371554826,0.0074708707665966795,0.01663179573779391,0.0005754333989264641,0.023184180552357877,0.0009648702124012326,0.01525323282779046,0.006949391870065859,0.017746629002234237,0.007581659750873449,0.15887105118953745,0.02385881797072178,0.19188074649186412,0.026885854667475735,0.11725812795759274,0.009544814223783754,-0.11725812795759274,0.009544814223783754,0.17999999999999997,2.7755575615628914e-17,0.17999999999999997,2.7755575615628914e-17,3117.851366308834,940.9972807039436,,,0.11725812795759274,0.11764596062205339
2000,base4,0.9,sin,exchangeable_varying_sigma,fixed,30,30,0,0.030188118324193883,0.0009139215016986579,0.04046598316741192,0.0013153237916415463,0.016473529727450992,0.006958589561088572,0.018966281486729207,0.007535938225758961,0.016155045384925276,0.0005610916656148881,0.022095330914304014,0.0008664344889332527,0.015119947212950994,0.006797076224426407,0.017665540435062816,0.007472351199323056,0.1514660598360387,0.023282925260427818,0.17293698511388214,0.023395973792431694,0.11251284075891196,0.008469610688614387,-0.11251284075891196,0.008469610688614387,0.17999999999999997,2.7755575615628914e-17,0.17999999999999997,2.7755575615628914e-17,3226.692681104211,967.2388299398355,,,0.11251284075891196,0.11283117317859005
2000,base4,0.9,sin2,exchangeable_varying_sigma,fixed,30,30,0,0.025636288088557203,0.0007960507310762693,0.03318109158334826,0.0009795049656757045,0.014495257194448333,0.005900779405649062,0.01694144158666221,0.006398853151999387,0.013920802962365312,0.00047757485293895295,0.018228639703337487,0.0006406179353022318,0.012839479532552014,0.005905715946529057,0.014934929836233303,0.006456358512993215,0.10137000730070132,0.01822319805760369,0.11046157092496389,0.02007539428045914,0.10673815340271747,0.008286048615862473,-0.10673815340271747,0.008286048615862473,0.17999999999999997,2.7755575615628914e-17,0.17999999999999997,2.7755575615628914e-17,3115.878581575732,863.4269697360796,,,0.10673815340271747,0.10705929195304109
2000,base5,0.0,constant,exchangeable_varying_sigma,fixed,30,30,0,0.06460803045812165,0.00136614322010437,0.08851408725429215,0.0018372776822622834,0.015865172517472836,0.005455470663268202,0.01824293668694179,0.006362406734306957,0.06768854879310938,0.001443811621419063,0.09426756255433556,0.001930136549804134,0.015300187123692492,0.004961957738362616,0.017792084412699367,0.005944657934452957,0.38307702984224756,0.027708722017817163,0.5360426951206623,0.03994063641286872,0.01999276764680388,0.014284070254550914,0.003635236285578408,0.024300832873875917,0.17999999999999997,2.7755575615628914e-17,0.17999999999999997,2.7755575615628914e-17,5103.64483258701,980.8155540232624,,,0.01999276764680388,0.02457123157711136
2000,base5,0.0,mixed,exchangeable_varying_sigma,fixed,30,30,0,0.0652011661806462,0.0013475269056058403,0.08924111927213826,0.0018253120442136685,0.015758439456778125,0.005599190167485062,0.018117435748782423,0.006562668841289637,0.06825748124346166,0.0014291103077853434,0.09486501112960186,0.0019015598830198642,0.01530569624040848,0.0048694138826395035,0.017827180073090147,0.005908312563097697,0.4075902365697456,0.025211672369952386,0.5575315687876733,0.037613159097860935,0.01903436801310691,0.013463966613707566,0.003391757278948933,0.023066892837877332,0.17999999999999997,2.7755575615628914e-17,0.17999999999999997,2.7755575615628914e-17,5162.470396089263,838.9133182480737,,,0.01903436801310691,0.02331492145887306
2000,base5,0.0,sin,exchangeable_varying_sigma,fixed,30,30,0,0.06440888548109748,0.0013200204533822812,0.08852151842355127,0.0018032220502995687,0.015833715106737242,0.005328751083459748,0.018039952602463806,0.006252822080768933,0.06739909596711839,0.0014098251208231496,0.09418622971442553,0.0018986824685429467,0.014820985968787666,0.004741841974744292,0.017217644099447586,0.005885805891367576,0.3825874737684342,0.029778471586850975,0.5144046731091154,0.04262323043201646,0.021262013734531137,0.015035719930291324,0.004002581914256332,0.025731798224943755,0.17999999999999997,2.7755575615628914e-17,0.17999999999999997,2.7755575615628914e-17,5205.717800754526,954.7162201538548,,,0.021262013734531137,0.026041238485708596
2000,base5,0.0,sin2,exchangeable_varying_sigma,fixed,30,30,0,0.06140721965721927,0.0013174072243819302,0.08552517865650754,0.0018232002614828738,0.014691084482848964,0.004882671043378614,0.016934785694108737,0.0055779909430692925,0.06485073303141684,0.0014070763220727536,0.09224846426728338,0.001953720646885448,0.013310871554458415,0.004385297727889433,0.015453365185081475,0.005237326183912609,0.39368825582098893,0.026773562097961286,0.5495521989970962,0.037610331972060825,0.02282450971549342,0.017422690038385372,0.004148134471231161,0.02841304897991221,0.17999999999999997,2.7755575615628914e-17,0.17999999999999997,2.7755575615628914e-17,5420.956400827462,919.3946315130527,,,0.02282450971549342,0.028714253811065796
2000,base5,0.3,constant,exchangeable_varying_sigma,fixed,30,30,0,0.06484230166119992,0.0012818139003168696,0.08862055386603411,0.0017341972460528335,0.016599032334522534,0.006340442914207965,0.02011456499009046,0.007216953819262815,0.06734395200122084,0.0012869892740520429,0.0938703983088443,0.001697640865555637,0.016079087665124506,0.0055347392817035115,0.019328355024852403,0.006377028482293341,0.37975962151980613,0.020799156439972107,0.5293543860192613,0.03200334567361254,0.13038864922896065,0.027410542284813138,-0.13038864922896065,0.027410542284813138,0.17999999999999997,2.7755575615628914e-17,0.17999999999999997,2.7755575615628914e-17,5045.682850510541,986.7262468272164,,,0.13038864922896065,0.13323864933306878
2000,base5,0.3,mixed,exchangeable_varying_sigma,fixed,30,30,0,0.0654824866137876,0.0013098815120354702,0.0894437937244196,0.0017758022396840345,0.016691422225259524,0.006228588731856462,0.0202061113788408,0.0071330875666215255,0.06795197289393215,0.0013174850032037424,0.09453247256379803,0.0017160337081498194,0.016102753965200146,0.005811587778400145,0.01932761555640399,0.006674501722644071,0.40522344979177116,0.018467300257909762,0.5517244411874209,0.03054152706120249,0.13242822398183118,0.02739668026948773,-0.13242822398183118,0.02739668026948773,0.17999999999999997,2.7755575615628914e-17,0.17999999999999997,2.7755575615628914e-17,5059.756417022975,912.5716753589418,,,0.13242822398183118,0.13523243914375938
2000,base5,0.3,sin,exchangeable_varying_sigma,fixed,30,30,0,0.06459839382995673,0.001275171830507571,0.0885620726860982,0.0017598189198366062,0.016737905047972623,0.00626800321829186,0.020199567467065214,0.007232239450842198,0.06703071249632479,0.001283586819336387,0.09373637228818153,0.0017194244287291544,0.015700030090760535,0.005606631449437477,0.01888559480711179,0.006260953945386896,0.37881003651678324,0.023721652323624234,0.5076546233914513,0.03396620881490611,0.13216950067278407,0.028342873248195198,-0.13216950067278407,0.028342873248195198,0.17999999999999997,2.7755575615628914e-17,0.17999999999999997,2.7755575615628914e-17,5429.655357965532,863.0132719437892,,,0.13216950067278407,0.13517431476451555
2000,base5,0.3,sin2,exchangeable_varying_sigma,fixed,30,30,0,0.0615577842986618,0.0011846907936654911,0.0855108090723485,0.001631596389804987,0.015198317519057385,0.005754515850035952,0.018447976671169743,0.006643363174015126,0.06457424026913132,0.0012346732102915352,0.09188664662844927,0.0016658598856246478,0.01386892362852697,0.004480262778038377,0.01658280792864618,0.005149239639932006,0.3885338631889708,0.02118980209299711,0.5427297102976888,0.03016566245927314,0.1464403806400309,0.02961930881856972,-0.1464403806400309,0.02961930881856972,0.17999999999999997,2.7755575615628914e-17,0.17999999999999997,2.7755575615628914e-17,5116.919677268815,960.6688643067149,,,0.1464403806400309,0.14940578481734548
2000,base5,0.6,constant,exchangeable_varying_sigma,fixed,30,30,0,0.06486768816164437,0.0013116315309364293,0.08860341630003069,0.001736284903910273,0.017921439458050158,0.006745166104731488,0.021601684438404697,0.007565088979804889,0.06568283549368106,0.0012668178171864883,0.09244717003936427,0.001625577193354904,0.017384153468758844,0.005903367025918435,0.02065978107880149,0.00676011189946446,0.3802224228520597,0.020372809922275827,0.5281482991629022,0.03158527889940171,0.26384605848782783,0.025886436687344475,-0.26384605848782783,0.025886436687344475,0.17999999999999997,2.7755575615628914e-17,0.17999999999999997,2.7755575615628914e-17,5349.159483175775,885.2297444386876,,,0.26384605848782783,0.26511290082515815
2000,base5,0.6,mixed,exchangeable_varying_sigma,fixed,30,30,0,0.06551158450312027,0.0013339431660071665,0.08943393867809067,0.001775965431430473,0.018032318590410323,0.0065480124967102924,0.0216933166830061,0.00743776078474003,0.06625180641840961,0.0012894462763984663,0.09301418111374243,0.0016298456259958333,0.017389439947965945,0.006160714493176099,0.020664344748683765,0.007056134587232975,0.4056029123263935,0.018104408330996573,0.5507048996397146,0.03015856005748699,0.26773659286630314,0.025973021145062076,-0.26773659286630314,0.025973021145062076,0.17999999999999997,2.7755575615628914e-17,0.17999999999999997,2.7755575615628914e-17,5151.340530179643,955.6207511179493,,,0.26773659286630314,0.2689934590042264
2000,base5,0.6,sin,exchangeable_varying_sigma,fixed,30,30,0,0.06462342338342356,0.0013037261837077054,0.0885492392632197,0.0017637663471068473,0.018016445257170336,0.006719272158605065,0.02165881581730468,0.00760822108188235,0.06540129731756826,0.0012613940014685006,0.09232740413870016,0.0016428721388604785,0.01691769413755991,0.005968711331138678,0.020152121578191663,0.006693104569750918,0.3788434938046225,0.02323382904289609,0.506020085948805,0.03364686325744243,0.26545381656276273,0.02677978939162488,-0.26545381656276273,0.02677978939162488,0.17999999999999997,2.7755575615628914e-17,0.17999999999999997,2.7755575615628914e-17,4884.722498696309,1121.0620825698381,,,0.26545381656276273,0.26680121035631876
2000,base5,0.6,sin2,exchangeable_varying_sigma,fixed,30,30,0,0.06157304574957477,0.0012187894363288139,0.08548969542797363,0.0016335805176747418,0.016296747387836118,0.006168450697989767,0.019682408056888142,0.006996422960153402,0.0633991258914293,0.0012357804255702064,0.09098466273434244,0.0016227741363747728,0.014886693577144268,0.0047953363444624055,0.017678974693482574,0.005452172455866833,0.3889972136140668,0.02111392513546581,0.5417014714584553,0.029686312950195366,0.29585137001724277,0.028078432213629274,-0.29585137001724277,0.028078432213629274,0.17999999999999997,2.7755575615628914e-17,0.17999999999999997,2.7755575615628914e-17,4901.407219801867,1120.6267565020642,,,0.29585137001724277,0.29718080607040365
2000,base5,0.9,constant,exchangeable_varying_sigma,fixed,30,30,0,0.06483691339515625,0.001349160692940426,0.08854670482833223,0.0017324344062510692,0.019252305915704652,0.007066166190511607,0.023072259954686217,0.007867801392032124,0.06243999434280766,0.0012853272273315427,0.0898623990412534,0.0015736606595742099,0.018537491541616005,0.006116667643329987,0.02180450069433515,0.007038916191084475,0.3810543357380957,0.020862443417826188,0.5270237504040638,0.03165246596493032,0.3978822843300955,0.023155215843981402,-0.3978822843300955,0.023155215843981402,0.17999999999999997,2.7755575615628914e-17,0.17999999999999997,2.7755575615628914e-17,4654.255790996986,1198.9733076701943,,,0.3978822843300955,0.39855548698332616
2000,base5,0.9,mixed,exchangeable_varying_sigma,fixed,30,30,0,0.06548583230463699,0.0013701020262676053,0.08938046919475,0.0017719883819037443,0.019346764352571974,0.006862867161363801,0.023158141369453877,0.007702689623642692,0.0629267163913756,0.0013003588348188737,0.09025010269644013,0.0015612313290389397,0.018511789132959953,0.006366725449362584,0.02182581834469521,0.007334528709877474,0.40623112421591895,0.01885971075362345,0.5497598049310344,0.03022464776951223,0.4036129357999933,0.023351606213080116,-0.4036129357999933,0.023351606213080116,0.17999999999999997,2.7755575615628914e-17,0.17999999999999997,2.7755575615628914e-17,5266.8322389317755,781.5507576908083,,,0.4036129357999933,0.4042878918021418
2000,base5,0.9,sin,exchangeable_varying_sigma,fixed,30,30,0,0.06460241251126206,0.0013438392106184544,0.08850532183596926,0.001761938316011125,0.019312049359503352,0.007133433653751618,0.0231028729088603,0.0079299980523722,0.06222070538796372,0.001277944989399542,0.08976597849519692,0.0015845300363000513,0.018031738433919545,0.0061812587895647714,0.021243535212722462,0.007034159624465737,0.37903135959693335,0.023451025200528258,0.5043883364449155,0.03392106545362133,0.3990560040417218,0.024007955550661115,-0.3990560040417218,0.024007955550661115,0.17999999999999997,2.7755575615628914e-17,0.17999999999999997,2.7755575615628914e-17,4864.736182069538,1000.2374412703831,,,0.3990560040417218,0.3997775335001571
2000,base5,0.9,sin2,exchangeable_varying_sigma,fixed,30,30,0,0.06154193797790026,0.0012620184029906358,0.0854413654280912,0.0016343308004987376,0.01737194066675047,0.006563344655846033,0.020909181768366234,0.00730824124185156,0.061164848791201445,0.0012665032701303543,0.089384275267444,0.001596780403585161,0.015836132046259988,0.004930148630200043,0.018616974936685477,0.005695552116623027,0.3899710621973298,0.02173850010518858,0.5407450057559082,0.029555745235193737,0.44579332825252566,0.02545917296275257,-0.44579332825252566,0.02545917296275257,0.17999999999999997,2.7755575615628914e-17,0.17999999999999997,2.7755575615628914e-17,5085.986484841882,924.0984514105162,,,0.44579332825252566,0.4465197207318077
2000,base6,0.0,constant,exchangeable_varying_sigma,fixed,30,30,0,0.04589753803206748,0.0010109487596210163,0.05843113221207296,0.001208248564327939,0.011749046757179018,0.004537149626377733,0.014200693433787432,0.005494395000139258,0.04652152910163712,0.0010283525061790392,0.059183538967558784,0.0012050132181310909,0.01173655672314582,0.004491520461106975,0.014201265298143037,0.005428767298687525,0.06897365333399695,0.010870354248259982,0.08155290426531728,0.012210678234933324,0.016692875938232862,0.009972579297706043,0.0014535222346569116,0.019390505874051528,0.17999999999999997,2.7755575615628914e-17,0.17999999999999997,2.7755575615628914e-17,5086.878876717381,1096.0005740443082,,,0.016692875938232862,0.01944490794368204
2000,base6,0.0,mixed,exchangeable_varying_sigma,fixed,30,30,0,0.04614952586200304,0.0009836524546076213,0.05956944453069468,0.0012731974201275254,0.011767679570099498,0.004630329873305408,0.014178897375935197,0.0054872801217542705,0.046769316816374536,0.0010014579942188842,0.06037638495790134,0.001262500798230136,0.011525292608935318,0.004425139292935273,0.013967373335272445,0.005368555499350666,0.07905153867402084,0.011254004817984315,0.0994312556210143,0.01570482107736432,0.015777580186032168,0.010066361150865214,0.001392120515067117,0.018663484771549298,0.17999999999999997,2.7755575615628914e-17,0.17999999999999997,2.7755575615628914e-17,4883.532674227516,990.5331228463722,,,0.015777580186032168,0.018715332306596198
2000,base6,0.0,sin,exchangeable_varying_sigma,fixed,30,30,0,0.04575886583788511,0.0010091451915853462,0.05846415132728988,0.0012520809402580971,0.011648254934394068,0.004462176563459791,0.014061476224561137,0.005491159142979534,0.046359823615959264,0.0010271363041928978,0.05921841438619431,0.0012480298158137205,0.011550474653352402,0.004407703895984582,0.013948285720145297,0.0053572102893424635,0.06975273471727735,0.012871304089767157,0.08426209239963182,0.013900390130530654,0.01802322083074046,0.011904761810547924,0.0018289237429304727,0.021522427391492394,0.17999999999999997,2.7755575615628914e-17,0.17999999999999997,2.7755575615628914e-17,4988.69226085352,1024.29504269828,,,0.01802322083074046,0.021599996362951474
2000,base6,0.0,sin2,exchangeable_varying_sigma,fixed,30,30,0,0.04291170131563827,0.0009447205917282301,0.053759919761787275,0.0010478596753406364,0.010422119531518738,0.003982717822753038,0.012557067158081466,0.004807224882553096,0.04353970293699753,0.0009603414916086533,0.05449402476648208,0.001047615943557099,0.010259725521170592,0.0038123261518394637,0.012297069112526345,0.004602916333000542,0.09574374140086132,0.010993251225274179,0.10847269211855658,0.011457864621162455,0.01830571125767349,0.011776567843907364,0.0017459127373905786,0.021696506712945384,0.17999999999999997,2.7755575615628914e-17,0.17999999999999997,2.7755575615628914e-17,5037.919383164363,994.5416647651446,,,0.01830571125767349,0.02176663995272276
2000,base6,0.3,constant,exchangeable_varying_sigma,fixed,30,30,0,0.046052037134259205,0.0013072754280151126,0.058795450972383395,0.0017133673279402263,0.015503264945691271,0.006441287512321836,0.018021603235183686,0.007175202029832907,0.0460784857881981,0.0011952375238721933,0.05880212215519399,0.001567683701715752,0.01537639124774055,0.0067040698524879925,0.01788365479542643,0.007556090855573896,0.0711484733956033,0.012184415767171495,0.08422570631311756,0.014403277604502497,0.06861074620010996,0.01854422487294062,-0.06861074620010996,0.01854422487294062,0.17999999999999997,2.7755575615628914e-17,0.17999999999999997,2.7755575615628914e-17,5092.870244170515,910.6426127604666,,,0.06861074620010996,0.07107265838755501
2000,base6,0.3,mixed,exchangeable_varying_sigma,fixed,30,30,0,0.04638728372182114,0.0013509962637236002,0.06005506410430669,0.0018156702367479393,0.015385066716709089,0.006406488386099419,0.01799611833426413,0.007209922371712748,0.046389740192744826,0.0012479440359276315,0.06005746368033937,0.0016681950513505253,0.014981810452934693,0.00676582547764937,0.017406354785074303,0.0075290196462883124,0.08201808826424693,0.011886425420494472,0.10245740969698712,0.015969500716362568,0.07025801868778651,0.01923369711439828,-0.07025801868778651,0.01923369711439828,0.17999999999999997,2.7755575615628914e-17,0.17999999999999997,2.7755575615628914e-17,4771.891886997902,995.6995066648151,,,0.07025801868778651,0.07284314857707463
2000,base6,0.3,sin,exchangeable_varying_sigma,fixed,30,30,0,0.04584794916480003,0.0013198179443376758,0.05872766471854618,0.0017444678820607911,0.015318144245891346,0.006928417291143504,0.017862578848157434,0.007449110638517541,0.04587521521670908,0.0012030938153680252,0.05874586986647712,0.0015987589409359607,0.015159725592256085,0.006379895244373294,0.017656738312915834,0.007279231047017856,0.07079161731267028,0.012866411376115282,0.08618621928498309,0.014588466545620005,0.07020138637695673,0.01877140701104672,-0.07020138637695673,0.01877140701104672,0.17999999999999997,2.7755575615628914e-17,0.17999999999999997,2.7755575615628914e-17,4768.437981686718,1031.6983600663484,,,0.07020138637695673,0.07266773954390723
2000,base6,0.3,sin2,exchangeable_varying_sigma,fixed,30,30,0,0.04295200842750876,0.0010781073356406835,0.053917637947749834,0.0013704628764367773,0.01394245918144869,0.00583382075484439,0.016194427380454592,0.0063912803202163665,0.04315623391983019,0.0009789748707898069,0.054162866039620075,0.0012541924729115139,0.013587703490317543,0.005617004123465587,0.015863958470562857,0.006428918645365549,0.097597766027032,0.012047934446136895,0.1108836372646532,0.012280302191041207,0.07663736090533317,0.019190030755322263,-0.07663736090533317,0.019190030755322263,0.17999999999999997,2.7755575615628914e-17,0.17999999999999997,2.7755575615628914e-17,4991.101573082079,1039.821080003913,,,0.07663736090533317,0.0790034326274783
2000,base6,0.6,constant,exchangeable_varying_sigma,fixed,30,30,0,0.04605801665286998,0.0013291478651231252,0.058799055001857746,0.0017573586122149232,0.017055629477132763,0.006904776213535348,0.019762037529021507,0.0075968275786648855,0.04396082815695608,0.0010602381606429259,0.0561014840155643,0.001398821949247716,0.016638485700124814,0.0073640530705582794,0.019275187007823585,0.008207337381359208,0.07164942204749374,0.013137936226905757,0.0849713438400494,0.015866033329168104,0.1436122057685904,0.01690564229832575,-0.1436122057685904,0.01690564229832575,0.17999999999999997,2.7755575615628914e-17,0.17999999999999997,2.7755575615628914e-17,5206.929586550849,1302.7425170552146,,,0.1436122057685904,0.14460382563140886
2000,base6,0.6,mixed,exchangeable_varying_sigma,fixed,30,30,0,0.04638774621818363,0.0013698364120886637,0.06006163634412876,0.0018599634448084696,0.016927691077261664,0.006863450588699099,0.019717467265765794,0.007615864253218029,0.04423828150716416,0.0011108728704635285,0.057196909385197205,0.0014907561726793602,0.016203344195097513,0.007424681488971563,0.01877251271475032,0.008170365706656815,0.08244721693367231,0.012638672051165836,0.10300435461993712,0.017728261273035624,0.14724159276852114,0.017731642111414377,-0.14724159276852114,0.017731642111414377,0.17999999999999997,2.7755575615628914e-17,0.17999999999999997,2.7755575615628914e-17,4281.014942813742,571.2268661370853,,,0.14724159276852114,0.1483054205785422
2000,base6,0.6,sin,exchangeable_varying_sigma,fixed,30,30,0,0.04585257469200599,0.001339083450361299,0.058734234342778247,0.0017872912750805958,0.01684959218995882,0.007465839249803175,0.019580171645005657,0.007886285490935192,0.04378828236252028,0.001068524229972358,0.056064658021183586,0.001429276105888952,0.016379743286471453,0.0069905694182668685,0.018992047859350276,0.007909810435523378,0.07211805087081688,0.014933026288074728,0.0878969566230754,0.01611860245757034,0.14487262852839575,0.017367807023428383,-0.14487262852839575,0.017367807023428383,0.17999999999999997,2.7755575615628914e-17,0.17999999999999997,2.7755575615628914e-17,5021.933523634472,776.3614835462233,,,0.14487262852839575,0.14590996956181437
2000,base6,0.6,sin2,exchangeable_varying_sigma,fixed,30,30,0,0.0429572165384917,0.0011005661022686064,0.05391713612764781,0.001412932724493588,0.015244231042295876,0.00628829160556998,0.017725343438062667,0.006755341101419345,0.041572994858792206,0.0008770578515118407,0.05230036877281289,0.001131661170979059,0.014716188221303909,0.006135016039512889,0.01705254235416482,0.006954543952935155,0.0977243732592664,0.01357565207247413,0.11116759384741183,0.01384696267260323,0.1593330767320671,0.01738662686119521,-0.1593330767320671,0.01738662686119521,0.17999999999999997,2.7755575615628914e-17,0.17999999999999997,2.7755575615628914e-17,4972.985926355084,1087.895131738166,,,0.1593330767320671,0.16027889485056107
2000,base6,0.9,constant,exchangeable_varying_sigma,fixed,30,30,0,0.04601106166886138,0.0013510453439451158,0.05874252877293648,0.0017836307915036328,0.018567662690776192,0.00732781951779559,0.02147174848243949,0.007938272205659952,0.039515247224463236,0.0008221605939699775,0.05061349075399067,0.0010683604211574839,0.01787654660956548,0.007799702001689669,0.020620057375344617,0.008471397180802401,0.0725885435613582,0.014449705040254904,0.08646232846830265,0.017559334139357844,0.2193695080359632,0.015240715128067005,-0.2193695080359632,0.015240715128067005,0.17999999999999997,2.7755575615628914e-17,0.17999999999999997,2.7755575615628914e-17,5007.743939207211,969.2112647532324,,,0.2193695080359632,0.2198982957040718
2000,base6,0.9,mixed,exchangeable_varying_sigma,fixed,30,30,0,0.046333237213339006,0.0013938624152812558,0.05999856378359748,0.0018973056384055799,0.018406149868072295,0.007295599261137157,0.021405060103771988,0.007940383618029555,0.03973072132409493,0.0008536174118246943,0.05134312738689942,0.0011315429262742883,0.017408875229808572,0.007794540153254353,0.020085470503732456,0.008430144006646215,0.08306336604625231,0.014015256354377984,0.10392494405302102,0.019852303828558664,0.2250396691571031,0.016012651268855264,-0.2250396691571031,0.016012651268855264,0.17999999999999997,2.7755575615628914e-17,0.17999999999999997,2.7755575615628914e-17,3442.7429415288343,708.3632574015187,,,0.2250396691571031,0.2256086383430306
2000,base6,0.9,sin,exchangeable_varying_sigma,fixed,30,30,0,0.04581727169630904,0.0013531597375859865,0.058691337074037946,0.0018078144417537243,0.018392778142028374,0.007891016705930764,0.021276288582417934,0.008222985355593841,0.03941182344568112,0.0008366373790906515,0.0506091417716747,0.0010878163074890714,0.0175198725314175,0.0073992863083534605,0.02026800905965163,0.008179973882267821,0.07380132875737201,0.0172990351377837,0.090382723440074,0.01775864084453022,0.21995444224748983,0.01606977277690806,-0.21995444224748983,0.01606977277690806,0.17999999999999997,2.7755575615628914e-17,0.17999999999999997,2.7755575615628914e-17,5013.889096036247,1065.7908693718932,,,0.21995444224748983,0.2205406861817243
2000,base6,0.9,sin2,exchangeable_varying_sigma,fixed,30,30,0,0.04292137440401171,0.0011201683356749509,0.05387732571070095,0.0014336228485418434,0.016486821687443358,0.006712471530383059,0.019235159343498568,0.007042764619820579,0.03831018086718277,0.0007132118056620854,0.048646759601972143,0.0009066017168596512,0.01580582102058635,0.006498119006478039,0.01821500233334659,0.007175133245836685,0.09792909050182162,0.015431721549964887,0.11177762844279909,0.015702197839490725,0.24267807082480752,0.015694658100321595,-0.24267807082480752,0.015694658100321595,0.17999999999999997,2.7755575615628914e-17,0.17999999999999997,2.7755575615628914e-17,5190.628646591476,896.9636656065273,,,0.24267807082480752,0.243185049606542
