n_subject,coef_type,rho_true,sigma2_function,a_eval_mode,a_eval_selected_points,covariance_mode,signal_bandwidth_method,n_rep,n_success,n_fail,miae_iid_mean,miae_iid_std,rmise_iid_mean,rmise_iid_std,beta_mae_iid_mean,beta_mae_iid_std,beta_rmse_iid_mean,beta_rmse_iid_std,miae_final_mean,miae_final_std,rmise_final_mean,rmise_final_std,beta_mae_final_mean,beta_mae_final_std,beta_rmse_final_mean,beta_rmse_final_std,sigma2_miae_mean,sigma2_miae_std,sigma2_rmise_mean,sigma2_rmise_std,rho_abs_error_mean,rho_abs_error_std,rho_error_mean,rho_error_std,best_signal_bandwidth_mean,best_signal_bandwidth_std,best_variance_bandwidth_mean,best_variance_bandwidth_std,elapsed_seconds_mean,elapsed_seconds_std,Sigma_fro_error_mean,Sigma_fro_error_std,rho_mae,rho_rmse
2000,base1,0.0,constant,full,,exchangeable_varying_sigma,fixed,30,30,0,0.03514944001256293,0.0010243729700038819,0.04592654091808675,0.0012806055479755712,0.015541644827793367,0.0065241458645426045,0.018480268522382815,0.0077426518688029885,0.03528806050423902,0.0010168760631443807,0.04613900960298515,0.001289145096521756,0.015293212898979367,0.006551708834914129,0.01837665805945071,0.007682538510012316,0.18856427141082216,0.023351368542932054,0.20345149448994176,0.020571681678843663,0.019620219794782994,0.014456093239761318,,,0.2,0.0,0.2,0.0,6439.154752649026,1631.9806389829075,0.26807260435854835,0.03331226211952038,,
2000,base1,0.0,mixed,anchor_grid,500,exchangeable_varying_sigma,fixed,30,30,0,0.035951165681617506,0.0009470953813412886,0.04878449337802531,0.0014541774784603205,0.015111364063897579,0.006845029484649575,0.018172507272257173,0.007901519615639252,0.03598767311393629,0.00094571904885954,0.048903408612996,0.0014668034691035267,0.015228050343153665,0.006810619060489962,0.018020179992966713,0.007833468894266352,0.23705395794131653,0.02106551869619994,0.2784062561602236,0.018119928825804616,0.019111593682324998,0.01377426823956836,0.007259384771334926,0.022411711477608686,0.18,0.0,0.18,0.0,1776.3889308715084,828.4918465018279,,,0.019111593682324998,0.023558087329277527
2000,base1,0.0,sin,anchor_grid,500,exchangeable_varying_sigma,fixed,30,30,0,0.03515425702067414,0.0009529299647604693,0.046735932907371526,0.0013305261944037252,0.01538758441916633,0.006617531237171569,0.01839485552504422,0.007738101735183424,0.03521828517333435,0.0009546682849499727,0.046894240304402555,0.001349821089475646,0.015173315470052916,0.006593994884331767,0.01793667395272573,0.0077183478274070495,0.22386975285093486,0.02219450674225486,0.24475789253013416,0.021709001920977463,0.01955370689315548,0.014250078786815784,0.005899351188002419,0.023465077333230926,0.18,0.0,0.18,0.0,1826.244195837706,874.6037512950267,,,0.01955370689315548,0.024195292903659862
2000,base1,0.0,sin2,anchor_grid,500,exchangeable_varying_sigma,fixed,30,30,0,0.030311176506278955,0.0008811765291518398,0.038987278686407875,0.0011006372897538618,0.013755893159066007,0.0058954114221704546,0.016098075197400336,0.006902998743692691,0.030432397690139,0.0008683867855212025,0.03920732708567283,0.0011080076609528333,0.012866845722230248,0.005536198578415947,0.015476700958884707,0.006448411482571859,0.15006032270425954,0.018233050784524252,0.1554490610894976,0.01882238911645505,0.021334930739136945,0.014751099080993786,0.005583376804706702,0.025329826237022027,0.18,0.0,0.18,0.0,1588.6502839453362,267.8422739319628,,,0.021334930739136945,0.025937891081216805
2000,base1,0.3,constant,full,,exchangeable_varying_sigma,fixed,30,30,0,0.035089486212053905,0.0009904661238554287,0.04584939009503048,0.0014762685759559867,0.017035676773656264,0.0070773928732219505,0.02041840236856564,0.008613524696684242,0.03439496080169337,0.0009687853411075924,0.044975118220621974,0.0014422702852109025,0.016880427961517876,0.0070506194081258544,0.020128994790068473,0.008339449836481067,0.1864128359352452,0.02180124956312194,0.20206928137985017,0.018078606172391206,0.06543101396389527,0.026141607872540048,,,0.2,0.0,0.2,0.0,6651.484205793323,1816.4915949655322,0.3060807290340729,0.04082722789068945,,
2000,base1,0.3,mixed,anchor_grid,500,exchangeable_varying_sigma,fixed,30,30,0,0.03586383698412805,0.0009908731977580358,0.04872594512596011,0.0017665769716818426,0.016992971017657836,0.007077263419298688,0.020311366204401732,0.008599186678734074,0.0350146024290585,0.0009642528093416449,0.04768604097098284,0.001709202032680682,0.016707599904534264,0.006991451429206064,0.019815840948776524,0.008241593294070917,0.23571588712648298,0.01963954218888496,0.2781178779258289,0.017837133551440013,0.06714657165653996,0.02511392561804351,-0.06714657165653996,0.02511392561804351,0.18,0.0,0.18,0.0,1837.42663459441,757.8051809001211,,,0.06714657165653996,0.07168940887729147
2000,base1,0.3,sin,anchor_grid,500,exchangeable_varying_sigma,fixed,30,30,0,0.0351179963459139,0.0009376250820631067,0.0467788285667682,0.0015659342833711874,0.017156339838766927,0.006870786713242928,0.020397426934588906,0.008360668073268587,0.03429969786180366,0.0009274365945187171,0.04580051821225737,0.0015215167878931748,0.016299668892927027,0.007046286108498237,0.019459436976784768,0.00824242484011144,0.22331354766738443,0.020712904510937175,0.2461147584254359,0.019290625929216775,0.06339345311966234,0.02577372875663632,-0.06339345311966234,0.02577372875663632,0.18,0.0,0.18,0.0,1857.1794031801323,1066.744134276154,,,0.06339345311966234,0.0684325579856218
2000,base1,0.3,sin2,anchor_grid,500,exchangeable_varying_sigma,fixed,30,30,0,0.03022945249278873,0.0008327349286431998,0.038920753333996985,0.0012039984479884655,0.014768985641892364,0.006125024958693155,0.017659036440178418,0.007417062396367252,0.02963121036250227,0.0008310323859577252,0.03821872525674586,0.0011918062567906342,0.014145019291271349,0.006025835917839731,0.01676272233069199,0.0069741829054967616,0.14816892825991632,0.017616120014144133,0.15342943262649614,0.018133916953839497,0.06414898867487631,0.026608960793186656,-0.06365371280497051,0.027772907457540096,0.18,0.0,0.18,0.0,1607.2700645358186,238.462241248044,,,0.06414898867487631,0.06944875479447239
2000,base1,0.6,constant,full,,exchangeable_varying_sigma,fixed,30,30,0,0.03512326765995472,0.0010103789720383475,0.04588843575369939,0.001507040873807852,0.01864725529569328,0.007708029355823841,0.0224597085231577,0.009401085485211898,0.03169788556140253,0.0008911085009960496,0.04131597928655385,0.0013243228108611935,0.01829779787936564,0.007533919607289225,0.021833285984239646,0.00878733514169217,0.18610086643436638,0.026222503780251545,0.20255643756894248,0.021523705095597447,0.134514933915839,0.020603253558040602,,,0.2,0.0,0.2,0.0,6453.08233347048,1576.108130020259,0.4082631392084291,0.05224730347339953,,
2000,base1,0.6,mixed,anchor_grid,500,exchangeable_varying_sigma,fixed,30,30,0,0.035881562531475376,0.0010331135532603921,0.04874875449225886,0.0018336479398219732,0.018679165615075936,0.0076518518584096015,0.02235514107798338,0.009370554419264718,0.03203149572419466,0.0009004063980120041,0.04364050070627493,0.001615657186612202,0.018103573507895494,0.007574137281020769,0.02149044610353727,0.008707995044050723,0.2357443479853407,0.023616309268323536,0.27867735314952535,0.021605920810510566,0.13846434897676532,0.019340352879079085,-0.13846434897676532,0.019340352879079085,0.18,0.0,0.18,0.0,1752.9258728749933,841.9142108879797,,,0.13846434897676532,0.13980853045163857
2000,base1,0.6,sin,anchor_grid,500,exchangeable_varying_sigma,fixed,30,30,0,0.035146948255557274,0.000983185116975424,0.04680655403100717,0.0016414681411337643,0.018762584821107937,0.007443632070867182,0.022425456713057804,0.009118818890293822,0.03133705219829384,0.0008570396971449743,0.0418643173160299,0.001416828841866344,0.017614867186690975,0.007657645752059281,0.021053713825956378,0.008785288098293449,0.22266471804051563,0.025060353447250525,0.2458586422919488,0.022888075595300678,0.13212121414990538,0.019723324813372616,-0.13212121414990538,0.019723324813372616,0.18,0.0,0.18,0.0,2258.7397821577383,830.0042664535346,,,0.13212121414990538,0.13358527153147892
2000,base1,0.6,sin2,anchor_grid,500,exchangeable_varying_sigma,fixed,30,30,0,0.030253125835797416,0.0008576519849508239,0.038952627515283104,0.0012394182109607289,0.016112156397591698,0.006842406938973941,0.0193835382810714,0.00814970573112545,0.027227944161087907,0.0007741045947262439,0.03510101267197022,0.0011105458279550614,0.0152745087805822,0.006423611542985889,0.018148617535222802,0.0073768503877131054,0.14763335127203134,0.02145807622833548,0.15321072165758956,0.021385228069105918,0.13170186846491108,0.021835174103484005,-0.13170186846491108,0.021835174103484005,0.18,0.0,0.18,0.0,1678.5248543778746,222.73464592769264,,,0.13170186846491108,0.1334996516298009
2000,base1,0.9,constant,full,,exchangeable_varying_sigma,fixed,30,30,0,0.03518669475317655,0.0010774277316458912,0.045961957576858684,0.0015772205449961346,0.020155158993927138,0.008276888853588122,0.024346697131679085,0.010108124249536351,0.025763866634630272,0.0007563771738805831,0.03304257713019541,0.001128603264489997,0.019609030829943204,0.00766601311727661,0.023380612110498463,0.008924926670692742,0.18656951363554844,0.029707313033540232,0.20343416934962505,0.02549794454944787,0.20386896082698838,0.013407747805279802,,,0.2,0.0,0.2,0.0,6381.951578413583,1663.298963730668,0.5393048078077461,0.05849864165350028,,
2000,base1,0.9,mixed,anchor_grid,500,exchangeable_varying_sigma,fixed,30,30,0,0.035938650139787705,0.0011357223860513123,0.04881265302655981,0.001946117254000786,0.020195735527213085,0.008200358792590713,0.02425256276364705,0.010069997765921462,0.025303986057711874,0.0008086912906960559,0.03428780998089829,0.0014946918190795982,0.01934342725621274,0.00777541860658341,0.02298818216948056,0.008842342275728826,0.2360926619322626,0.02779943077108073,0.2794830666661489,0.025978594112857464,0.2099821934234998,0.012316388550158573,-0.2099821934234998,0.012316388550158573,0.18,0.0,0.18,0.0,1852.2005263041667,745.995396268504,,,0.2099821934234998,0.21034308874280266
2000,base1,0.9,sin,anchor_grid,500,exchangeable_varying_sigma,fixed,30,30,0,0.03520509743636638,0.0010914471431939929,0.046861533918234485,0.0017630793368833865,0.020211721619235637,0.007984886953746127,0.02429643975831535,0.009808012249398685,0.024645282803280773,0.0007566776237801081,0.03277666406255911,0.0012962599238178886,0.018877355195401548,0.007843923916018236,0.022502172940345677,0.008965300260437754,0.22230597431972973,0.029164011435849187,0.2456784063796175,0.026860994454795055,0.20141793307963762,0.012562232788687646,-0.20141793307963762,0.012562232788687646,0.18,0.0,0.18,0.0,1994.7507453827343,807.6442687893988,,,0.20141793307963762,0.2018092997329671
2000,base1,0.9,sin2,anchor_grid,500,exchangeable_varying_sigma,fixed,30,30,0,0.030311830522794587,0.0009253069205487462,0.039010599717897894,0.0013027476407440311,0.017442270909439974,0.007391951529201448,0.020976120086438794,0.00878239396264994,0.021912653240441823,0.0006687413158695862,0.028051894793178198,0.0009697579957958935,0.016351111613587835,0.006492869199816855,0.0194146737399015,0.00747432937962721,0.14725490044195283,0.025684120733376538,0.15339960896548976,0.02476893013721781,0.2000472394726443,0.013941528840432886,-0.2000472394726443,0.013941528840432886,0.18,0.0,0.18,0.0,1603.6687218201191,271.4255186075411,,,0.2000472394726443,0.20053245185514018
2000,base2,0.0,constant,full,,exchangeable_varying_sigma,fixed,30,30,0,0.0346345820067089,0.0009757122147002507,0.04549369924949465,0.0013149649012587548,0.01516704794827484,0.007249915559222571,0.017957824511742708,0.008517076548570058,0.03484357984905199,0.0009781845111758174,0.045802211932039386,0.0013328782799114445,0.015013981692009544,0.00727439798536875,0.01791656956131908,0.008447796221736923,0.1909102753371463,0.023415375605294355,0.21051062597016118,0.019909679469601944,0.01679387319494853,0.013727694561333593,,,0.2,0.0,0.2,0.0,6119.9677538658325,1483.5599131295967,0.27110433020422187,0.03320574015287702,,
2000,base2,0.0,mixed,anchor_grid,500,exchangeable_varying_sigma,fixed,30,30,0,0.035646482207377095,0.001012765528252515,0.0484776701748961,0.0015627733240901615,0.014836505143961646,0.007317689926253532,0.01779938844940395,0.008442882751421976,0.03566313721922597,0.0010099522689929917,0.04858159544394556,0.0015722388224057018,0.014850629893262942,0.007229480823868382,0.017621174952903728,0.008326595845666631,0.23947826279561613,0.020692237970289833,0.28479878045164403,0.01748374524466113,0.016610620535359603,0.013150041493366477,0.007421205887775491,0.019843437429493325,0.18,0.0,0.18,0.0,1580.8048347279275,296.5385382930848,,,0.016610620535359603,0.021185757145945252
2000,base2,0.0,sin,anchor_grid,500,exchangeable_varying_sigma,fixed,30,30,0,0.03463908725089023,0.0009957619059763213,0.04640260581389478,0.00145077488301595,0.015002780281824103,0.007034749189705753,0.017933523725898144,0.008181449942153246,0.03479608124444563,0.001001973562598577,0.0466643007628462,0.0014700378640677705,0.014727218005975129,0.0069639112337843674,0.017539789285117784,0.008122525510143344,0.22567403500744038,0.02208983183942183,0.24437519247408737,0.02048977178287726,0.017172887673050703,0.01382673286037262,0.006035704934879687,0.02120511444351088,0.18,0.0,0.18,0.0,1409.4239587955876,135.21203171334088,,,0.017172887673050703,0.02204737201172341
2000,base2,0.0,sin2,anchor_grid,500,exchangeable_varying_sigma,fixed,30,30,0,0.029844537991815783,0.0008903725435997001,0.0386000667867594,0.0011522939744108341,0.013289728195633422,0.006230189083043552,0.0156012378380548,0.007343963176809606,0.03001568402775436,0.0008860755685517701,0.038894057745999196,0.0011678480543746896,0.012412087067323637,0.006097031178717094,0.015036345095364211,0.00702260742986622,0.15166860076950392,0.018378500329604634,0.1584283036497823,0.01851434274030822,0.018611533733202748,0.015364505313363853,0.005683607055310674,0.023455358071608128,0.18,0.0,0.18,0.0,1968.3142086550865,931.1387244454913,,,0.018611533733202748,0.024134150314989958
2000,base2,0.3,constant,full,,exchangeable_varying_sigma,fixed,30,30,0,0.03450075296203894,0.0009239496133657314,0.045373278781900686,0.0013964427368957817,0.01745302118790968,0.006766819311569361,0.02065715252083635,0.00799624153114721,0.033903837711198835,0.0009784727579615828,0.04464894583000165,0.0014534684535507483,0.017325599148564345,0.006748813912440296,0.020304938290597332,0.007844754752668312,0.1890201660084651,0.02175472171393853,0.20855188971619606,0.017948968580813646,0.06277229931007021,0.023905948513743197,,,0.2,0.0,0.2,0.0,6380.681510810084,1578.3178815652707,0.3077776634328322,0.039828369869599166,,
2000,base2,0.3,mixed,anchor_grid,500,exchangeable_varying_sigma,fixed,30,30,0,0.03555289075106073,0.000957311480065783,0.048433478439240965,0.0016862092263576303,0.017269783627227205,0.006892255647997187,0.020532059986553823,0.008142970269515094,0.034720536760428036,0.0009731542569703216,0.04742169598112947,0.0016857229602573465,0.016957379205849093,0.006890011655084332,0.01999279994485841,0.007917452350557533,0.238220322681542,0.019011881850877318,0.2838567580854326,0.017546052139986605,0.06484389085664383,0.02413889191780848,-0.06457468792941454,0.02485006968333692,0.18,0.0,0.18,0.0,1536.8716606654655,302.7410436977149,,,0.06484389085664383,0.06919115755967649
2000,base2,0.3,sin,anchor_grid,500,exchangeable_varying_sigma,fixed,30,30,0,0.03460316081211073,0.0009662847151952427,0.04644717274723829,0.0015691387415001394,0.017436376297621778,0.006558511208331488,0.020628857261731744,0.007867235766796864,0.033899896055348974,0.000991481073747089,0.04561493026222006,0.0015895727037695702,0.016416802540937397,0.006924056842962934,0.019503552387958843,0.00791096673673497,0.2252683667516719,0.02067990886756413,0.24539468910695442,0.018449915234573747,0.061326350322320394,0.023305650090496337,-0.060512338841044115,0.02534425808705559,0.18,0.0,0.18,0.0,1390.9323669968019,114.72743101333693,,,0.061326350322320394,0.06560544619158244
2000,base2,0.3,sin2,anchor_grid,500,exchangeable_varying_sigma,fixed,30,30,0,0.029760270014962637,0.0008415515578642799,0.038527424855337306,0.0011985837402522681,0.014962019580025306,0.005893318305235888,0.017854121709986664,0.006984283957595856,0.029220018541781863,0.0008796028854359982,0.037938472484241995,0.0012391367594429073,0.014274136246830741,0.005919165829786857,0.01687981941318236,0.006654548887194795,0.150100765047264,0.017927592336012033,0.15672144612961908,0.01838273788217793,0.06215311320167003,0.02330991057464026,-0.060766272652169245,0.02671743849285637,0.18,0.0,0.18,0.0,1818.2649911238384,809.3131754879732,,,0.06215311320167003,0.06638042943260714
2000,base2,0.6,constant,full,,exchangeable_varying_sigma,fixed,30,30,0,0.03451544174967792,0.0009383695791161981,0.04538854842388311,0.0013877845143369907,0.01907838187536648,0.007410996304165523,0.02267382250883872,0.008828518905667654,0.031116164134350484,0.0009206350095486906,0.04098099485435043,0.0013527915063503498,0.018746915269326665,0.007400343094710166,0.021992445579625722,0.008412253558451339,0.1888615865066469,0.025478539698060357,0.2091873449456044,0.02112486580843085,0.13043023639394175,0.021002930607199644,,,0.2,0.0,0.2,0.0,6564.803513222648,1517.145161983118,0.40833749565767585,0.051493736769427485,,
2000,base2,0.6,mixed,anchor_grid,500,exchangeable_varying_sigma,fixed,30,30,0,0.03555623185199899,0.000998518768642607,0.04843778046936633,0.0017266946790400113,0.01891731176308202,0.007494962460699123,0.022555021449246142,0.008939855932202973,0.03168788872760744,0.0009219960183104631,0.043358146754547,0.0015977652321886244,0.018345556139824096,0.007548448845841467,0.021637179545781714,0.008504057860519122,0.2385186503155885,0.02252627299352819,0.284431162358815,0.02126290014915566,0.13541027370434638,0.019630487865813402,-0.13541027370434638,0.019630487865813402,0.18,0.0,0.18,0.0,1735.9831551725006,293.57619664245345,,,0.13541027370434638,0.13682579536964457
2000,base2,0.6,sin,anchor_grid,500,exchangeable_varying_sigma,fixed,30,30,0,0.03460946700283806,0.0010062037376865746,0.04645263693069801,0.0016073700932830596,0.01906380145190123,0.007148549499719085,0.022644510663900188,0.008637815918653785,0.030893710400249307,0.0009346967597049203,0.04167724749418717,0.0014928726842438494,0.01775859784599294,0.007626491349090501,0.021070881556270623,0.008556212929207715,0.22448433242868562,0.02519140781539872,0.24523699876025973,0.021963016963380412,0.12874757245220753,0.020144871274463814,-0.12874757245220753,0.020144871274463814,0.18,0.0,0.18,0.0,1406.0170189702612,157.64879546904336,,,0.12874757245220753,0.13031405622956085
2000,base2,0.6,sin2,anchor_grid,500,exchangeable_varying_sigma,fixed,30,30,0,0.029770361728602875,0.0008597714406184154,0.03853949776834974,0.0012133900968130085,0.016416603741267966,0.006438052890594927,0.019580058560911783,0.007718582627224708,0.026757429530168866,0.000831429181615371,0.03481798752709475,0.0011652138673695846,0.015436047639086766,0.006458057174629928,0.018246853988101573,0.007134576668189604,0.1495848474158016,0.021557098398277123,0.1567566463910161,0.021352437184043723,0.12813994179616145,0.021643351846541307,-0.12813994179616145,0.021643351846541307,0.18,0.0,0.18,0.0,2002.4046114617997,806.036915261359,,,0.12813994179616145,0.12995491280700716
2000,base2,0.9,constant,full,,exchangeable_varying_sigma,fixed,30,30,0,0.034544101250248455,0.0010068203107559874,0.0454376480057459,0.0014330271647791891,0.020602333884631344,0.00796292723566502,0.02453053860103447,0.009591931987205558,0.024732049978774484,0.0007635746893568835,0.0325852223875413,0.0011117357542002946,0.019910036121413687,0.007831265053664146,0.023527760210993804,0.00867709532677263,0.18919073894187186,0.029101157421148802,0.21025188226533814,0.024898810817371827,0.19928337714439565,0.01509434465477955,,,0.2,0.0,0.2,0.0,7093.879537589968,1518.0936327278107,0.5385265200182019,0.05792033577540385,,
2000,base2,0.9,mixed,anchor_grid,500,exchangeable_varying_sigma,fixed,30,30,0,0.035577772360266664,0.0011071087196539015,0.04848075706437207,0.0018179733975875957,0.020494283979726857,0.007993957965636593,0.024428962440706425,0.009668128325216838,0.024648850191182303,0.0008165993644789913,0.03388155997306134,0.001449373789488453,0.019484413198652795,0.008009102962413419,0.023111981357526887,0.008784454495374638,0.23912976786093829,0.026533631523389962,0.2852544713571204,0.025614749191278322,0.2066070096644456,0.013550591899059314,-0.2066070096644456,0.013550591899059314,0.18,0.0,0.18,0.0,1752.5297035014917,292.10532324898173,,,0.2066070096644456,0.20705089949888933
2000,base2,0.9,sin,anchor_grid,500,exchangeable_varying_sigma,fixed,30,30,0,0.03462252712245146,0.0011047482354530466,0.046482836871139785,0.0016955350800547627,0.020551160470082295,0.007655656126734093,0.024500718146610832,0.009343209475870227,0.02391655927835524,0.0008135292597842893,0.03250212049877655,0.0013283444456763732,0.01896317878152017,0.00803621390366852,0.022484172502397055,0.0088798836266743,0.22386922374444787,0.02979418722109742,0.24516871491930736,0.02590895780250773,0.19774166656722278,0.014360858151683413,-0.19774166656722278,0.014360858151683413,0.18,0.0,0.18,0.0,1451.726869924615,133.7084090238065,,,0.19774166656722278,0.19826245469991408
2000,base2,0.9,sin2,anchor_grid,500,exchangeable_varying_sigma,fixed,30,30,0,0.029796969011195735,0.0009240671305227904,0.038576811456525514,0.0012674065280341706,0.017758758123058715,0.007003201138285046,0.02115837219165341,0.008391264010432789,0.021107983780937027,0.0006975298978911528,0.027676895690119628,0.0009764001699577649,0.01648365416893189,0.006631156301172517,0.019503722900325805,0.00730418782739398,0.14919548845520747,0.025636794221408334,0.15723704436044866,0.02448321315577126,0.19598303990964824,0.015295307486187171,-0.19598303990964824,0.015295307486187171,0.18,0.0,0.18,0.0,2185.3373911795984,941.2811876343411,,,0.19598303990964824,0.1965789875935976
2000,base3,0.0,constant,full,,exchangeable_varying_sigma,fixed,30,30,0,0.057115162281755054,0.000963203328247679,0.07134900400817377,0.0011256356126825248,0.01686762839926895,0.00664138790698854,0.019600447666090794,0.008016426223264947,0.05913924587497636,0.0009646000709594983,0.07395770908237627,0.0011262397214343216,0.016333435428136707,0.00649890376562958,0.019254805170386653,0.007990049613218557,0.1993230212325605,0.021068415093368244,0.236136927159539,0.023068993258071366,0.018742984811747906,0.017075782521765226,,,0.2,0.0,0.2,0.0,6150.2886036816135,1510.1823644697888,0.2189072099013597,0.03771012255036153,,
2000,base3,0.0,mixed,anchor_grid,500,exchangeable_varying_sigma,fixed,30,30,0,0.052492919932405256,0.001030927673767773,0.06669952368253274,0.0012882771205853698,0.01591915347593428,0.0066136374677272245,0.018703017937046,0.007927034097177392,0.0537801066848214,0.001037065195687421,0.06835144017659987,0.0013097839178294883,0.015605158336470547,0.006725264134037392,0.01832787044162538,0.00792126512078508,0.16131696756607905,0.011818798326270419,0.20287007532121193,0.012207101424112483,0.018751645437597855,0.016791204512941197,0.004250942959618685,0.024809236980747103,0.18,0.0,0.18,0.0,1802.3270709836468,873.9579280551108,,,0.018751645437597855,0.025170791716050595
2000,base3,0.0,sin,anchor_grid,500,exchangeable_varying_sigma,fixed,30,30,0,0.05176323241215482,0.0009689563018973183,0.06520609813234313,0.0011794499448200297,0.016175436817536318,0.006653927948264422,0.01893472767305317,0.007855645633013856,0.053025238988356885,0.0009930796663332076,0.06681181679148292,0.0012158301177867697,0.015152782615280795,0.006795565427176143,0.01793751032644198,0.00789402914093468,0.1366997178649062,0.007544925456809429,0.16729013602171844,0.00905218212429027,0.019350997390615052,0.01593348665253518,0.00312087096169771,0.024871615575964085,0.18,0.0,0.18,0.0,1831.7671531948959,829.4698396829847,,,0.019350997390615052,0.025066653085685515
2000,base3,0.0,sin2,anchor_grid,500,exchangeable_varying_sigma,fixed,30,30,0,0.047995966038500114,0.0008733124309687623,0.05989147323076448,0.0010278313171721521,0.01449027947961556,0.006023224194582818,0.01675739649636717,0.007060125352193101,0.049459921119478126,0.0008831984058498049,0.06176653019566143,0.001037047676822879,0.013233756234076003,0.0056232714942495675,0.015818265702955824,0.006759233793756766,0.12454870617966837,0.01046145423399748,0.1471349022764112,0.013394959403358952,0.019279549948081277,0.0168154268682646,0.001971046685008602,0.025506363949572123,0.18,0.0,0.18,0.0,1363.6901404737457,105.23366891874318,,,0.019279549948081277,0.025582408544984888
2000,base3,0.3,constant,full,,exchangeable_varying_sigma,fixed,30,30,0,0.05713578445235589,0.001057984274608024,0.07136101307100579,0.001156392370885448,0.018737750644335402,0.008641725597659706,0.02239852415290627,0.009816815605810235,0.05871154307960372,0.00107474793747965,0.07344492203793722,0.0011796490439361649,0.018432790015374418,0.008944347365600082,0.021886779710266497,0.010078102261024013,0.20130847683364192,0.02108281827230566,0.23737890009942042,0.02264069546814706,0.13895735380977528,0.025109782304492272,,,0.2,0.0,0.2,0.0,6180.628490114122,1649.9536300113243,0.273579766347506,0.03151116879838914,,
2000,base3,0.3,mixed,anchor_grid,500,exchangeable_varying_sigma,fixed,30,30,0,0.05250282404146062,0.001020712686617972,0.06672767436696157,0.0012931415438925172,0.018081152049955505,0.008579374867500093,0.02176553138456171,0.009761363439285806,0.05325955073695268,0.0010205567766323502,0.06769305953365751,0.0012944169454951085,0.017862733088278227,0.00862460307879627,0.021204822059825275,0.00951570785591361,0.163534372730031,0.014275734155346706,0.20424745363195376,0.014963861181654166,0.12378905427429254,0.024525863463495553,-0.12378905427429254,0.024525863463495553,0.18,0.0,0.18,0.0,1815.1838897229095,842.2976338326887,,,0.12378905427429254,0.12619527699860153
2000,base3,0.3,sin,anchor_grid,500,exchangeable_varying_sigma,fixed,30,30,0,0.051818864486697015,0.0009576997285722694,0.06531757573093583,0.001146487719330111,0.018213744469745993,0.008245534090569913,0.021751506258839193,0.009668375983780168,0.052539155917326705,0.0009750028000911772,0.06624474349064446,0.0011701940725172926,0.017690591047100912,0.00875523064930599,0.021235715488059522,0.009644991816866122,0.13885909028476387,0.011860450827485413,0.16989662207035805,0.012968967328174565,0.12045983645550473,0.0240287284592403,-0.12045983645550473,0.0240287284592403,0.18,0.0,0.18,0.0,1835.5012668387849,729.0739931948389,,,0.12045983645550473,0.12283302483556631
2000,base3,0.3,sin2,anchor_grid,500,exchangeable_varying_sigma,fixed,30,30,0,0.04799550434176334,0.0008673347717790431,0.059881678445201744,0.000953322534684841,0.016205915714348765,0.0071972262858198905,0.019432600235318613,0.008274492590091498,0.04905989386079031,0.0008922541568260192,0.06129720917524196,0.0009708090397244207,0.015347377626594185,0.00756941520815298,0.01834477388267743,0.008510658192407103,0.12405292031682409,0.01209462610968309,0.14670167200794398,0.015107768498712617,0.13188295148435386,0.025599392710465626,-0.13188295148435386,0.025599392710465626,0.18,0.0,0.18,0.0,1357.5680502430537,125.06983772911289,,,0.13188295148435386,0.134344489278009
2000,base3,0.6,constant,full,,exchangeable_varying_sigma,fixed,30,30,0,0.05718349179004557,0.0010676058633057256,0.07140634660802525,0.0012119600478657441,0.020175852719919188,0.009324217607946071,0.02416308749504071,0.01071194299230775,0.05734742907461278,0.0010517315610260322,0.0717912216488688,0.0011525363381251219,0.019727926739882055,0.009639448236698524,0.023482012574697387,0.01086431452633273,0.20216705209754326,0.02451023122105894,0.23805296561962916,0.026546796601420043,0.2757254573103474,0.020874728681598297,,,0.2,0.0,0.2,0.0,6488.218299078102,1428.6307768478564,0.3892753506752758,0.02735947824637834,,
2000,base3,0.6,mixed,anchor_grid,500,exchangeable_varying_sigma,fixed,30,30,0,0.05253790579273326,0.0010514757384445896,0.06676358706907791,0.001379743085161057,0.019519185891939135,0.009330967792995604,0.023547545077436376,0.010725208154512784,0.05158320081072967,0.0009951505635445368,0.0654354200988468,0.0012396627599032828,0.019122448080643704,0.009356811766661376,0.022809687762262883,0.010249954319005687,0.16447895929585687,0.01728739614399567,0.20520000147580586,0.017529847667873126,0.24680383841805842,0.019700279820199094,-0.24680383841805842,0.019700279820199094,0.18,0.0,0.18,0.0,2011.5979957350064,916.2371422778093,,,0.24680383841805842,0.24758884401943723
2000,base3,0.6,sin,anchor_grid,500,exchangeable_varying_sigma,fixed,30,30,0,0.051864218028062084,0.0009894791024499957,0.06536065634666774,0.0012267970921908502,0.019588448459296966,0.008992012302592738,0.023528092040587676,0.010603648968419505,0.050872361460353614,0.0009449733134913079,0.06408258081491167,0.0011116440337600544,0.018971056828435882,0.009449794404420122,0.022815811247986727,0.010387471644343893,0.13963274990031369,0.01470454421216755,0.17061597666220543,0.015418806983630141,0.2407454705947947,0.01923071245974654,-0.2407454705947947,0.01923071245974654,0.18,0.0,0.18,0.0,1863.3284636807782,817.0045325617218,,,0.2407454705947947,0.24151232248814677
2000,base3,0.6,sin2,anchor_grid,500,exchangeable_varying_sigma,fixed,30,30,0,0.04803906075433193,0.0008742176654696684,0.05992097191825438,0.0009831996034659544,0.017479578726543633,0.007783790522620978,0.020968164017500752,0.009026370663777225,0.04784455725106551,0.0008599753271310827,0.05984138922440378,0.0009237588597948109,0.016424404542185925,0.008169707281438331,0.019672524230463822,0.00917576809620807,0.12433329142908509,0.014538713089305174,0.14713491233960646,0.018072015266447087,0.2625614376935111,0.021135431553441122,-0.2625614376935111,0.021135431553441122,0.18,0.0,0.18,0.0,1393.7441456421589,162.23686251744826,,,0.2625614376935111,0.263410734463563
2000,base3,0.9,constant,full,,exchangeable_varying_sigma,fixed,30,30,0,0.057261897903557436,0.0010856793301087994,0.07147521725316734,0.0013180859096817296,0.021568736431931,0.0098950601999056,0.025775310668994102,0.01156383768603238,0.05473199769544625,0.0010042340508173435,0.06873435440317126,0.0011012268421288147,0.020803548718891136,0.010236522884901452,0.02485420130881564,0.011553061589078172,0.2030576143937794,0.028211467332692374,0.23878186225291845,0.030897864163939807,0.41249505689242927,0.01617602714780897,,,0.2,0.0,0.2,0.0,6821.505104251808,1527.6224369170372,0.5274057469973702,0.026638616664189565,,
2000,base3,0.9,mixed,anchor_grid,500,exchangeable_varying_sigma,fixed,30,30,0,0.05260219309548861,0.0011031920614348605,0.06683035320933765,0.0015357000423441912,0.020960907041294892,0.009760448391745368,0.02521600367124376,0.011565324698183322,0.04826083593253853,0.0009540895335664488,0.06108674732882424,0.0011578140652349187,0.02023524157730568,0.009847429504867453,0.024158934112513006,0.010872118436602154,0.16546070121756096,0.0202543018969575,0.2063525923487309,0.020304236152226086,0.3699280393653483,0.014564433145799653,-0.3699280393653483,0.014564433145799653,0.18,0.0,0.18,0.0,2079.229842648523,864.8238360192665,,,0.3699280393653483,0.37021463642264224
2000,base3,0.9,sin,anchor_grid,500,exchangeable_varying_sigma,fixed,30,30,0,0.05193758165769533,0.0010473057396728092,0.06542532902654724,0.001375917708429144,0.020957515538502166,0.00946551285856013,0.025174482566968946,0.011431829847953398,0.04757844223731455,0.0009090969471221812,0.05993787779499867,0.0010337816811349359,0.020084876371442698,0.009904759241792517,0.024130357417942203,0.011027458516595237,0.14052809504791058,0.018011322577019435,0.1714530731368254,0.018150738221436032,0.3613152596309606,0.01440840279580789,-0.3613152596309606,0.01440840279580789,0.18,0.0,0.18,0.0,1817.2360652197192,774.4412519613644,,,0.3613152596309606,0.3616024321175325
2000,base3,0.9,sin2,anchor_grid,500,exchangeable_varying_sigma,fixed,30,30,0,0.0481056891350732,0.0008955455118640636,0.059980050514120795,0.0010483614147459807,0.018649572166698533,0.008312046868743735,0.022347507863793643,0.009765976885418073,0.045503422157000144,0.0008063548704329727,0.057142540812680914,0.0008422517851820794,0.01727613500875654,0.008652441799483235,0.02081130718852259,0.009727754530734765,0.12487277099352692,0.017621216974358266,0.14775712399594892,0.02129221083375228,0.3933365516002954,0.016203128653609192,-0.3933365516002954,0.016203128653609192,0.18,0.0,0.18,0.0,1439.335562573575,150.99212218486898,,,0.3933365516002954,0.39367014644620596
2000,base4,0.0,constant,full,,exchangeable_varying_sigma,fixed,30,30,0,0.031319445876791946,0.0008732513242956025,0.04215426931833758,0.0012133798103956682,0.015091251651171669,0.0067404159333665885,0.017918992319983593,0.007805079196640151,0.03137489571165627,0.0008742924189120218,0.04229303509360068,0.0012357524586287549,0.014925143590510049,0.006683556455754241,0.0178211787153496,0.007755142536066117,0.22560575779274572,0.023886733911149167,0.23466170583184554,0.02231024608238865,0.018256245204349635,0.014617805295171279,,,0.2,0.0,0.2,0.0,6270.558952231051,1800.8679990196636,0.3200401122366002,0.03399149232309587,,
2000,base4,0.0,mixed,anchor_grid,500,exchangeable_varying_sigma,fixed,30,30,0,0.03330076451115034,0.0009048318977142033,0.046404818872406904,0.0014743325411740791,0.014778204633102063,0.006953991519286045,0.017741665760959324,0.007910426633870449,0.03333721579049752,0.000911135186094091,0.04651162708437537,0.001493268783944763,0.01485070651046306,0.0068728425237023095,0.017539474167809935,0.007816826939556749,0.2611194709239581,0.021427725804272515,0.2949832467320626,0.01899287432131478,0.018058111955966172,0.014413205720611895,0.008023816622958832,0.021666893486608028,0.18,0.0,0.18,0.0,1419.1156544346206,124.05894658786002,,,0.018058111955966172,0.0231048892349409
2000,base4,0.0,sin,anchor_grid,500,exchangeable_varying_sigma,fixed,30,30,0,0.03251330626745522,0.0008874915917834595,0.04423940672955269,0.0013289371714567213,0.01492585561922038,0.006776432583727781,0.01793965747634263,0.007726203891682874,0.0325650086304493,0.0008934448856252218,0.04438033369806005,0.001352363677298075,0.014760275650016693,0.0066630028110956415,0.017364094240195815,0.007729029605060195,0.24790285620390487,0.02241373298117496,0.2635227058088725,0.022052690129037766,0.01840338809449834,0.01488168212865599,0.0065637781811348755,0.022739084685271308,0.18,0.0,0.18,0.0,1536.0628575141775,304.7632137787403,,,0.01840338809449834,0.02366747042535561
2000,base4,0.0,sin2,anchor_grid,500,exchangeable_varying_sigma,fixed,30,30,0,0.027516735474320448,0.0007669982999938282,0.03596154754733887,0.0010285670004092583,0.013353377818834876,0.005980704933652217,0.015591121055379109,0.006888329527245558,0.027542490987369817,0.0007644743321654694,0.03609493859096169,0.001049548595880421,0.01244810504362087,0.005639478006590593,0.0149940539763737,0.006487319015650879,0.17405338413643678,0.01852274024185417,0.18027920059869143,0.019381254491088067,0.019812273369840372,0.01593784223807081,0.006318588202524328,0.024629584535956758,0.18,0.0,0.18,0.0,1811.2742280520654,864.3570098208506,,,0.019812273369840372,0.025427170335822268
2000,base4,0.3,constant,full,,exchangeable_varying_sigma,fixed,30,30,0,0.031222187502523393,0.0007943895613267074,0.04207439432771407,0.0013641350384238063,0.016841545167263508,0.007041249280163866,0.020330211116936024,0.008510243724732367,0.030319442855249176,0.0007819531388026108,0.04100917103475519,0.0013484338305106008,0.01670972369598598,0.007125676544729915,0.020006972301018663,0.008329067905371511,0.2237682473727462,0.022203466323722217,0.23311021956170325,0.019748535840899334,0.054406110563702786,0.02366323423293421,,,0.2,0.0,0.2,0.0,6385.605353968087,1867.6399645749743,0.3523596613241319,0.039339705627588095,,
2000,base4,0.3,mixed,anchor_grid,500,exchangeable_varying_sigma,fixed,30,30,0,0.033202691479435525,0.0008630103318091133,0.046368207387091034,0.0016879165026187444,0.016933802114779208,0.0071084230291053535,0.020277823951812837,0.008635329573885377,0.03225991302542793,0.0008326375496482016,0.0452450145745854,0.001634335895845194,0.0165401863814654,0.007130884464230296,0.01972724851844616,0.008269626137364679,0.25993772789528846,0.020247339429081936,0.2945775490358736,0.018398390684272164,0.05931039055735994,0.02415607741794727,-0.058989030901645124,0.024930558308493406,0.18,0.0,0.18,0.0,1396.7898769288868,163.76929221943388,,,0.05931039055735994,0.06404091273778376
2000,base4,0.3,sin,anchor_grid,500,exchangeable_varying_sigma,fixed,30,30,0,0.03248245911599482,0.0008300211667422094,0.04430831544370363,0.0014981634597866506,0.017022529394216317,0.00687982848700379,0.020358350685438963,0.008391590224813478,0.03154880866910907,0.0008117437005054428,0.043231003329174324,0.001459063681488813,0.016144349243766606,0.007194356208830966,0.019447080945332863,0.008277475709317894,0.2476275978722683,0.021111699875635024,0.2648135552268615,0.019867116707733754,0.05596617436973884,0.023378763660260305,-0.05519801284168631,0.025138787603927,0.18,0.0,0.18,0.0,1541.6838336531848,270.22552722441674,,,0.05596617436973884,0.060652941098237934
2000,base4,0.3,sin2,anchor_grid,500,exchangeable_varying_sigma,fixed,30,30,0,0.027431677627129416,0.0007113769489141945,0.0358981055263894,0.0010976212268022571,0.014627900233335175,0.006125306095034564,0.01765408722868567,0.007318038409891788,0.02662694512274625,0.0007079003379235362,0.03501657100339532,0.001091297618365529,0.014018224908526696,0.006177572431313368,0.016732518206408604,0.0071202711263550975,0.1724448599466392,0.018058924952844356,0.17833095197036322,0.019112540423173667,0.05466555317510528,0.023835412761680726,-0.05309760783621039,0.027149468641797857,0.18,0.0,0.18,0.0,1724.7099441048495,778.0197629062366,,,0.05466555317510528,0.059635975765136566
2000,base4,0.6,constant,full,,exchangeable_varying_sigma,fixed,30,30,0,0.03126136903520569,0.0008503800826579809,0.04211385726875396,0.00141036243435257,0.018501357573752465,0.007663602074231677,0.02235483485443623,0.00934706763636211,0.027061877426606352,0.0007049863907445122,0.036815230102421895,0.0012442281507311587,0.018143202560254663,0.007679448236819961,0.02167039447840464,0.00888761563349856,0.22328552129328777,0.026958982866459993,0.23339978963847277,0.023412440009769404,0.11137664426158488,0.018812097968567112,,,0.2,0.0,0.2,0.0,7211.587172643406,2069.5612444390053,0.44356445699027425,0.051352581773053824,,
2000,base4,0.6,mixed,anchor_grid,500,exchangeable_varying_sigma,fixed,30,30,0,0.033231736532216435,0.0009344870286741236,0.04638999797784027,0.0017709577130560707,0.018585511708082248,0.007697385946053929,0.022311313342694768,0.009424061822837419,0.02888375478556876,0.0007655352629684165,0.040847924928970165,0.0015492922527941277,0.01792097743762861,0.00778924214302018,0.021358785921665804,0.008855759499365928,0.2597485582138621,0.024595689979986148,0.29506182319250385,0.022192177613126342,0.12278279985910359,0.018151503757486014,-0.12278279985910359,0.018151503757486014,0.18,0.0,0.18,0.0,1367.007531281844,154.73986247823223,,,0.12278279985910359,0.12411725516582583
2000,base4,0.6,sin,anchor_grid,500,exchangeable_varying_sigma,fixed,30,30,0,0.0325191007824255,0.0009040633469885016,0.04433528550060715,0.0015857606439671635,0.018621985986310336,0.0074741436753558155,0.022378127682171803,0.009165440669738898,0.02818968390426072,0.0007329214714934906,0.03893031931258914,0.001357794807594497,0.01754465621342984,0.007784415098990518,0.02101359882945253,0.008917206775723963,0.2468458381872473,0.025695985605030686,0.26448152995112467,0.02354857988204939,0.11643312825349654,0.018203768603117704,-0.11643312825349654,0.018203768603117704,0.18,0.0,0.18,0.0,1652.1148684291945,280.4552665905278,,,0.11643312825349654,0.11784757335749865
2000,base4,0.6,sin2,anchor_grid,500,exchangeable_varying_sigma,fixed,30,30,0,0.027464130451308577,0.00076206716965616,0.03593055014220608,0.0011495404892885015,0.016010903391853244,0.006751085174435755,0.019365905657971954,0.008090825493261894,0.0238016863105028,0.0006424893924902845,0.0314720375666508,0.0010135196583874954,0.015155224349488426,0.006631783772529922,0.01809887184250778,0.007588104681218522,0.17191960933655903,0.021815576639448147,0.17805179876533042,0.022564881500788857,0.11136036161013396,0.01996298544094211,-0.11136036161013396,0.01996298544094211,0.18,0.0,0.18,0.0,1835.0677152891487,809.4633394399067,,,0.11136036161013396,0.11313554227410176
2000,base4,0.9,constant,full,,exchangeable_varying_sigma,fixed,30,30,0,0.031323142844433854,0.000974322686568309,0.042190197148484584,0.0015221334349984506,0.020034758859255875,0.008196306465863295,0.024222341372221862,0.010091205527097712,0.0191035000580387,0.0005607307898729876,0.02655282985444425,0.001090108778804806,0.019370402397861017,0.007971170201935118,0.023169083307826927,0.009104760912367234,0.2229321896160092,0.03241356423492334,0.234047055322655,0.027645305657345527,0.16952776278614057,0.01017571281769416,,,0.2,0.0,0.2,0.0,8116.282252061635,2287.8112551758086,0.5660442655418293,0.058500369606100125,,
2000,base4,0.9,mixed,anchor_grid,500,exchangeable_varying_sigma,fixed,30,30,0,0.03328392325038607,0.0010803563045242324,0.046453628030605404,0.0019160321883012108,0.02009065259263702,0.008220622124018888,0.024193926351708604,0.010136677038178582,0.020644585100004168,0.0006510002235592447,0.030160610112924365,0.0014729717989537014,0.019144627306781962,0.00801347769098805,0.022825923718514905,0.009041464447194695,0.25981335418737067,0.0292540314810201,0.29577784799416484,0.02660505197024481,0.18679344268135414,0.010141545737669696,-0.18679344268135414,0.010141545737669696,0.18,0.0,0.18,0.0,1420.0201095485904,164.20641708307247,,,0.18679344268135414,0.18706854673809167
2000,base4,0.9,sin,anchor_grid,500,exchangeable_varying_sigma,fixed,30,30,0,0.0325703443139544,0.0010490676089082713,0.04439007044866806,0.00173525218659442,0.020100134902799414,0.007980213056292517,0.02423627362727684,0.009866651915674271,0.019956605724661475,0.000601716331769819,0.028454571697488773,0.0012721045604734789,0.018777303869940875,0.008083403622079504,0.02240890632448655,0.0092039119304458,0.24613696622462625,0.030584011538134417,0.26421743986718477,0.02761490817106555,0.1782804815399537,0.010294978648743658,-0.1782804815399537,0.010294978648743658,0.18,0.0,0.18,0.0,1689.2078729061254,271.5189275577482,,,0.1782804815399537,0.17857748089693692
2000,base4,0.9,sin2,anchor_grid,500,exchangeable_varying_sigma,fixed,30,30,0,0.02751585894851655,0.0008667044701075736,0.035991328863204324,0.0012464561062874486,0.017359831533425633,0.007266408034799879,0.020940325600421673,0.008762071413950433,0.016882348081109673,0.0005079005340313374,0.02284279129002267,0.0008991089153039376,0.016210631309815825,0.0067317033764260105,0.019336529790117726,0.007712495618965871,0.17153092484169855,0.02596455306847315,0.17812990409163174,0.026265057920049968,0.16993113735631882,0.010658878976587368,-0.16993113735631882,0.010658878976587368,0.18,0.0,0.18,0.0,1941.9186169117106,801.3808373355708,,,0.16993113735631882,0.17026509667060255
2000,base5,0.0,constant,anchor_grid,500,exchangeable_varying_sigma,fixed,30,30,0,0.06501178915106294,0.0011520566506696655,0.08862332568583606,0.0016134348631346672,0.018292612822480837,0.007250545991754552,0.021437445326813152,0.008153107319025977,0.06848077911791342,0.0012723729156901644,0.09487559885212062,0.0017315492813996345,0.017168388773295788,0.0075217836578287105,0.020303687016994375,0.008487606635029364,0.48305265445608103,0.04076078317229078,0.6764105711076496,0.058659492100863894,0.019945455595095914,0.014291278604911953,0.002620106105637648,0.024396657292636577,0.18,0.0,0.18,0.0,2323.9807435962525,974.4894117840552,,,0.019945455595095914,0.024536948527866236
2000,base5,0.0,mixed,anchor_grid,500,exchangeable_varying_sigma,fixed,30,30,0,0.06572206903233486,0.0011493075804878386,0.08970206441489383,0.001632373578679898,0.018094135784816553,0.007269465131720494,0.02126623625244369,0.008151690835468442,0.06925380826700347,0.001254188559195091,0.09595050092264464,0.0017453271690881646,0.01711301733058011,0.007569656752740527,0.020256606391484033,0.008445619557967783,0.5166380990289422,0.039640259784546474,0.7057530527958882,0.05637965632632245,0.019537885644851972,0.013934646561577276,0.0030204516802440906,0.023807146446281645,0.18,0.0,0.18,0.0,1285.530248161219,87.70235739061873,,,0.019537885644851972,0.023997986379431718
2000,base5,0.0,sin,anchor_grid,500,exchangeable_varying_sigma,fixed,30,30,0,0.06478601096015142,0.0011277131211553692,0.08860567250810851,0.0016135699372892983,0.01820917779803504,0.007012100928612002,0.0213451276179461,0.00793186503010705,0.06820346470335616,0.0012602097177028951,0.09477523244705029,0.0017376811026019764,0.016801598014916118,0.007198503161510678,0.019916439520866084,0.008126884807493299,0.4791913594312456,0.04143050431654715,0.6481461771269192,0.060919795512589976,0.01940389648123481,0.0148397152751115,0.002302374885830812,0.02431928078677389,0.18,0.0,0.18,0.0,1605.9215594357074,239.43598886169318,,,0.01940389648123481,0.02442802382717141
2000,base5,0.0,sin2,anchor_grid,500,exchangeable_varying_sigma,fixed,30,30,0,0.06135872928086557,0.0011053013447969808,0.08477986921645896,0.0015570195045810048,0.016944870223278334,0.0066874722356165634,0.019782084886056213,0.007387318137969739,0.06503352331637469,0.0012540409948096428,0.0917949266192759,0.0016984923604561955,0.014935405515059967,0.006364705789262737,0.017714921258235934,0.007172263549694009,0.49000720506321227,0.03955799507943824,0.6951995860967252,0.05574190478570637,0.02133649466822602,0.014591991403923109,0.0010556532912333375,0.025827462399316575,0.18,0.0,0.18,0.0,1302.0870957914235,107.08993602775216,,,0.02133649466822602,0.025849027406450002
2000,base5,0.3,constant,anchor_grid,500,exchangeable_varying_sigma,fixed,30,30,0,0.06500466550060542,0.0015568274101549666,0.0886093951433606,0.002152382390551996,0.021291390256520996,0.009302274694854758,0.0250395311991897,0.010453200424429166,0.06805322115423737,0.0016573461027146377,0.09450756801474428,0.002341826960230841,0.019772299846801726,0.00905855488984348,0.02311608290935312,0.010057903921536443,0.48254171579183086,0.03578219939783026,0.6739113028573659,0.05406040932218188,0.1712485891167647,0.02867887270130681,-0.1712485891167647,0.02867887270130681,0.18,0.0,0.18,0.0,2807.617763067654,1001.0259869023029,,,0.1712485891167647,0.173633398325035
2000,base5,0.3,mixed,anchor_grid,500,exchangeable_varying_sigma,fixed,30,30,0,0.06572191352334242,0.0015761822620655587,0.08970329599266469,0.002212078258053884,0.02140818900215041,0.00939063490094268,0.025147226419620732,0.010525321411794904,0.0688306659515183,0.0016808330590563005,0.09558425538291841,0.002411181459686476,0.01975835156908303,0.009057650095353793,0.023184082636587725,0.010039666863311507,0.51689442338223,0.034635859645409925,0.70320439072456,0.051596915193015444,0.1742497028461293,0.028322247731121877,-0.1742497028461293,0.028322247731121877,0.18,0.0,0.18,0.0,1291.8984486180861,119.53826330696829,,,0.1742497028461293,0.17653642303645842
2000,base5,0.3,sin,anchor_grid,500,exchangeable_varying_sigma,fixed,30,30,0,0.06478953237252516,0.0015332099162937653,0.08862704653265721,0.0021537344708951797,0.021313336350705887,0.00927492290344038,0.025138954063089584,0.01035994644525902,0.06779191222430177,0.001633222849247461,0.09444390936421115,0.002345611683379254,0.019202654175691853,0.00864206385563122,0.022521282450411236,0.0096102602937133,0.47870393936993166,0.036661317810204055,0.6452718550111611,0.05557920755685956,0.17072743732428677,0.03002356277652481,-0.17072743732428677,0.03002356277652481,0.18,0.0,0.18,0.0,1654.8323817474031,195.32855838276973,,,0.17072743732428677,0.17334725892587455
2000,base5,0.3,sin2,anchor_grid,500,exchangeable_varying_sigma,fixed,30,30,0,0.061354807444073976,0.0014383282927534298,0.08477532975448093,0.001988356361238398,0.018952978581900395,0.008407958771046217,0.0225801251082938,0.009477729452553032,0.06472715177385475,0.0015537672193845224,0.09155409496728315,0.002184920724179148,0.016856366790620806,0.00788129732822352,0.0196845659125129,0.008673339669480076,0.48908535985030266,0.034633893111459646,0.6935641332970275,0.05176226565372263,0.18628224689802683,0.029632729369411366,-0.18628224689802683,0.029632729369411366,0.18,0.0,0.18,0.0,1336.3648419977205,123.45490499604901,,,0.18628224689802683,0.18862442619994418
2000,base5,0.6,constant,anchor_grid,500,exchangeable_varying_sigma,fixed,30,30,0,0.06503161662399154,0.0016250082511322405,0.08862238413847666,0.0022066296908021957,0.022772004055143274,0.00976752869909744,0.026871048316903894,0.011038685839478469,0.06678898290521432,0.0016984706346815153,0.09336723805856544,0.002342627526701676,0.02120423183148434,0.009627230097123136,0.02479576163892377,0.010694969327772823,0.48295784341046255,0.036458358393433664,0.6745083860452602,0.053667222778272,0.3421037044263896,0.02894127577721818,-0.3421037044263896,0.02894127577721818,0.18,0.0,0.18,0.0,2493.9418461589376,1156.7141380654907,,,0.3421037044263896,0.34332570836724635
2000,base5,0.6,mixed,anchor_grid,500,exchangeable_varying_sigma,fixed,30,30,0,0.0657452859181356,0.0016497013906395005,0.0897158878046082,0.002273089607937764,0.022914136039474297,0.00982907800230586,0.02697991074972528,0.011134033876002746,0.06755334206567642,0.0017276923360395025,0.09437802266532133,0.0024159654397004227,0.021192758954615868,0.009630124870954807,0.024872747765644448,0.010676576460058302,0.517017548460441,0.03491454353782052,0.7034787830212043,0.050928470642835046,0.3475516998243628,0.02847620434203407,-0.3475516998243628,0.02847620434203407,0.18,0.0,0.18,0.0,1317.1857924514993,112.541318005187,,,0.3475516998243628,0.3487163292198019
2000,base5,0.6,sin,anchor_grid,500,exchangeable_varying_sigma,fixed,30,30,0,0.06481417366591145,0.001604694537539337,0.0886373764136114,0.0022097093266223926,0.022843872703325666,0.009644812754704201,0.026965799287468936,0.010921979732079902,0.06654242075892029,0.0016753321613557318,0.0933005850403547,0.002342165170405761,0.020550737765208937,0.009218467867466202,0.02410654657321807,0.010252440894968514,0.4793367244712784,0.03726097860695475,0.6459691710258145,0.05533486111168827,0.34168212236789347,0.02998333967639177,-0.34168212236789347,0.02998333967639177,0.18,0.0,0.18,0.0,1656.6639495148167,222.01201421989376,,,0.34168212236789347,0.34299515070038245
2000,base5,0.6,sin2,anchor_grid,500,exchangeable_varying_sigma,fixed,30,30,0,0.0613845228077237,0.0014890716145047576,0.08478718033752691,0.002027275321536742,0.020174250580600354,0.008808454594868372,0.024109120171215855,0.009921817393702131,0.06384590861177013,0.0015921258156708401,0.09084981412042886,0.0021827905173752026,0.018096568131247253,0.008339922627578279,0.021035410927059094,0.009221344125770326,0.48935729709773734,0.03555852240053962,0.6941222720456746,0.05138391164966787,0.37153886899181543,0.030346567953566824,-0.37153886899181543,0.030346567953566824,0.18,0.0,0.18,0.0,1341.4547251483232,111.43178615804628,,,0.37153886899181543,0.37277613303198187
2000,base5,0.9,constant,anchor_grid,500,exchangeable_varying_sigma,fixed,30,30,0,0.06508867450446942,0.001712827760353319,0.08865902398872194,0.0022642602621921544,0.024146693389267452,0.01012573909485629,0.028606072976651076,0.011562477655068997,0.06443248380877088,0.001798634583709134,0.09135057184626841,0.00233834980211905,0.022446287625113318,0.010049799031976352,0.026346858981307657,0.011148074007742424,0.48320856155147773,0.03718460412703073,0.6751000883210289,0.05291249074816146,0.5131810183081239,0.028880413149204,-0.5131810183081239,0.028880413149204,0.18,0.0,0.18,0.0,2595.690852294082,1062.2674723241742,,,0.5131810183081239,0.5139930309016182
2000,base5,0.9,mixed,anchor_grid,500,exchangeable_varying_sigma,fixed,30,30,0,0.0657995449580273,0.0017476233156635977,0.08975544924594048,0.0023378408384539134,0.024309670134128363,0.010247567780149864,0.02872372818091262,0.011686793124700232,0.0651783196288779,0.0018407640569566243,0.09224137504439155,0.002418854128248173,0.02242444834603848,0.010056433640770919,0.0264272829935505,0.011133692249578773,0.517007214007253,0.03520532534443573,0.7037248466581355,0.04985225581591705,0.5210222606146216,0.028533517542046454,-0.5210222606146216,0.028533517542046454,0.18,0.0,0.18,0.0,1370.715431294241,110.8674069141757,,,0.5210222606146216,0.5218029874189042
2000,base5,0.9,sin,anchor_grid,500,exchangeable_varying_sigma,fixed,30,30,0,0.06487023784338666,0.0016924162399387258,0.08866659599014146,0.0022699720769758774,0.024251613394513507,0.009970720952162697,0.028693760809344646,0.011429583622072597,0.06421795875330799,0.0017724949429199117,0.09127676285086364,0.0023331527658697446,0.021732908470177417,0.00968210954702748,0.025543990903981635,0.01072808126785213,0.4799076725096596,0.0378957329903945,0.6466593759461694,0.054771265414621455,0.5129485771673302,0.029590960352164235,-0.5129485771673302,0.029590960352164235,0.18,0.0,0.18,0.0,1690.1054015107413,266.4491903042465,,,0.5129485771673302,0.5138013894030959
2000,base5,0.9,sin2,anchor_grid,500,exchangeable_varying_sigma,fixed,30,30,0,0.061433469742193735,0.0015511214193989476,0.08481430565670776,0.0020685332952753432,0.021354028094601303,0.009074501002819235,0.025560382683074298,0.010307734029153274,0.06223839905909199,0.0016703397335635932,0.08963116481528428,0.0021722402707827857,0.019144620627490234,0.008703162525322437,0.0222962102111019,0.009610329566346996,0.48947832993941276,0.03669694206600197,0.6946278681950716,0.050685980230684005,0.5570241835329601,0.030676668389372712,-0.5570241835329601,0.030676668389372712,0.18,0.0,0.18,0.0,1334.4626793783507,110.10672950929751,,,0.5570241835329601,0.5578682631446535
2000,base6,0.0,constant,anchor_grid,500,exchangeable_varying_sigma,fixed,30,30,0,0.0475342688296292,0.0009060857292667524,0.06181076552215182,0.0014336242913862024,0.016014698881748956,0.00834418569159348,0.019212943364062686,0.009672589285828625,0.04834820436393069,0.0009123809198911708,0.06282467247685794,0.0014597708637142319,0.01618906643808411,0.008330154619504367,0.019193747408256964,0.009556480996876986,0.11049857844277049,0.016140202425011976,0.12980054859194856,0.016594651307502133,0.018089241600004986,0.012327194130558328,0.003405367795148574,0.021623687173458358,0.18,0.0,0.18,0.0,1591.4297725503022,330.93118288489154,,,0.018089241600004986,0.021890189053450925
2000,base6,0.0,mixed,anchor_grid,500,exchangeable_varying_sigma,fixed,30,30,0,0.047895918092610956,0.0009112933486739495,0.06335038585254184,0.00155184127978883,0.015845798977623036,0.008344195162154833,0.019120622268718846,0.009678182778466242,0.04873708095458152,0.0009010192674716275,0.06443363558665503,0.0015611340905819554,0.01588209308945137,0.008133535717673515,0.01872223918177703,0.009291785091428724,0.12189579413573641,0.01297805089513024,0.15371914393780303,0.013740347471024154,0.01853259562740524,0.010767350240063051,0.003762715888171288,0.021100590063455788,0.18,0.0,0.18,0.0,1478.4815078118506,130.88482304089416,,,0.01853259562740524,0.021433453568688032
2000,base6,0.0,sin,anchor_grid,500,exchangeable_varying_sigma,fixed,30,30,0,0.04734546823061295,0.0008804138520754664,0.06178321532827483,0.0014379655793977071,0.01613449277597457,0.008016968706346328,0.019271518654373602,0.009431402870025637,0.04814290448684079,0.0008970595980386488,0.06278607797808347,0.001472090065481192,0.016045384895192402,0.007974444026015083,0.019022943260495816,0.009252875604440972,0.10089178211732858,0.010661150135044704,0.1243292323626589,0.0145693654792533,0.018409875277540906,0.011704402825106234,0.0028110362490847054,0.021633645749926166,0.18,0.0,0.18,0.0,1536.044555815061,393.70717366601906,,,0.018409875277540906,0.021815511757164136
2000,base6,0.0,sin2,anchor_grid,500,exchangeable_varying_sigma,fixed,30,30,0,0.04407033000426227,0.0008234153239826475,0.05616072651213241,0.001147675560831827,0.014366570400773708,0.007285688613433582,0.017098817112015385,0.008567906904362727,0.04486187248845207,0.0008429746018962372,0.057142104643402955,0.0011878988998569432,0.01434178177842039,0.007329985925545264,0.01699790161964616,0.008478592541011512,0.11995746016775542,0.01116965317952186,0.13965017835777574,0.01398917025002642,0.01882465651062178,0.013512674935840192,0.002122811603668279,0.02307495931870542,0.18,0.0,0.18,0.0,2252.5765333089976,857.4918024747628,,,0.01882465651062178,0.023172399026958317
2000,base6,0.3,constant,anchor_grid,500,exchangeable_varying_sigma,fixed,30,30,0,0.04744155316687964,0.0010521688245251457,0.061708882080250986,0.0015130533114725631,0.01787895261333796,0.007055001740038917,0.021282955720492033,0.007948040029074073,0.047723209508436865,0.0011358153540583726,0.06204997970428523,0.0015811472374031106,0.017631552188650305,0.007042542921268536,0.02093969394878831,0.007874922953139903,0.10669325248802455,0.015151186393158638,0.12618007824957778,0.016184156569082498,0.10166362487091117,0.027893329604094543,-0.10166362487091117,0.027893329604094543,0.18,0.0,0.18,0.0,1638.709220885175,320.0326026395059,,,0.10166362487091117,0.10542073068564838
2000,base6,0.3,mixed,anchor_grid,500,exchangeable_varying_sigma,fixed,30,30,0,0.04780720568322641,0.0010787135550934684,0.06327193728332599,0.0016799303703430323,0.017863830420302564,0.007029814780861064,0.0212300501424974,0.007888170798568047,0.048124674686055455,0.0011445954022025991,0.06366098402708811,0.001703122811461246,0.017278080045645062,0.007030604298649534,0.020495133618170017,0.007821262175459,0.11887636379040208,0.012741645524991085,0.15041757299457076,0.014005942323619736,0.10471646792585772,0.02742082518855282,-0.10471646792585772,0.02742082518855282,0.18,0.0,0.18,0.0,1465.5856184494062,131.23364421182652,,,0.10471646792585772,0.10824712609990327
2000,base6,0.3,sin,anchor_grid,500,exchangeable_varying_sigma,fixed,30,30,0,0.04729597395434759,0.0010601407613527317,0.061766227917204965,0.001537932533190308,0.018092972123667114,0.00666495917726417,0.021322536646416586,0.0075641293264434376,0.047560109116782205,0.0011316667727619652,0.062094461191599094,0.001596302891487083,0.016954687443107845,0.006862416956388601,0.020230022370998937,0.007728262420337598,0.0995036284595542,0.011355160038904449,0.12296755838655685,0.014465335114074098,0.10071711633046994,0.02775614668948106,-0.10071711633046994,0.02775614668948106,0.18,0.0,0.18,0.0,1587.8959007258215,281.21184981703186,,,0.10071711633046994,0.10447172440892036
2000,base6,0.3,sin2,anchor_grid,500,exchangeable_varying_sigma,fixed,30,30,0,0.04400653119228305,0.0009267194095677074,0.056062399971855595,0.0011793077593092068,0.01568998624841312,0.00624166973728059,0.018660978087207018,0.007091081529444895,0.04439461284937242,0.0010212865136642497,0.05656552959132113,0.0012809020715626293,0.015326668998311095,0.0059176314189323745,0.018220630512787904,0.006751539707272031,0.11965375612325811,0.013734739248374317,0.138524761431498,0.015725878910746224,0.11066016813708034,0.028803546780238585,-0.11066016813708034,0.028803546780238585,0.18,0.0,0.18,0.0,2168.127606148397,941.0533284595867,,,0.11066016813708034,0.11434735291753931
2000,base6,0.6,constant,anchor_grid,500,exchangeable_varying_sigma,fixed,30,30,0,0.047428161932228076,0.0010232308322948719,0.06169151292366353,0.0014694278197752938,0.019475644361690306,0.007725087557146839,0.023227245523860622,0.008749134369000159,0.04584508444268486,0.0010893239328031976,0.05968457791217277,0.0015230560135112833,0.018947404909460345,0.007816200497585761,0.02251968800219796,0.008561930764771237,0.10774594803465046,0.016882387297135027,0.1273433854721711,0.017564909965866304,0.2094952067182964,0.02578651343283148,-0.2094952067182964,0.02578651343283148,0.18,0.0,0.18,0.0,1578.7678376590213,374.2596634695936,,,0.2094952067182964,0.21107625615630798
2000,base6,0.6,mixed,anchor_grid,500,exchangeable_varying_sigma,fixed,30,30,0,0.04778902591766791,0.0010495970275194151,0.06325132414188639,0.0016431826843402147,0.019490080609702302,0.0076658993917229365,0.023187085496641148,0.008666684242010008,0.04623899042200962,0.0010923578960862124,0.061176069756112485,0.0016306948019140918,0.01861957542633952,0.007802522672389063,0.022055833734807594,0.008516008343786336,0.12034127173200207,0.014411789780504908,0.15174208031613057,0.016135076020906133,0.21535815239866016,0.02515392606798909,-0.21535815239866016,0.02515392606798909,0.18,0.0,0.18,0.0,1461.89781113447,114.69838112368396,,,0.21535815239866016,0.2168221709170868
2000,base6,0.6,sin,anchor_grid,500,exchangeable_varying_sigma,fixed,30,30,0,0.047277706352502835,0.0010394248933832098,0.061743415807268644,0.001509742495344604,0.019673146482791407,0.007306809773990429,0.023273445576321813,0.008318002724461798,0.04569561450799797,0.001079791768263936,0.05972335190131882,0.0015308047227834021,0.018219686247291787,0.007670519839853108,0.021746825616710645,0.008420015556467734,0.10014886792027272,0.01239287307499631,0.12341910600293794,0.015066659713436029,0.20867752614788587,0.025518557438823735,-0.20867752614788587,0.025518557438823735,0.18,0.0,0.18,0.0,1656.9308388712504,340.7282777820035,,,0.20867752614788587,0.2102320306065661
2000,base6,0.6,sin2,anchor_grid,500,exchangeable_varying_sigma,fixed,30,30,0,0.04399788972091361,0.0008957983788301924,0.056048587962489564,0.0011410197370818726,0.01710228302000884,0.006845635650010229,0.020307304843389617,0.007806621782268029,0.0429941284028688,0.0009905016411012784,0.054939868298433406,0.001247256355596404,0.016372764464431287,0.006557479444104295,0.019529482088222402,0.007332626035411257,0.11982691209848222,0.014738275041908482,0.13904797619879206,0.01665123423949304,0.22700187598903793,0.027426158921131892,-0.22700187598903793,0.027426158921131892,0.18,0.0,0.18,0.0,2203.9867274439584,816.7924832209214,,,0.22700187598903793,0.22865267524284455
2000,base6,0.9,constant,anchor_grid,500,exchangeable_varying_sigma,fixed,30,30,0,0.04741714547293675,0.0010197313683049573,0.06169484251913144,0.0014369622649114669,0.021024708911834854,0.008296264184913313,0.025037879987134644,0.009488249686624373,0.04205656374619885,0.0010127718139799036,0.055046034266221705,0.00141421024347595,0.020158797010146022,0.008323189647545748,0.023957309047016,0.00906346711227824,0.10985080387648752,0.018401259102424104,0.12951996012910091,0.019104950880790825,0.317805642820352,0.0221140366813359,-0.317805642820352,0.0221140366813359,0.18,0.0,0.18,0.0,1525.379319999367,400.29311832016333,,,0.317805642820352,0.318574100056487
2000,base6,0.9,mixed,anchor_grid,500,exchangeable_varying_sigma,fixed,30,30,0,0.04776916078647615,0.0010439571367882438,0.06325458700002594,0.001616340291155516,0.021000833389890502,0.008225869179645608,0.025022510952512803,0.009384803162303253,0.04244543708190827,0.0010209155788075675,0.056286703348980595,0.0015123424633926854,0.019789732205786437,0.008343550981371328,0.023459648555771342,0.00901742896584716,0.12272611894582007,0.01626359532554951,0.15387005533478346,0.018468642205579373,0.32642155954862606,0.02142924693772129,-0.32642155954862606,0.02142924693772129,0.18,0.0,0.18,0.0,1475.4857541783713,152.41669965581076,,,0.32642155954862606,0.3271242075458114
2000,base6,0.9,sin,anchor_grid,500,exchangeable_varying_sigma,fixed,30,30,0,0.04725298035785517,0.0010381357072774358,0.06173234626082393,0.0014968959599503998,0.02108700691184086,0.007905247432663512,0.02509039275295827,0.009021427954126218,0.04194623601371693,0.0010040910861926092,0.055074935445645054,0.0014198202991111953,0.019369114176737555,0.008246884316460652,0.023124462689474972,0.00895614380504119,0.10138237812746208,0.013364713550056037,0.12452239600495306,0.015829183603639767,0.31735719340057517,0.02202907457157034,-0.31735719340057517,0.02202907457157034,0.18,0.0,0.18,0.0,1515.6539274095246,297.5861011324059,,,0.31735719340057517,0.31812083919411793
2000,base6,0.9,sin2,anchor_grid,500,exchangeable_varying_sigma,fixed,30,30,0,0.04399409195244727,0.0008887436338192752,0.056046611662644366,0.0011138508728469776,0.018392886917309302,0.007443143957216506,0.02183616411273378,0.00846849096997768,0.040229501547846734,0.0009179617331258887,0.05186446774264956,0.0011751735400526645,0.01733992073516976,0.0070987137011396355,0.02072945386600774,0.007809646479034091,0.12052355915528389,0.015865470624640353,0.140125711849918,0.01801421509758843,0.34384108574570843,0.02456366344657869,-0.34384108574570843,0.02456366344657869,0.18,0.0,0.18,0.0,2260.89202022925,803.5245782908577,,,0.34384108574570843,0.34471737091232346
5000,base1,0.0,constant,full,,exchangeable_varying_sigma,fixed,30,30,0,0.024218730708310085,0.0005910608188722799,0.030146103664044265,0.0006633007885345822,0.009049976699115446,0.0036292063470331256,0.010762072125527431,0.004070054182299381,0.02429487398726934,0.0005929073089782063,0.030231413556180746,0.0006656379477082291,0.009073241436630642,0.003711996082433831,0.010822991761133204,0.004156174133401031,0.04581785302229727,0.00920957927319496,0.060014213865676805,0.010187198692654595,0.011453828349056009,0.00779420088405703,,,0.2,0.0,0.2,0.0,36328.225414941335,8792.631125981117,0.05953753872492654,0.01806477952333669,,
5000,base1,0.0,mixed,anchor_grid,500,exchangeable_varying_sigma,fixed,30,30,0,0.023195155873085793,0.0005883345273515596,0.029649917901855987,0.0006871970034735133,0.009159517298310505,0.003703329304897385,0.010897065851651901,0.004098751661551503,0.023145976088137517,0.0005893841432272447,0.029609643991267063,0.0006878171313855972,0.008949380149886629,0.00357849521139459,0.010632869276384651,0.0040448613462218215,0.08737407182431364,0.010460764055649337,0.11257071506492251,0.011636398093994757,0.01062189154645147,0.007367170424624443,-0.0009247068582873137,0.012893591327332922,0.18,0.0,0.18,0.0,4441.9658282939035,1869.0539962414384,,,0.01062189154645147,0.012926708014418767
5000,base1,0.0,sin,anchor_grid,500,exchangeable_varying_sigma,fixed,30,30,0,0.022764380542318934,0.0005955426847945299,0.028839350708140015,0.0006758019625237038,0.009070573468631122,0.0035771072574893458,0.010728342946365925,0.003947912113753085,0.02276006878837895,0.0005933064986063457,0.028850181029557907,0.000673620115923447,0.008955867048803951,0.0036855694279479536,0.010707081127477747,0.004200665264039012,0.07106911346306152,0.011505726066727475,0.08988396512851532,0.01218379519669145,0.01156163516837707,0.007818261242843828,-0.000600367929391115,0.013944037255306156,0.18,0.0,0.18,0.0,4544.906015292691,1996.667526732371,,,0.01156163516837707,0.013956955851044575
5000,base1,0.0,sin2,anchor_grid,500,exchangeable_varying_sigma,fixed,30,30,0,0.020334395774757864,0.0005173896052437205,0.025354902809793464,0.0005646502142225707,0.007796696603690709,0.003012873650219137,0.009220466951511885,0.003405734184872555,0.02044027973301257,0.0005215629153582913,0.02547903392827383,0.0005670725442226164,0.007722369638885797,0.003169199187797505,0.009237844629418408,0.0035430332519066506,0.03642487154810878,0.009657712533094673,0.043718343545042566,0.01116610881568449,0.012116584353806687,0.008839908212257786,-0.000739034720040805,0.014980301108009474,0.18,0.0,0.18,0.0,3953.9269421230033,543.4690673141835,,,0.012116584353806687,0.014998519713760278
5000,base1,0.3,constant,full,,exchangeable_varying_sigma,fixed,30,30,0,0.023885231766679615,0.0005925482452471541,0.0297371433202114,0.0006976030907486948,0.009458225714966654,0.003038872441488022,0.01111235503311041,0.0035450182148487382,0.023516098889532502,0.0005983114547283251,0.029198888446978752,0.0006818908111171951,0.009394737561443354,0.0029900830995351242,0.011065793060948634,0.003446302520610252,0.04611365129826265,0.009830077744820651,0.06085239232404294,0.010885507733969898,0.03985255253371508,0.012930089930016795,,,0.2,0.0,0.2,0.0,36384.40483437976,8925.643738898416,0.09101188344369485,0.02254880368827739,,
5000,base1,0.3,mixed,anchor_grid,500,exchangeable_varying_sigma,fixed,30,30,0,0.022857698455664634,0.0005810718843846549,0.029247645164709936,0.0007086705504753316,0.009429522940468903,0.003037956580753051,0.01102295368083815,0.003563906914010848,0.022282638222748723,0.000569285852841155,0.028448197621510705,0.0007017476323938938,0.009274917658175593,0.002909066774226344,0.010927006704071287,0.0034188428533708528,0.08811266127587578,0.010455650093516988,0.11372198580708517,0.012465547021964554,0.03817775502521393,0.013246571284886027,-0.03817775502521393,0.013246571284886027,0.18,0.0,0.18,0.0,4363.079780434417,1688.0172252396471,,,0.03817775502521393,0.04041055096841435
5000,base1,0.3,sin,anchor_grid,500,exchangeable_varying_sigma,fixed,30,30,0,0.02244462652985877,0.0005763166801128474,0.028439987612030808,0.0007128869142369655,0.009321683903363206,0.0029848532190581882,0.010896635970828879,0.003524929394270964,0.021925870354846413,0.0005605503175342317,0.027734673331480605,0.0006919393074737092,0.009240881832970558,0.0029277643867244144,0.010915288776041965,0.00336803433452274,0.07104978716862304,0.012070800536818723,0.09007864393677001,0.012806127132130748,0.0361750928506876,0.01231448215647498,-0.0361750928506876,0.01231448215647498,0.18,0.0,0.18,0.0,5034.549546188617,2415.1059673812824,,,0.0361750928506876,0.03821366003849945
5000,base1,0.3,sin2,anchor_grid,500,exchangeable_varying_sigma,fixed,30,30,0,0.020049668912391388,0.0004962426731747196,0.024959167064326212,0.0006205857893894887,0.008205044091132771,0.0026123902296814132,0.009704811275071095,0.003041936105879265,0.01975481787494176,0.00048618597260146235,0.02455231837207237,0.0005793300505846844,0.007875055444177154,0.002544087841742215,0.00929038687239227,0.0029605665328101194,0.03573806883431983,0.009227530485544935,0.043070300678797885,0.010353175253010926,0.03755944026037231,0.013287111605102219,-0.03755944026037231,0.013287111605102219,0.18,0.0,0.18,0.0,3717.6338514354934,647.6288235036977,,,0.03755944026037231,0.03984041776235433
5000,base1,0.6,constant,full,,exchangeable_varying_sigma,fixed,30,30,0,0.023873821238237353,0.0006049706631850629,0.029709162741828644,0.0007099697973843802,0.010433428493916064,0.0033652268983006607,0.012255864501527823,0.003939921872260796,0.022011548983892078,0.0005671205749364345,0.02705115476906454,0.000614556912129251,0.010305137472322663,0.0031982563528361514,0.012142226549504503,0.0036907609867062982,0.047830034039879905,0.011601473296118221,0.06255256779488022,0.01274622822499004,0.07734383305893497,0.010404223903517251,,,0.2,0.0,0.2,0.0,37248.980246503306,8819.845909749325,0.15061513927596895,0.02631611357914135,,
5000,base1,0.6,mixed,anchor_grid,500,exchangeable_varying_sigma,fixed,30,30,0,0.02284622362462608,0.0006032452451882714,0.029218630434077308,0.0007279204708618026,0.010432910552383379,0.003347126862347114,0.012164580702269983,0.003939289144308686,0.0204684399565642,0.0005412248701286878,0.025823743159030535,0.0006476402324628892,0.010170279202405326,0.003111613553064062,0.011976812595352802,0.003667517139672198,0.08948824588862411,0.012405149005803369,0.11522785112045585,0.014625783721681333,0.07324603057538273,0.010589605921062843,-0.07324603057538273,0.010589605921062843,0.18,0.0,0.18,0.0,4078.0657078683025,1582.746695571578,,,0.07324603057538273,0.07400757223834133
5000,base1,0.6,sin,anchor_grid,500,exchangeable_varying_sigma,fixed,30,30,0,0.022436855663512598,0.0006020024500082451,0.0284148457249367,0.0007355758465891017,0.010303119653438886,0.003314370382419177,0.01202988041257372,0.0039029210866592307,0.020152619346912298,0.000530348999087476,0.02524290503645284,0.0006319694566094357,0.010140686017456258,0.003133542795915298,0.011963635293257027,0.003612389978208248,0.07201927914048292,0.013230334788108426,0.09130458315087604,0.014230428527403456,0.07030253397406487,0.009890740862668425,-0.07030253397406487,0.009890740862668425,0.18,0.0,0.18,0.0,4995.397984619865,2422.279902482933,,,0.07030253397406487,0.0709948803646221
5000,base1,0.6,sin2,anchor_grid,500,exchangeable_varying_sigma,fixed,30,30,0,0.020038048149679133,0.0005182939671779716,0.02493541483985285,0.0006417238832787631,0.009096818436191768,0.0028600823543435696,0.010709502049923074,0.0033765617367487754,0.018404452289991144,0.0004572584967329179,0.02270550948026273,0.0005136518437671013,0.00861928671049338,0.0027199007472006975,0.010171891129517245,0.0031624678361989083,0.03669485976734223,0.009799606029211913,0.04407554212218962,0.010983252343285663,0.07368048014799067,0.010714838178206405,-0.07368048014799067,0.010714838178206405,0.18,0.0,0.18,0.0,3739.2776729108377,735.5532120231711,,,0.07368048014799067,0.07445549618412059
5000,base1,0.9,constant,full,,exchangeable_varying_sigma,fixed,30,30,0,0.023872979020140035,0.0006180420160603433,0.02969504979947968,0.0007131224007421252,0.011375010722976602,0.0036684945968145817,0.013332082114051718,0.004335961086259387,0.018941226783042716,0.00039506634787766826,0.02263921598479127,0.0003838367896693149,0.011146957366876856,0.003368169944255867,0.013143662768550812,0.003955025814561473,0.050299233234217366,0.01353100135971782,0.06482889220779278,0.015161190451280702,0.11420646803085704,0.006424033188669069,,,0.2,0.0,0.2,0.0,37446.64059641398,9068.18747961613,0.2155996180866439,0.02963422399809552,,
5000,base1,0.9,mixed,anchor_grid,500,exchangeable_varying_sigma,fixed,30,30,0,0.022848400462976388,0.0006228719857469709,0.029203200408508455,0.0007443641834119063,0.01139772664852347,0.003659281514364861,0.013237943940710732,0.0043123607874984,0.016621423175866904,0.00038818299422704145,0.020133754072480227,0.0004096192612275499,0.010988396750867012,0.003302585082135503,0.012939038012581216,0.003928385268052676,0.09114699423604303,0.014913639918782447,0.11706573052779133,0.017401447882231875,0.10759926022781593,0.0063426999595099735,-0.10759926022781593,0.0063426999595099735,0.18,0.0,0.18,0.0,4199.1763150687875,1741.3902602946941,,,0.10759926022781593,0.10778604104590547
5000,base1,0.9,sin,anchor_grid,500,exchangeable_varying_sigma,fixed,30,30,0,0.022438524511893092,0.0006185870377275509,0.028404133962669473,0.0007462745748769953,0.011235521733133746,0.003629393973189919,0.013093495519176889,0.004282431526664654,0.016436322702352117,0.0003731439871366726,0.019890637859566056,0.0003965842693675576,0.01096578512408769,0.003296453007018832,0.012927927575831015,0.003867859105794898,0.0736304027311586,0.014979790800200411,0.09294481081135404,0.01626752599603763,0.10388909833527307,0.0060943857098308615,-0.10388909833527307,0.0060943857098308615,0.18,0.0,0.18,0.0,5029.791030403281,2226.786462115508,,,0.10388909833527307,0.10406770051315745
5000,base1,0.9,sin2,anchor_grid,500,exchangeable_varying_sigma,fixed,30,30,0,0.02003865525847502,0.0005374859954621923,0.024925606602818638,0.0006501552943736774,0.009929269415397329,0.0031286015102356232,0.011650726148630313,0.003716061113009044,0.015692408501033768,0.00032387712199635657,0.0188859311260809,0.00031857135647523184,0.009319712321174786,0.002869091718445038,0.010989160167806445,0.003359255574880479,0.03810171662220729,0.01069744482409436,0.04562437520057203,0.012254573460788768,0.10925265419253724,0.006602314436874819,-0.10925265419253724,0.006602314436874819,0.18,0.0,0.18,0.0,3916.133581920193,562.8101755032843,,,0.10925265419253724,0.10945196665221457
5000,base2,0.0,constant,full,,exchangeable_varying_sigma,fixed,30,30,0,0.02345307952840269,0.0005452135193172463,0.029767358502474094,0.000628657035955597,0.009109442431477186,0.003771953233393759,0.010966886478423449,0.004306987321297282,0.023621517506683412,0.0005359550675913954,0.029992027518154506,0.0006131153895154947,0.009114789845927614,0.0038800657260625792,0.011031778503389173,0.00444884312571647,0.06600874956850108,0.009348740638611241,0.07685680400799313,0.010002765621955782,0.012057843911343302,0.007271335246832709,,,0.2,0.0,0.2,0.0,36376.8495563127,9037.677280532875,0.06310668220491485,0.018109673744235378,,
5000,base2,0.0,mixed,anchor_grid,500,exchangeable_varying_sigma,fixed,30,30,0,0.022803481008362658,0.0005502647764667114,0.029382855929069175,0.0006851596106678312,0.009212816602111465,0.0038008278418890833,0.011062936141078276,0.004326710135901506,0.022738888434884072,0.0005419463092845501,0.029307977755336244,0.0006762938559932982,0.009017169677770647,0.003711927065182206,0.010839888298966503,0.004255785878121189,0.10409285122420732,0.010425013481140834,0.1242945962553457,0.011277141554361492,0.011530347649917552,0.007091056352922193,0.0007625234449116723,0.013514827232496812,0.18,0.0,0.18,0.0,3761.6685652353876,729.008747776527,,,0.011530347649917552,0.01353632140310939
5000,base2,0.0,sin,anchor_grid,500,exchangeable_varying_sigma,fixed,30,30,0,0.022173676001049334,0.0005362771224276305,0.028567199505342387,0.000668229906362567,0.00913135063363516,0.0035870354921980047,0.01084987357481718,0.004108059340132193,0.022316901836476315,0.0005286507895185766,0.028759559764817175,0.0006535075881328412,0.00896492204642276,0.0038335200208679753,0.010858391629440583,0.004320579204032707,0.0683687582995718,0.012461897286187872,0.08791528372125994,0.011250017940481392,0.012523352840391744,0.007291707530348685,0.0014882177721367753,0.014414873323612245,0.18,0.0,0.18,0.0,3352.7647639379256,279.1033290630434,,,0.012523352840391744,0.01449149285177658
5000,base2,0.0,sin2,anchor_grid,500,exchangeable_varying_sigma,fixed,30,30,0,0.019762025438034007,0.000443358104944149,0.025046433894594777,0.000499974588165466,0.007824963456228707,0.003131589945147755,0.009364673166196517,0.0035811296376500826,0.01992573822141848,0.00043384185563509096,0.02528255676432435,0.000481853078424698,0.0077366243347051925,0.0033131037077581216,0.009361850663969799,0.0037934838045990053,0.04297887166955828,0.007884983685941416,0.05226083122606993,0.009886495250361572,0.01322005465909975,0.0069097101025695,0.0015461621297341913,0.01483655356070647,0.18,0.0,0.18,0.0,4764.994524754079,2296.219952679966,,,0.01322005465909975,0.014916901115551313
5000,base2,0.3,constant,full,,exchangeable_varying_sigma,fixed,30,30,0,0.023260860134563025,0.0004938723280031339,0.029609869765324214,0.0005931476249586361,0.00921411164745885,0.002958934287396316,0.010771900062802832,0.0032300323815134496,0.022943689472069758,0.00048002173322100167,0.02919685037469045,0.000573089166494366,0.00912616856754563,0.0029321817428756285,0.010711680251699208,0.003224599980627221,0.06614172237657405,0.009637912812050623,0.07737778449125805,0.01025740518134219,0.03905037380985885,0.012275272236916442,,,0.2,0.0,0.2,0.0,37322.48123389776,8354.417717750895,0.09300797154621734,0.02094258641444918,,
5000,base2,0.3,mixed,anchor_grid,500,exchangeable_varying_sigma,fixed,30,30,0,0.022594510156218862,0.0004663158879885865,0.029184954809195494,0.0005675539757101928,0.0091962662703766,0.003095870774593237,0.01070328210824579,0.0033901619553269764,0.021970269091303774,0.00044566133269932645,0.02833766184805735,0.0005555386318348387,0.009152815075984698,0.002841339980451473,0.010703761477984958,0.003198285474029888,0.10449410372550487,0.010665515845496793,0.12513449602818252,0.012048882473288074,0.03755857594218288,0.0123667168587289,-0.03755857594218288,0.0123667168587289,0.18,0.0,0.18,0.0,3912.891217964841,633.3558332956118,,,0.03755857594218288,0.039542158674871146
5000,base2,0.3,sin,anchor_grid,500,exchangeable_varying_sigma,fixed,30,30,0,0.02197839242129123,0.00047459101218122636,0.02839438824679784,0.000582309402634325,0.009121100021699165,0.0030749343720746867,0.010605435895738643,0.0033477864237870724,0.02157963452787722,0.0004427450246340159,0.027866955833032454,0.0005413405320716952,0.009036018490893067,0.0028554257462195085,0.010643219239856932,0.0031906291650144903,0.0678824294966868,0.011841505926009785,0.08814922702731023,0.011411437808261905,0.03558719555365382,0.01181397928588512,-0.03558719555365382,0.01181397928588512,0.18,0.0,0.18,0.0,3348.388598579281,282.73189835251395,,,0.03558719555365382,0.037496914458943424
5000,base2,0.3,sin2,anchor_grid,500,exchangeable_varying_sigma,fixed,30,30,0,0.01958218345437919,0.0004330136303364173,0.024873515102369837,0.0005392141467337148,0.008100501233323763,0.0024604905360969373,0.009457949258785748,0.0027606119271563773,0.019317937695252408,0.00039896044827483914,0.024567652527544195,0.0004767944810753176,0.007590887653892599,0.0026326951457250358,0.008912145238183476,0.002863774805685217,0.04234736974971556,0.008143482891257672,0.05137012126296809,0.009758808951544165,0.03703766516113612,0.012993310771171879,-0.03703766516113612,0.012993310771171879,0.18,0.0,0.18,0.0,4822.655583610708,2262.15038081704,,,0.03703766516113612,0.0392506657954319
5000,base2,0.6,constant,full,,exchangeable_varying_sigma,fixed,30,30,0,0.023225788452431784,0.0005032173973764198,0.029571653445189486,0.0006079813658969465,0.010233895949653609,0.003247819546595229,0.011900499614809913,0.0035928780175527126,0.021211966022130033,0.0004464591391360338,0.026997898315542952,0.0005264746305910863,0.009995360766291926,0.0031471103017881178,0.011734911697143682,0.0034777926001036594,0.06727577785772351,0.010900665306562253,0.07895566269008958,0.01171613476568357,0.07634664968194776,0.009896565821498704,,,0.2,0.0,0.2,0.0,37155.17570550737,9258.492864511343,0.15216448263121032,0.02477059139929881,,
5000,base2,0.6,mixed,anchor_grid,500,exchangeable_varying_sigma,fixed,30,30,0,0.022561110207181465,0.00048227764665875956,0.02914516460399268,0.0005913109945400838,0.010220316879679538,0.003358437226656649,0.011835028216820944,0.0037349209707974573,0.019994021647789826,0.0004195774332577125,0.025663877201287443,0.0005185984244647038,0.009989700461681694,0.0030623549177950255,0.011698833989378321,0.0034518688400504848,0.10563034314203144,0.012412034709383141,0.12657499981696826,0.013951031535460352,0.07252330521104518,0.009857909671794927,-0.07252330521104518,0.009857909671794927,0.18,0.0,0.18,0.0,3612.0017835442054,682.6801182479528,,,0.07252330521104518,0.07319021916780738
5000,base2,0.6,sin,anchor_grid,500,exchangeable_varying_sigma,fixed,30,30,0,0.021943653544680183,0.0004942877630573654,0.02835601705726576,0.0006153369011432214,0.010126218751679931,0.0033539876288502107,0.011730746225137454,0.0036870309818272705,0.01966223607325399,0.00040872107924846843,0.025343486005000773,0.000493575018984539,0.0099112398830766,0.0030502460498463392,0.011650848629236632,0.0034364021036353506,0.06900625554133778,0.012861094346052586,0.08940221676771636,0.012716622846502167,0.06965191621370499,0.009428209282918291,-0.06965191621370499,0.009428209282918291,0.18,0.0,0.18,0.0,3383.6371993056187,327.623898992821,,,0.06965191621370499,0.0702871294229853
5000,base2,0.6,sin2,anchor_grid,500,exchangeable_varying_sigma,fixed,30,30,0,0.01954975102645447,0.00044990065042719516,0.024841110376090863,0.0005667253818502607,0.008992416603415111,0.0027087703945371214,0.010447492866334226,0.0030720545643897856,0.017792686864513418,0.00036175882945273984,0.0226787293535845,0.0004213837625711185,0.008285218802297857,0.002789417687183682,0.009762428138922596,0.0030379090144827263,0.04304939839517377,0.008753612058558216,0.052318907552875264,0.010574139543751618,0.07300356064297668,0.010525353486506114,-0.07300356064297668,0.010525353486506114,0.18,0.0,0.18,0.0,4299.2115367653705,2047.555544613364,,,0.07300356064297668,0.07375840923290497
5000,base2,0.9,constant,full,,exchangeable_varying_sigma,fixed,30,30,0,0.023188830062026346,0.0005190090729242568,0.029535099701289383,0.0006361000980348165,0.011176097985172813,0.003552947803807881,0.012961846520941896,0.003951044704550415,0.017371377352019584,0.00035306062970348845,0.022452738232937586,0.0003890136518725987,0.010813461519184412,0.0033368192377165335,0.01267129638847733,0.003716279306946466,0.06880149341638687,0.01273057175460824,0.08102048664398238,0.013894747378376777,0.11324952637270508,0.006571298710313612,,,0.2,0.0,0.2,0.0,37565.30649827503,7808.427152713516,0.2174308007135894,0.02821081828964868,,
5000,base2,0.9,mixed,anchor_grid,500,exchangeable_varying_sigma,fixed,30,30,0,0.022527945905143558,0.0005141224565651672,0.029107955511588433,0.0006381894038877383,0.011183146942377735,0.0036161106134821245,0.012899677283209047,0.00406885208704213,0.015508220942534432,0.0003297498334776008,0.019821615815113137,0.0003646662168017411,0.010797488670510417,0.0032382444934727196,0.0125939804961208,0.003692984087246374,0.1069155279620732,0.014829040233102598,0.1283236684392638,0.016561960365877485,0.10694692671364847,0.006242925236679872,-0.10694692671364847,0.006242925236679872,0.18,0.0,0.18,0.0,3670.708570702153,622.9893670294347,,,0.10694692671364847,0.10712898416864258
5000,base2,0.9,sin,anchor_grid,500,exchangeable_varying_sigma,fixed,30,30,0,0.02190628950222335,0.0005277068499588061,0.02831905725170527,0.0006617805006371272,0.01107691177915527,0.003627223165014175,0.012787483482503696,0.004018953328196465,0.015372953765985417,0.00031434041931530934,0.019896653111228946,0.00035239490727522355,0.010694722684975125,0.003240191568122258,0.012565956974171249,0.003669200478437595,0.07045563426490888,0.014585945798523774,0.09105419805749143,0.014759385795882363,0.1033677782190242,0.006169099346940476,-0.1033677782190242,0.006169099346940476,0.18,0.0,0.18,0.0,3433.2349695262383,310.13636831493955,,,0.1033677782190242,0.10355170380389594
5000,base2,0.9,sin2,anchor_grid,500,exchangeable_varying_sigma,fixed,30,30,0,0.01951713536183907,0.0004736391512323302,0.024811959062222687,0.0005970889676056303,0.009822956513253052,0.002967606611505136,0.011372629752076245,0.003384774612151994,0.014426228807251243,0.0002863195389916436,0.018749104246566926,0.0003122361827517686,0.008948586331981227,0.002869759597710504,0.01054724591171129,0.0031666094754972114,0.04406573554499005,0.009848038107590164,0.05374232413709701,0.012005958855966123,0.10861643521505938,0.006936345292187957,-0.10861643521505938,0.006936345292187957,0.18,0.0,0.18,0.0,5045.259186769296,2423.3130968718965,,,0.10861643521505938,0.10883769055267413
5000,base3,0.0,constant,full,,exchangeable_varying_sigma,fixed,30,30,0,0.049037501873856026,0.0005940268691852631,0.06064482765016895,0.000616210489227065,0.010306609028696734,0.003552674287686111,0.012363557029147496,0.003981745521890052,0.0510684931664986,0.0006117849928470088,0.06345108555621695,0.0006060680985471778,0.0102998408966603,0.0036948054753094353,0.01227123232521973,0.004145852025256175,0.3689479485421033,0.015479319527496756,0.4114167296962158,0.015884973085049905,0.010236874499615701,0.007457725674417953,,,0.2,0.0,0.2,0.0,37411.85786334311,9473.067351624808,0.5214287805665322,0.022433825326280805,,
5000,base3,0.0,mixed,anchor_grid,500,exchangeable_varying_sigma,fixed,30,30,0,0.04278394007783615,0.0006081236702962454,0.052751122498447385,0.0006373073972037979,0.010080078049280516,0.003281121083654035,0.012047252831002667,0.0035816226282644782,0.043927917260409226,0.000626445670342975,0.05437484663129572,0.0006389577093230454,0.009870838490334937,0.003501147214543701,0.011752382205094307,0.003893899992860425,0.22865378532828198,0.011360566468963957,0.26447981822477573,0.012989295113868388,0.009860840157835442,0.007730869524718305,-0.001936424683074846,0.01237953034946709,0.18,0.0,0.18,0.0,4834.036241299656,2419.34469370262,,,0.009860840157835442,0.012530064334495586
5000,base3,0.0,sin,anchor_grid,500,exchangeable_varying_sigma,fixed,30,30,0,0.042418269791947516,0.0006000787187393861,0.05231045948642989,0.0006294597755992729,0.009896795125731338,0.0033321574094603854,0.011770257440351812,0.003651420961533093,0.043613924394735944,0.0006288406531830892,0.05394028998073164,0.0006396501994866662,0.010140650508280334,0.0035781034613011783,0.011966382187068974,0.003946018061169376,0.22166527114861684,0.014443092321157886,0.26067033751422575,0.01364941380932698,0.010371278451664058,0.007877417536935431,-0.0018970594648532516,0.012884808464233366,0.18,0.0,0.18,0.0,4278.539528381944,1791.7840405220124,,,0.010371278451664058,0.013023713900925845
5000,base3,0.0,sin2,anchor_grid,500,exchangeable_varying_sigma,fixed,30,30,0,0.04073368424640145,0.0005520805111805573,0.0504600346778506,0.0005614630636651893,0.008751589385664848,0.00311869502747349,0.010496024298736523,0.0034604505380118455,0.04229568340974955,0.0005911466844203722,0.05255665733630176,0.0005714025517339442,0.008662997375531046,0.0031770907458127397,0.01026212216535936,0.003504987203392743,0.24043575362665584,0.011829985728611353,0.27669676252495795,0.012182916668728911,0.010129107832596108,0.007265871089185575,-0.0019952526627195354,0.012304904509216365,0.18,0.0,0.18,0.0,3364.9930478236947,324.1271529491928,,,0.010129107832596108,0.012465621050273533
5000,base3,0.3,constant,full,,exchangeable_varying_sigma,fixed,30,30,0,0.04903461383372225,0.000659379441843562,0.06064059356143519,0.0007610080689683226,0.010417435968417451,0.004358796884659539,0.01225859147306395,0.0049088053485449494,0.050782738446246804,0.0006563964963672961,0.06316135080266377,0.0007501863184856492,0.010432997669082669,0.00433873901628636,0.012141040764513755,0.00488912065550886,0.3694064373102945,0.017571595128412363,0.41168753798949315,0.017995370941497633,0.11979822743614342,0.013167950569774416,,,0.2,0.0,0.2,0.0,36663.13074171596,11325.790405790647,0.5274955206820325,0.023691650804361936,,
5000,base3,0.3,mixed,anchor_grid,500,exchangeable_varying_sigma,fixed,30,30,0,0.04274606815931413,0.0006727324603692626,0.052688538731902386,0.000766507070054035,0.01002119028743443,0.004123888204282842,0.01179728687696943,0.004630271715057316,0.04355230925130611,0.0006626884459468617,0.05391928656484665,0.0007596666997962547,0.010051168397405188,0.003965489781587607,0.01162158789771281,0.004587634149905235,0.2291235450004048,0.013058709128879048,0.2646216623653924,0.014296898718670199,0.10016010825491356,0.012991079062296133,-0.10016010825491356,0.012991079062296133,0.18,0.0,0.18,0.0,4848.57946689768,2102.5691535965025,,,0.10016010825491356,0.10099908623764292
5000,base3,0.3,sin,anchor_grid,500,exchangeable_varying_sigma,fixed,30,30,0,0.04236982707049223,0.0006604386826756847,0.052228127187317286,0.0007388346127875677,0.010012624882986324,0.004064664159098554,0.011741219543509278,0.004579858697945726,0.04323096107920147,0.0006469866112789596,0.05348314805789546,0.0007290011603366727,0.009953375859661119,0.004007038008637717,0.011484536365843678,0.004579154352072875,0.22180770215391024,0.01513634368071056,0.2606851094568294,0.01449293337168907,0.09799786356574648,0.012684480537759462,-0.09799786356574648,0.012684480537759462,0.18,0.0,0.18,0.0,4168.6875145721215,1698.6355291220057,,,0.09799786356574648,0.09881536980633863
5000,base3,0.3,sin2,anchor_grid,500,exchangeable_varying_sigma,fixed,30,30,0,0.04072766724312065,0.0005685052642446515,0.05044076977831106,0.0006440456267388054,0.008893336433875394,0.003514575754174079,0.010470178199893522,0.00403114984640377,0.04204501768081244,0.0005698142653681824,0.052285133718482826,0.0006395927606736108,0.008717540011011845,0.003581058659358454,0.010109724910814544,0.004048560620778889,0.2409507070986768,0.012646928011039511,0.276938015201378,0.012876571627888298,0.11272965712650637,0.013399820313429147,-0.11272965712650637,0.013399820313429147,0.18,0.0,0.18,0.0,3399.1597337012604,353.9088921421724,,,0.11272965712650637,0.11352326096572402
5000,base3,0.6,constant,full,,exchangeable_varying_sigma,fixed,30,30,0,0.04904669175367697,0.0006525035992674707,0.06066538808543147,0.0007613150570363979,0.011291298508215907,0.004617842026123367,0.013291610457122658,0.005293866872208174,0.049970183447696354,0.0006113432280024357,0.06237694123335787,0.0007075220199262753,0.011336668037734221,0.00458181568767674,0.013183463458297085,0.00521843895293047,0.3685121951191045,0.018932517991852672,0.41073824271919906,0.019599228509133367,0.23538914128124716,0.012397506595747197,,,0.2,0.0,0.2,0.0,35640.3568001941,10170.122633956948,0.5402540717852059,0.02200335738737206,,
5000,base3,0.6,mixed,anchor_grid,500,exchangeable_varying_sigma,fixed,30,30,0,0.042757560192053415,0.000661070271943692,0.052709608242276856,0.0007593859871398806,0.010951471770265987,0.004368461232868658,0.012863032098929856,0.004996275674859127,0.04252162943590208,0.0006081211429624707,0.05276713422719496,0.00069801929170157,0.010948573139418352,0.004203532175122234,0.01267401146934795,0.004906226950201141,0.2287924540307952,0.014531986990965598,0.2640340996715442,0.015844141099202524,0.19565294698531926,0.011950892373829443,-0.19565294698531926,0.011950892373829443,0.18,0.0,0.18,0.0,4394.057273115342,2056.9725491369845,,,0.19565294698531926,0.19601759995615445
5000,base3,0.6,sin,anchor_grid,500,exchangeable_varying_sigma,fixed,30,30,0,0.042384249554340406,0.0006550948632033898,0.052250108874735954,0.0007359574347330154,0.010888950721493876,0.004325237946252694,0.012794516794547526,0.004959144849317956,0.04223623103298098,0.0005937962430631684,0.05240840030611875,0.000667387211583588,0.010846990717802919,0.0042451542227566535,0.012520663875394687,0.004913892385091437,0.2213133306872459,0.01650902445080704,0.2600226619668845,0.01598554143358333,0.19236553111497764,0.0117264392661827,-0.19236553111497764,0.0117264392661827,0.18,0.0,0.18,0.0,4384.414593071727,2001.020902069378,,,0.19236553111497764,0.19272261657369358
5000,base3,0.6,sin2,anchor_grid,500,exchangeable_varying_sigma,fixed,30,30,0,0.04074022576823906,0.0005680833957890738,0.050462955418528015,0.0006409318403720728,0.009676937751910475,0.0037277514910178063,0.011383550572809821,0.00437121181146584,0.04133926688594199,0.0005322108769710627,0.05159180293018373,0.0005909392813569959,0.009455287435901296,0.0038150915684172847,0.010989382581457612,0.004343664665711126,0.24043820029354182,0.013354656824765354,0.2762710800953282,0.013938476229071873,0.221908206668946,0.012658660066504051,-0.221908206668946,0.012658660066504051,0.18,0.0,0.18,0.0,3474.0342445739543,297.91398079899994,,,0.221908206668946,0.22226896738345403
5000,base3,0.9,constant,full,,exchangeable_varying_sigma,fixed,30,30,0,0.04907201398770762,0.0006393329002939153,0.06070804028008683,0.0007644034896675388,0.012140675003501656,0.004877827397409083,0.014282250808958568,0.005679937284894919,0.04840952170685049,0.0005237364078698396,0.06099971782436656,0.0006230572879130125,0.01213841323172132,0.00481544088789811,0.014178400059262871,0.00555159981018648,0.36751449085136556,0.02080496755442536,0.40968066989710594,0.021651758345465302,0.35040056125143465,0.01142856716491065,,,0.2,0.0,0.2,0.0,37685.128761603344,10402.857239289402,0.5607358783988178,0.019846286479614703,,
5000,base3,0.9,mixed,anchor_grid,500,exchangeable_varying_sigma,fixed,30,30,0,0.04277976092025806,0.0006467803574922286,0.05274991913509909,0.0007468591262463967,0.011826950195077457,0.004629617690469404,0.01387992770958118,0.005353893273876823,0.040461689437515054,0.0004902748622984131,0.05068066898893763,0.0005449685174312577,0.011735786599973244,0.004422054990563062,0.013655133895636683,0.005230881123417806,0.2284763659245544,0.016357812111688956,0.26346552418378644,0.01779795477952917,0.29050803650338825,0.010679902742695901,-0.29050803650338825,0.010679902742695901,0.18,0.0,0.18,0.0,4155.72961109362,1828.5767355905527,,,0.29050803650338825,0.2907042820387195
5000,base3,0.9,sin,anchor_grid,500,exchangeable_varying_sigma,fixed,30,30,0,0.042409117922114006,0.0006490463045037238,0.05229174380303029,0.0007311664369247502,0.011756060631056695,0.004551462747178661,0.013794744446775118,0.00534103970481493,0.040269885667282394,0.0004816027516133803,0.05047166908910629,0.0005242522336514225,0.011645499110270924,0.004458553493951903,0.013490894036373003,0.005252382197269501,0.22082281176854218,0.01833758586505413,0.25937345388967004,0.0179482058923912,0.28619848913925583,0.010551255174933256,-0.28619848913925583,0.010551255174933256,0.18,0.0,0.18,0.0,4328.17723294826,1854.0878083604073,,,0.28619848913925583,0.2863929192060434
5000,base3,0.9,sin2,anchor_grid,500,exchangeable_varying_sigma,fixed,30,30,0,0.04076106462783952,0.0005653272775233059,0.05050203393231046,0.0006417721814985813,0.010414271636281162,0.00396111873472564,0.012252675035257692,0.00472013938403831,0.03998909568523098,0.0004551664141701417,0.050373623270392985,0.0004903887571849334,0.010090102908871777,0.004020955426335965,0.011816097584014616,0.00463788298327654,0.23986281364991033,0.014529015610889097,0.2755530422644665,0.015385761180491588,0.3305731655013718,0.011707869309586137,-0.3305731655013718,0.011707869309586137,0.18,0.0,0.18,0.0,3421.278860952212,332.331493171528,,,0.3305731655013718,0.33078042861295115
5000,base4,0.0,constant,full,,exchangeable_varying_sigma,fixed,30,30,0,0.01866780351591569,0.0004201228705768263,0.024402789124404696,0.0005578635800765581,0.009066190049061555,0.0032717877497796775,0.010799008062527742,0.003753699995256999,0.01869059403326002,0.0004194551353444781,0.02443882133958604,0.0005546698023825627,0.009070052646751795,0.0033600323376123046,0.010847032163933266,0.0038455160330620112,0.08395357788342292,0.013292689775172428,0.09025786101198145,0.012871509636650947,0.011319804072290888,0.007378728010038889,,,0.2,0.0,0.2,0.0,33177.963076300286,9598.074267332671,0.12005533437775912,0.018534277383758395,,
5000,base4,0.0,mixed,anchor_grid,500,exchangeable_varying_sigma,fixed,30,30,0,0.019262807531365347,0.00044953202074659107,0.02584254558966295,0.0006427409493191795,0.009180270099922743,0.003425373048004968,0.010941833506099211,0.003857554251906302,0.019272963702506078,0.00044678812494313276,0.025848265183162192,0.000638997948326251,0.00894167494184161,0.0032939131677575425,0.01065640179351538,0.003769597593901164,0.10464146382975595,0.011664152655359366,0.12707600984114154,0.012485637682478597,0.010850718909217653,0.00702113480470781,-0.0007504685736786817,0.012902373103915945,0.18,0.0,0.18,0.0,3381.478333333996,317.58719825307145,,,0.010850718909217653,0.01292418023677838
5000,base4,0.0,sin,anchor_grid,500,exchangeable_varying_sigma,fixed,30,30,0,0.018850766503074188,0.00045038388090328283,0.024914348998420304,0.0006093527842902234,0.009096419612210213,0.0032592191743051036,0.010739153113637283,0.003686306938716382,0.018885401212960135,0.00044949477153622124,0.024951090886938858,0.0006043978398584513,0.008983869764670908,0.0034001495731386185,0.010782421813228927,0.003939203492372346,0.09481150194713105,0.013091931062161595,0.10848788033828619,0.013067490349023918,0.01196008067990547,0.007150610846325492,-0.00032639183464206985,0.013930837509486456,0.18,0.0,0.18,0.0,3846.777895351511,754.880947644619,,,0.01196008067990547,0.013934660575178568
5000,base4,0.0,sin2,anchor_grid,500,exchangeable_varying_sigma,fixed,30,30,0,0.01623361649401276,0.00036398181443038715,0.020776688809748336,0.0004487895399598724,0.007794131228546597,0.002750307107231704,0.009254840432278682,0.003172345526378178,0.01622701190609523,0.00036215180607550296,0.02078644992458128,0.0004448399326515848,0.007732595821342209,0.002953081855052112,0.0092714928055322,0.0033710134957240837,0.06395397098039012,0.010312002398721331,0.07339931550770627,0.01137791546601697,0.012028726091118241,0.007804429577025436,-0.0004598670139028819,0.014331360533020658,0.18,0.0,0.18,0.0,4362.208836049831,1654.42965866755,,,0.012028726091118241,0.014338736778318309
5000,base4,0.3,constant,full,,exchangeable_varying_sigma,fixed,30,30,0,0.018423078737106566,0.0005341830477752034,0.02410449691435176,0.0006558793044112575,0.00930081434948654,0.003029129938852975,0.010802935986144497,0.0035300460778745356,0.01781534334613029,0.0005155072010142706,0.02331956185480648,0.0006595963605785777,0.009202724756754514,0.003007766493850507,0.010751823658017303,0.003473139891947866,0.08341757431541688,0.013013568611935922,0.09031351545618803,0.012965307983059483,0.02809621361747162,0.012027503194524383,,,0.2,0.0,0.2,0.0,30934.387496525444,10240.699771216552,0.13872619914796594,0.02148717179820793,,
5000,base4,0.3,mixed,anchor_grid,500,exchangeable_varying_sigma,fixed,30,30,0,0.019007941940119125,0.0005392700579170971,0.02552948433168947,0.000674999704576595,0.009280805114151218,0.00310348436785593,0.010785942016940915,0.003595300789556778,0.01834825476208166,0.0005122598200369231,0.024630592604189552,0.0006828391056798374,0.00917182453077215,0.002873608268700814,0.010684035889551791,0.0034132305232532282,0.10470894663374333,0.011350301040155488,0.12783564898946279,0.012945417885725168,0.03026894999310752,0.012450777326522397,-0.03026894999310752,0.012450777326522397,0.18,0.0,0.18,0.0,3353.627771690061,296.51939962263236,,,0.03026894999310752,0.032729668341122675
5000,base4,0.3,sin,anchor_grid,500,exchangeable_varying_sigma,fixed,30,30,0,0.01860336103244509,0.0005446144624409353,0.024600514678515508,0.0006824720673693085,0.00921089788749877,0.003061677760455652,0.010685605092842955,0.0035388951602293005,0.01797896747190941,0.0005176944964294542,0.023772226354069118,0.0006702739237318314,0.009083005482235573,0.002855982759084464,0.010631603973499439,0.0033957609267290436,0.09442027045188377,0.012631436346629365,0.10825676798701794,0.013215951175732824,0.028199557730910183,0.01163023947745841,-0.028199557730910183,0.01163023947745841,0.18,0.0,0.18,0.0,3877.0463772055227,803.0381657495886,,,0.028199557730910183,0.030503729714937616
5000,base4,0.3,sin2,anchor_grid,500,exchangeable_varying_sigma,fixed,30,30,0,0.01601676693170747,0.00045940117779307314,0.020475568550728032,0.0005633222127045715,0.008129217975878445,0.0025132633963711785,0.009458036060811442,0.0029783711167373035,0.0154624051099097,0.00043615586259535433,0.01978879103881211,0.0005362167873247709,0.007715833316997419,0.00261664377463128,0.009042901263155172,0.003024717250136065,0.06327016787391122,0.00976857192390878,0.07246013935672502,0.010837212609656545,0.02741162779920868,0.011944235839409947,-0.02720275884779382,0.012412575053491932,0.18,0.0,0.18,0.0,4268.2036402094445,1762.6918402522153,,,0.02741162779920868,0.02990087136505883
5000,base4,0.6,constant,full,,exchangeable_varying_sigma,fixed,30,30,0,0.01841749113413823,0.0005586723550139231,0.024084852244948735,0.0006726440758848146,0.010314075430316042,0.003348303403912999,0.011960015248006741,0.00391974673230714,0.015656792222416744,0.0004745267558485756,0.020472505886924692,0.0006251498914574992,0.010131714785084856,0.003203693329250156,0.011818363164189624,0.0037290293153823934,0.08427168434864217,0.014326990907110157,0.09186149476660938,0.014466941155181748,0.05298988970554015,0.009179623274300688,,,0.2,0.0,0.2,0.0,28765.755323151818,9625.41649862255,0.18408025076471157,0.027016071608282455,,
5000,base4,0.6,mixed,anchor_grid,500,exchangeable_varying_sigma,fixed,30,30,0,0.01899944891816407,0.0005700701028573125,0.025507044595485213,0.00069943147701558,0.01029867472354385,0.0033971910692085637,0.011937708800357034,0.003960038062307628,0.016007834669040228,0.000479924202303046,0.02147497381713986,0.0006603623378279947,0.01007249509808613,0.0030788522908787403,0.011721629595696448,0.0036720907036667493,0.10587428504136928,0.012987442393012071,0.12938507414721248,0.01497798121625218,0.05678653411348048,0.00955814247280329,-0.05678653411348048,0.00955814247280329,0.18,0.0,0.18,0.0,3329.6678980133147,287.3916268519639,,,0.05678653411348048,0.05758531535167528
5000,base4,0.6,sin,anchor_grid,500,exchangeable_varying_sigma,fixed,30,30,0,0.01859581586413568,0.0005785080427547457,0.024581065970475692,0.0007099241032851643,0.010199138312572336,0.003388857858176733,0.011827720418642418,0.003910356611453742,0.015674547411902225,0.0004839675493853365,0.02074075390779776,0.0006389885517172427,0.00999260102944813,0.0030528006272321205,0.011674120376319022,0.003650872267828281,0.09530163590436475,0.013672640363858683,0.109432133538025,0.014449628503690198,0.05382433831847467,0.008977950110742232,-0.05382433831847467,0.008977950110742232,0.18,0.0,0.18,0.0,3477.694098857806,687.1587072712533,,,0.05382433831847467,0.05456796664355927
5000,base4,0.6,sin2,anchor_grid,500,exchangeable_varying_sigma,fixed,30,30,0,0.016008320065608417,0.0004885539625370395,0.020459460809877417,0.0005908783171764164,0.009017406355372855,0.002796955301544604,0.010470326904872203,0.003314643793072084,0.013568206745245085,0.0004026562196804235,0.0173661484545488,0.0005028310087251491,0.008465529406162789,0.00279301620966195,0.00992145685158691,0.0032328329919588477,0.06386619098026157,0.010587452205948459,0.07321573087144934,0.011734960590833805,0.05218244230548486,0.009589450386249756,-0.05218244230548486,0.009589450386249756,0.18,0.0,0.18,0.0,4064.455181377222,1740.229558995695,,,0.05218244230548486,0.05305624226870578
5000,base4,0.9,constant,full,,exchangeable_varying_sigma,fixed,30,30,0,0.018421850928997823,0.0005652514112594993,0.024082947495068497,0.0006791943778059117,0.011252980816539793,0.0036733143846510437,0.01304604623132883,0.0043088266950356705,0.010551390140802745,0.0003124383986935234,0.01383718944719405,0.0004131812923939005,0.011001988879087796,0.003371588104602661,0.012804509301149456,0.003993503185287346,0.08520800597608343,0.016451819134017453,0.09381374809592062,0.016841820738475025,0.07719186913109784,0.004790846386504236,,,0.2,0.0,0.2,0.0,24877.012019203685,10331.126470725729,0.24078062150031798,0.03153863325714908,,
5000,base4,0.9,mixed,anchor_grid,500,exchangeable_varying_sigma,fixed,30,30,0,0.019002423026015142,0.0005816543410382578,0.025500813114724255,0.000721312991117609,0.01126003280824583,0.0036853646480088592,0.013018822644879873,0.004320214466972893,0.010385328274457808,0.00032493517136387984,0.013884438923075821,0.00045790788576063256,0.010901044252540164,0.0032710837736658945,0.012665108365819858,0.003935086992881579,0.10724544510200787,0.015409152639994622,0.1312393999620375,0.017770380167428084,0.08254612435934454,0.005105955939088517,-0.08254612435934454,0.005105955939088517,0.18,0.0,0.18,0.0,3400.5983927684447,304.0221522438765,,,0.08254612435934454,0.08270389007054195
5000,base4,0.9,sin,anchor_grid,500,exchangeable_varying_sigma,fixed,30,30,0,0.018595948380031157,0.0005889105795264368,0.024578400377565163,0.0007245751647662273,0.011107628905067892,0.003724939225771549,0.012897433768495094,0.004281815623360051,0.010151329392870246,0.00032342006385015806,0.013491852592493948,0.0004407354333263422,0.010831873559275786,0.003230546282191202,0.012628694120058072,0.003907024238050647,0.09638259645721445,0.015469133382032166,0.11096423079953704,0.01641122833736172,0.07888511074594844,0.0049799959537209565,-0.07888511074594844,0.0049799959537209565,0.18,0.0,0.18,0.0,3793.308656582679,660.8295009788725,,,0.07888511074594844,0.0790421473462078
5000,base4,0.9,sin2,anchor_grid,500,exchangeable_varying_sigma,fixed,30,30,0,0.016009022957946165,0.0005021376747188503,0.020461005249018484,0.0006048598703124031,0.009846217942386404,0.0030898858272535197,0.011415783780291826,0.0036556516139257056,0.009068481744798323,0.00026612423376376265,0.01169755003501049,0.00034025722928754366,0.009174037812962183,0.0029269660246195994,0.010734054476824375,0.0034235966730808308,0.06463033194161677,0.012055027844641906,0.07432456721213408,0.01333014060888105,0.07656920730552559,0.005133290452245005,-0.07656920730552559,0.005133290452245005,0.18,0.0,0.18,0.0,4585.193679704296,1856.2660435081423,,,0.07656920730552559,0.07674108533415243
5000,base5,0.0,constant,anchor_grid,500,exchangeable_varying_sigma,fixed,30,30,0,0.05576119298164463,0.0006997473335370832,0.0787632436684186,0.0012000631316305616,0.012521124626648656,0.005031651455785399,0.015105582907933707,0.005475581957634351,0.059283090758724975,0.0007608636855724626,0.08592263215476806,0.001292914619991063,0.011932146838031546,0.005304512910461962,0.014171011174228641,0.0058935578464720684,0.7037964244273119,0.028541938357118813,0.9504689321870864,0.03624266328314816,0.015304656028897934,0.00929076805443454,0.0019972789501941876,0.017792182103364793,0.18,0.0,0.18,0.0,5748.256036475727,2654.4058043249315,,,0.015304656028897934,0.01790393440571606
5000,base5,0.0,mixed,anchor_grid,500,exchangeable_varying_sigma,fixed,30,30,0,0.056114292057124815,0.0007124507560667335,0.07906079008348356,0.0012047262006627793,0.0126764734446938,0.005093543049474619,0.015274276914878818,0.005500828214692666,0.0596293907104273,0.0007674607593429889,0.08613086116685274,0.0013082752554311149,0.011924061041627413,0.005334842404948643,0.014207005649307622,0.005925148724052116,0.7118407651152341,0.027893833816128533,0.9641328754814577,0.03530313580872703,0.015034131996052991,0.009759407641020445,0.0018769401444522498,0.01782549460947707,0.18,0.0,0.18,0.0,3111.1473506145294,297.4750087329451,,,0.015034131996052991,0.017924038673757442
5000,base5,0.0,sin,anchor_grid,500,exchangeable_varying_sigma,fixed,30,30,0,0.055637603513443296,0.0006993286008950456,0.07875374072672324,0.0011985114883275123,0.012521451408214434,0.004861172612698521,0.015101805319620028,0.005271071421078722,0.05909619738486169,0.0007608933521883992,0.08581294794460755,0.0012846235056796667,0.011715716129175706,0.005286852683216034,0.013877412300669119,0.005810080234946213,0.7136635914573365,0.02931114552540907,0.9351853286261596,0.037955693396357404,0.014845734981325933,0.00961241907284097,0.002634862236630049,0.01748862340384921,0.18,0.0,0.18,0.0,3966.1677667943877,518.7019146209987,,,0.014845734981325933,0.017685995803677024
5000,base5,0.0,sin2,anchor_grid,500,exchangeable_varying_sigma,fixed,30,30,0,0.05411201975129751,0.0006790149014938317,0.07753920324785608,0.0011850043326101442,0.01139881322733766,0.004438871089228151,0.01390490574231475,0.004826786117709492,0.0579824226287889,0.0007610391031772091,0.08563724509456985,0.0012830166212722705,0.01041439419932038,0.004654633622857066,0.012368878879154239,0.005129198528238587,0.7231938171471713,0.026402964160224945,0.9610538609682874,0.034347094164548266,0.016115140572570685,0.010222539418267293,0.0023301769938750562,0.01894118114080951,0.18,0.0,0.18,0.0,3155.048450590643,271.6309798324588,,,0.016115140572570685,0.019083974110015514
5000,base5,0.3,constant,anchor_grid,500,exchangeable_varying_sigma,fixed,30,30,0,0.05547082066924589,0.0007937782642119982,0.07853094587154821,0.00118449974000435,0.012423497988776915,0.0040921017514912806,0.014284342589430527,0.004307925601338881,0.05875917053778184,0.0008449010331115386,0.08553836887714755,0.001254848689289299,0.011887657567240691,0.003838220867168277,0.013919843112254878,0.00397901136824659,0.7032347311591515,0.026449487643311686,0.9480323812114935,0.033105495065423776,0.15318628771785306,0.01721505565816489,-0.15318628771785306,0.01721505565816489,0.18,0.0,0.18,0.0,6203.10360174564,2482.426065313909,,,0.15318628771785306,0.15415056563662222
5000,base5,0.3,mixed,anchor_grid,500,exchangeable_varying_sigma,fixed,30,30,0,0.05582763065568662,0.0008032988130382511,0.07883386999352551,0.0011854372947984262,0.0123337821797128,0.003967565318049447,0.014234650567214423,0.004170426616786446,0.05909478842637309,0.0008503868138172458,0.08573443183869953,0.0012685102068797337,0.012022519486840973,0.003885425805644377,0.014052282192923765,0.004031699316644769,0.7109858711281302,0.026554397393246137,0.9616340511575796,0.03260392754350178,0.1544526754255893,0.016848598918727534,-0.1544526754255893,0.016848598918727534,0.18,0.0,0.18,0.0,3151.336775466668,279.8105002861766,,,0.1544526754255893,0.15536892942814073
5000,base5,0.3,sin,anchor_grid,500,exchangeable_varying_sigma,fixed,30,30,0,0.05537314481356907,0.0007777746505966064,0.0785510430446839,0.0011819483255594725,0.012217808959852784,0.004118604561202032,0.014035408761505887,0.004301959415733344,0.05859834598081119,0.000831210242510091,0.0854536983681611,0.001247023770904293,0.01164084110926714,0.003884308034740219,0.013648204086355226,0.0040082035851175596,0.7124277112539885,0.027320422384545653,0.9321260833434578,0.03467606833709871,0.1532931791151944,0.017106155228294128,-0.1532931791151944,0.017106155228294128,0.18,0.0,0.18,0.0,3870.662301207004,683.9820004796018,,,0.1532931791151944,0.15424467352209464
5000,base5,0.3,sin2,anchor_grid,500,exchangeable_varying_sigma,fixed,30,30,0,0.05385859577036181,0.0007598246019284387,0.07733941525109628,0.0011732133155466222,0.011634736350967446,0.004213013100555193,0.013314210432181955,0.004408617759358799,0.05757461300273143,0.0008231513759537317,0.08535239664483388,0.0012475171740544463,0.010251335333912842,0.003466480031309159,0.012047049986095567,0.0035558202029365173,0.7233592932566542,0.024164065862926062,0.9589743725244335,0.031242097841547307,0.1712604677992693,0.01876728460978166,-0.1712604677992693,0.01876728460978166,0.18,0.0,0.18,0.0,3194.8336533456304,296.4133026885172,,,0.1712604677992693,0.17228568948827147
5000,base5,0.6,constant,anchor_grid,500,exchangeable_varying_sigma,fixed,30,30,0,0.05544499485507029,0.0007816204333423768,0.07850017514295689,0.0011620397446440636,0.013205548451503455,0.004263549808275486,0.01516073708900042,0.004496480135007123,0.05792949505470264,0.000827407561351932,0.08497039693431113,0.0011873754342852942,0.012729966932797035,0.004063155334014813,0.014961602754344865,0.004182455550756223,0.7028388155317354,0.026567848137278263,0.9475786421461906,0.03294082390364255,0.30680645792940686,0.01720657945033548,-0.30680645792940686,0.01720657945033548,0.18,0.0,0.18,0.0,5399.37278168692,2693.903540614097,,,0.30680645792940686,0.30728857610326094
5000,base5,0.6,mixed,anchor_grid,500,exchangeable_varying_sigma,fixed,30,30,0,0.05580103447418834,0.0007921761489860577,0.07880339562245141,0.0011641428260109113,0.013116128286511802,0.004148139254432381,0.015098080264575802,0.004364342040841465,0.0582349953020606,0.0008351465207702497,0.08512742742176514,0.0012059428616471722,0.012860673873737323,0.004119363350278412,0.015092863428770463,0.00423961137390024,0.7105824942699768,0.026752924831631397,0.9611715971726659,0.032417794347005396,0.30907542575472574,0.017102104671155898,-0.30907542575472574,0.017102104671155898,0.18,0.0,0.18,0.0,3158.0109482255843,346.7419504395741,,,0.30907542575472574,0.30954822045950803
5000,base5,0.6,sin,anchor_grid,500,exchangeable_varying_sigma,fixed,30,30,0,0.05534982251424367,0.0007694074395042298,0.07852112037145006,0.001163285256037237,0.01296081733864229,0.0043231674248122584,0.014890835877158384,0.004478920279319964,0.05778155477684493,0.0008170144959929052,0.08488348051362446,0.0011798134307651924,0.012512732218722988,0.004010606664873099,0.01466569469131967,0.004188598615394263,0.7120663724485063,0.027411898295591153,0.931591930922477,0.03449836641896823,0.30691204877740924,0.017103107084344496,-0.30691204877740924,0.017103107084344496,0.18,0.0,0.18,0.0,3891.5371475066136,645.696362818023,,,0.30691204877740924,0.3073882267698055
5000,base5,0.6,sin2,anchor_grid,500,exchangeable_varying_sigma,fixed,30,30,0,0.053836449877067,0.0007464965624083249,0.0773127450951666,0.0011515902841301203,0.01230830262299423,0.004337488054263815,0.014029984324492213,0.004551956057318493,0.057010995864061456,0.0008056807225076245,0.08499936607777986,0.0011818538516292691,0.01096053929460099,0.0035995910314234256,0.012922220722874894,0.0037005494696847174,0.7229859446163385,0.02397528072590681,0.9586297351654552,0.031106509853630494,0.34351123145229273,0.018602065215438994,-0.34351123145229273,0.018602065215438994,0.18,0.0,0.18,0.0,3159.170989403637,326.9381726824757,,,0.34351123145229273,0.34401453888484146
5000,base5,0.9,constant,anchor_grid,500,exchangeable_varying_sigma,fixed,30,30,0,0.055417870059820386,0.0007624732437429439,0.07846683450503676,0.0011300882447751795,0.013978503575780503,0.004487471602303851,0.016013919839513793,0.004740961545770904,0.05638237314159917,0.0007865677544406157,0.08399400296651656,0.0011121500814047084,0.0135624907659518,0.004264531375003322,0.015947216929186693,0.004426630562424037,0.7025011392747922,0.027347446574336236,0.9471408898485039,0.03330910707000157,0.46044264502424676,0.016863532721068008,-0.46044264502424676,0.016863532721068008,0.18,0.0,0.18,0.0,6272.8381952493255,2782.436397965524,,,0.46044264502424676,0.4607513516993293
5000,base5,0.9,mixed,anchor_grid,500,exchangeable_varying_sigma,fixed,30,30,0,0.055773606347218105,0.0007730018336160871,0.07877018754778489,0.001133532663613414,0.01385771158064188,0.004389277341754082,0.015939266333738808,0.004621679917002802,0.05662779963708058,0.0007942998562051234,0.08408186832233588,0.001133804563942885,0.013681328801743959,0.004290777021386089,0.01607402047972704,0.004492881378161804,0.7102722206429047,0.027491160813124662,0.9607406485683581,0.032664210290054785,0.4637026691466645,0.017046714143886567,-0.4637026691466645,0.017046714143886567,0.18,0.0,0.18,0.0,3217.349966943559,344.54893483162806,,,0.4637026691466645,0.46401590041381596
5000,base5,0.9,sin,anchor_grid,500,exchangeable_varying_sigma,fixed,30,30,0,0.0553238560694666,0.000755780808774636,0.07848751452427119,0.0011369093457200593,0.013695863446435622,0.00457892237132776,0.015726653089539966,0.004711257210192966,0.05626243397450541,0.0007819944109092373,0.08390338616089692,0.0011052445367925792,0.013328073221184008,0.004172604628635586,0.01562965293688067,0.004409411052130189,0.7117657742553583,0.02810834060429274,0.9310847558428403,0.0348882169351804,0.46057541445127154,0.016787629116266696,-0.46057541445127154,0.016787629116266696,0.18,0.0,0.18,0.0,3965.0129173012024,680.6761369549594,,,0.46057541445127154,0.460881261159863
5000,base5,0.9,sin2,anchor_grid,500,exchangeable_varying_sigma,fixed,30,30,0,0.05381292462118623,0.0007261031395319127,0.07728321331054734,0.0011208215401291488,0.012972664092659743,0.0044971130486997435,0.014731022317211795,0.004733949008487773,0.05599137697786306,0.0007770385330019236,0.08440411142680346,0.0011105025153488794,0.011660763315200575,0.0037400107634734244,0.01375880313380987,0.0038759280602483092,0.7226383054870664,0.02439018267981205,0.9582831851342195,0.031468145669433074,0.5158277584101016,0.018159581217504352,-0.5158277584101016,0.018159581217504352,0.18,0.0,0.18,0.0,3199.152803750406,351.54291811452356,,,0.5158277584101016,0.5161473110812312
5000,base6,0.0,constant,anchor_grid,500,exchangeable_varying_sigma,fixed,30,30,0,0.03744182544039873,0.0005939764661513031,0.047263596258294224,0.0007339131177962093,0.009619532438012383,0.004151354316341886,0.011589258053271862,0.004638816231604368,0.03818841908134566,0.0005736083451162991,0.048285929640578616,0.0007163969992907272,0.009454253087807524,0.004149789725433062,0.011426752609120542,0.004728720594977292,0.14481710850192622,0.011913240853792313,0.18087837409579335,0.014163240084679863,0.011129646945751146,0.008315454042127057,0.0017155636038602038,0.01378668410405146,0.18,0.0,0.18,0.0,3456.6229570629075,645.9748592307659,,,0.011129646945751146,0.013893013246369379
5000,base6,0.0,mixed,anchor_grid,500,exchangeable_varying_sigma,fixed,30,30,0,0.03756573725224246,0.0006195692668217211,0.047750331050932696,0.0007815611108340554,0.009700760588307749,0.004189603541809383,0.011749537447510916,0.004671100128263976,0.03825008683049377,0.0006043073919869228,0.04879647064672711,0.0007766885584149151,0.00917229876106747,0.004046841949527158,0.011063838460550143,0.004629398175467421,0.13852100576330575,0.011564758162535802,0.170091536766408,0.013709728278800506,0.01110385944283936,0.00813637888978902,0.0015893907148921535,0.013673704440273377,0.18,0.0,0.18,0.0,3609.5825713159984,312.44149068635136,,,0.01110385944283936,0.013765767539971654
5000,base6,0.0,sin,anchor_grid,500,exchangeable_varying_sigma,fixed,30,30,0,0.03735312004279216,0.0006102937242198762,0.047255682817275255,0.0007641669455536928,0.009705158112708664,0.003953478725785488,0.011574466765853908,0.00444019172836458,0.03807769947513329,0.0005940830290435147,0.04828563791189896,0.000748478064333085,0.009246952240812418,0.004103233579117464,0.011178865049794024,0.004610676136314329,0.14681480455515808,0.011578213168011855,0.17713885639371962,0.014943000652709858,0.011524219986844133,0.008276257878990567,0.0022757602008823623,0.014004463798832537,0.18,0.0,0.18,0.0,3600.840807363267,769.8762134096805,,,0.011524219986844133,0.014188167280686087
5000,base6,0.0,sin2,anchor_grid,500,exchangeable_varying_sigma,fixed,30,30,0,0.036049927062984495,0.0005032587984177296,0.04522847150481213,0.000618510007839972,0.008404531004297795,0.003579761915172057,0.010050570104625834,0.003998963196224821,0.036905673118389645,0.00048321871572452505,0.04636602571995576,0.000591024525381052,0.008312215467300122,0.0036722756619346117,0.01012947066939004,0.004102408027085185,0.18622990696708222,0.009285336219098167,0.22226844424632025,0.011049795433003651,0.011482334924162969,0.008683760095810665,0.002448066790948726,0.014186566663548313,0.18,0.0,0.18,0.0,5200.919696503629,1946.9189296376858,,,0.011482334924162969,0.014396239255869787
5000,base6,0.3,constant,anchor_grid,500,exchangeable_varying_sigma,fixed,30,30,0,0.03731214995639053,0.0006958138140038999,0.04716295664915527,0.0007330864762077305,0.00970159654050093,0.0033467261493543166,0.011357021931221956,0.0037446486959716576,0.03775797744596756,0.0007003471969761151,0.04781110358536475,0.0007610553735950508,0.009774320199033439,0.0033230684017231523,0.011567252032366332,0.0036918076917613627,0.14503658256753343,0.013927970729616927,0.18088618397241832,0.016586699522826192,0.08013967637146556,0.01279148523825271,-0.08013967637146556,0.01279148523825271,0.18,0.0,0.18,0.0,3651.5585037711385,796.8455591232253,,,0.08013967637146556,0.0811541115626539
5000,base6,0.3,mixed,anchor_grid,500,exchangeable_varying_sigma,fixed,30,30,0,0.03744320219656383,0.0007063349137602534,0.04766230183263902,0.0007484810566499255,0.009571202065446028,0.003390804986361442,0.011202637879848161,0.003740661686772239,0.037816124080197834,0.0007173896147159601,0.04830694529590675,0.0007912653476221352,0.009674379815642665,0.003178895108299868,0.011400896265686085,0.003563453944459408,0.13904105832303507,0.014079010901560333,0.17036072265037697,0.015821391179242507,0.08163619892892969,0.013056499270106645,-0.08163619892892969,0.013056499270106645,0.18,0.0,0.18,0.0,3527.995719288243,323.5000887865477,,,0.08163619892892969,0.08267370288522269
5000,base6,0.3,sin,anchor_grid,500,exchangeable_varying_sigma,fixed,30,30,0,0.03724475896568337,0.0006834421836868188,0.04719288916329747,0.0007296016644176247,0.009566183611721587,0.003369704382742913,0.011137519727963275,0.0038000446344553045,0.037676631462681145,0.0006910563499460705,0.04784950281233506,0.0007631956253622424,0.009706417361462476,0.0032540258057998017,0.011515017597029116,0.0035807273722982423,0.14662014098064857,0.0131656531143203,0.177038669673239,0.017399443578157342,0.07983957490202181,0.01280071816124124,-0.07983957490202181,0.01280071816124124,0.18,0.0,0.18,0.0,3642.0812294243524,845.1789250658808,,,0.07983957490202181,0.08085923636777115
5000,base6,0.3,sin2,anchor_grid,500,exchangeable_varying_sigma,fixed,30,30,0,0.03594067944374749,0.0006127163579434842,0.045138731242809885,0.0006557281294105883,0.008669171876239216,0.0029742861411067305,0.010169288034604403,0.00341564615938244,0.03657550155187002,0.0006115267240683268,0.046030378278681526,0.0006706996947250077,0.008562683923804338,0.0030025653079931653,0.010156195169767469,0.0033246867387855665,0.18606408563279772,0.010743620385838197,0.22216600969228711,0.012813847862534894,0.09181148699983299,0.013421673550018743,-0.09181148699983299,0.013421673550018743,0.18,0.0,0.18,0.0,4864.889193890243,1980.758317975135,,,0.09181148699983299,0.09278734000931255
5000,base6,0.6,constant,anchor_grid,500,exchangeable_varying_sigma,fixed,30,30,0,0.0372668012781522,0.0006873181134574599,0.047116884965359186,0.0007264538531820925,0.01063714652621095,0.0036737332667544165,0.012410172284763878,0.004117154673176294,0.03668962971487635,0.0006543920601069443,0.04657009495287786,0.0007284861416420053,0.010615488274793507,0.0035450650304098084,0.012549709674355276,0.0039907441514496645,0.14454027019875712,0.015022433649426918,0.18049359286023461,0.01768800989410178,0.16071403140447657,0.011947156527456653,-0.16071403140447657,0.011947156527456653,0.18,0.0,0.18,0.0,3450.7309617592023,828.306116770088,,,0.16071403140447657,0.16115748334896096
5000,base6,0.6,mixed,anchor_grid,500,exchangeable_varying_sigma,fixed,30,30,0,0.03739736540700256,0.0006949656318487701,0.04761392373905956,0.000739491065379206,0.010503337836190589,0.0037427600873671312,0.012236235888740088,0.004130914983275182,0.03672889755806532,0.0006711122009642255,0.046980315004527824,0.0007593614749771578,0.010501914589725577,0.0033987897702011743,0.012375574004047691,0.0038600896865160815,0.1389409090737093,0.015004552141021036,0.17017238402558757,0.01689764877196182,0.1632971594059156,0.012076385757804878,-0.1632971594059156,0.012076385757804878,0.18,0.0,0.18,0.0,3620.2256490435143,370.2089995877826,,,0.1632971594059156,0.16374309561936443
5000,base6,0.6,sin,anchor_grid,500,exchangeable_varying_sigma,fixed,30,30,0,0.037199915427379396,0.0006804491869885113,0.04714611759927322,0.000727828507612411,0.010460578438207916,0.003751272751091045,0.01217153170232605,0.004161358980569139,0.03662096998246691,0.0006464444946506979,0.04660663318895291,0.0007339726495144208,0.010535642034976225,0.0034818766163824343,0.01248614221612775,0.00388634449866153,0.14608188260633603,0.014166546845737182,0.17655669775586352,0.0187059281417882,0.16047816100931725,0.01198618395112142,-0.16047816100931725,0.01198618395112142,0.18,0.0,0.18,0.0,3765.649883440137,815.4222517716265,,,0.16047816100931725,0.16092516511298804
5000,base6,0.6,sin2,anchor_grid,500,exchangeable_varying_sigma,fixed,30,30,0,0.035900886189344304,0.0006056724157116678,0.04510083159319072,0.0006490944850272293,0.009448368371810527,0.0032728539379101554,0.011072104458877356,0.003720152338036489,0.035794870195668876,0.000573312964233947,0.045211698720887976,0.0006423534871366675,0.00923575435290284,0.0032381980267290333,0.01096157238844193,0.0036022465972081474,0.18562882796520358,0.011574793095178133,0.2217731929499548,0.013570751498191857,0.18506775884427668,0.012896090456715947,-0.18506775884427668,0.012896090456715947,0.18,0.0,0.18,0.0,4900.141776484872,1909.1817627574997,,,0.18506775884427668,0.18551653433780813
5000,base6,0.9,constant,anchor_grid,500,exchangeable_varying_sigma,fixed,30,30,0,0.0372037986539009,0.0006677665976000706,0.0470631039262807,0.0007274614692222736,0.01150340163426095,0.003995936684634047,0.013415271478427011,0.004457001368934516,0.03463315081713532,0.0005176462054370711,0.0443011809961792,0.0006085296915688913,0.011403631728900798,0.003762461110160859,0.01345190395769922,0.0042946637017972,0.14436431773705838,0.01620150917948026,0.1804116720665416,0.019067500494029388,0.241077766348345,0.010902546775332944,-0.241077766348345,0.010902546775332944,0.18,0.0,0.18,0.0,3418.2903504218907,851.3393327954539,,,0.241077766348345,0.24132416984980087
5000,base6,0.9,mixed,anchor_grid,500,exchangeable_varying_sigma,fixed,30,30,0,0.03733285937832049,0.0006741079260238436,0.04755659856868364,0.00074260942153525,0.011371289930180746,0.004062175880217009,0.013232287690117044,0.0044651995836181915,0.03463267834730176,0.0005323514212789462,0.044542465851770796,0.000629767282879022,0.011269020271456442,0.0036166921816314086,0.013260312050719212,0.004167123940925328,0.13915549280247116,0.016003541574917138,0.1703471059572522,0.018201460885210446,0.24470580403728134,0.010840232874256233,-0.24470580403728134,0.010840232874256233,0.18,0.0,0.18,0.0,3535.2570658944546,383.6295589363599,,,0.24470580403728134,0.2449457923261807
5000,base6,0.9,sin,anchor_grid,500,exchangeable_varying_sigma,fixed,30,30,0,0.03713501878840928,0.0006675016531071172,0.04708922442774187,0.0007344309296791774,0.011350918700753615,0.00401244345122209,0.013170061075130654,0.004458842136830246,0.034593808212806575,0.0005140125149556649,0.0443329878803508,0.0006163448588962215,0.011290803638120435,0.0037101485065582783,0.01337508291779619,0.0042101863836387626,0.14586148841030067,0.015357893069261514,0.1763818640458475,0.020395169172928437,0.24099784912843786,0.01097216301324726,-0.24099784912843786,0.01097216301324726,0.18,0.0,0.18,0.0,3592.0148490508395,891.3332735254535,,,0.24099784912843786,0.24124749044440352
5000,base6,0.9,sin2,anchor_grid,500,exchangeable_varying_sigma,fixed,30,30,0,0.03584929319011852,0.000587003420162419,0.04505606249281613,0.0006426709656684175,0.010186382279785583,0.003542266434949639,0.011929792431176985,0.004009523873346093,0.0343253739404964,0.00047028953908262,0.04375277421715032,0.0005537661743342331,0.00988483936923138,0.003454927278419343,0.011708911643178058,0.00389712021144936,0.18530681632880938,0.012646355785748069,0.22151561164490166,0.014587171650149756,0.27822412406511227,0.012216172705671862,-0.27822412406511227,0.012216172705671862,0.18,0.0,0.18,0.0,5402.321338511879,1770.7970161750945,,,0.27822412406511227,0.27849218676180804
