n_subject,coef_type,rep,seed,success,error_message,elapsed_seconds,covariance_mode,signal_bandwidth_input,signal_bandwidth_method,best_signal_bandwidth,variance_bandwidth_input,variance_bandwidth_method,best_variance_bandwidth,sigma2_true,rho_true,miae_iid,rmise_iid,beta_mae_iid,beta_rmse_iid,miae_final,rmise_final,beta_mae_final,beta_rmse_final,sigma2_miae,sigma2_rmise,rho_abs_error,Sigma_fro_error
2000,base1,0,123,1,,5375.3807833240135,exchangeable_varying_sigma,0.2,fixed,0.2,0.2,fixed,0.2,1.0,0.0,0.03684744270041899,0.04774454411846354,0.02366619395810235,0.024920646399281085,0.036998207056800764,0.04794562422013522,0.02315354589742269,0.02369084632326818,0.1685030186264558,0.19534960895195846,0.02814126469612562,0.2405859435365642
2000,base1,0,123,1,,6207.785643893003,exchangeable_varying_sigma,0.2,fixed,0.2,0.2,fixed,0.2,1.0,0.3,0.035220308523561554,0.04635709627909097,0.026126864308570835,0.03523713136318714,0.03417716689373763,0.04501392810671983,0.02533026860101331,0.03267918656732885,0.15471892530540088,0.17775471839470625,0.0415772773433325,0.24734593621016548
2000,base1,0,123,1,,6629.618542019976,exchangeable_varying_sigma,0.2,fixed,0.2,0.2,fixed,0.2,1.0,0.6,0.03570596810220129,0.04693772460642858,0.0284084075614639,0.039480888609177846,0.03151070182861509,0.041405256431885924,0.028134259018739657,0.03630828287543086,0.14989750507494556,0.17571278420905856,0.1214392017451768,0.34579057584121903
2000,base1,0,123,1,,5608.563768365013,exchangeable_varying_sigma,0.2,fixed,0.2,0.2,fixed,0.2,1.0,0.9,0.03621651892942851,0.04772770401553223,0.03025100001456138,0.043634330333081714,0.025815431945358156,0.033313702670540415,0.030073147216467727,0.039715537814355044,0.1482758695986949,0.17753897838403598,0.20368292182469683,0.48206166175583953
2000,base2,0,123,1,,5880.812410447979,exchangeable_varying_sigma,0.2,fixed,0.2,0.2,fixed,0.2,1.0,0.0,0.035144687446305105,0.04608374368628155,0.024260531203764535,0.025872383709811854,0.03539314951525951,0.04640439265154415,0.02384225630780057,0.024763339826383915,0.1696547601007571,0.19996557769582235,0.036030150029274115,0.24363001560270678
2000,base2,0,123,1,,6129.073639727023,exchangeable_varying_sigma,0.2,fixed,0.2,0.2,fixed,0.2,1.0,0.3,0.035048886815548776,0.04591072524191018,0.02612296903897804,0.03265182413841366,0.034164040189665255,0.04454083841161986,0.02465794680125201,0.030037207380654476,0.15375891751950865,0.1770919546802442,0.05824574229131066,0.2559153220075785
2000,base2,0,123,1,,6245.684871590987,exchangeable_varying_sigma,0.2,fixed,0.2,0.2,fixed,0.2,1.0,0.6,0.035584924203233476,0.04675892028831482,0.029142842354396986,0.036916929083307765,0.031511286030650544,0.041120659934534017,0.028139103729724835,0.0337941514558683,0.14884564969837333,0.1756397116383729,0.13666134643695482,0.35899194855150623
2000,base2,0,123,1,,6277.739878041961,exchangeable_varying_sigma,0.2,fixed,0.2,0.2,fixed,0.2,1.0,0.9,0.03634635296416278,0.047906527818474084,0.03202262343868344,0.04110361938045086,0.025458961941531157,0.03329310815120687,0.03155279898028422,0.0373767493262567,0.14714505563644378,0.17812872442690927,0.21623614944064262,0.49405407585345285
2000,base3,0,123,1,,6196.036092829017,exchangeable_varying_sigma,0.2,fixed,0.2,0.2,fixed,0.2,1.0,0.0,0.05795928305105146,0.0720534214862159,0.02909733326660288,0.029933825163514192,0.060001180824090256,0.0746753190707575,0.02713003056117852,0.027847159378469145,0.22119965721453233,0.2549180267660015,0.012728055848530323,0.2360357436498165
2000,base3,0,123,1,,6106.201225730008,exchangeable_varying_sigma,0.2,fixed,0.2,0.2,fixed,0.2,1.0,0.3,0.05715598865980646,0.07175063815859738,0.03413701926680818,0.04059726941570652,0.05834759416623396,0.07325673080309394,0.031627640709371393,0.037394849144186726,0.220450409532862,0.2540669910683774,0.13132559455911513,0.2852053119050095
2000,base3,0,123,1,,6358.898041783017,exchangeable_varying_sigma,0.2,fixed,0.2,0.2,fixed,0.2,1.0,0.6,0.05743134209271731,0.07212341515523152,0.036418562519700645,0.0444660658330112,0.0569734231882588,0.07147643185759549,0.034385450763968456,0.04124383276513582,0.22613939314806522,0.25811175464728153,0.27280972416672755,0.3948632299530108
2000,base3,0,123,1,,5890.364007208031,exchangeable_varying_sigma,0.2,fixed,0.2,0.2,fixed,0.2,1.0,0.9,0.057853045805387464,0.07262418360748803,0.03826115497279896,0.04821572057090129,0.05458796763527973,0.0684220235875044,0.03642923507258669,0.04490955666478028,0.2303556045960032,0.2606026589052602,0.4158638812391511,0.5301176203124556
2000,base4,0,123,1,,5992.315221860015,exchangeable_varying_sigma,0.2,fixed,0.2,0.2,fixed,0.2,1.0,0.0,0.032224369553310456,0.04352105770416006,0.02496043985578411,0.025616048880558826,0.03227945066424404,0.04364001654198405,0.02443965108675325,0.02467149716063494,0.2047317790050559,0.22179253040763572,0.02829589737913945,0.2912781440521406
2000,base4,0,123,1,,5810.874778592028,exchangeable_varying_sigma,0.2,fixed,0.2,0.2,fixed,0.2,1.0,0.3,0.031417153021573344,0.04267377189138973,0.02649371525104717,0.03499638391198045,0.030119562912224902,0.040990720832952215,0.025908866814813553,0.032882539829253266,0.19141623330405974,0.20552648521644998,0.0390834727461134,0.2985498435210019
2000,base4,0,123,1,,6434.2485793879605,exchangeable_varying_sigma,0.2,fixed,0.2,0.2,fixed,0.2,1.0,0.6,0.03189961662717038,0.043401202737340584,0.02877525850394258,0.039205931392151644,0.026878874588480182,0.03686804712521111,0.0287481039992412,0.03654257393715572,0.18650819936954718,0.20267393951958698,0.10862987339807212,0.38702753420975694
2000,base4,0,123,1,,7576.874606439029,exchangeable_varying_sigma,0.2,fixed,0.2,0.2,fixed,0.2,1.0,0.9,0.03251039739746201,0.04438285323573533,0.030653116726742147,0.04331608419592535,0.019277870932203307,0.02702668332481851,0.030619873568769093,0.039841345448157206,0.18474113489740973,0.20348214970271697,0.18018880419397199,0.5142046205969536
5000,base1,0,123,1,,36743.96692654601,exchangeable_varying_sigma,0.2,fixed,0.2,0.2,fixed,0.2,1.0,0.0,0.02466766004664982,0.030471695140689512,0.008734344732193089,0.01035253863516443,0.0247596142953767,0.030569630960983172,0.00875785941434068,0.010367514054345727,0.037666034093641554,0.05547499781438932,0.013722567117844439,0.04489264005676815
5000,base1,0,123,1,,32670.255286659987,exchangeable_varying_sigma,0.2,fixed,0.2,0.2,fixed,0.2,1.0,0.3,0.02451423160011704,0.03040782990845987,0.0046039554472399186,0.005422862425685037,0.024399216062984702,0.029919025667564544,0.005004168206139248,0.005699102346147616,0.04467640818966617,0.06366492917403223,0.03435900160511246,0.07941218959992212
5000,base1,0,123,1,,33960.57893642201,exchangeable_varying_sigma,0.2,fixed,0.2,0.2,fixed,0.2,1.0,0.6,0.02430496206820023,0.03030119496238025,0.005163614052085444,0.006298589147680635,0.02287204103506045,0.02768004847294293,0.005749539434951059,0.006552465774856959,0.045180791500793814,0.06553524782479564,0.07242393328807206,0.1383021850366162
5000,base1,0,123,1,,33631.57416182599,exchangeable_varying_sigma,0.2,fixed,0.2,0.2,fixed,0.2,1.0,0.9,0.024002220725370085,0.03012691683989171,0.00585224489748061,0.007290438830233878,0.019578707538360798,0.023077298425204062,0.006982626401640282,0.008063514847132794,0.0455180101325205,0.06708716244598664,0.11139400150600987,0.2028392314700788
5000,base2,0,123,1,,36895.23366053798,exchangeable_varying_sigma,0.2,fixed,0.2,0.2,fixed,0.2,1.0,0.0,0.023001529981716794,0.02933089257408777,0.009455134396154086,0.010245569555799906,0.023193013069401684,0.029583800218878933,0.009488622727040819,0.010452074359576256,0.0682398134823632,0.07810301485322052,0.004983098303738125,0.04136816263522011
5000,base2,0,123,1,,36245.970867607975,exchangeable_varying_sigma,0.2,fixed,0.2,0.2,fixed,0.2,1.0,0.3,0.023640165814794428,0.02981722701143182,0.0056823112083968785,0.0062713718016336965,0.023226625719523216,0.02927739927058295,0.0049759047734613815,0.005844739527611333,0.07351155920200649,0.08431128102285142,0.039190556386196285,0.08701854516019276
5000,base2,0,123,1,,34965.90066330304,exchangeable_varying_sigma,0.2,fixed,0.2,0.2,fixed,0.2,1.0,0.6,0.02364187346591889,0.029836978380123384,0.006330265699130241,0.007036613746505179,0.02139682194249292,0.02695297190462516,0.005368847672175617,0.006336077367238237,0.07372099457472302,0.08553593088094609,0.07570780319673787,0.1451761400895053
5000,base2,0,123,1,,37489.23340077698,exchangeable_varying_sigma,0.2,fixed,0.2,0.2,fixed,0.2,1.0,0.9,0.023574833144618577,0.029847721481774225,0.0070012090847155345,0.00788473247246664,0.01754910850323683,0.022382821902098962,0.005861219548866162,0.007272529101704263,0.07348475618429079,0.08639892333036123,0.11246279603032949,0.2077281279417077
5000,base3,0,123,1,,49680.22975548601,exchangeable_varying_sigma,0.2,fixed,0.2,0.2,fixed,0.2,1.0,0.0,0.04939018557386697,0.06118079956272259,0.009990119800659641,0.011751731842042404,0.05150403673437654,0.06416856186005024,0.009239592558169918,0.011506255420944732,0.38426666769266227,0.42917112525384515,0.013210405883144599,0.5440501377514496
5000,base3,0,123,1,,49231.749529009976,exchangeable_varying_sigma,0.2,fixed,0.2,0.2,fixed,0.2,1.0,0.3,0.049525837863443084,0.06131779305966676,0.003960560878948166,0.004336081963360632,0.05142781768793355,0.06404130890600077,0.0035336262658318546,0.004266724780518301,0.37744230275946183,0.4267560268404136,0.12055319161714645,0.5367727664951653
5000,base3,0,123,1,,41367.249526289,exchangeable_varying_sigma,0.2,fixed,0.2,0.2,fixed,0.2,1.0,0.6,0.04952014310291361,0.06137466703926712,0.004786236054012696,0.005216350648065826,0.050574228946121076,0.06319890855007197,0.004352619506513444,0.00529902020006062,0.3770373747021355,0.42710232243351265,0.23592370795057338,0.5483449633249845
5000,base3,0,123,1,,48700.67299155798,exchangeable_varying_sigma,0.2,fixed,0.2,0.2,fixed,0.2,1.0,0.9,0.049501985843293995,0.06142745788132317,0.005737920838318103,0.006210433333511949,0.04892201794428485,0.06169360473990256,0.0055059866809404195,0.0068189971270055955,0.3769176388521012,0.427685325247435,0.35072616246301613,0.5673385717635547
5000,base4,0,123,1,,29442.08969573601,exchangeable_varying_sigma,0.2,fixed,0.2,0.2,fixed,0.2,1.0,0.0,0.01886757169761498,0.024472111168293367,0.008287439473483788,0.010344709972239668,0.01890167537969581,0.024511694866006958,0.008402388235410951,0.010439982161783152,0.07227330273474704,0.08071908989630841,0.013268471695651568,0.10368176752121093
5000,base4,0,123,1,,31560.45418377599,exchangeable_varying_sigma,0.2,fixed,0.2,0.2,fixed,0.2,1.0,0.3,0.018790188343462914,0.024709490231614378,0.0036744936784217086,0.005018238723583128,0.01821069763260056,0.023871486909709545,0.0035024377738822193,0.0047547253837108994,0.0798189886978241,0.09061417033003835,0.02655475298031057,0.13199833427158106
5000,base4,0,123,1,,32818.699432055,exchangeable_varying_sigma,0.2,fixed,0.2,0.2,fixed,0.2,1.0,0.6,0.0186864245079138,0.024687116697891302,0.004500168853481645,0.0059201314317004206,0.015982113503265116,0.020952698626426583,0.004359195489803791,0.0055005121278731235,0.08027167878581827,0.09212735049664252,0.051236119367060406,0.17619889150602072
5000,base4,0,123,1,,26969.305251393,exchangeable_varying_sigma,0.2,fixed,0.2,0.2,fixed,0.2,1.0,0.9,0.018544516488379507,0.024621852731038382,0.005451853637788953,0.0069147876525083056,0.010837130531150754,0.014259361429858404,0.005794792470723245,0.006916993157937682,0.08020704638502343,0.09328935954329462,0.07624489206060403,0.23102802089551125
2000,base1,1,124,1,,5529.679946663033,exchangeable_varying_sigma,0.2,fixed,0.2,0.2,fixed,0.2,1.0,0.0,0.034374531029238674,0.04450468462949441,0.006939053153146205,0.008299076593907514,0.0344560555376783,0.044624726077150484,0.006588117306420074,0.008516584860174054,0.186809081439289,0.20205580093422018,0.015422499780062507,0.26478262988444873
2000,base1,1,124,1,,6029.474251747946,exchangeable_varying_sigma,0.2,fixed,0.2,0.2,fixed,0.2,1.0,0.3,0.03428232528336559,0.044680650936761185,0.011819743493116722,0.01217496613229122,0.033617595207177664,0.04393354930269311,0.011275381092316475,0.011783524722768168,0.18565423275761356,0.2040564051515324,0.05361869153934304,0.2977918335459981
2000,base1,1,124,1,,5486.470371208969,exchangeable_varying_sigma,0.2,fixed,0.2,0.2,fixed,0.2,1.0,0.6,0.034157235317604034,0.0445360871945636,0.012251074459063552,0.012712087374948762,0.030943812411763836,0.04022563549264373,0.01093122575688596,0.012087695030465893,0.18403677756586534,0.20136813256104352,0.11925462819988603,0.3924820069979472
2000,base1,1,124,1,,6066.412621417025,exchangeable_varying_sigma,0.2,fixed,0.2,0.2,fixed,0.2,1.0,0.9,0.03395687346755063,0.04441101958326129,0.012353443302614994,0.012978164836766452,0.024834792946933623,0.03168460584272365,0.009356748668112272,0.011796399041242505,0.18129742785657607,0.19770334925689942,0.18662378293473625,0.5151652525143033
2000,base2,1,124,1,,5966.17213258805,exchangeable_varying_sigma,0.2,fixed,0.2,0.2,fixed,0.2,1.0,0.0,0.035302382542929445,0.045629099746443996,0.006486594551045041,0.008039535918885702,0.03539387674012558,0.04579242852443056,0.006177201725165796,0.007708557112244392,0.19386998401048414,0.20895499080973343,0.010057056746841233,0.2744131882310632
2000,base2,1,124,1,,5601.639799120021,exchangeable_varying_sigma,0.2,fixed,0.2,0.2,fixed,0.2,1.0,0.3,0.0335050611541514,0.04413945553552993,0.008605890695462512,0.009241821369784856,0.033358146875226605,0.04381420829533856,0.007752095145204668,0.009010486380909052,0.19050373180729657,0.21057497779019668,0.04362908036646085,0.2994733103627679
2000,base2,1,124,1,,6488.443628848996,exchangeable_varying_sigma,0.2,fixed,0.2,0.2,fixed,0.2,1.0,0.6,0.033270719248476965,0.04386609311602772,0.009037221661408495,0.009808618016265359,0.030685837777970223,0.040196053182683614,0.007142193464460628,0.009455431813162374,0.18835388697612424,0.20846387181078854,0.10843143400740368,0.38958013647944273
2000,base2,1,124,1,,5942.552064160991,exchangeable_varying_sigma,0.2,fixed,0.2,0.2,fixed,0.2,1.0,0.9,0.032889432960884264,0.04358311193043049,0.00913959050495844,0.01012205726805768,0.023997706120114672,0.031522865439530444,0.006665643198672966,0.009847813100498707,0.18478204085850727,0.20546597811528627,0.1762182003273135,0.5103325441904635
2000,base3,1,124,1,,5810.296393218974,exchangeable_varying_sigma,0.2,fixed,0.2,0.2,fixed,0.2,1.0,0.0,0.05516245537293229,0.06862099721054024,0.009524183650421111,0.010373303199664449,0.05730527639004201,0.0713885802469687,0.009576081940043946,0.010021999412120706,0.20651190404202033,0.24393249935457817,0.040914297213549576,0.22412236645710798
2000,base3,1,124,1,,5944.129697932978,exchangeable_varying_sigma,0.2,fixed,0.2,0.2,fixed,0.2,1.0,0.3,0.058016791737723006,0.07211504962955152,0.012163861833290476,0.013784294756981728,0.059242678756969036,0.07376299350348758,0.010242216079044547,0.011750373627861094,0.1857798510625822,0.21767503215627154,0.13719948886482425,0.2448144070327511
2000,base3,1,124,1,,6574.118612763006,exchangeable_varying_sigma,0.2,fixed,0.2,0.2,fixed,0.2,1.0,0.6,0.058012039752239786,0.07226301875460298,0.012595192799241067,0.014132845951271874,0.0576469188172565,0.07198013637545832,0.010214644347734711,0.011828645679536422,0.1841607054730323,0.21474337673599084,0.2705829441828488,0.37050795489550487
2000,base3,1,124,1,,6205.898444899998,exchangeable_varying_sigma,0.2,fixed,0.2,0.2,fixed,0.2,1.0,0.9,0.057871315219088615,0.07244295978628665,0.012697561642787888,0.014178114380767146,0.054659412450454074,0.06881117460486674,0.00948327574142907,0.01136677938539379,0.18348596550543714,0.21292712912587053,0.40477342306769293,0.5151756927446159
2000,base4,1,124,1,,6655.565562404983,exchangeable_varying_sigma,0.2,fixed,0.2,0.2,fixed,0.2,1.0,0.0,0.030464704633018827,0.04050186363714088,0.006668915671986353,0.008071304858157028,0.030456093449150474,0.04054291600171663,0.006344815752342817,0.00819425104786193,0.22318136980782288,0.2315216373936255,0.02157241601322161,0.31651461110669843
2000,base4,1,124,1,,6089.794094857993,exchangeable_varying_sigma,0.2,fixed,0.2,0.2,fixed,0.2,1.0,0.3,0.030730675146511125,0.04121902214258487,0.0107637186819739,0.011162796952703473,0.030078948698250816,0.04029131464002546,0.010125261617766418,0.010653524916406438,0.22610714685303498,0.23580663024371593,0.04348697664092849,0.3504965967109143
2000,base4,1,124,1,,6160.388898984995,exchangeable_varying_sigma,0.2,fixed,0.2,0.2,fixed,0.2,1.0,0.6,0.030606683832316506,0.04109813274097639,0.011195049647919522,0.011676843086090825,0.026923382097304566,0.036093014284722544,0.009779089783922543,0.01099646656112306,0.2245168818860522,0.2337608723351968,0.09787948881378417,0.4353529506174246
2000,base4,1,124,1,,7887.610196496011,exchangeable_varying_sigma,0.2,fixed,0.2,0.2,fixed,0.2,1.0,0.9,0.030369200649469602,0.04099508476056518,0.011297418491470368,0.011910813208069722,0.01880076135329384,0.02552871671009687,0.008196936013219691,0.010854728750793671,0.22161250914145553,0.23065087711456983,0.15461957771155865,0.5502498928741126
5000,base1,1,124,1,,33093.684358861996,exchangeable_varying_sigma,0.2,fixed,0.2,0.2,fixed,0.2,1.0,0.0,0.022955662261939933,0.028496991811141653,0.010323126847819664,0.014079804806428065,0.023008126325564687,0.028559419992564155,0.010384918529104017,0.014158374463408712,0.04214909018227992,0.04922402604608673,0.008712446816280334,0.0607649337253936
5000,base1,1,124,1,,32774.40906304604,exchangeable_varying_sigma,0.2,fixed,0.2,0.2,fixed,0.2,1.0,0.3,0.023256519402386676,0.028628326109006737,0.012001722239343704,0.012882433847577679,0.02259739041876864,0.0278482791464455,0.011665176767960223,0.012346052766044604,0.035223295850861425,0.05099297647953902,0.014743311805008708,0.06091426567000701
5000,base1,1,124,1,,33692.346499565,exchangeable_varying_sigma,0.2,fixed,0.2,0.2,fixed,0.2,1.0,0.6,0.023403969912699607,0.028787315932960297,0.013575254975574325,0.014496570743848606,0.0210544955407498,0.0257902454008742,0.012819220633834866,0.013551458904239541,0.03029191292258889,0.04749866519950678,0.05899559094171336,0.11085188004763687
5000,base1,1,124,1,,32915.53925460001,exchangeable_varying_sigma,0.2,fixed,0.2,0.2,fixed,0.2,1.0,0.9,0.023623258600402285,0.02902897881403995,0.015146792759402505,0.016064912511552,0.018234752609898604,0.02188259966155452,0.014116775933703668,0.014824003021492055,0.030472813054649554,0.0454142313102772,0.10655228654907778,0.17420931214920407
5000,base2,1,124,1,,36215.530645435036,exchangeable_varying_sigma,0.2,fixed,0.2,0.2,fixed,0.2,1.0,0.0,0.023001716618478055,0.02913659817073569,0.00943933355487142,0.012420557334876174,0.023124443412218722,0.029313127611799477,0.009699527666217178,0.012716586783659186,0.057157511771441315,0.06541348936655277,0.0012673068688692092,0.06528521833560509
5000,base2,1,124,1,,33584.78031761898,exchangeable_varying_sigma,0.2,fixed,0.2,0.2,fixed,0.2,1.0,0.3,0.022766845773453153,0.028844827133475186,0.012045323798024143,0.014387053799285164,0.02232019075439684,0.028303830231796383,0.011919591827715514,0.013848278473446973,0.05889996386788193,0.06689432924425505,0.010225266844462899,0.06324020136012062
5000,base2,1,124,1,,32750.926493813982,exchangeable_varying_sigma,0.2,fixed,0.2,0.2,fixed,0.2,1.0,0.6,0.022723625955323238,0.02883919761325574,0.013618856534255042,0.015936634124970792,0.020515820118987914,0.026147331919008615,0.013172977820950144,0.015068739239775012,0.05806538871290672,0.06502665246845822,0.05503154480793182,0.11035412371875304
5000,base2,1,124,1,,38737.37321771699,exchangeable_varying_sigma,0.2,fixed,0.2,0.2,fixed,0.2,1.0,0.9,0.022645235823382702,0.02883072861149057,0.015190394318082584,0.017429567829755292,0.01677410195417262,0.0219535348116789,0.014615562126713472,0.01636078486872328,0.05753739523043342,0.06426770246145792,0.10402945555584264,0.1751827811644689
5000,base3,1,124,1,,31064.273184338002,exchangeable_varying_sigma,0.2,fixed,0.2,0.2,fixed,0.2,1.0,0.0,0.048260859708128906,0.059663077582490134,0.014829784250718014,0.020056467116537885,0.05025382556924546,0.06250362995328043,0.015367756627965232,0.019854649770157107,0.3662321018742407,0.41016124991896014,0.003714865132847938,0.5175423194792974
5000,base3,1,124,1,,42475.45809684601,exchangeable_varying_sigma,0.2,fixed,0.2,0.2,fixed,0.2,1.0,0.3,0.04919608789565112,0.06087003512085807,0.007040274861552204,0.007896526187952894,0.050975839075051245,0.06350542632882421,0.008812160215650316,0.009556795231912493,0.3728310117392327,0.417151347170019,0.10233428800663835,0.5266548767902124
5000,base3,1,124,1,,54822.18619344401,exchangeable_varying_sigma,0.2,fixed,0.2,0.2,fixed,0.2,1.0,0.6,0.0492260573699334,0.06088048267062562,0.008613807597780215,0.009277168676355085,0.05012576919427854,0.06266066150461166,0.010270906986951184,0.010802192290999272,0.38114353570060383,0.4247335068651687,0.2227275061681827,0.5486198173262236
5000,base3,1,124,1,,47943.88082446199,exchangeable_varying_sigma,0.2,fixed,0.2,0.2,fixed,0.2,1.0,0.9,0.04921584051823633,0.06085609799543845,0.01018534538161206,0.010709663356796652,0.04847475372659177,0.061163745089084835,0.011828096269148242,0.012192799803253981,0.3891433830553125,0.43192134845198493,0.34500308514213984,0.5783639338395735
5000,base4,1,124,1,,33123.25275570201,exchangeable_varying_sigma,0.2,fixed,0.2,0.2,fixed,0.2,1.0,0.0,0.017602210271427894,0.022957698445916823,0.01045996404357287,0.014432242113561923,0.017620367833241845,0.022987017273786752,0.010589358317992598,0.014542838263991208,0.0868310469162265,0.08889127753943836,0.005343559371617154,0.1229913894263965
5000,base4,1,124,1,,35907.581047919,exchangeable_varying_sigma,0.2,fixed,0.2,0.2,fixed,0.2,1.0,0.3,0.01809516044159146,0.02352884747722289,0.011024693309323014,0.01200964311022996,0.0173618366062508,0.022525622190768663,0.010651946550784497,0.011587292772082211,0.08020125961312242,0.08387903271789222,0.00013309330733413116,0.11846560438701952
5000,base4,1,124,1,,28345.87554411398,exchangeable_varying_sigma,0.2,fixed,0.2,0.2,fixed,0.2,1.0,0.6,0.01811904017386897,0.02361895916652775,0.012598226045555355,0.013612746910282452,0.015178403117871594,0.01967926086444392,0.01181535950612339,0.012802387296716502,0.07183492318258061,0.07676720567966118,0.03308649798380814,0.14565900957122788
5000,base4,1,124,1,,24411.332681522996,exchangeable_varying_sigma,0.2,fixed,0.2,0.2,fixed,0.2,1.0,0.9,0.01807301175575548,0.023735585350480183,0.01416976382937954,0.015166960868404123,0.010256680218921848,0.013401117223044982,0.013141242821885835,0.014084503359925372,0.0637488057483512,0.07019745629462752,0.07014121259130934,0.1959778919975181
2000,base1,2,125,1,,6477.459707698959,exchangeable_varying_sigma,0.2,fixed,0.2,0.2,fixed,0.2,1.0,0.0,0.0346493131991953,0.04499117056173336,0.014620238546133674,0.01910009447902822,0.03482071899081715,0.045238319571037584,0.01331846049858687,0.01871802477339586,0.17550235256652208,0.19099492414826474,0.024718520289996083,0.2498657035472811
2000,base1,2,125,1,,5550.674909445981,exchangeable_varying_sigma,0.2,fixed,0.2,0.2,fixed,0.2,1.0,0.3,0.03656986422954583,0.04802093018706082,0.024299767843140682,0.0258754790854876,0.035767277545367265,0.04687232156569522,0.022692697492689526,0.024160324638385553,0.1739909104999135,0.18965944119138262,0.026187391500338553,0.2672955454528711
2000,base1,2,125,1,,6028.310331076034,exchangeable_varying_sigma,0.2,fixed,0.2,0.2,fixed,0.2,1.0,0.6,0.03636194838569199,0.0476491640590742,0.027499757357131407,0.02921562134970604,0.03275671874757054,0.042545260410655365,0.02473402494547272,0.026021213361494364,0.16416754339720416,0.18117090750062906,0.1047397715480104,0.35089566273211287
2000,base1,2,125,1,,6207.622358275985,exchangeable_varying_sigma,0.2,fixed,0.2,0.2,fixed,0.2,1.0,0.9,0.03608885227497724,0.046975038067082586,0.030749812566851206,0.03262144499361415,0.026332689776814147,0.033451070299059825,0.026927378738072202,0.027964680821540567,0.15341973198177614,0.17194101412069104,0.18984049063525787,0.4750049566334867
2000,base2,2,125,1,,6557.4892171139945,exchangeable_varying_sigma,0.2,fixed,0.2,0.2,fixed,0.2,1.0,0.0,0.033961147190193545,0.044915146705428566,0.011827389950430589,0.016401699306518847,0.034143155880192066,0.04518340947170511,0.010592421288841969,0.0161899071044494,0.18055883317067398,0.1981189540261374,0.020939686872076993,0.2564991932760737
2000,base2,2,125,1,,6275.992698226997,exchangeable_varying_sigma,0.2,fixed,0.2,0.2,fixed,0.2,1.0,0.3,0.034614003186688995,0.045929362721021355,0.02222121686862155,0.025440847356560818,0.033992047962036594,0.045117292317606014,0.019859700382124187,0.0229399432499987,0.1781833697170324,0.20196859014182633,0.025057535278374343,0.272882306564012
2000,base2,2,125,1,,6214.109158846957,exchangeable_varying_sigma,0.2,fixed,0.2,0.2,fixed,0.2,1.0,0.6,0.03452030434576607,0.045592664517746934,0.024946260973469594,0.02883312401987531,0.031028573646338046,0.040980543914673595,0.021124301811062354,0.024328548645683085,0.16772327900201128,0.19465737954034087,0.10099155821093148,0.3528182131759268
2000,base2,2,125,1,,5965.098860234022,exchangeable_varying_sigma,0.2,fixed,0.2,0.2,fixed,0.2,1.0,0.9,0.0343200500264514,0.045049895176762896,0.028196316183190073,0.03228763672723405,0.024486204617802813,0.032075036391024776,0.02294604121847796,0.025595378736386423,0.15843937966488023,0.1863897702556933,0.18355295643234015,0.47237896398436785
2000,base3,2,125,1,,6100.153534127981,exchangeable_varying_sigma,0.2,fixed,0.2,0.2,fixed,0.2,1.0,0.0,0.055502484689050835,0.06990003894196642,0.013852150754076892,0.015879393780187673,0.05754955205340691,0.07260855686842538,0.012750203893424628,0.01525096215538033,0.22272002232097224,0.26131603928578184,0.04972622750599097,0.26889321300188773
2000,base3,2,125,1,,6638.402013515006,exchangeable_varying_sigma,0.2,fixed,0.2,0.2,fixed,0.2,1.0,0.3,0.05786206518082571,0.07274278251455021,0.021783231707881975,0.024795619207480597,0.05955512679646681,0.07497786923132692,0.0182328369159358,0.02102731854555085,0.20063890614489502,0.23824805288872683,0.09676845859891048,0.24080981916412966
2000,base3,2,125,1,,5902.179842828016,exchangeable_varying_sigma,0.2,fixed,0.2,0.2,fixed,0.2,1.0,0.6,0.05774924926684304,0.07246405842207397,0.024983221221871854,0.028255560895834676,0.05793333994590945,0.07300760435650902,0.02025021856015552,0.02295484225879125,0.2049886450599843,0.2432865824849217,0.2378148169876313,0.3433168294210472
2000,base3,2,125,1,,5945.0054303070065,exchangeable_varying_sigma,0.2,fixed,0.2,0.2,fixed,0.2,1.0,0.9,0.05752540369222203,0.07197374494567818,0.028233276431592055,0.03178867198946118,0.05492984153910166,0.06948310475558937,0.022429029995516228,0.025135185585232166,0.2096189822638446,0.2486872058728134,0.38136711189727446,0.47955211402764714
2000,base4,2,125,1,,6261.734837779019,exchangeable_varying_sigma,0.2,fixed,0.2,0.2,fixed,0.2,1.0,0.0,0.030273784634463896,0.040953537810514126,0.013489123979227441,0.017299022841198157,0.030342428149923446,0.04109100591193787,0.01253088415848072,0.016936319124512832,0.21011666456125208,0.21949598061884007,0.02773691516441102,0.2987608200935272
2000,base4,2,125,1,,6239.630578184966,exchangeable_varying_sigma,0.2,fixed,0.2,0.2,fixed,0.2,1.0,0.3,0.03228383815546764,0.04378756872777379,0.022902736881805746,0.025323785521856577,0.031234841353073438,0.04247027227312201,0.020883572619200846,0.023252734581166157,0.21327724318136876,0.22300103266504223,0.016677421214761956,0.3207246790937629
2000,base4,2,125,1,,5685.871014209988,exchangeable_varying_sigma,0.2,fixed,0.2,0.2,fixed,0.2,1.0,0.6,0.03213037336237559,0.04338739661612996,0.02610272639579589,0.028727159208625588,0.027615469724398763,0.03760774006175653,0.022607588381464816,0.024817271331406633,0.20368710754927127,0.21451584569208493,0.08384803377256655,0.3929439102167812
2000,base4,2,125,1,,9159.529628516,exchangeable_varying_sigma,0.2,fixed,0.2,0.2,fixed,0.2,1.0,0.9,0.03181645525883829,0.042689319959846275,0.02935278160551648,0.03219240415191499,0.019247498369305584,0.026493167151129975,0.024417735625429593,0.02633627261890813,0.1931621870550315,0.2052232772129905,0.15780111021578802,0.5059891547471285
5000,base1,2,125,1,,35754.373113094945,exchangeable_varying_sigma,0.2,fixed,0.2,0.2,fixed,0.2,1.0,0.0,0.02435463350407255,0.030249249816003184,0.0035506789775069936,0.00411733747096845,0.024444071033061007,0.030347504638250897,0.0028774925445826938,0.003484249868106578,0.031855570423539994,0.04394810414726172,0.009444743142137037,0.020836154757920985
5000,base1,2,125,1,,34318.84387348301,exchangeable_varying_sigma,0.2,fixed,0.2,0.2,fixed,0.2,1.0,0.3,0.023514735473359766,0.029464895290990455,0.0044520346604450395,0.005302534915259097,0.0231725183223908,0.028996583018045113,0.004522074686113126,0.005280079669075974,0.042668081805135344,0.0554940716480803,0.042677418404656386,0.06737197149423257
5000,base1,2,125,1,,38024.49040436605,exchangeable_varying_sigma,0.2,fixed,0.2,0.2,fixed,0.2,1.0,0.6,0.023514884135581574,0.029430734271441203,0.004780078254850162,0.005840687438689491,0.021718112733770577,0.026867406995271154,0.005136324330387784,0.006196486166726072,0.04402846495312358,0.0574222124687398,0.07771135948788832,0.12226382182020441
5000,base1,2,125,1,,37531.70062957797,exchangeable_varying_sigma,0.2,fixed,0.2,0.2,fixed,0.2,1.0,0.9,0.023531425611422283,0.029449638883098893,0.00507357500835845,0.006372421659264011,0.018733725920689316,0.022441463438506382,0.0057594292333513625,0.007228273666705526,0.044973317373733925,0.05872360156367031,0.11142182862752992,0.17685870058330272
5000,base2,2,125,1,,36002.283461010025,exchangeable_varying_sigma,0.2,fixed,0.2,0.2,fixed,0.2,1.0,0.0,0.022926449578985705,0.029165467193352137,0.004994157924310932,0.006588743435789058,0.023123860138685903,0.029432365147391188,0.004329979837148806,0.005515700223882718,0.05227773211728149,0.06426411784183331,0.020266692320057487,0.031927476268061555
5000,base2,2,125,1,,34330.71375998197,exchangeable_varying_sigma,0.2,fixed,0.2,0.2,fixed,0.2,1.0,0.3,0.023095921615486164,0.029348934920424348,0.004389735563457425,0.005609924595173433,0.022670624942712964,0.028889902204551895,0.004217157418540507,0.005425122473352551,0.05169802879166405,0.06664491402428187,0.04527101364561276,0.07261062868480585
5000,base2,2,125,1,,32589.02926519001,exchangeable_varying_sigma,0.2,fixed,0.2,0.2,fixed,0.2,1.0,0.6,0.023177327217067428,0.029408232585204485,0.00481298794710594,0.006202393343667287,0.020978545921058134,0.0267402122804356,0.0049704033664430824,0.006306203271167859,0.05330880869473996,0.06836153532212519,0.08012676050830114,0.12802715819925214
5000,base2,2,125,1,,34320.75988051301,exchangeable_varying_sigma,0.2,fixed,0.2,0.2,fixed,0.2,1.0,0.9,0.023237903438220853,0.0295428607961729,0.0052463537650316305,0.006820049239079672,0.017249598526233142,0.02227324002732053,0.005868993446389276,0.007357742327592182,0.054928926654126256,0.069777470918175,0.11355323518676863,0.18325285271602657
5000,base3,2,125,1,,53438.30573462404,exchangeable_varying_sigma,0.2,fixed,0.2,0.2,fixed,0.2,1.0,0.0,0.0494023062340257,0.06049174912034038,0.006349791848573344,0.008350072615696681,0.05164017308935292,0.06351020061024382,0.0058702653098087615,0.006985382301667728,0.39890367356751766,0.4423732263543902,0.00919857270771276,0.5644255260336402
5000,base3,2,125,1,,28995.759528324998,exchangeable_varying_sigma,0.2,fixed,0.2,0.2,fixed,0.2,1.0,0.3,0.04921730872430831,0.0607261569566866,0.009883395713021964,0.01078086382576958,0.05119591283584898,0.0634616801231626,0.008196543439267387,0.009761531622970505,0.40126296851854426,0.44778242640332233,0.11530852918052367,0.5698562065608722
5000,base3,2,125,1,,31746.920075548056,exchangeable_varying_sigma,0.2,fixed,0.2,0.2,fixed,0.2,1.0,0.6,0.049119501972071204,0.06061043857065887,0.010211439307424242,0.011042848246496356,0.05034692500159236,0.06253713316770777,0.008364954512967385,0.009813976828136775,0.39935691933775386,0.44632660344961755,0.23003364895427508,0.5757751915177393
5000,base3,2,125,1,,48093.54561664199,exchangeable_varying_sigma,0.2,fixed,0.2,0.2,fixed,0.2,1.0,0.9,0.04894584086569224,0.06044581065815292,0.010455019996272297,0.011294557256346267,0.04859840705102789,0.06081383595767039,0.008415246962863346,0.009801902456655354,0.3974560532413284,0.4446715037569205,0.34428666978328326,0.5875739213787143
5000,base4,2,125,1,,36681.04703469301,exchangeable_varying_sigma,0.2,fixed,0.2,0.2,fixed,0.2,1.0,0.0,0.018879158680717108,0.02445259931620119,0.003897818538410841,0.004397801644430617,0.01890194646814642,0.024506778747737698,0.003385817828387816,0.0038301674897874114,0.055658611486666884,0.06333725356736737,0.012512382141161496,0.08046735923367716
5000,base4,2,125,1,,32995.548876278976,exchangeable_varying_sigma,0.2,fixed,0.2,0.2,fixed,0.2,1.0,0.3,0.018555679790818,0.024213493103983977,0.004793064787441417,0.005430120210685274,0.017952090796683088,0.023523222384507013,0.004776280177728853,0.0053768861306437415,0.05746369795581395,0.06857744367424648,0.032729424055427336,0.10596708111121858
5000,base4,2,125,1,,31649.360306838993,exchangeable_varying_sigma,0.2,fixed,0.2,0.2,fixed,0.2,1.0,0.6,0.018551651551255363,0.024161936173360692,0.0051211083818435005,0.0059814454104048665,0.015788075809063926,0.020710071051150396,0.0053376485865340995,0.006223097409670107,0.059362765185556325,0.07085503691910335,0.055657414117927684,0.150085652115123
5000,base4,2,125,1,,25991.13460704498,exchangeable_varying_sigma,0.2,fixed,0.2,0.2,fixed,0.2,1.0,0.9,0.018523694015128534,0.024147297570784654,0.005406254432886337,0.006529911026574511,0.010666236841370188,0.01397484975355234,0.005889817423578234,0.007174129091002574,0.061095479462951484,0.07276908101433228,0.07718439073770922,0.19988676499822464
2000,base1,0,126,1,,8839.917493568995,exchangeable_varying_sigma,0.2,fixed,0.2,0.2,fixed,0.2,1.0,0.0,0.03580435694804146,0.04584647670903705,0.016064994480493394,0.022627248237216648,0.0358832210425412,0.045935259684471486,0.015893335046470863,0.02404356614778124,0.18414221213685572,0.20496538729176725,0.027645927632430338,0.26236268360015896
2000,base1,0,126,1,,8854.655177701992,exchangeable_varying_sigma,0.2,fixed,0.2,0.2,fixed,0.2,1.0,0.3,0.036850841552266735,0.0473653063171056,0.01975921689644347,0.02233718162367127,0.036186101984169015,0.04653754153392974,0.02261213345412849,0.024230525254295834,0.18426168187140182,0.20299499691500414,0.08822167225314823,0.31668116483125713
2000,base1,0,126,1,,9696.058067806967,exchangeable_varying_sigma,0.2,fixed,0.2,0.2,fixed,0.2,1.0,0.6,0.036886985174124795,0.0474097909075658,0.02058561407025518,0.023723754870315902,0.03334677170911803,0.042841380055191204,0.023381073334451788,0.025213298361737146,0.1899142033745671,0.2096040731899763,0.1526879908796161,0.4302084353941799
2000,base1,0,126,1,,5174.993672129,exchangeable_varying_sigma,0.2,fixed,0.2,0.2,fixed,0.2,1.0,0.9,0.0368328394992026,0.04735278624449127,0.020646508800477414,0.024562717331454,0.026973658872732946,0.03423166364597088,0.02178630884588101,0.024271275708310815,0.1951179149276242,0.21606696555706023,0.21526886449131588,0.565301328265334
2000,base2,0,126,1,,7329.9171833439905,exchangeable_varying_sigma,0.2,fixed,0.2,0.2,fixed,0.2,1.0,0.0,0.03495611913284373,0.04517055039069567,0.016538999264270465,0.023515007087503002,0.035068436060604495,0.045336835302849265,0.016372404130976098,0.025041670694918732,0.18650120264062992,0.20804615908979537,0.021993107671270228,0.26496339213814357
2000,base2,0,126,1,,6669.096306398977,exchangeable_varying_sigma,0.2,fixed,0.2,0.2,fixed,0.2,1.0,0.3,0.03549077801049912,0.046135876793384226,0.021613813940475388,0.023178423857233465,0.03486205301309077,0.04546475838311438,0.024932945421287794,0.026018566250617853,0.18323837171349816,0.2057227443971541,0.0833144498030052,0.3121221309700891
2000,base2,0,126,1,,7442.402240725991,exchangeable_varying_sigma,0.2,fixed,0.2,0.2,fixed,0.2,1.0,0.6,0.035631546281800534,0.04624865845313883,0.022440211114286263,0.024419231961436774,0.03204323368901614,0.04186375491421492,0.026151053514712058,0.027566778177914024,0.1899067300067321,0.21333907441124836,0.14557875611288273,0.42386609904582684
2000,base2,0,126,1,,7894.182277193002,exchangeable_varying_sigma,0.2,fixed,0.2,0.2,fixed,0.2,1.0,0.9,0.03572676854271297,0.04632294388982421,0.022501105844505723,0.025063908826224866,0.025429330377994525,0.03330876123474905,0.025056272084954603,0.02725986943412475,0.19663610172494492,0.22129874019978238,0.2043725395909568,0.5568743941329002
2000,base3,0,126,1,,7908.79204494704,exchangeable_varying_sigma,0.2,fixed,0.2,0.2,fixed,0.2,1.0,0.0,0.057606484611173805,0.07138131980882653,0.015464947802175777,0.016688358032155536,0.05935952384134678,0.0736826011081405,0.015782028835044648,0.017582349237392967,0.21531776680948736,0.2513776483164244,0.00047336648038334077,0.23330045684910275
2000,base3,0,126,1,,7527.180329293013,exchangeable_varying_sigma,0.2,fixed,0.2,0.2,fixed,0.2,1.0,0.3,0.05702449510800614,0.07101693099604725,0.02537201531890257,0.027649696954171753,0.05833297487985336,0.07274639846458031,0.029629329961272363,0.030458570029815037,0.21170596169082984,0.24105131873527041,0.1472631814887673,0.28802117649796033
2000,base3,0,126,1,,6762.683414984029,exchangeable_varying_sigma,0.2,fixed,0.2,0.2,fixed,0.2,1.0,0.6,0.05705181300472284,0.07105590284674666,0.02619841249271382,0.02887138876954267,0.05689852839196315,0.07105391006733885,0.030363736849946046,0.031113824456035902,0.20822937185588766,0.2360988597875344,0.27785918690430794,0.3905505867188442
2000,base3,0,126,1,,5477.855766781955,exchangeable_varying_sigma,0.2,fixed,0.2,0.2,fixed,0.2,1.0,0.9,0.057061954192553534,0.07108420148935272,0.026259307222932196,0.029554263678281477,0.05416256787542185,0.06791837123288876,0.02917617941756241,0.029952018480849135,0.20520862358744735,0.23192702236403775,0.4059269424226386,0.5149305483478922
2000,base4,0,126,1,,6555.180921906023,exchangeable_varying_sigma,0.2,fixed,0.2,0.2,fixed,0.2,1.0,0.0,0.031919881736763085,0.04206054461892563,0.016110886819151293,0.021197539183772898,0.031892346912164374,0.0420566724150248,0.015908175630374277,0.022260025014600896,0.22074299508819722,0.2323311456327995,0.01965999406333146,0.3129286757190281
2000,base4,0,126,1,,8324.755107681965,exchangeable_varying_sigma,0.2,fixed,0.2,0.2,fixed,0.2,1.0,0.3,0.03242965772830864,0.04304960733375075,0.021530885546345496,0.023133669661888567,0.03153845924704407,0.04202306311893966,0.02413569742271117,0.025096930182001258,0.2200930508735015,0.23118990335749187,0.0768950990716063,0.35865494075542886
2000,base4,0,126,1,,9589.654264212004,exchangeable_varying_sigma,0.2,fixed,0.2,0.2,fixed,0.2,1.0,0.6,0.03250649828424104,0.04312679007757041,0.022357282720159438,0.02446196792134359,0.02810583643832026,0.03779481055690927,0.024986999212932723,0.026069575388984117,0.2261756830017739,0.23809519669554582,0.1280179662381951,0.46102459980984123
2000,base4,0,126,1,,9601.19525196898,exchangeable_varying_sigma,0.2,fixed,0.2,0.2,fixed,0.2,1.0,0.9,0.0325986428611096,0.04313583765863147,0.022418177450376664,0.025214327703202095,0.019739978524503782,0.027179338457882694,0.02337480504004097,0.024922719028528818,0.23203474410460284,0.2449451935442654,0.17583961420675387,0.5866629157841006
5000,base1,0,126,1,,46117.57222011499,exchangeable_varying_sigma,0.2,fixed,0.2,0.2,fixed,0.2,1.0,0.0,0.024513559506976583,0.03000414310337986,0.0029813234817830103,0.00321294629148493,0.024568236319757505,0.030071699967453635,0.0030865164321313976,0.003283535223966453,0.059184327341276745,0.07039407318706631,0.0037313731196232072,0.08307204480939144
5000,base1,0,126,1,,30847.938889643003,exchangeable_varying_sigma,0.2,fixed,0.2,0.2,fixed,0.2,1.0,0.3,0.023868380753053052,0.029722344195251212,0.005714676622709219,0.008719813795792947,0.023276729614760332,0.028911097880923557,0.005244322000978935,0.008356537441391289,0.0628724031506556,0.07091748169872097,0.06079117777605478,0.1393072217650269
5000,base1,0,126,1,,43215.080925424,exchangeable_varying_sigma,0.2,fixed,0.2,0.2,fixed,0.2,1.0,0.6,0.02408111211161875,0.03000956046887854,0.006322253892459384,0.009548456047946149,0.021780200321262475,0.026792714039249262,0.005465142584905852,0.008782848084168004,0.0684457518033092,0.07554962031548704,0.09487397818706378,0.20708225504487845
5000,base1,0,126,1,,43197.90519485698,exchangeable_varying_sigma,0.2,fixed,0.2,0.2,fixed,0.2,1.0,0.9,0.024309555646512042,0.03037916405269903,0.0071297707279184275,0.01030763102880019,0.018663796165310137,0.022398291034566066,0.005709286993204471,0.00895855403501823,0.07432642986323484,0.0813915667404536,0.1253320812780757,0.27921542228856167
5000,base2,0,126,1,,44547.43410284503,exchangeable_varying_sigma,0.2,fixed,0.2,0.2,fixed,0.2,1.0,0.0,0.023933507166833685,0.03009428904796591,0.00331885398497872,0.0033578921792168045,0.024132005660240742,0.030371488958665028,0.0035707871463843133,0.0037593814635449186,0.08523154540879102,0.09447033322370184,0.0075305704725802,0.08859866684687245
5000,base2,0,126,1,,46493.34264239203,exchangeable_varying_sigma,0.2,fixed,0.2,0.2,fixed,0.2,1.0,0.3,0.0229046968143704,0.029177518321859847,0.006549526343835099,0.008963732686260445,0.02242492117425748,0.02860456127528648,0.006091364987958425,0.008601948707739624,0.08238946478007442,0.09217843349965524,0.05879959784513683,0.13841976499776493
5000,base2,0,126,1,,40214.728055606014,exchangeable_varying_sigma,0.2,fixed,0.2,0.2,fixed,0.2,1.0,0.6,0.02309521488896127,0.029435035165078394,0.007342578874304256,0.009775725979633778,0.02077681762678968,0.026529634583680677,0.0063691886853370905,0.008916572187994668,0.08517540261112098,0.0957359480719779,0.09210495866394164,0.20495500898133984
5000,base2,0,126,1,,44340.85674890492,exchangeable_varying_sigma,0.2,fixed,0.2,0.2,fixed,0.2,1.0,0.9,0.0233825980162812,0.02977784485211772,0.008150095709766686,0.010507030495733812,0.017078807132876492,0.022183207069500357,0.006429971477813712,0.008913394731146678,0.08851514077618554,0.10032786964733065,0.12170630857851694,0.27588157278069353
5000,base3,0,126,1,,42870.523460331024,exchangeable_varying_sigma,0.2,fixed,0.2,0.2,fixed,0.2,1.0,0.0,0.048842393417694266,0.060307716550076225,0.006356992840715114,0.00794464662117019,0.050944682584997465,0.06321966035001245,0.00667931626384996,0.008078929248794154,0.34553764320808134,0.39363093655602405,0.007502349681622705,0.4886390184432653
5000,base3,0,126,1,,44618.70970742707,exchangeable_varying_sigma,0.2,fixed,0.2,0.2,fixed,0.2,1.0,0.3,0.04888664318063611,0.06071959367691273,0.006413294321619939,0.007060515689204853,0.050460191710505455,0.06313744352049878,0.004713916715291838,0.005243270358647131,0.33116447351978606,0.37722237527277813,0.1312449987488247,0.4802995395797983
5000,base3,0,126,1,,30480.40361954295,exchangeable_varying_sigma,0.2,fixed,0.2,0.2,fixed,0.2,1.0,0.6,0.0489811992819445,0.060762288740342764,0.006958251042495228,0.007591654540007167,0.049603519141213255,0.06230028206076484,0.004769892223073585,0.005369403786846852,0.3262689588444252,0.37198608973456027,0.24758417700974966,0.49795230369809346
5000,base3,0,126,1,,31309.46964786097,exchangeable_varying_sigma,0.2,fixed,0.2,0.2,fixed,0.2,1.0,0.9,0.04907376689008078,0.06078755250599226,0.007393563983655316,0.008043886280952983,0.047967822412538615,0.06071933712844105,0.004663922845853902,0.005314580749300894,0.32183373189369513,0.36715816582272215,0.3638616843080459,0.5292002638298241
5000,base4,0,126,1,,40487.28413755901,exchangeable_varying_sigma,0.2,fixed,0.2,0.2,fixed,0.2,1.0,0.0,0.019122181079658233,0.02462662968466732,0.0031546260166316342,0.0037958432068671537,0.019158091918678153,0.02467582596599906,0.0031719200811357318,0.0038976579696949052,0.10177605710774901,0.10853096323451628,0.0036863817473455187,0.14400923457650547
5000,base4,0,126,1,,33900.420007776935,exchangeable_varying_sigma,0.2,fixed,0.2,0.2,fixed,0.2,1.0,0.3,0.01870123715215733,0.024286789598885358,0.006122095228022623,0.008093278092982078,0.01798180180780149,0.023309679586323368,0.005956920923566783,0.007906677410137758,0.10708067034704975,0.11304029656260986,0.045111376881307785,0.18280457927332117
5000,base4,0,126,1,,35036.890574648045,exchangeable_varying_sigma,0.2,fixed,0.2,0.2,fixed,0.2,1.0,0.6,0.01882200249896232,0.02457414240722282,0.006667051948904379,0.008899177768032077,0.01583457558656723,0.020548492135842398,0.006054664296863521,0.008248757491105783,0.11249260581238238,0.11841201712742903,0.0665639441901007,0.23947837141077175
5000,base4,0,126,1,,26251.47331833397,exchangeable_varying_sigma,0.2,fixed,0.2,0.2,fixed,0.2,1.0,0.9,0.018944417398097494,0.024932933011327315,0.007102364890057805,0.009622081767807489,0.010664044551576999,0.013964053765560765,0.006177734073795821,0.008274441706427629,0.11807829348987088,0.12439983947839284,0.08459725430719267,0.3054817775713365
2000,base1,1,127,1,,6389.948598999996,exchangeable_varying_sigma,0.2,fixed,0.2,0.2,fixed,0.2,1.0,0.0,0.03587514939005713,0.046909882604629756,0.01549876004940895,0.019797983981789065,0.03605806509105715,0.047218956876927426,0.013533246247635411,0.018094273731902737,0.16817210281487752,0.1871904146887395,0.0036737463115546205,0.23787053134325462
2000,base1,1,127,1,,8862.99440148304,exchangeable_varying_sigma,0.2,fixed,0.2,0.2,fixed,0.2,1.0,0.3,0.035847110096851396,0.04707286828378349,0.011297687110381094,0.013008120533484683,0.03570428248058262,0.04698644059920525,0.010320010673133206,0.01224476419310389,0.20020917630755514,0.21813730395657263,0.06788133006782612,0.32606890123791404
2000,base1,1,127,1,,8585.666136512998,exchangeable_varying_sigma,0.2,fixed,0.2,0.2,fixed,0.2,1.0,0.6,0.03542251984143563,0.046467690241145346,0.013732656666188947,0.015356800923563403,0.032934614604679634,0.043143623459651344,0.012671853829943708,0.01438405194175064,0.2051731347047153,0.22751374947082897,0.13068045454603555,0.4326948172400031
2000,base1,1,127,1,,6450.529927391006,exchangeable_varying_sigma,0.2,fixed,0.2,0.2,fixed,0.2,1.0,0.9,0.03485829689736638,0.04563017970203354,0.016289625536675345,0.01779581615423279,0.026235027878062804,0.03366176751232319,0.01614117079616928,0.017546153423048324,0.20743579972198184,0.23529965903963393,0.1946374396043692,0.5644109240187847
2000,base2,1,127,1,,6741.180600690015,exchangeable_varying_sigma,0.2,fixed,0.2,0.2,fixed,0.2,1.0,0.0,0.034369275168690094,0.045673550385754734,0.010702261820792064,0.01288080135445213,0.03469387258186525,0.04614117854068722,0.009670952383951659,0.012278673781932849,0.1666945037143248,0.19784825614598403,0.008950299857917477,0.23592323946859117
2000,base2,1,127,1,,7513.900641332002,exchangeable_varying_sigma,0.2,fixed,0.2,0.2,fixed,0.2,1.0,0.3,0.03574656108435639,0.046796888049279575,0.017461241022838414,0.021554814579316954,0.03548808658982881,0.04663360052377361,0.016219347109688226,0.020063974837723843,0.2027805669313506,0.22773589281362844,0.08114860363790377,0.33727463574027555
2000,base2,1,127,1,,6665.98271791602,exchangeable_varying_sigma,0.2,fixed,0.2,0.2,fixed,0.2,1.0,0.6,0.03540162196302648,0.046317479269191414,0.019896210578646017,0.02386923342938168,0.03256057529149614,0.04274608692157057,0.01803357762464626,0.022210534108370435,0.20832679170044496,0.23785794353200132,0.14037003812353466,0.4453184308003748
2000,base2,1,127,1,,9076.386218631,exchangeable_varying_sigma,0.2,fixed,0.2,0.2,fixed,0.2,1.0,0.9,0.034748885846028386,0.04565176175958338,0.022453179449135857,0.026225780735930678,0.02548791134041554,0.03334548350360845,0.020740216184921667,0.02487295251298559,0.21130014199400574,0.24646618863565248,0.1986537129592374,0.5743717984464274
2000,base3,1,127,1,,6878.078393884003,exchangeable_varying_sigma,0.2,fixed,0.2,0.2,fixed,0.2,1.0,0.0,0.05736121223415399,0.07123212939923294,0.016432761883855534,0.017722370224772643,0.059438422939817,0.07392279507407001,0.014741142418957465,0.016718207783017632,0.20921885990644623,0.2520162393417966,0.0004561163411612366,0.24692404226637335
2000,base3,1,127,1,,6716.3907614150085,exchangeable_varying_sigma,0.2,fixed,0.2,0.2,fixed,0.2,1.0,0.3,0.05952137981621924,0.073277977897154,0.01542723372367047,0.017791729973941586,0.06126637298175337,0.07554732868872259,0.01637364153785445,0.019445002295703465,0.19098314807660124,0.22907613599999763,0.1564657959828697,0.2790156566494419
2000,base3,1,127,1,,5799.494035565993,exchangeable_varying_sigma,0.2,fixed,0.2,0.2,fixed,0.2,1.0,0.6,0.0593756008488296,0.07309608862026079,0.017862203279478822,0.01991375192866066,0.059659018122106354,0.07356024438385136,0.019429657957685503,0.022419886124916792,0.19232459836078747,0.22950642974480934,0.2899223828218619,0.3998545903692134
2000,base3,1,127,1,,7043.382515040983,exchangeable_varying_sigma,0.2,fixed,0.2,0.2,fixed,0.2,1.0,0.9,0.05906543443562841,0.07279881906526123,0.020419172149966608,0.022207532665995965,0.056356163651300244,0.06974823326858981,0.02316619044425594,0.02589896019133645,0.19578090202006326,0.2324250785172384,0.42247033411959206,0.5414816418167244
2000,base4,1,127,1,,9335.752298209001,exchangeable_varying_sigma,0.2,fixed,0.2,0.2,fixed,0.2,1.0,0.0,0.03133217573735936,0.042639551162386755,0.010903347844212041,0.01562951170107668,0.03144353905353867,0.0428895029817957,0.01014718428737224,0.014465606441424483,0.20404348334045216,0.21828386464663202,0.0012161691254045993,0.28856430878420064
2000,base4,1,127,1,,7094.92051023501,exchangeable_varying_sigma,0.2,fixed,0.2,0.2,fixed,0.2,1.0,0.3,0.032878928217881805,0.043823623125273714,0.014280840302399317,0.015782284218951878,0.03241070488884435,0.04346526905749561,0.013603027509712123,0.015476355589370463,0.2374270774010041,0.2505344856355869,0.06685214103005815,0.3776409740952969
2000,base4,1,127,1,,9769.656357884,exchangeable_varying_sigma,0.2,fixed,0.2,0.2,fixed,0.2,1.0,0.6,0.032590828949918535,0.04329073009219701,0.016715809858207087,0.01821695703023944,0.0290332900411836,0.03908849835387015,0.016101227564636944,0.017997309635052732,0.24288977525458993,0.2595289724546039,0.11648081359507967,0.4768967670138364
2000,base4,1,127,1,,10637.269769897044,exchangeable_varying_sigma,0.2,fixed,0.2,0.2,fixed,0.2,1.0,0.9,0.032066000040541144,0.04253556782982894,0.019272778728694345,0.02070955693706896,0.020296736693931613,0.027643672769653897,0.019842533547858754,0.021434313369609305,0.24581380219606505,0.2669142314707572,0.1658555654959576,0.6006011317640891
5000,base1,1,127,1,,31076.04626935604,exchangeable_varying_sigma,0.2,fixed,0.2,0.2,fixed,0.2,1.0,0.0,0.02469830388290898,0.030325431827800165,0.018296540679266837,0.019429924846354307,0.024793679120414608,0.030430298816494238,0.01804983782983835,0.019385450361136602,0.04790127912491692,0.06337518355381787,0.005047195387955106,0.04256264143579143
5000,base1,1,127,1,,29317.54304321902,exchangeable_varying_sigma,0.2,fixed,0.2,0.2,fixed,0.2,1.0,0.3,0.023619794826413437,0.0295707657313625,0.01323015492181305,0.015674067453910662,0.023325050649015015,0.029052639159829214,0.013303386102693368,0.01577659914631491,0.04260040796506919,0.0593035331234744,0.020309434044245123,0.06178908178786946
5000,base1,1,127,1,,45998.68884568295,exchangeable_varying_sigma,0.2,fixed,0.2,0.2,fixed,0.2,1.0,0.6,0.023576800287986564,0.02947217947882344,0.014703933682508996,0.017471729480105707,0.021819757374338496,0.026854464438223865,0.014707899887923745,0.01743263049402627,0.03997029009738107,0.05632160659540435,0.05952140776496939,0.11279979458493349
5000,base1,1,127,1,,44999.21321273997,exchangeable_varying_sigma,0.2,fixed,0.2,0.2,fixed,0.2,1.0,0.9,0.023496865316579914,0.02930294260760511,0.016167478987897207,0.019162869824560693,0.018831697277108463,0.022462582320097742,0.015902705667661193,0.018860155717863664,0.03749716125163048,0.053330927507253476,0.10197252699678827,0.17273479133132433
5000,base2,1,127,1,,50177.83059638203,exchangeable_varying_sigma,0.2,fixed,0.2,0.2,fixed,0.2,1.0,0.0,0.022748029331640076,0.028904827279226705,0.016584258386245748,0.01852895640913215,0.022962140797547513,0.029193628180609124,0.01622731433502511,0.018569969130333517,0.07507184268324871,0.08477513533394497,0.011472434622665055,0.04446070472826842
5000,base2,1,127,1,,44447.39276792505,exchangeable_varying_sigma,0.2,fixed,0.2,0.2,fixed,0.2,1.0,0.3,0.023804546455270907,0.030618387306361634,0.014120930950713761,0.016702177780385692,0.023517794925650044,0.030117734362407333,0.013438516699453132,0.01656625149567865,0.07085029024872792,0.08050989646579496,0.024978770703576958,0.07140383227288438
5000,base2,1,127,1,,41537.64387944603,exchangeable_varying_sigma,0.2,fixed,0.2,0.2,fixed,0.2,1.0,0.6,0.023660288582692056,0.030462465073100173,0.01602366859008958,0.01847241975114396,0.021674365450810536,0.02766709438073679,0.0150551568095358,0.0181449485222484,0.06808792777336538,0.07772449064580288,0.06434964529973519,0.12405564688048128
5000,base2,1,127,1,,36124.71131920302,exchangeable_varying_sigma,0.2,fixed,0.2,0.2,fixed,0.2,1.0,0.9,0.02341241297282138,0.030158302964704897,0.017879761280913106,0.020109665911378943,0.017686205923329656,0.022829327886282644,0.01668152237194853,0.019387142161952257,0.06499451091225687,0.07490132660830003,0.1071703410931244,0.18558949840584707
5000,base3,1,127,1,,43512.67815549695,exchangeable_varying_sigma,0.2,fixed,0.2,0.2,fixed,0.2,1.0,0.0,0.048898899436271494,0.06062147971616541,0.010528566346271556,0.013467748384197623,0.05096873114593911,0.0634207713223143,0.010984672776814891,0.013710045405857789,0.3839475607292541,0.4240573610329321,0.007648606708634263,0.5417315356144948
5000,base3,1,127,1,,45452.097499329015,exchangeable_varying_sigma,0.2,fixed,0.2,0.2,fixed,0.2,1.0,0.3,0.049000216951312195,0.0606000298696121,0.021364450643684668,0.022256310420464956,0.05073512526205805,0.06296224755254666,0.019534005231677018,0.020748080349905697,0.3900667477757129,0.4300502222393935,0.12809274116349106,0.5578206868284422
5000,base3,1,127,1,,42240.19953503704,exchangeable_varying_sigma,0.2,fixed,0.2,0.2,fixed,0.2,1.0,0.6,0.04909385605374142,0.06076026176150188,0.02326718828306268,0.024227823463608647,0.049932027211042083,0.0621031851302942,0.021158631011776285,0.02246524860077986,0.39381316421979645,0.43348490470095624,0.2447017999150054,0.5759549116044994
5000,base3,1,127,1,,43841.32734633202,exchangeable_varying_sigma,0.2,fixed,0.2,0.2,fixed,0.2,1.0,0.9,0.04920826783995846,0.06096994690260861,0.025123280973889855,0.026113458412020313,0.048464836615703256,0.060788094424375765,0.022788060143803177,0.02405899592860263,0.3981736278702493,0.43742622683769494,0.36148640353904626,0.6000282817572943
5000,base4,1,127,1,,39457.16688280797,exchangeable_varying_sigma,0.2,fixed,0.2,0.2,fixed,0.2,1.0,0.0,0.018276667162084172,0.023877682668848692,0.015906081479510198,0.01752494244574199,0.018299925895913387,0.023915781282494792,0.015720740075818807,0.017580254270201746,0.0740483344219311,0.08509667101974473,0.006958929317205727,0.10511590009591076
5000,base4,1,127,1,,39858.24587938795,exchangeable_varying_sigma,0.2,fixed,0.2,0.2,fixed,0.2,1.0,0.3,0.01849001027541329,0.02418639638674871,0.014799107857447674,0.01697232733098706,0.01777343976979148,0.0232333944465593,0.01432518614949678,0.01686687013813023,0.07634384885961232,0.08415493785755356,0.01333591260538719,0.11890247049016424
5000,base4,1,127,1,,39049.743327578064,exchangeable_varying_sigma,0.2,fixed,0.2,0.2,fixed,0.2,1.0,0.6,0.018476108186181995,0.024143699090342512,0.016701845496828224,0.018841326269511367,0.01545842946699225,0.020180586194277064,0.015956799497662766,0.018519628237975275,0.0721583858922536,0.07979420456032911,0.040292865368730224,0.15307621789207407
5000,base4,1,127,1,,15270.938875350985,exchangeable_varying_sigma,0.2,fixed,0.2,0.2,fixed,0.2,1.0,0.9,0.018427391053616935,0.02402277266988969,0.018557938187652542,0.020590506884133022,0.010272801982288778,0.013398227267015245,0.017597687312645965,0.01990797649948662,0.0669699270748008,0.07473480567115569,0.0703943788071355,0.20173810271787507
2000,base1,2,128,1,,10091.677860778,exchangeable_varying_sigma,0.2,fixed,0.2,0.2,fixed,0.2,1.0,0.0,0.03360269365342564,0.04438481441758906,0.016126712676953883,0.018671119270708914,0.03376953956937737,0.04455231713226062,0.015539792162446206,0.018368189802232343,0.20286992163612017,0.21746435088411756,0.07069347211430455,0.2977641380204466
2000,base1,2,128,1,,11259.17879827402,exchangeable_varying_sigma,0.2,fixed,0.2,0.2,fixed,0.2,1.0,0.3,0.035501898579191234,0.04672794087796038,0.020134129935348397,0.024587537828359825,0.034636062757504665,0.045696290086642714,0.01862704148016614,0.02338642246700372,0.2040119688582468,0.21478079083277743,0.06353785268228254,0.32898455751328726
2000,base1,2,128,1,,6866.041983941017,exchangeable_varying_sigma,0.2,fixed,0.2,0.2,fixed,0.2,1.0,0.6,0.03548731249019405,0.046797467210307885,0.021071371970030783,0.026148674848492644,0.03192198586903334,0.04202335614643048,0.02014032258060762,0.025214964606845473,0.20219650609364037,0.21308639573276297,0.12977614623411315,0.42765089362014974
2000,base1,2,128,1,,11515.599803999008,exchangeable_varying_sigma,0.2,fixed,0.2,0.2,fixed,0.2,1.0,0.9,0.035376414399715256,0.046676120464489684,0.021540559331308523,0.027243803876644383,0.026051624630641045,0.03366864498955956,0.0211234433158186,0.026763281022825457,0.2001411715142229,0.21139574069739442,0.1965170157975501,0.554682787726045
2000,base2,2,128,1,,6498.212514245999,exchangeable_varying_sigma,0.2,fixed,0.2,0.2,fixed,0.2,1.0,0.0,0.03351543313065135,0.04436364009744405,0.014893132317756658,0.02035783491494329,0.03368323057742432,0.04458384433625374,0.014421050851980616,0.019386722561305532,0.20391051636511298,0.22544308142089817,0.0652697408472438,0.29758829911879936
2000,base2,2,128,1,,9184.292820982053,exchangeable_varying_sigma,0.2,fixed,0.2,0.2,fixed,0.2,1.0,0.3,0.03449630213780112,0.045756270094989455,0.015489718955409848,0.02010588845394721,0.03378021229805697,0.04488712609373866,0.01592720294889094,0.01966751561860542,0.2114179749141179,0.22522911798503903,0.06060982103164678,0.33783936182701785
2000,base2,2,128,1,,8801.040135474992,exchangeable_varying_sigma,0.2,fixed,0.2,0.2,fixed,0.2,1.0,0.6,0.03457623216197372,0.045832454941621525,0.016599898790708112,0.02158465251814567,0.031120608792858263,0.041321521439994416,0.01759862015557352,0.021793840651678543,0.20988171333622704,0.22377436525293834,0.12404681596447398,0.43405014526825925
2000,base2,2,128,1,,9069.576737744967,exchangeable_varying_sigma,0.2,fixed,0.2,0.2,fixed,0.2,1.0,0.9,0.03459375183091589,0.045752228658360726,0.01730528526244343,0.022590847874763908,0.02501640558852136,0.032987221999787715,0.018838338112914965,0.023724014461425705,0.2078817975420371,0.22223198893804072,0.1879414398303344,0.5587264581933515
2000,base3,2,128,1,,7755.45646235405,exchangeable_varying_sigma,0.2,fixed,0.2,0.2,fixed,0.2,1.0,0.0,0.056715691482976054,0.07109825785708813,0.011018989434991383,0.011836493778472712,0.05878951621844229,0.07385322084761718,0.011249843965900383,0.012530302953871131,0.18615959864104503,0.22491597056762117,0.03623897142052964,0.18487561528179583
2000,base3,2,128,1,,7751.117540313979,exchangeable_varying_sigma,0.2,fixed,0.2,0.2,fixed,0.2,1.0,0.3,0.05690815879721188,0.07131081909008424,0.023529922863969918,0.0315988704308295,0.058818548953591294,0.07391408129477618,0.01899326199203237,0.026958322342191754,0.20011650721664279,0.23995590384987303,0.11702440868840505,0.23899122415104973
2000,base3,2,128,1,,7807.007524168002,exchangeable_varying_sigma,0.2,fixed,0.2,0.2,fixed,0.2,1.0,0.6,0.056906984869693915,0.07129583461111605,0.024467164898652277,0.03327067092725478,0.05746010411931323,0.07217186927490246,0.019375241802055146,0.028327241845522905,0.20183341390749746,0.24206727204303394,0.2542239049845765,0.35476174392569193
2000,base3,2,128,1,,8109.282153841981,exchangeable_varying_sigma,0.2,fixed,0.2,0.2,fixed,0.2,1.0,0.9,0.05681217273180115,0.07116954792768145,0.024936352259929573,0.03448503287020542,0.05491512218474394,0.06899966560064316,0.019644305286666205,0.029477645997380147,0.20368442968779288,0.24438167077692574,0.39325053380087294,0.49619702426422724
2000,base4,2,128,1,,7536.494088573032,exchangeable_varying_sigma,0.2,fixed,0.2,0.2,fixed,0.2,1.0,0.0,0.030148704159805865,0.04071592381152487,0.013853549637253187,0.017340050292597078,0.030210476629367815,0.040780746559596084,0.013539944364835008,0.01707864591814147,0.24263631928117446,0.2537750264499237,0.06926018041378337,0.3510667335098633
2000,base4,2,128,1,,7312.934124988969,exchangeable_varying_sigma,0.2,fixed,0.2,0.2,fixed,0.2,1.0,0.3,0.031154492787063465,0.04247159982560375,0.018378395109092824,0.02416521781878876,0.030056776241567145,0.04126500745426523,0.017784910464030093,0.02284963163473884,0.24213688308414077,0.24982003568951797,0.04488586282617313,0.37418253692827597
2000,base4,2,128,1,,4390.0738546270295,exchangeable_varying_sigma,0.2,fixed,0.2,0.2,fixed,0.2,1.0,0.6,0.03118621530714288,0.04252972743126513,0.019315637143775308,0.025746222738351834,0.026772818923751066,0.037070745125911415,0.019206885683095823,0.0246590418377159,0.2399325116028153,0.2477011818697885,0.09939013952762488,0.4598892356028089
2000,base4,2,128,1,,7888.035357218992,exchangeable_varying_sigma,0.2,fixed,0.2,0.2,fixed,0.2,1.0,0.9,0.031089978277420875,0.0423969759843514,0.019784824505053686,0.026855044835122546,0.018817002700166334,0.026757791856102477,0.02011699291848973,0.026275479132635247,0.23728616028008276,0.24532728918057933,0.15513835380002183,0.576977506189024
5000,base1,2,128,1,,43849.491647560964,exchangeable_varying_sigma,0.2,fixed,0.2,0.2,fixed,0.2,1.0,0.0,0.023956555832299806,0.030203810130190283,0.0052744624709150645,0.0059736502545317685,0.0240558308022616,0.030314372084179465,0.005134792078082789,0.006032291200220314,0.04696497251885212,0.06372382436051834,0.008440183034543289,0.04873204705700051
5000,base1,2,128,1,,32880.416261392005,exchangeable_varying_sigma,0.2,fixed,0.2,0.2,fixed,0.2,1.0,0.3,0.023681505778027905,0.0295941882576275,0.008674767912428188,0.009996566065111932,0.023242585901315074,0.02888422574180669,0.008481272916832983,0.009788941782158748,0.05064248332419622,0.06863798492221787,0.06667949848528551,0.12238864019980684
5000,base1,2,128,1,,46716.67022241501,exchangeable_varying_sigma,0.2,fixed,0.2,0.2,fixed,0.2,1.0,0.6,0.023702284690455412,0.02966748354156537,0.009204737717964678,0.01061567289314081,0.021610355900520118,0.02663686434779368,0.009168911946276392,0.010512422880578551,0.05411148364052715,0.06991304284727376,0.0996434749864138,0.18872114650907573
5000,base1,2,128,1,,36150.180834231025,exchangeable_varying_sigma,0.2,fixed,0.2,0.2,fixed,0.2,1.0,0.9,0.02377239550072879,0.029811868017665603,0.009599680063069882,0.011092424852534482,0.018484386313786915,0.022252694173436127,0.009625346239263338,0.010810619580182864,0.05903009647442334,0.07272040129403289,0.1268702074402539,0.25551192041055115
5000,base2,2,128,1,,42958.61224587605,exchangeable_varying_sigma,0.2,fixed,0.2,0.2,fixed,0.2,1.0,0.0,0.023114493378421797,0.029465708733283677,0.007522832267974747,0.008484114421721608,0.0233199121541455,0.029734787581797706,0.007353515578398959,0.00843632113679943,0.07102631520297088,0.08298007350175832,0.005171231118533177,0.05163558404935103
5000,base2,2,128,1,,40731.243489760964,exchangeable_varying_sigma,0.2,fixed,0.2,0.2,fixed,0.2,1.0,0.3,0.0227972007361312,0.029484151331923645,0.006426398115369769,0.008334667999898808,0.022549094744186683,0.028998581672738537,0.0067918145975870425,0.00852403618918599,0.06849775547644327,0.08136816078022158,0.06493722317231501,0.12190373536917222
5000,base2,2,128,1,,26869.435115721077,exchangeable_varying_sigma,0.2,fixed,0.2,0.2,fixed,0.2,1.0,0.6,0.022753569505141485,0.029502798148108095,0.006956367920908257,0.009059018419357665,0.020866218912593687,0.026772943861148566,0.0075994389715671185,0.00930820865613602,0.07137418873918673,0.08296544077962112,0.09815613563330639,0.1885804697093001
5000,base2,2,128,1,,27767.56849552598,exchangeable_varying_sigma,0.2,fixed,0.2,0.2,fixed,0.2,1.0,0.9,0.022756310292487546,0.02955836680940425,0.007351310266008632,0.009673020210603539,0.01696886721424473,0.022180632844300205,0.00821883822179309,0.009820898766741559,0.07517052751577352,0.08590504638470475,0.1260946968985437,0.2563884872069208
5000,base3,2,128,1,,40389.86245934502,exchangeable_varying_sigma,0.2,fixed,0.2,0.2,fixed,0.2,1.0,0.0,0.050010732834788366,0.06161065333715307,0.00883420920204167,0.010139484332090103,0.052093135026582214,0.06444727098739783,0.008362491622835977,0.009522845880961483,0.37752829370086927,0.4170976557412459,0.0027902860644635073,0.5324304801034193
5000,base3,2,128,1,,40968.221402000985,exchangeable_varying_sigma,0.2,fixed,0.2,0.2,fixed,0.2,1.0,0.3,0.050473712364762016,0.06170259004838033,0.006222715177765986,0.007953602969908824,0.05222657369286912,0.06421516945225264,0.006724462512891133,0.008030088770060331,0.3653035235668041,0.40361413725199063,0.1369275170322098,0.5263496610690129
5000,base3,2,128,1,,34498.80661036004,exchangeable_varying_sigma,0.2,fixed,0.2,0.2,fixed,0.2,1.0,0.6,0.050411930039428426,0.061608381418873065,0.00618311816284417,0.008262743981488472,0.05131441352145363,0.06330615947981716,0.007136581129140868,0.008522916774733836,0.3572012973264993,0.3944189175582235,0.25423712749748967,0.5366968589525442
5000,base3,2,128,1,,44136.59585706808,exchangeable_varying_sigma,0.2,fixed,0.2,0.2,fixed,0.2,1.0,0.9,0.050266353832342986,0.0614448463847091,0.0060399333319467174,0.008407688658357107,0.04947927735936155,0.06163187728888518,0.007080295187463559,0.008524273576712078,0.34888816919406246,0.3852181849346807,0.37044380598115445,0.5582194314364667
5000,base4,2,128,1,,38220.950614979956,exchangeable_varying_sigma,0.2,fixed,0.2,0.2,fixed,0.2,1.0,0.0,0.01907671163566052,0.02492510990204412,0.006773341246110565,0.007425521462009438,0.01910165683836466,0.024973583072353304,0.006702861811417063,0.007445543506713118,0.07867935074399934,0.08735692767297966,0.0017853664163235239,0.1112937187165578
5000,base4,2,128,1,,40376.07449199306,exchangeable_varying_sigma,0.2,fixed,0.2,0.2,fixed,0.2,1.0,0.3,0.01892926107791902,0.024647609355938904,0.0071758891372340206,0.008675243466307811,0.01832671009061113,0.02377820952001438,0.0072549505293384164,0.008778558375864432,0.08677972111661722,0.0936070788335273,0.05170033179005071,0.16059854724002812
5000,base4,2,128,1,,28879.34069236298,exchangeable_varying_sigma,0.2,fixed,0.2,0.2,fixed,0.2,1.0,0.6,0.01886438239087656,0.024647937996857702,0.007705858942770205,0.009295950744528539,0.01609292487638426,0.02084280123525102,0.007971306290142782,0.009519580237417289,0.09469325821259002,0.09950627944693927,0.07254096669349264,0.21895236777573107
5000,base4,2,128,1,,13046.713323531905,exchangeable_varying_sigma,0.2,fixed,0.2,0.2,fixed,0.2,1.0,0.9,0.01874991280029039,0.02466798289170534,0.00810080128787663,0.009776538515510714,0.01073582645533497,0.014058273248281204,0.008429062843638507,0.009779432187057124,0.103032355573414,0.10638385595578838,0.08785837657282392,0.28298411698218945
2000,base1,0,129,1,,8066.210783677001,exchangeable_varying_sigma,0.2,fixed,0.2,0.2,fixed,0.2,1.0,0.0,0.034359299035381874,0.044818152426664114,0.012525331428506564,0.016121594214276627,0.03449783103384365,0.044994939943376076,0.011670238511885339,0.01554142871443103,0.20138016227582034,0.211485983337575,0.03553509451412544,0.28760855057614104
2000,base1,0,129,1,,8304.166521530948,exchangeable_varying_sigma,0.2,fixed,0.2,0.2,fixed,0.2,1.0,0.3,0.03493729047529558,0.04543052486432929,0.01183816415609662,0.014389373553968757,0.03350752314994367,0.0437572876654857,0.01068451402718601,0.012442066147654265,0.1767765998587565,0.1921948473731712,0.05127150299725822,0.2839746174167493
2000,base1,0,129,1,,7026.816036807955,exchangeable_varying_sigma,0.2,fixed,0.2,0.2,fixed,0.2,1.0,0.6,0.035201401585595406,0.045782424649961795,0.013335878939059659,0.01624334199545084,0.030718266192124123,0.04009488480625607,0.010762953536728015,0.012917903197958663,0.1671504824212167,0.18375905154975464,0.12954189911100233,0.37756552305792307
2000,base1,0,129,1,,5844.990068372979,exchangeable_varying_sigma,0.2,fixed,0.2,0.2,fixed,0.2,1.0,0.9,0.035467822642131865,0.04627464907290311,0.015457372594148783,0.018283960742282748,0.025345388693373865,0.03265234489842274,0.011792567651848745,0.01371310456910436,0.15977040808144977,0.17711927326792382,0.2102209226269075,0.5063599085229791
2000,base2,0,129,1,,3894.231732499029,exchangeable_varying_sigma,0.2,fixed,0.2,0.2,fixed,0.2,1.0,0.0,0.03480225843196241,0.0453496148865591,0.014852626658386658,0.019132333691063416,0.03499807161676166,0.04560510595905181,0.013643268130115585,0.018960505481346444,0.20788485321688066,0.22104960604554041,0.031712040191660934,0.2961320849442149
2000,base2,0,129,1,,7567.432599202963,exchangeable_varying_sigma,0.2,fixed,0.2,0.2,fixed,0.2,1.0,0.3,0.034358597187000496,0.044980532742843055,0.00807113493190359,0.008753975085811484,0.03322277749406478,0.04352426074373002,0.0059389010284881805,0.006409863893236769,0.18336118392060496,0.20233952814996434,0.04493548629581717,0.2899345579907691
2000,base2,0,129,1,,6813.231384521991,exchangeable_varying_sigma,0.2,fixed,0.2,0.2,fixed,0.2,1.0,0.6,0.034549652948959925,0.04530002328520703,0.009957045867657222,0.010735006692466095,0.030380668463195377,0.039900971464933564,0.006549990781277604,0.00705181915490749,0.1737413569424739,0.1938520788292794,0.12115575849922788,0.37932917458199317
2000,base2,0,129,1,,8011.4244271279895,exchangeable_varying_sigma,0.2,fixed,0.2,0.2,fixed,0.2,1.0,0.9,0.034843561750740625,0.04575992053620546,0.012078539522743265,0.012927577010210387,0.02440210253869745,0.03233829435981516,0.007620571730639847,0.008679993536939445,0.16616845947160502,0.18693082787936982,0.20004816466290343,0.5053600568003994
2000,base3,0,129,1,,5841.536278120999,exchangeable_varying_sigma,0.2,fixed,0.2,0.2,fixed,0.2,1.0,0.0,0.05768991651826933,0.07102071548214536,0.011319177832622276,0.013565142915795391,0.05972991748617017,0.0734848474580289,0.01081030787893332,0.012365703919909942,0.1869811791066715,0.22088688253546337,0.03701695048215863,0.2057078546326166
2000,base3,0,129,1,,4362.360771684034,exchangeable_varying_sigma,0.2,fixed,0.2,0.2,fixed,0.2,1.0,0.3,0.057280164465383095,0.07073321647313913,0.011572688182359514,0.014825975802028577,0.05836424610797885,0.07229723461258707,0.011385063293376435,0.013585918020844379,0.21294695728825797,0.24614636456620864,0.11672461827966671,0.2703292503270315
2000,base3,0,129,1,,6427.090187847032,exchangeable_varying_sigma,0.2,fixed,0.2,0.2,fixed,0.2,1.0,0.6,0.0574605524596743,0.07098684164662666,0.012087105231771617,0.0164035127149798,0.057203400308613685,0.07084539161763595,0.011677994551130305,0.015067783968979698,0.21999664950614195,0.2543638133682835,0.25724215859134497,0.3764744379429872
2000,base3,0,129,1,,7138.643123331014,exchangeable_varying_sigma,0.2,fixed,0.2,0.2,fixed,0.2,1.0,0.9,0.05760723450006016,0.07135131317507486,0.012490488044346354,0.01818583088135173,0.05499200480303967,0.06829293113710598,0.011729726456891382,0.01695343044929569,0.22462540688486876,0.2603258795844649,0.3984439886757788,0.5057188833658931
2000,base4,0,129,1,,7246.6752473649685,exchangeable_varying_sigma,0.2,fixed,0.2,0.2,fixed,0.2,1.0,0.0,0.03065251212693025,0.04149491028220043,0.01302434770170384,0.016205266508096578,0.03073994028168702,0.04161360009016156,0.012210225937181005,0.015864243367130607,0.23815452206510776,0.24381733885864004,0.037042934413158264,0.33915778267229424
2000,base4,0,129,1,,7654.448621236021,exchangeable_varying_sigma,0.2,fixed,0.2,0.2,fixed,0.2,1.0,0.3,0.030769682584514,0.04155571719847447,0.009463662843790577,0.012028787822023669,0.029116718048876555,0.039676201953818095,0.008100241109151668,0.010184692581176321,0.21213693563956793,0.22101138518363578,0.03378054493284405,0.3260311001611669
2000,base4,0,129,1,,7256.638718838105,exchangeable_varying_sigma,0.2,fixed,0.2,0.2,fixed,0.2,1.0,0.6,0.031153843856865177,0.04193573331778164,0.01134957377954271,0.013914532378626492,0.02585996236744561,0.03550390300954135,0.008836267718859064,0.010930911431560395,0.20244189407292734,0.21191027548721952,0.1015638189582056,0.4049100784491531
2000,base4,0,129,1,,10052.741023346083,exchangeable_varying_sigma,0.2,fixed,0.2,0.2,fixed,0.2,1.0,0.9,0.03154690303046145,0.04247386819102679,0.01347106743462867,0.015994011051025034,0.018586557050011696,0.026166620492292767,0.010323658961490512,0.012336082570881231,0.1950050603361186,0.20475772371591064,0.17196946518457878,0.522656166702789
5000,base1,0,129,1,,44570.302477724035,exchangeable_varying_sigma,0.2,fixed,0.2,0.2,fixed,0.2,1.0,0.0,0.02449339528866051,0.030662251168583975,0.006610433353603978,0.008415323256213665,0.024538387934579065,0.030708653808899165,0.006637079775104471,0.008370800167676678,0.05210801108187827,0.06756653706706507,0.0020367348969791655,0.0667270972426618
5000,base1,0,129,1,,31431.52988812898,exchangeable_varying_sigma,0.2,fixed,0.2,0.2,fixed,0.2,1.0,0.3,0.02461898835230424,0.03067385756395643,0.011482176711764103,0.011959344076220272,0.024468204360203152,0.030353104348961393,0.01185960091338642,0.012420379667891062,0.053363784423537355,0.07055980971939474,0.050475784411696534,0.11638169232809818
5000,base1,0,129,1,,29251.312591442955,exchangeable_varying_sigma,0.2,fixed,0.2,0.2,fixed,0.2,1.0,0.6,0.024516053853524438,0.030490539367601807,0.012123807794969965,0.012514540610710102,0.022963205206978133,0.02815208604298722,0.01301081511789462,0.013445887256697537,0.057952795920157486,0.07563425168037062,0.08436041493589375,0.1811630678618356
5000,base1,0,129,1,,41310.72280662507,exchangeable_varying_sigma,0.2,fixed,0.2,0.2,fixed,0.2,1.0,0.9,0.024416179890003758,0.03024860459351309,0.01247440527675625,0.012775327743350866,0.01945414219952263,0.023195210602231207,0.013782815762053202,0.014089000705312816,0.06313347435875998,0.0815672619723704,0.11593156614398925,0.2504146870093868
5000,base2,0,129,1,,36337.98713864898,exchangeable_varying_sigma,0.2,fixed,0.2,0.2,fixed,0.2,1.0,0.0,0.024037577426408697,0.030452983150012554,0.007203842003650318,0.0081542662676503,0.024153814845978852,0.03060290401664071,0.007318710117585697,0.008131714688776447,0.06945203219547122,0.08318967475188145,0.009910662089702963,0.07167852761116461
5000,base2,0,129,1,,40686.355212124996,exchangeable_varying_sigma,0.2,fixed,0.2,0.2,fixed,0.2,1.0,0.3,0.023679632128015528,0.030203665939069226,0.011421683237380714,0.011696078765899471,0.02357605054018568,0.030027567299524785,0.012032895110937247,0.01222689505480063,0.06944342233512936,0.0840059848534006,0.04699128192642027,0.1125276847717919
5000,base2,0,129,1,,43711.77208564093,exchangeable_varying_sigma,0.2,fixed,0.2,0.2,fixed,0.2,1.0,0.6,0.023538509054598276,0.03000457029921866,0.012063314320591267,0.012402684772955174,0.021915581812947525,0.027883141618768884,0.013372036680408567,0.013561588207283001,0.07700713974710144,0.09129773824353445,0.0810500354649939,0.17665510588933714
5000,base2,0,129,1,,43802.25500605698,exchangeable_varying_sigma,0.2,fixed,0.2,0.2,fixed,0.2,1.0,0.9,0.023373409129760315,0.029754257229268825,0.012413911802368949,0.012855537216640128,0.01780475602128767,0.023024219883425765,0.01434068280886433,0.014617141401365647,0.08512274691303784,0.0992658234288141,0.1130124036133453,0.24585149271211618
5000,base3,0,129,1,,41654.62537770602,exchangeable_varying_sigma,0.2,fixed,0.2,0.2,fixed,0.2,1.0,0.0,0.049637310956759675,0.06134096020661993,0.013050811926746828,0.016163921120897932,0.05144681019431457,0.06387412506680243,0.011944791426030207,0.0149891383657468,0.3502703812683339,0.38863198832419155,0.007485432735234069,0.4947606710643308
5000,base3,0,129,1,,37387.70939975098,exchangeable_varying_sigma,0.2,fixed,0.2,0.2,fixed,0.2,1.0,0.3,0.0503455777572275,0.062136369415312344,0.008835991232943596,0.013330154683217807,0.05213892341038086,0.06458845416714197,0.008999443006639324,0.012696622623036977,0.3495456367140383,0.38966375304109235,0.14281581964934603,0.5080431737232758
5000,base3,0,129,1,,32825.153763711976,exchangeable_varying_sigma,0.2,fixed,0.2,0.2,fixed,0.2,1.0,0.6,0.05022618210386532,0.06209539114892904,0.009286273166441927,0.013619745130148136,0.05123923661469472,0.06370312434547348,0.0102311363869792,0.013593219544527177,0.3439454361651247,0.38427539655714227,0.2567102301643402,0.5228914766620294
5000,base3,0,129,1,,36436.791035425034,exchangeable_varying_sigma,0.2,fixed,0.2,0.2,fixed,0.2,1.0,0.9,0.05004589353234597,0.06201117501538096,0.009567644791857094,0.013632083469320249,0.04935826593569499,0.06202437064743281,0.01114036462991505,0.014253515327628337,0.33865679337135557,0.37911763361150197,0.3690061374451593,0.5473723258103456
5000,base4,0,129,1,,28747.77009003295,exchangeable_varying_sigma,0.2,fixed,0.2,0.2,fixed,0.2,1.0,0.0,0.019207295388196443,0.025097835870180066,0.00792076847895598,0.009359418872246193,0.019211914756944216,0.025104900507226444,0.007883324240548745,0.009272450067163622,0.09106116047648047,0.09821693257397213,0.00386995050242511,0.12887597210882762
5000,base4,0,129,1,,31259.46152848302,exchangeable_varying_sigma,0.2,fixed,0.2,0.2,fixed,0.2,1.0,0.3,0.019355312212870047,0.025388417754596958,0.010798924596820247,0.011312989772838556,0.018898274912355875,0.024858072533991464,0.011362879848068802,0.011903093855974396,0.09446579389122632,0.10087322472633908,0.040029592507920764,0.16183561713207414
5000,base4,0,129,1,,30316.481285646965,exchangeable_varying_sigma,0.2,fixed,0.2,0.2,fixed,0.2,1.0,0.6,0.01928063095444236,0.02518555995939097,0.011440555680029912,0.01190038055560088,0.01675316426111634,0.021974277429040377,0.012697646336676083,0.013094634921767127,0.10004677324332126,0.10743733183097712,0.061494973986384927,0.21596178827590168
5000,base4,0,129,1,,28275.001115727006,exchangeable_varying_sigma,0.2,fixed,0.2,0.2,fixed,0.2,1.0,0.9,0.019201887925027666,0.024907306558598845,0.011791153161813644,0.012192520862632105,0.011269685061611794,0.014734324419095588,0.013688793562410512,0.013952270731858897,0.10519870434880504,0.11440879993349534,0.08030176914815246,0.2785677457747832
2000,base1,1,130,1,,7767.250298540981,exchangeable_varying_sigma,0.2,fixed,0.2,0.2,fixed,0.2,1.0,0.0,0.034655894275208356,0.04524133560039135,0.008101784869547546,0.008732982961338077,0.034809865009491694,0.045502405317557774,0.009188636545420875,0.009969598191820198,0.19190689179756107,0.21073104878688276,0.023133157977483283,0.2726819071425055
2000,base1,1,130,1,,7293.012857633003,exchangeable_varying_sigma,0.2,fixed,0.2,0.2,fixed,0.2,1.0,0.3,0.034839207542137346,0.045419404244612875,0.01741005533267903,0.019120100252519624,0.03435322399861084,0.04473480261253478,0.015131133979811556,0.016412219150484138,0.19732584286277835,0.22100635245732664,0.04760342816606772,0.3112097899454702
2000,base1,1,130,1,,7213.587418476993,exchangeable_varying_sigma,0.2,fixed,0.2,0.2,fixed,0.2,1.0,0.6,0.03473335071186961,0.04534323691683395,0.018996661473517223,0.020770110162756067,0.031686175660491256,0.04111440194882392,0.01464295991509379,0.015597432276492127,0.19287742145611947,0.21899052524835114,0.11945705161074871,0.40547829823518217
2000,base1,1,130,1,,8169.752263436967,exchangeable_varying_sigma,0.2,fixed,0.2,0.2,fixed,0.2,1.0,0.9,0.03470793901202934,0.04520704554198069,0.020306512484905365,0.022134235692901096,0.025659099418602085,0.03268726425348892,0.01350237272909044,0.014102648335808555,0.18904769154119475,0.21664076400110155,0.19309972752694404,0.5338473261631024
2000,base2,1,130,1,,6806.927994303987,exchangeable_varying_sigma,0.2,fixed,0.2,0.2,fixed,0.2,1.0,0.0,0.03458509714792371,0.04543233924354549,0.006995443886778058,0.008296143310985033,0.03485042373272656,0.045845994529370715,0.008552610263016847,0.009719871899971578,0.1915832919124952,0.21608125121551333,0.006307648485676008,0.2710356421822986
2000,base2,1,130,1,,6625.297036451055,exchangeable_varying_sigma,0.2,fixed,0.2,0.2,fixed,0.2,1.0,0.3,0.03333401050102057,0.043701608253885985,0.016926288885917684,0.01781291177079275,0.032869560570936825,0.043079944632851946,0.015494071919004176,0.01642602476141604,0.20155461994226864,0.23042422524966022,0.05222292951876037,0.31956737723203116
2000,base2,1,130,1,,7564.227703049022,exchangeable_varying_sigma,0.2,fixed,0.2,0.2,fixed,0.2,1.0,0.6,0.03328985364098865,0.04367853042473051,0.01851289502675535,0.019472475021014665,0.030103689258407253,0.03947228973860303,0.015284048959959329,0.016103457705803053,0.19790742174587542,0.22890042053213783,0.12142500372331722,0.414447147974286
2000,base2,1,130,1,,8272.543932344997,exchangeable_varying_sigma,0.2,fixed,0.2,0.2,fixed,0.2,1.0,0.9,0.033355196500165586,0.04367454365424289,0.019822746038143463,0.02084178792944382,0.023755678078659196,0.031164776854976088,0.01443080503572211,0.015092437768974884,0.19509024085185003,0.22727562561241688,0.1911577671778456,0.5414699412436855
2000,base3,1,130,1,,7901.524541233026,exchangeable_varying_sigma,0.2,fixed,0.2,0.2,fixed,0.2,1.0,0.0,0.05569018984498015,0.06918695777043504,0.008525563736707459,0.008975740565497343,0.057607090620182766,0.07166386441901057,0.01094308906717481,0.011527374699418592,0.19923924598672108,0.23097719972722483,0.013421131436912466,0.21074953511941477
2000,base3,1,130,1,,7274.681220421044,exchangeable_varying_sigma,0.2,fixed,0.2,0.2,fixed,0.2,1.0,0.3,0.05801213825287484,0.07238557838719181,0.014722500504210506,0.016758043774945778,0.0599137211568941,0.07483687828517258,0.011636587343199528,0.0133771147867087,0.20379022379572692,0.23625898133829162,0.11260417273905643,0.23237395241960138
2000,base3,1,130,1,,6775.66989219602,exchangeable_varying_sigma,0.2,fixed,0.2,0.2,fixed,0.2,1.0,0.6,0.057866184558685654,0.0723673291108483,0.016309106645048532,0.01833498890577187,0.058521296500464115,0.07331108892985165,0.011961591296106577,0.01350697348277545,0.21027516136613475,0.24305502066339651,0.25702167447662544,0.3577196878202581
2000,base3,1,130,1,,8212.079949315987,exchangeable_varying_sigma,0.2,fixed,0.2,0.2,fixed,0.2,1.0,0.9,0.05761195264193881,0.07225210049060196,0.0176189576564377,0.01965139081951225,0.05571094073295593,0.07015582111916362,0.012156642136138152,0.01348409517264964,0.21525759542296094,0.24843800346033315,0.4049961285389756,0.5136088379723912
2000,base4,1,130,1,,3923.721611850022,exchangeable_varying_sigma,0.2,fixed,0.2,0.2,fixed,0.2,1.0,0.0,0.030464995436245538,0.04111168377899688,0.00698387759113106,0.007948944078805144,0.030512650231167674,0.041267913674232305,0.00829220221059132,0.009195384857674129,0.2280466485122723,0.23939116026968418,0.009300671212368434,0.3226664586365337
2000,base4,1,130,1,,7480.650674315984,exchangeable_varying_sigma,0.2,fixed,0.2,0.2,fixed,0.2,1.0,0.3,0.030874368022283424,0.04164143640274041,0.016703226110618336,0.017899612695542542,0.0301526745363696,0.040809217819344,0.014523367465378578,0.015605977222788382,0.23566894170549843,0.25140437741368,0.034327907293235205,0.360380177294881
2000,base4,1,130,1,,3917.9527819870273,exchangeable_varying_sigma,0.2,fixed,0.2,0.2,fixed,0.2,1.0,0.6,0.03087863440106075,0.04158923167869824,0.01828983225145492,0.019563738430377706,0.02698484651296192,0.036697175239886436,0.014073207057779397,0.014902539918461327,0.23135829216835935,0.24880513253054026,0.09604789499500332,0.444394017777403
2000,base4,1,130,1,,10322.867976724985,exchangeable_varying_sigma,0.2,fixed,0.2,0.2,fixed,0.2,1.0,0.9,0.03094583529668671,0.041480838551912536,0.019599683262843143,0.02093798068785044,0.0190936762153604,0.02629196233247931,0.012967721090980544,0.013474594274180088,0.22766398952133168,0.24611486261256088,0.16012481294954672,0.5653099297219399
5000,base1,1,130,1,,41567.359017603914,exchangeable_varying_sigma,0.2,fixed,0.2,0.2,fixed,0.2,1.0,0.0,0.024033098659013395,0.02970687745211371,0.00520102394251315,0.006707899687120942,0.02414424576946799,0.02982042054517982,0.005434944552165172,0.007105966251168691,0.05324444910157372,0.07285010915935085,0.011839342730128091,0.07510703403590295
5000,base1,1,130,1,,44290.71983374201,exchangeable_varying_sigma,0.2,fixed,0.2,0.2,fixed,0.2,1.0,0.3,0.023416575156014332,0.02960582405980351,0.007069833368105183,0.007793535150172047,0.023230746866897353,0.029174722635169268,0.007219550240488384,0.007983779828099015,0.052177381716190484,0.07031556131408138,0.03933664780321289,0.10511750816438528
5000,base1,1,130,1,,39353.17146286997,exchangeable_varying_sigma,0.2,fixed,0.2,0.2,fixed,0.2,1.0,0.6,0.023351018253646858,0.029518723489618714,0.007955468265179871,0.008777138931533845,0.02179297223837731,0.02703407747298147,0.007976801947089426,0.008848016092756672,0.05349706017083705,0.06831269156667864,0.07685949069918196,0.16646088353005123
5000,base1,1,130,1,,35834.580235,exchangeable_varying_sigma,0.2,fixed,0.2,0.2,fixed,0.2,1.0,0.9,0.02333554936029204,0.029434478994256445,0.00875506587411419,0.009789402452991638,0.018760391652859833,0.02259886088989268,0.008658432332204952,0.009879274027759646,0.055088646027726916,0.06778077133992645,0.11303959053319568,0.2344920936818618
5000,base2,1,130,1,,34366.677971749916,exchangeable_varying_sigma,0.2,fixed,0.2,0.2,fixed,0.2,1.0,0.0,0.022723235351473088,0.028491692519243,0.0025958569694624067,0.003246710474904647,0.022902189367026347,0.028728120083195235,0.003177009166040551,0.003614963105252165,0.07391110744785906,0.08933622573273368,0.022419207378603073,0.08577369343878455
5000,base2,1,130,1,,38110.274946045014,exchangeable_varying_sigma,0.2,fixed,0.2,0.2,fixed,0.2,1.0,0.3,0.02321151090090209,0.029661072056299212,0.010982114423052941,0.011519434210462002,0.022893854383625678,0.029186319218077898,0.011325066322670219,0.011938892371811912,0.07172381768223142,0.0861354396667645,0.045463443460988684,0.1148866078151799
5000,base2,1,130,1,,44263.054067132995,exchangeable_varying_sigma,0.2,fixed,0.2,0.2,fixed,0.2,1.0,0.6,0.023174647358274358,0.02960206387131367,0.01186774932012992,0.012535948697472583,0.02110428075427031,0.026871030567089154,0.012195614298801644,0.01294211514265187,0.0699370496918787,0.08300082058657512,0.0833122637261915,0.17796647411466363
5000,base2,1,130,1,,41476.33351609507,exchangeable_varying_sigma,0.2,fixed,0.2,0.2,fixed,0.2,1.0,0.9,0.023124830587599465,0.029530177908426877,0.012667346929062032,0.013563097079456826,0.01718938427405297,0.022156451932462445,0.012953941316318898,0.01407921334502901,0.06866656446802866,0.08078031104132095,0.1200277666213525,0.2473923272520703
5000,base3,1,130,1,,36810.747484249005,exchangeable_varying_sigma,0.2,fixed,0.2,0.2,fixed,0.2,1.0,0.0,0.048525580722075926,0.05978238587494323,0.014076139437433494,0.015809435027958656,0.05089549516209046,0.06306063444969147,0.014647660883042563,0.017233452757311557,0.36124346453989814,0.41033807910326253,0.0011756401148487448,0.5063681610278435
5000,base3,1,130,1,,42435.72443909099,exchangeable_varying_sigma,0.2,fixed,0.2,0.2,fixed,0.2,1.0,0.3,0.04782655891186436,0.059383667039841694,0.00565414587892446,0.006160841559438161,0.04978728979407804,0.062035454598066316,0.004275367188113985,0.004936452095459049,0.349256005673699,0.39098166724230415,0.10465609347042917,0.4945731822447025
5000,base3,1,130,1,,37211.84152132901,exchangeable_varying_sigma,0.2,fixed,0.2,0.2,fixed,0.2,1.0,0.6,0.04777037478367103,0.05933806426854777,0.00573618760068853,0.006199007103892632,0.04906413019078814,0.061282845614764214,0.004378635702944791,0.0054322275722708535,0.3464179351956143,0.3874226828952759,0.2188519711552389,0.5040308301665029
5000,base3,1,130,1,,39387.73045677802,exchangeable_varying_sigma,0.2,fixed,0.2,0.2,fixed,0.2,1.0,0.9,0.047791600959755404,0.05932067767361021,0.005846269563647116,0.006451986369812819,0.0476585304783143,0.05993843312890405,0.004740159319532339,0.006302027659950656,0.34325665635600416,0.3838523888612248,0.3319346177069795,0.522244434541117
5000,base4,1,130,1,,31885.906604423013,exchangeable_varying_sigma,0.2,fixed,0.2,0.2,fixed,0.2,1.0,0.0,0.018322482987164955,0.023552936209801065,0.006058218462085874,0.007060286406686302,0.018361732946335804,0.023612557017663523,0.006612198873177627,0.00770606555755429,0.09469531974824151,0.10711759018967057,0.012131820271688297,0.1348171334231626
5000,base4,1,130,1,,31046.333814635,exchangeable_varying_sigma,0.2,fixed,0.2,0.2,fixed,0.2,1.0,0.3,0.018282238679263197,0.023797936786645275,0.007231401745519367,0.0075690386140746975,0.0178700206836751,0.023165501319269574,0.007476009011401885,0.007873236714985174,0.09632015987003019,0.10485831060987068,0.027547570579851688,0.15601898776053097
5000,base4,1,130,1,,32046.573789759015,exchangeable_varying_sigma,0.2,fixed,0.2,0.2,fixed,0.2,1.0,0.6,0.01819765845277139,0.023700582945717454,0.008117036642598108,0.008560236877376557,0.015817538732255165,0.02040428753560809,0.008313720560490886,0.008781248608650056,0.09776088602645912,0.10364215144646159,0.052208591650532266,0.20367923250811015
5000,base4,1,130,1,,29176.162702549016,exchangeable_varying_sigma,0.2,fixed,0.2,0.2,fixed,0.2,1.0,0.9,0.018122556690562636,0.02361318123559777,0.008916634251530012,0.00957902945412774,0.010668352194582068,0.01385805657399066,0.009064769829704403,0.009831020481350122,0.099497360490759,0.1034157705036724,0.07533371416576873,0.2633249898499349
2000,base1,2,131,1,,5597.873476267036,exchangeable_varying_sigma,0.2,fixed,0.2,0.2,fixed,0.2,1.0,0.0,0.035587002380126444,0.04573180130310749,0.0077575004271703,0.008714023521599801,0.03571891471012524,0.04593838501659495,0.007822484716774825,0.008169829338221584,0.16063373559147975,0.17136111879192745,0.00925043244114094,0.22743563698174293
2000,base1,2,131,1,,7043.140270495962,exchangeable_varying_sigma,0.2,fixed,0.2,0.2,fixed,0.2,1.0,0.3,0.03497771107677121,0.04581008854097828,0.009635105437031444,0.013440741608527861,0.034505903037795826,0.0453681739591001,0.012070051735247278,0.01522243147191171,0.17870227678829037,0.19421639962563986,0.05292470352104367,0.28760587036142843
2000,base1,2,131,1,,8375.51433181396,exchangeable_varying_sigma,0.2,fixed,0.2,0.2,fixed,0.2,1.0,0.6,0.03478155923540398,0.045342185814847266,0.010021483597080869,0.014160490087617045,0.03173816178783578,0.04156565906134788,0.013798709718365915,0.01696084838335313,0.18003929269434918,0.19567768633885757,0.11854584537412294,0.3860882481104728
2000,base1,2,131,1,,6623.665398643003,exchangeable_varying_sigma,0.2,fixed,0.2,0.2,fixed,0.2,1.0,0.9,0.03456666818944127,0.044867887839200336,0.01083487824495645,0.015094015502796293,0.025414419696251824,0.03269128594974677,0.014935819052094096,0.019099639509927456,0.18025892856820586,0.1956506512540477,0.18513009301507388,0.5120236655602324
2000,base2,2,131,1,,6875.727777649008,exchangeable_varying_sigma,0.2,fixed,0.2,0.2,fixed,0.2,1.0,0.0,0.03520371930373002,0.0456879897704912,0.003148027057041744,0.004376577265922857,0.0353971277037801,0.0459785430746197,0.003883871285865259,0.003979527845260075,0.15923317758866115,0.1767199875071951,0.0010758643610644394,0.22519335273316846
2000,base2,2,131,1,,8154.486169289972,exchangeable_varying_sigma,0.2,fixed,0.2,0.2,fixed,0.2,1.0,0.3,0.03496839679755785,0.04616029637197763,0.01076993643746485,0.016062185133506015,0.03475966067511415,0.04593368449010383,0.013964548870589732,0.01757017794885909,0.1820164118115545,0.20061860678186752,0.05752117813560609,0.29483547329139287
2000,base2,2,131,1,,6650.933160757995,exchangeable_varying_sigma,0.2,fixed,0.2,0.2,fixed,0.2,1.0,0.6,0.03467076587439425,0.04565475741108319,0.011389737085671314,0.01730547470849403,0.03194408384197434,0.04215958852703618,0.015789300254569733,0.020117468830789326,0.18360473578531644,0.20231669588517165,0.1250739088931439,0.39691397248120136
2000,base2,2,131,1,,8069.842649025959,exchangeable_varying_sigma,0.2,fixed,0.2,0.2,fixed,0.2,1.0,0.9,0.03435673266572992,0.04509892432204622,0.014316057784095587,0.018758308954431757,0.02511536597396123,0.03311682788858129,0.01773472200650325,0.023182399323074327,0.18403788426767725,0.20259726406425785,0.1942772143407927,0.5271577872739788
2000,base3,2,131,1,,6147.3469509129645,exchangeable_varying_sigma,0.2,fixed,0.2,0.2,fixed,0.2,1.0,0.0,0.05705301702042475,0.0710050059542739,0.006091356072733062,0.007551299639418021,0.05907978776509703,0.07364199204242379,0.005754117499750841,0.00729796454298418,0.22455517497942976,0.2651160113372352,0.011677506051384467,0.273627589803833
2000,base3,2,131,1,,8119.479471468017,exchangeable_varying_sigma,0.2,fixed,0.2,0.2,fixed,0.2,1.0,0.3,0.0576707641151082,0.07224430496161043,0.009561776865826266,0.01563138370570672,0.05896354673763332,0.07407419209206464,0.011874551533421152,0.017017162691332244,0.20939200830724491,0.23822479556466908,0.16507147418405652,0.3147160483267272
2000,base3,2,131,1,,5891.2378383449395,exchangeable_varying_sigma,0.2,fixed,0.2,0.2,fixed,0.2,1.0,0.6,0.057566045432254215,0.07192517879509412,0.009236758676087947,0.016509730381710688,0.05734856767143714,0.07207238663287231,0.012712174901562956,0.018175671265219805,0.2058101510000024,0.23344432040098506,0.30097253419776926,0.42742530995227357
2000,base3,2,131,1,,7504.570153390057,exchangeable_varying_sigma,0.2,fixed,0.2,0.2,fixed,0.2,1.0,0.9,0.057580406528400484,0.07155671094998291,0.01128426942077787,0.0175684550185716,0.054520578196138245,0.06845899926848314,0.013695418729010339,0.019440683639703697,0.20234381739630836,0.2291409138082792,0.4359302117635408,0.5592213447708733
2000,base4,2,131,1,,6516.497479744954,exchangeable_varying_sigma,0.2,fixed,0.2,0.2,fixed,0.2,1.0,0.0,0.03182436573189326,0.04190834427251052,0.005696618476492665,0.006559186384146595,0.0318539931869193,0.04204287229586025,0.005908306882860634,0.006148810686808002,0.19550590594583042,0.20149009553396477,0.0036175122322128,0.2765177351094375
2000,base4,2,131,1,,4864.697890749085,exchangeable_varying_sigma,0.2,fixed,0.2,0.2,fixed,0.2,1.0,0.3,0.031577630646717356,0.04254671798567695,0.009356811366138681,0.01453285956383201,0.030956192918008246,0.04195806744453828,0.0123118777989365,0.015960826643605486,0.21592931270129362,0.22405386498737515,0.04998083353938554,0.3389237897183397
2000,base4,2,131,1,,6974.3413064490305,exchangeable_varying_sigma,0.2,fixed,0.2,0.2,fixed,0.2,1.0,0.6,0.03125038366539764,0.04201884399954977,0.00974318952618801,0.015501931252430913,0.02756129504437983,0.0376028415435842,0.01411806712367042,0.018099168658363377,0.21749422101739746,0.22568032111340816,0.10546952756743272,0.4305444439691163
2000,base4,2,131,1,,8063.625576867955,exchangeable_varying_sigma,0.2,fixed,0.2,0.2,fixed,0.2,1.0,0.9,0.030883660970502207,0.04144997332785299,0.012143169318818911,0.016677929171290882,0.01913043210425963,0.02664709733340415,0.01601563468266745,0.020833199751654295,0.21800219785492062,0.2260059022837111,0.1617011387858589,0.5506890508517274
5000,base1,2,131,1,,37616.70668889,exchangeable_varying_sigma,0.2,fixed,0.2,0.2,fixed,0.2,1.0,0.0,0.024634857351826578,0.030765855602322395,0.012247257667970968,0.014502679166074785,0.02466230957226256,0.030802733476358,0.01236234175922582,0.014645688543063478,0.035399539943368315,0.044382599500677467,0.004370393862617041,0.04616727041797333
5000,base1,2,131,1,,41519.92634782195,exchangeable_varying_sigma,0.2,fixed,0.2,0.2,fixed,0.2,1.0,0.3,0.02464810031160223,0.030496888336164166,0.01528392094561705,0.016991735364762922,0.024582753404905452,0.030227530695697842,0.014890201596245309,0.01656296512586738,0.0298679953582584,0.04085695378105068,0.04145219925737986,0.08136619651589697
5000,base1,2,131,1,,39009.62110265996,exchangeable_varying_sigma,0.2,fixed,0.2,0.2,fixed,0.2,1.0,0.6,0.02437997203805387,0.03026376109007252,0.017125698903957556,0.0190729835898359,0.023086190936967288,0.028070918882792426,0.016408263320673272,0.01832722946592006,0.0337114233201704,0.041766107032933965,0.07873598755731537,0.14430381015431992
5000,base1,2,131,1,,41384.38197119697,exchangeable_varying_sigma,0.2,fixed,0.2,0.2,fixed,0.2,1.0,0.9,0.02405193263994017,0.02996763062207298,0.018880988322255127,0.02109812650782439,0.019573843639818157,0.023250798903684877,0.01780118877043753,0.020028585401613293,0.03801707722708471,0.04412334256989491,0.11444524946048473,0.2110478651174838
5000,base2,2,131,1,,40655.5490520529,exchangeable_varying_sigma,0.2,fixed,0.2,0.2,fixed,0.2,1.0,0.0,0.023452051226152553,0.029846981436341555,0.011330430071536307,0.014678377502065625,0.023554844757328358,0.030002530588171344,0.011153395162671165,0.01457819093802334,0.051304372086227804,0.05777941076645552,0.013516608799998168,0.05369577153718227
5000,base2,2,131,1,,32803.836938465014,exchangeable_varying_sigma,0.2,fixed,0.2,0.2,fixed,0.2,1.0,0.3,0.023746116753564563,0.03028886986785439,0.016200748542059343,0.01707138653423269,0.023392066397588025,0.029711334294594865,0.015601467197970814,0.016594067931275106,0.048636300478713555,0.054186287014510594,0.0540859611103566,0.09855883486020824
5000,base2,2,131,1,,41214.36013528297,exchangeable_varying_sigma,0.2,fixed,0.2,0.2,fixed,0.2,1.0,0.6,0.023792565359475805,0.030377241936906836,0.01804252650040014,0.019076703347532073,0.021671510212167778,0.027425898012477922,0.016993930374381863,0.01819085134211795,0.050475624747265364,0.056363879244820184,0.08977745852241314,0.16128589571366778
5000,base2,2,131,1,,39078.93527770403,exchangeable_varying_sigma,0.2,fixed,0.2,0.2,fixed,0.2,1.0,0.9,0.023926637317693383,0.030515096212398646,0.01979781591869456,0.02102758473283454,0.017687137773202303,0.022643621661409718,0.018189901552023352,0.019659671896410505,0.05315809332511431,0.059856168926641466,0.12264515498096096,0.22583895520874275
5000,base3,2,131,1,,36369.72507435002,exchangeable_varying_sigma,0.2,fixed,0.2,0.2,fixed,0.2,1.0,0.0,0.049590687195835564,0.061525908132752924,0.01546596577555659,0.019546251174092744,0.05135830339167896,0.06403193659447316,0.015367584911870152,0.019234825611298894,0.38037801618640416,0.41595304737697053,0.007135333557908759,0.5381160599955255
5000,base3,2,131,1,,38863.114311312034,exchangeable_varying_sigma,0.2,fixed,0.2,0.2,fixed,0.2,1.0,0.3,0.048948770902985585,0.06082904411928701,0.014511568882290632,0.018978030757812108,0.0506659815275468,0.06334457715067565,0.013614941251494733,0.018084558558110964,0.3785081872304436,0.418245819685276,0.10990724637333657,0.5379759735631179
5000,base3,2,131,1,,38399.05491820001,exchangeable_varying_sigma,0.2,fixed,0.2,0.2,fixed,0.2,1.0,0.6,0.04883155085006532,0.06069982360843796,0.01547698723620096,0.020763067340408687,0.04986699510647014,0.06257890236253331,0.014845915255836215,0.01982021948746787,0.37539826917606695,0.415568808590936,0.22453101684443505,0.5438925977464033
5000,base3,2,131,1,,41153.91778171499,exchangeable_varying_sigma,0.2,fixed,0.2,0.2,fixed,0.2,1.0,0.9,0.048717815337586935,0.06056696350844165,0.016429219178385426,0.022591894524721122,0.04827184273738321,0.061148110343942165,0.01613496912700295,0.02166869665889095,0.3722879718481693,0.41270636226261775,0.33886475932276006,0.5576525060660599
5000,base4,2,131,1,,34358.90860221797,exchangeable_varying_sigma,0.2,fixed,0.2,0.2,fixed,0.2,1.0,0.0,0.01908872844852817,0.024986964981575,0.01257010963073732,0.01458735053863723,0.019090495325354936,0.024994656242301315,0.012584076196856198,0.014639484735147899,0.0766616034208245,0.07745788577566397,0.009881802090851287,0.10918107279015547
5000,base4,2,131,1,,33212.44757147797,exchangeable_varying_sigma,0.2,fixed,0.2,0.2,fixed,0.2,1.0,0.3,0.018663900232677843,0.024681596009696258,0.01496106898285883,0.01644022413904507,0.018404134789985586,0.024145051196220662,0.014567168542513012,0.016049121387172606,0.07460772525020118,0.07554708893819843,0.032100813222869895,0.1286816949112891
5000,base4,2,131,1,,29824.110000697954,exchangeable_varying_sigma,0.2,fixed,0.2,0.2,fixed,0.2,1.0,0.6,0.018439562578831864,0.02452636459520848,0.016802846941197158,0.01853689826839906,0.016350395228914332,0.02136418437090301,0.01604599899692785,0.01781325162579927,0.0784087558915693,0.07949822668332335,0.05595177341905744,0.17816761170571144
5000,base4,2,131,1,,27663.871462679992,exchangeable_varying_sigma,0.2,fixed,0.2,0.2,fixed,0.2,1.0,0.9,0.0181994971567928,0.024356352218115294,0.018558136359493216,0.02057829924374308,0.011063480192342153,0.014523088791567334,0.01738281242814009,0.01951990918229717,0.08262977413325462,0.08418399973688356,0.07770966667584256,0.2368254845977978
2000,base1,0,132,1,,5853.215752140968,exchangeable_varying_sigma,0.2,fixed,0.2,0.2,fixed,0.2,1.0,0.0,0.035749836658917095,0.046013792244428385,0.01787131541876727,0.022498644040546807,0.035884350846778074,0.046211900869667775,0.018299060992780836,0.023148240886713304,0.179798193033695,0.201368984594763,0.011100668274251619,0.25459885068841637
2000,base1,0,132,1,,7369.183383859927,exchangeable_varying_sigma,0.2,fixed,0.2,0.2,fixed,0.2,1.0,0.3,0.034180284521030585,0.0453005454749139,0.01889982064446824,0.021654518111591654,0.033351960002748024,0.04409209726418446,0.01876281402372386,0.02300274071664138,0.19591273322752759,0.2109537684466163,0.06909602143857244,0.3207922866583301
2000,base1,0,132,1,,7301.291614627,exchangeable_varying_sigma,0.2,fixed,0.2,0.2,fixed,0.2,1.0,0.6,0.03443045016939266,0.04556942294417072,0.020143789488020925,0.023498462772123346,0.030648300963886852,0.04036618450398002,0.0203129719573249,0.02506179950803979,0.19654921390208327,0.2111601512000147,0.13740751448577654,0.4260658333055266
2000,base1,0,132,1,,7338.986395156942,exchangeable_varying_sigma,0.2,fixed,0.2,0.2,fixed,0.2,1.0,0.9,0.034771691893168116,0.045876870941438545,0.021364621635396472,0.02518474843252808,0.024694377190520745,0.03211588168605131,0.021630111230674598,0.02692473369957635,0.197515814303686,0.2115726406728026,0.20538543976645707,0.5592414003501269
2000,base2,0,132,1,,6471.115879724035,exchangeable_varying_sigma,0.2,fixed,0.2,0.2,fixed,0.2,1.0,0.0,0.03396066812120735,0.045031071160071406,0.017034249448045435,0.022715802739732244,0.03425297134766406,0.04543519182161542,0.017017317700536577,0.02300432634776115,0.18802399087615554,0.21767034031313803,0.03162593860215818,0.2683745816594073
2000,base2,0,132,1,,6353.163102634018,exchangeable_varying_sigma,0.2,fixed,0.2,0.2,fixed,0.2,1.0,0.3,0.03627047614946843,0.0475855238803604,0.0192258539221684,0.021629007440874967,0.035526637259576326,0.046608569272576394,0.020333497987649954,0.022636815543813808,0.19951265263467857,0.21958635633943424,0.061177913016716684,0.32139814566142216
2000,base2,0,132,1,,7017.909566057031,exchangeable_varying_sigma,0.2,fixed,0.2,0.2,fixed,0.2,1.0,0.6,0.03642242396537635,0.04773672534767069,0.021151162123105832,0.02395592218708724,0.03261940791744813,0.04284589076475419,0.021939754534266553,0.02519757148112109,0.19979985053008226,0.21947724960451226,0.13448363052588208,0.42819009370540073
2000,base2,0,132,1,,7318.432682038052,exchangeable_varying_sigma,0.2,fixed,0.2,0.2,fixed,0.2,1.0,0.9,0.03639919996416653,0.047767201128469584,0.02289554246403319,0.026200473986385895,0.02586007551954126,0.034232867170321896,0.02320349678085705,0.027744216111936063,0.20018749189180365,0.21946166159113284,0.21021376095686994,0.5681340641524801
2000,base3,0,132,1,,5893.373309648945,exchangeable_varying_sigma,0.2,fixed,0.2,0.2,fixed,0.2,1.0,0.0,0.05588618874447528,0.06996968315918377,0.017788172581795103,0.024611002441792353,0.057887904648194835,0.07263877697495767,0.018827408283785707,0.026337982220180405,0.21965060298720834,0.25879010492415366,0.01903438496352789,0.2338449336032203
2000,base3,0,132,1,,5871.028138970025,exchangeable_varying_sigma,0.2,fixed,0.2,0.2,fixed,0.2,1.0,0.3,0.05592390955263086,0.06968148835687236,0.01673835727754494,0.018523312899446375,0.05750018513227398,0.07166719469220673,0.016415460491502137,0.0204739808163331,0.21133825741999368,0.25441512094389124,0.15186042792402601,0.2912366217842239
2000,base3,0,132,1,,7145.514677432948,exchangeable_varying_sigma,0.2,fixed,0.2,0.2,fixed,0.2,1.0,0.6,0.05612379922842602,0.06995843999028833,0.017982326121094405,0.02045782782310997,0.056002994517437635,0.06991850353251028,0.01747997790379019,0.02310072404162725,0.2100435237980821,0.25365244296494077,0.2878456373187134,0.40563923293678034
2000,base3,0,132,1,,7042.255594610004,exchangeable_varying_sigma,0.2,fixed,0.2,0.2,fixed,0.2,1.0,0.9,0.05633772346092313,0.07032384688889695,0.018867505630794618,0.022289929462347313,0.053378574613044225,0.06698259427688469,0.018585004446747447,0.025543914199711918,0.20768601414160975,0.25141361812860546,0.42183823579197904,0.5382842085264073
2000,base4,0,132,1,,5945.020159454085,exchangeable_varying_sigma,0.2,fixed,0.2,0.2,fixed,0.2,1.0,0.0,0.03100461788207309,0.04182261778079319,0.017561713761620995,0.022600341659145935,0.031076774442664445,0.041961808793985506,0.01736318027120126,0.023101764021401093,0.21946697774083623,0.235106282288109,0.013976021965384921,0.3107563517370859
2000,base4,0,132,1,,6008.200233905925,exchangeable_varying_sigma,0.2,fixed,0.2,0.2,fixed,0.2,1.0,0.3,0.031497444179927926,0.04236246350143738,0.01740893663727064,0.020606263611742524,0.030403166669157093,0.04090563968803321,0.018024734322936636,0.021581435868601017,0.23124046854710498,0.24115952056911608,0.05658953977703102,0.363904164669816
2000,base4,0,132,1,,7309.062748708064,exchangeable_varying_sigma,0.2,fixed,0.2,0.2,fixed,0.2,1.0,0.6,0.03168090944125305,0.04264214249724653,0.019140776295997072,0.02267800971356597,0.027004526126713325,0.036540236546873515,0.019579046530179542,0.02402809657961298,0.231812082039837,0.24154226350748423,0.11531361952929736,0.45950053195215623
2000,base4,0,132,1,,9721.084701457992,exchangeable_varying_sigma,0.2,fixed,0.2,0.2,fixed,0.2,1.0,0.9,0.031823956704541495,0.042921728479255045,0.020885156636921406,0.024623170033233156,0.01875523908321293,0.026121134984809977,0.020916849884615465,0.026488794689938963,0.23280319419608114,0.24224618580211812,0.17403098166852726,0.5862985688611037
5000,base1,0,132,1,,35042.485356839024,exchangeable_varying_sigma,0.2,fixed,0.2,0.2,fixed,0.2,1.0,0.0,0.023626264743209197,0.0297068490279923,0.013758947182106351,0.01632483856794564,0.0237159366695692,0.02980590906183824,0.01403758058245641,0.016600374984908142,0.0500349398938799,0.06559249839155594,0.011988038060253751,0.06906959326213617
5000,base1,0,132,1,,45649.03305518103,exchangeable_varying_sigma,0.2,fixed,0.2,0.2,fixed,0.2,1.0,0.3,0.025119123612211303,0.031210569589120354,0.011427807601413154,0.011885959857920346,0.024540189661280565,0.0305201803932666,0.010939052798990961,0.011706848630132584,0.05546100498797876,0.06981539429202362,0.029887806551793683,0.08375443267757639
5000,base1,0,132,1,,44746.060170389945,exchangeable_varying_sigma,0.2,fixed,0.2,0.2,fixed,0.2,1.0,0.6,0.02512325296222201,0.031232243239836498,0.012950744528509708,0.01326275843721544,0.022893051234672817,0.02818829376679327,0.01206313109832946,0.012849815630119638,0.06104159307349745,0.07394188866763753,0.07301102700770279,0.143299820860817
5000,base1,0,132,1,,44246.46565860696,exchangeable_varying_sigma,0.2,fixed,0.2,0.2,fixed,0.2,1.0,0.9,0.025059039414504457,0.031212367286109603,0.01448274116321055,0.014653200842431192,0.019544693005817966,0.023417543576527144,0.013496677529585152,0.014161190709413523,0.06668705977932893,0.0783844719405014,0.11844993303105411,0.21261300695411642
5000,base2,0,132,1,,34583.340827799984,exchangeable_varying_sigma,0.2,fixed,0.2,0.2,fixed,0.2,1.0,0.0,0.02367553164555971,0.030280312476115807,0.014262287111622973,0.016089588615595597,0.023807691876846244,0.030461287743707113,0.014620776886891756,0.016424587785247344,0.058784636477921745,0.07366205446321067,0.0018581485430807887,0.06711801705338388
5000,base2,0,132,1,,34579.43802820996,exchangeable_varying_sigma,0.2,fixed,0.2,0.2,fixed,0.2,1.0,0.3,0.023697682790112824,0.02980895413354389,0.010924467671892604,0.01123399146129639,0.02308622320996928,0.029218159279900527,0.010673151824503166,0.011240322515426808,0.05519863302841241,0.07327113708012356,0.028837574387929443,0.08463362652989785
5000,base2,0,132,1,,47723.72868782701,exchangeable_varying_sigma,0.2,fixed,0.2,0.2,fixed,0.2,1.0,0.6,0.023809244702473482,0.02989627601027245,0.012447404598989534,0.01266962331697476,0.021246351068230227,0.026939920212646223,0.011854262028307805,0.012548788272775181,0.0534874764212702,0.07420188948539962,0.06971273668620181,0.14124538150306834
5000,base2,0,132,1,,41866.13256338099,exchangeable_varying_sigma,0.2,fixed,0.2,0.2,fixed,0.2,1.0,0.9,0.02386487027668249,0.03002032124465451,0.013979401233692304,0.014126818279276119,0.017394021033541547,0.022418688579877645,0.013345393760577431,0.014091378795560801,0.05590618564127072,0.07604919155930163,0.1121208773553739,0.20697769177957878
5000,base3,0,132,1,,42283.413358622,exchangeable_varying_sigma,0.2,fixed,0.2,0.2,fixed,0.2,1.0,0.0,0.04907157521370962,0.06098968651127965,0.01566861888611029,0.01632975777052395,0.051006506660015986,0.0637247006362306,0.015923966010844448,0.01681312093612056,0.3642738541366171,0.4092068590239865,0.008832698152349923,0.5149663033512158
5000,base3,0,132,1,,46403.48216125707,exchangeable_varying_sigma,0.2,fixed,0.2,0.2,fixed,0.2,1.0,0.3,0.04896186782047241,0.06044725243744162,0.009518135897402233,0.011515326076628623,0.05068262835944387,0.06313076497261326,0.009575395622901134,0.011088446331867521,0.37156756035192195,0.4198309477095372,0.10259248348541278,0.525741082784215
5000,base3,0,132,1,,40142.075257963035,exchangeable_varying_sigma,0.2,fixed,0.2,0.2,fixed,0.2,1.0,0.6,0.04892144380871062,0.06037274786653521,0.011041072824500328,0.012795675889825123,0.049716925523977815,0.0622843375718538,0.010828339432458603,0.012107233620235608,0.37538906536725675,0.4234471358934935,0.22143367944572184,0.541161642113746
5000,base3,0,132,1,,38672.77708863304,exchangeable_varying_sigma,0.2,fixed,0.2,0.2,fixed,0.2,1.0,0.9,0.04885026215236624,0.06027730351880328,0.012573069459203806,0.01410979650143864,0.047887706665380614,0.060774841749342695,0.012312374012363028,0.013198805427448442,0.3791705615282286,0.42704054947108777,0.34139008425656325,0.565407128641547
5000,base4,0,132,1,,39028.210626326036,exchangeable_varying_sigma,0.2,fixed,0.2,0.2,fixed,0.2,1.0,0.0,0.018597036385679628,0.024622322894737238,0.014317050498236561,0.016019459798306802,0.018611579203256682,0.02465226177119296,0.014513818747376006,0.016228708430026065,0.09120886865558679,0.09543003585776262,0.002264778445582556,0.1290216567260339
5000,base4,0,132,1,,37723.16133971,exchangeable_varying_sigma,0.2,fixed,0.2,0.2,fixed,0.2,1.0,0.3,0.019174471724027385,0.02498784654082928,0.010869704285276074,0.011270545531218026,0.018263814020745922,0.024076705984489365,0.010361812143221849,0.01101994443870711,0.08634014601130918,0.09330221342820984,0.015469637395520763,0.13459200977207156
5000,base4,0,132,1,,27966.90980115696,exchangeable_varying_sigma,0.2,fixed,0.2,0.2,fixed,0.2,1.0,0.6,0.01927033873813427,0.02500051820313332,0.012392641212377917,0.012682370226424334,0.015933095493683973,0.021070193174263927,0.01149941812058329,0.012203908728685356,0.08292052339841169,0.09326876090790366,0.04527233700723954,0.1743911916910756
5000,base4,0,132,1,,26777.955991817988,exchangeable_varying_sigma,0.2,fixed,0.2,0.2,fixed,0.2,1.0,0.9,0.01924173774116334,0.024995312569976093,0.01392463784708041,0.014108422510215225,0.010733846097863799,0.014192823643810701,0.0129683328107119,0.01357514503339413,0.07954169539354294,0.09380725895579439,0.07728309450345372,0.2308581280429484
2000,base1,1,133,1,,7558.848538764054,exchangeable_varying_sigma,0.2,fixed,0.2,0.2,fixed,0.2,1.0,0.0,0.03644153379565672,0.04747633238115397,0.021325629265200097,0.025005282898592218,0.036590018707645826,0.04767883180225094,0.020069768248078157,0.024326366556779742,0.2580805628066393,0.26545675803128904,0.024282420182067072,0.36586920811810003
2000,base1,1,133,1,,5957.28830976109,exchangeable_varying_sigma,0.2,fixed,0.2,0.2,fixed,0.2,1.0,0.3,0.033591163009145754,0.04336493841821833,0.01417523237278251,0.015018415314308938,0.03292015744468753,0.04244663123327619,0.012879460419026406,0.015280366605156158,0.22918322063018506,0.23403900549236284,0.10160926759043343,0.38511458131482845
2000,base1,1,133,1,,7587.203380880994,exchangeable_varying_sigma,0.2,fixed,0.2,0.2,fixed,0.2,1.0,0.6,0.03393183223750445,0.04384348145868269,0.0157953660604383,0.016667123238349433,0.03053352736199561,0.03931885072081348,0.014411120849149806,0.01810823216042591,0.2366360118876155,0.24089921199886705,0.17202600715565847,0.5112524390265769
2000,base1,1,133,1,,5924.848535481957,exchangeable_varying_sigma,0.2,fixed,0.2,0.2,fixed,0.2,1.0,0.9,0.03451453698744655,0.04471884290489235,0.017335857132510374,0.018255394530684928,0.025297142650870543,0.03221930245053111,0.0160290702653986,0.020836935561056112,0.24745272338175364,0.2516359066523961,0.23583936215876078,0.6654067359931957
2000,base2,1,133,1,,6347.097215559101,exchangeable_varying_sigma,0.2,fixed,0.2,0.2,fixed,0.2,1.0,0.0,0.03600885372256522,0.0473331937193421,0.02312345113867706,0.02685086698115618,0.03615502081339911,0.04756901867414444,0.021445574027417036,0.025748048498773605,0.2669859687618977,0.27728964103228626,0.012095605905437833,0.37778331854201996
2000,base2,1,133,1,,7207.881397948018,exchangeable_varying_sigma,0.2,fixed,0.2,0.2,fixed,0.2,1.0,0.3,0.0336219505313055,0.043659256420577025,0.010637258538345212,0.013103856854953733,0.033158104414591015,0.04307696791642228,0.012237388999460475,0.014776669222354988,0.23142684009941025,0.23868825458483128,0.07796676897897512,0.37494031504910663
2000,base2,1,133,1,,7363.552035800996,exchangeable_varying_sigma,0.2,fixed,0.2,0.2,fixed,0.2,1.0,0.6,0.03368698064648137,0.043894308231767445,0.011890084072091717,0.014627800125749064,0.030577355890366708,0.03988860458583945,0.01395931156531452,0.01737481524325774,0.23784353499931454,0.24542351987329566,0.15011874501169858,0.49533885246307974
2000,base2,1,133,1,,7374.834669457981,exchangeable_varying_sigma,0.2,fixed,0.2,0.2,fixed,0.2,1.0,0.9,0.033837203865337645,0.044416323393564515,0.013430575144164847,0.016101217327417275,0.024651141951420263,0.032312013240454324,0.015327192341680312,0.019481682033695553,0.24735138217794528,0.25598127014882754,0.21837507687775692,0.6495122590036523
2000,base3,1,133,1,,5829.890799875022,exchangeable_varying_sigma,0.2,fixed,0.2,0.2,fixed,0.2,1.0,0.0,0.058234335578084086,0.07283189318612666,0.022509008682330994,0.027485557870479425,0.06011921451206242,0.07533812216365708,0.02181444778348196,0.026773169556403503,0.15749720081423046,0.19035894814812918,0.01975396874947577,0.1378787618887253
2000,base3,1,133,1,,7273.069569988991,exchangeable_varying_sigma,0.2,fixed,0.2,0.2,fixed,0.2,1.0,0.3,0.05661479848390673,0.07088187570090093,0.019536937232952217,0.02274281181662332,0.05797591239544477,0.07289368748393796,0.01604921029936887,0.018335151711936504,0.16318854900107937,0.19646784238217704,0.15950914352244314,0.2520946705342736
2000,base3,1,133,1,,7253.135329093086,exchangeable_varying_sigma,0.2,fixed,0.2,0.2,fixed,0.2,1.0,0.6,0.05674616168592113,0.07106530099053344,0.021157070920609256,0.023813245587713135,0.05670167245836198,0.07156779166947935,0.017375839417696215,0.019628056366317807,0.15849984028425693,0.1904657512043826,0.30327610211664496,0.4117772758136884
2000,base3,1,133,1,,7384.974739804049,exchangeable_varying_sigma,0.2,fixed,0.2,0.2,fixed,0.2,1.0,0.9,0.05698481206780229,0.07142740678200697,0.02269756199267875,0.024760767670987407,0.05439972475072881,0.06912759682268539,0.0189621620993064,0.0212378820014764,0.1536563109538328,0.18412033593669105,0.4467205194380676,0.5880499533826923
2000,base4,1,133,1,,5984.2781751470175,exchangeable_varying_sigma,0.2,fixed,0.2,0.2,fixed,0.2,1.0,0.0,0.03270358031035935,0.04380662977413109,0.022191542804343517,0.025413766179145574,0.032768458507944395,0.0439171723292257,0.021184176227537155,0.024783006731502348,0.2988924829997417,0.3045582132925481,0.017417347325099756,0.4230504355109016
2000,base4,1,133,1,,7507.236321868957,exchangeable_varying_sigma,0.2,fixed,0.2,0.2,fixed,0.2,1.0,0.3,0.029634024922577176,0.039722774719354134,0.013880724648895476,0.015036788717911162,0.02879389978968352,0.03870653444442918,0.01283986665629433,0.015461141431384556,0.2716985799884966,0.2737925340943081,0.0763536903367544,0.43039861729489914
2000,base4,1,133,1,,7451.064652250032,exchangeable_varying_sigma,0.2,fixed,0.2,0.2,fixed,0.2,1.0,0.6,0.02983293771373357,0.040113450141649284,0.015500858336550266,0.01656416779380908,0.025834648243864975,0.03501637037858568,0.014668003123520762,0.01798479943209846,0.2785029320014927,0.28043894040821404,0.13500212890670865,0.5431887138646037
2000,base4,1,133,1,,9519.216863258043,exchangeable_varying_sigma,0.2,fixed,0.2,0.2,fixed,0.2,1.0,0.9,0.03024871125020606,0.040870882180255044,0.017041349408622064,0.01801064605611207,0.01847016418649728,0.025753468823337008,0.01628166362246794,0.02037576666604473,0.28827843814581033,0.2904222234548935,0.18820266815121978,0.6897344863349639
5000,base1,1,133,1,,35777.649857916054,exchangeable_varying_sigma,0.2,fixed,0.2,0.2,fixed,0.2,1.0,0.0,0.024371174744650184,0.0304094292860855,0.013063599939882362,0.015288122332760858,0.024459374224855966,0.03050833556546433,0.013260131756148527,0.015518957522291375,0.0474159515582206,0.06689992344106097,0.004011266702830517,0.06315345642451406
5000,base1,1,133,1,,44414.02993382502,exchangeable_varying_sigma,0.2,fixed,0.2,0.2,fixed,0.2,1.0,0.3,0.02362179486362793,0.029330897622162726,0.01399356191204508,0.018827213235166583,0.023483403516840445,0.029097072199252474,0.013624443174528086,0.01812256698162353,0.05064303994396568,0.06840449175599174,0.03706795497761922,0.09069733392006725
5000,base1,1,133,1,,44254.80512173101,exchangeable_varying_sigma,0.2,fixed,0.2,0.2,fixed,0.2,1.0,0.6,0.02358409627009405,0.029279310591486977,0.01589436124332634,0.021402522340126306,0.02213706581232936,0.02716278103785663,0.0152888598115873,0.02012890188663861,0.053789773671134765,0.06946196845407264,0.0757124733705159,0.15138087332143235
5000,base1,1,133,1,,44721.845666387,exchangeable_varying_sigma,0.2,fixed,0.2,0.2,fixed,0.2,1.0,0.9,0.023598194916077998,0.02930505120155956,0.01796137609804767,0.02406193014873173,0.019164229555174196,0.022885444357457378,0.017404468905374185,0.022816092229217266,0.057040375118146906,0.07099774695472141,0.11373045441774743,0.21811481869871666
5000,base2,1,133,1,,42261.02375632303,exchangeable_varying_sigma,0.2,fixed,0.2,0.2,fixed,0.2,1.0,0.0,0.02373809774733537,0.03020107105314122,0.01396367677709523,0.016838917305088113,0.023942224250341627,0.030462079122550143,0.014344545206696133,0.017356006933666148,0.07635913521638527,0.08689235067771973,0.002663677957492924,0.06468320161365992
5000,base2,1,133,1,,48318.977727674996,exchangeable_varying_sigma,0.2,fixed,0.2,0.2,fixed,0.2,1.0,0.3,0.022616115182084773,0.029027202271671698,0.012504909445237633,0.016239043524563505,0.022470443824363678,0.02879980811706613,0.012232083384878079,0.01586054616665492,0.07943316307657391,0.09052966291646199,0.03767623734848924,0.0896291928836
5000,base2,1,133,1,,42630.51130531193,exchangeable_varying_sigma,0.2,fixed,0.2,0.2,fixed,0.2,1.0,0.6,0.022583945002602673,0.02902840057779163,0.014405708776529372,0.018772511660703723,0.020929465863720458,0.02678608327865254,0.01383071478460901,0.0178061364261312,0.08224240514208578,0.0929178137102364,0.0768373955013536,0.1509098527246115
5000,base2,1,133,1,,45876.952636466944,exchangeable_varying_sigma,0.2,fixed,0.2,0.2,fixed,0.2,1.0,0.9,0.022608406862107057,0.029124502226694417,0.016341710637593473,0.021376360779367647,0.017362682781797836,0.022441856469010413,0.0157954644441973,0.02039670653543233,0.08518861298912324,0.09563502430645679,0.11539272575185922,0.218045274515994
5000,base3,1,133,1,,39338.057205168996,exchangeable_varying_sigma,0.2,fixed,0.2,0.2,fixed,0.2,1.0,0.0,0.04897165721587581,0.060801485005087974,0.009832642106512454,0.01194145381045781,0.05100504851208454,0.06367024012266567,0.012227137120199655,0.014200530160568154,0.3736362862322394,0.4182970293302554,0.0024082180240555533,0.5269844444485575
5000,base3,1,133,1,,40933.20802740997,exchangeable_varying_sigma,0.2,fixed,0.2,0.2,fixed,0.2,1.0,0.3,0.04900937170035455,0.06098599825532746,0.014852994979483808,0.020863675744854426,0.05083820427770229,0.06369989878462444,0.015768916835733893,0.020823702880544786,0.372585906180411,0.4170615818506739,0.11348407116466949,0.5298674975435007
5000,base3,1,133,1,,39135.73166680394,exchangeable_varying_sigma,0.2,fixed,0.2,0.2,fixed,0.2,1.0,0.6,0.04893245899319063,0.060883465879643474,0.01656651932118057,0.02342983677812635,0.050048819796560555,0.06300444019287595,0.017302538928670008,0.02311108697487375,0.37204955674695894,0.41766614777262534,0.2321023570007812,0.5423922287273919
5000,base3,1,133,1,,37429.06163312995,exchangeable_varying_sigma,0.2,fixed,0.2,0.2,fixed,0.2,1.0,0.9,0.04886120955550933,0.060772415370336445,0.01871149016719162,0.026069579965929682,0.04846894602695412,0.06163429233987652,0.018851424584477833,0.025849657536204863,0.3712789346240214,0.4180709820911254,0.3508737624926035,0.5640172114484593
5000,base4,1,133,1,,39901.21731200104,exchangeable_varying_sigma,0.2,fixed,0.2,0.2,fixed,0.2,1.0,0.0,0.01859388395958882,0.024621976735764595,0.012534307001567074,0.014978861985518505,0.018608386060014658,0.024656011444355634,0.012755082775775903,0.015284881257942837,0.0898304273649178,0.09713894985471484,0.0026845412190006275,0.127086394426646
5000,base4,1,133,1,,26980.671763245016,exchangeable_varying_sigma,0.2,fixed,0.2,0.2,fixed,0.2,1.0,0.3,0.018021307532297796,0.023609479378125776,0.01352940701421683,0.01817394008918086,0.017839572053000487,0.023205960282313545,0.013214165514214227,0.01753675967738497,0.08729420776571511,0.09921388912231109,0.023828893054655798,0.14084202252654188
5000,base4,1,133,1,,27057.97902416496,exchangeable_varying_sigma,0.2,fixed,0.2,0.2,fixed,0.2,1.0,0.6,0.017913833382571822,0.023528114359853216,0.015430206345502143,0.02075311996522397,0.015893210440257415,0.020603518980650062,0.014808954018773898,0.019496603877061255,0.0877348762501656,0.1010278055941255,0.04992173155305901,0.18621099253519777
5000,base4,1,133,1,,26319.693564313,exchangeable_varying_sigma,0.2,fixed,0.2,0.2,fixed,0.2,1.0,0.9,0.017838281927184015,0.023526682320473873,0.01736620820656956,0.023405630391978235,0.010807737943912623,0.014057664672164035,0.016778953801592958,0.022147678616749336,0.08855528952220425,0.10325921642594257,0.07547977975233344,0.2444544528526347
2000,base1,2,134,1,,5827.126581104938,exchangeable_varying_sigma,0.2,fixed,0.2,0.2,fixed,0.2,1.0,0.0,0.03546558977194961,0.047156819609213856,0.016303462528112864,0.017709698625514674,0.035608177584370404,0.04735781013642322,0.015796273405151037,0.01703996610603978,0.16428274660795703,0.18224597521342012,0.0007838713208734246,0.2323327354560031
2000,base1,2,134,1,,7524.516816647025,exchangeable_varying_sigma,0.2,fixed,0.2,0.2,fixed,0.2,1.0,0.3,0.034488849473986595,0.04474407877087961,0.016425867021357204,0.018505871825026443,0.033926881831652204,0.04379137707007311,0.015205532183155734,0.016863686929220235,0.15948212359691608,0.1763602782760599,0.09221862645065179,0.28687518121764277
2000,base1,2,134,1,,7395.946369603975,exchangeable_varying_sigma,0.2,fixed,0.2,0.2,fixed,0.2,1.0,0.6,0.03465656103794387,0.045128161853182934,0.019032418164174197,0.021374749290861188,0.03157368382552074,0.0405682136568046,0.017513528511261228,0.01979503632452819,0.16754871904545302,0.18323071099748678,0.1534265967583084,0.4004256763445297
2000,base1,2,134,1,,7205.641110889032,exchangeable_varying_sigma,0.2,fixed,0.2,0.2,fixed,0.2,1.0,0.9,0.03500841453385304,0.04570683101925816,0.02170786998317925,0.024259493866016443,0.025958895522458142,0.03294811977348358,0.02023761753981118,0.023483235856544955,0.17644749300486529,0.19090000767681445,0.2096535163906268,0.5310399578080957
2000,base2,2,134,1,,6145.40454801498,exchangeable_varying_sigma,0.2,fixed,0.2,0.2,fixed,0.2,1.0,0.0,0.035601467796459174,0.04698484755035647,0.010447187910967298,0.011367249580603702,0.03577402305508199,0.04726255855097007,0.01040754474481756,0.011064298023420549,0.1677340638548161,0.19049260236098997,0.004620836565286154,0.23727412874009332
2000,base2,2,134,1,,7133.078669689014,exchangeable_varying_sigma,0.2,fixed,0.2,0.2,fixed,0.2,1.0,0.3,0.03378249944856723,0.04433232496065974,0.01792367855183688,0.02197891741093603,0.03325907834905249,0.04369161738864544,0.016574897681069234,0.0199383304816324,0.16294636464108803,0.18185682674674294,0.06940523867363813,0.27566718679900526
2000,base2,2,134,1,,7354.575850580004,exchangeable_varying_sigma,0.2,fixed,0.2,0.2,fixed,0.2,1.0,0.6,0.033766017793457004,0.04441197173655483,0.020209474872984245,0.02477556403425442,0.03075426750053198,0.04035288097870914,0.018773088140910082,0.02248549678166053,0.17083723507951926,0.18870249637155223,0.12902267465096673,0.38227881523487955
2000,base2,2,134,1,,7254.945836306084,exchangeable_varying_sigma,0.2,fixed,0.2,0.2,fixed,0.2,1.0,0.9,0.03375588333870447,0.04459617362133678,0.022501854462323667,0.027561010557907887,0.02457042349507976,0.032257587221275176,0.0211906534754856,0.025687118342596443,0.17946448780330704,0.1965198339012911,0.1846619089896432,0.5102966820155256
2000,base3,2,134,1,,5846.539588159067,exchangeable_varying_sigma,0.2,fixed,0.2,0.2,fixed,0.2,1.0,0.0,0.05728450085392628,0.0716274334155937,0.013966902202716042,0.016479602292779876,0.05963774535438489,0.07455768243409923,0.012299585640882488,0.01461078476503889,0.22581453162349477,0.2623777552011954,0.009957387586347384,0.2517761524375587
2000,base3,2,134,1,,7165.515331848059,exchangeable_varying_sigma,0.2,fixed,0.2,0.2,fixed,0.2,1.0,0.3,0.05729470113614046,0.07066864016961297,0.018916092119051375,0.02246016971360235,0.05870527369196103,0.07251755829490039,0.017715250216125217,0.021015317674002866,0.19885930452954498,0.23106985410579803,0.15161345559622597,0.2831464180818863
2000,base3,2,134,1,,7050.740951815038,exchangeable_varying_sigma,0.2,fixed,0.2,0.2,fixed,0.2,1.0,0.6,0.057595705069646674,0.07110385198702608,0.021522643261868618,0.025044669930380684,0.057830721441750714,0.0714638311050711,0.020721123929545143,0.02349775551087929,0.1925758443008445,0.22417557389300471,0.2794762494575203,0.3876891587802082
2000,base3,2,134,1,,7222.892419924028,exchangeable_varying_sigma,0.2,fixed,0.2,0.2,fixed,0.2,1.0,0.9,0.057932099198995904,0.0717139047018759,0.024198095080874588,0.0276548006174936,0.055714925685601234,0.06920722285397671,0.023935682351192727,0.0261469586287612,0.18598012704757474,0.21686736092949094,0.40448842609866575,0.5143348437053649
2000,base4,2,134,1,,5787.74975508498,exchangeable_varying_sigma,0.2,fixed,0.2,0.2,fixed,0.2,1.0,0.0,0.032023337364276934,0.043478247047106774,0.013786454347033295,0.014627139736088207,0.032107167903378725,0.04364487908751611,0.013377575395576255,0.01407809546938819,0.19761599943357208,0.20856009395467714,0.00048602328360562713,0.279471770719081
2000,base4,2,134,1,,7438.529258940951,exchangeable_varying_sigma,0.2,fixed,0.2,0.2,fixed,0.2,1.0,0.3,0.030403541238864278,0.040969675232330326,0.017144766257103483,0.019933772844855095,0.02956301804673663,0.0398477323903866,0.015997493161874793,0.018458431158870196,0.19866513595392707,0.20728262027129435,0.07701292457681777,0.3291947846301631
2000,base4,2,134,1,,7503.597323960043,exchangeable_varying_sigma,0.2,fixed,0.2,0.2,fixed,0.2,1.0,0.6,0.030577592330834936,0.04133837991095185,0.01975131739991895,0.022785099238134782,0.026676452545894503,0.03610798312953691,0.018373845306889403,0.02125833654268696,0.206934518253178,0.21494776026098453,0.12638241826549634,0.43167783500354967
2000,base4,2,134,1,,10552.759942726,exchangeable_varying_sigma,0.2,fixed,0.2,0.2,fixed,0.2,1.0,0.9,0.03088119528185836,0.04190082187568976,0.022426769218925974,0.025630722086705224,0.019121811998032607,0.0265201655387098,0.02122248319712905,0.024820996323574263,0.215952958594805,0.22347038203435415,0.17050075492049155,0.5554183834088057
5000,base1,2,134,1,,35878.78889578895,exchangeable_varying_sigma,0.2,fixed,0.2,0.2,fixed,0.2,1.0,0.0,0.023956027081812593,0.029688347997816947,0.006770672644881126,0.008996339591597818,0.024042847152998488,0.0297653216170752,0.006791575213884599,0.009180929296143638,0.03929999450924308,0.05312561472895677,0.03188678323988297,0.06974727975858282
5000,base1,2,134,1,,45143.392301529995,exchangeable_varying_sigma,0.2,fixed,0.2,0.2,fixed,0.2,1.0,0.3,0.02387449694521319,0.02953860926079143,0.008544331016186027,0.009069765102458337,0.02350394174129207,0.029170280002036173,0.008040884090178016,0.008872158108371183,0.03587872736501665,0.04779836997129645,0.0302326547416783,0.07166435693017134
5000,base1,2,134,1,,44259.893422755995,exchangeable_varying_sigma,0.2,fixed,0.2,0.2,fixed,0.2,1.0,0.6,0.02376788638117033,0.02934448793939802,0.009291647085156271,0.009727909959946799,0.021970521360381513,0.02703154652429038,0.008338716105268956,0.009209880646203303,0.034308295415225155,0.045778849147224916,0.06795229405083458,0.12728572280434206
5000,base1,2,134,1,,46330.97530644399,exchangeable_varying_sigma,0.2,fixed,0.2,0.2,fixed,0.2,1.0,0.9,0.023718909537653456,0.02912567592075868,0.009905025586420299,0.010314218227955411,0.01892311791239272,0.02256242180500394,0.008369895618360962,0.009034158170456252,0.03325668996223314,0.04420325818038724,0.1063007387597289,0.18823202600110414
5000,base2,2,134,1,,34774.67216633097,exchangeable_varying_sigma,0.2,fixed,0.2,0.2,fixed,0.2,1.0,0.0,0.022912798412021925,0.029261202630250952,0.005416861661752287,0.006691392839500867,0.02308789052733637,0.029491680513243187,0.005321643612248156,0.006980257854078449,0.06683909839905204,0.07410446849215296,0.03164624665959958,0.07075430639185555
5000,base2,2,134,1,,37408.586024029995,exchangeable_varying_sigma,0.2,fixed,0.2,0.2,fixed,0.2,1.0,0.3,0.022340950231048554,0.028678300247353048,0.010440751141112717,0.010626932728235684,0.022206499220419965,0.02848553060834391,0.00970892184236788,0.010014105762256826,0.06558309437816491,0.07272570357041006,0.03473460429149844,0.0836947630703357
5000,base2,2,134,1,,44280.644191814004,exchangeable_varying_sigma,0.2,fixed,0.2,0.2,fixed,0.2,1.0,0.6,0.022298731366040707,0.028638083150399028,0.011188067210077812,0.011407827123423999,0.02060767815618444,0.02649539628826022,0.010110944109243486,0.010446982581020588,0.06398944408749009,0.07076807301686107,0.07018664890820092,0.13824737664394762
5000,base2,2,134,1,,45311.48814017605,exchangeable_varying_sigma,0.2,fixed,0.2,0.2,fixed,0.2,1.0,0.9,0.022322385142883996,0.028653524506339664,0.011801445711346337,0.01212881249490667,0.016907838926408618,0.022156466096765658,0.010252736054112935,0.010553311369269121,0.06199528519649437,0.06868966541841097,0.10549695083490407,0.19766219153882783
5000,base3,2,134,1,,42402.44033856806,exchangeable_varying_sigma,0.2,fixed,0.2,0.2,fixed,0.2,1.0,0.0,0.04984142083925268,0.06132835578751513,0.01309376094530229,0.014605443941422533,0.05194093841169697,0.06412838071235138,0.012090375994179392,0.013964774149401043,0.36844284681674827,0.409927335930583,0.0009419593069666931,0.521018253905953
5000,base3,2,134,1,,37130.34716737806,exchangeable_varying_sigma,0.2,fixed,0.2,0.2,fixed,0.2,1.0,0.3,0.049655813781798085,0.06145894094327604,0.006056402990647761,0.007776396671086578,0.05164181862989286,0.06425671050991251,0.005801361954380552,0.006126652653940094,0.37941039530568943,0.4179383201550727,0.09238072569067579,0.5369123218707899
5000,base3,2,134,1,,38025.145030693035,exchangeable_varying_sigma,0.2,fixed,0.2,0.2,fixed,0.2,1.0,0.6,0.049402622751490655,0.061197695736137536,0.006514431335328655,0.008325975807953547,0.050721646036228786,0.06345586603264582,0.005722122480643951,0.006105633435653105,0.38080245090763,0.4198380950640795,0.21102399020443224,0.5458333792235843
5000,base3,2,134,1,,40530.992145492,exchangeable_varying_sigma,0.2,fixed,0.2,0.2,fixed,0.2,1.0,0.9,0.04910570900423829,0.06081929315002983,0.007317514458693969,0.00896309299959943,0.048824930489719046,0.06179204778779182,0.00517488541419564,0.005766933917065592,0.3821854922968923,0.4219603023018689,0.3314394473959116,0.5640825642244842
5000,base4,2,134,1,,40151.32947194995,exchangeable_varying_sigma,0.2,fixed,0.2,0.2,fixed,0.2,1.0,0.0,0.0187723668146327,0.024284175237634178,0.007371543261241897,0.008874588945368527,0.018802579736300642,0.024314972064519408,0.007353441122230936,0.009000531912020887,0.08225408517891983,0.0865563402773157,0.028167767855007388,0.12193441823268544
5000,base4,2,134,1,,27492.725253249053,exchangeable_varying_sigma,0.2,fixed,0.2,0.2,fixed,0.2,1.0,0.3,0.018471995772115703,0.02402325070060238,0.007943460399820704,0.008522961143485878,0.018114751374936944,0.023617125098488026,0.00737772562830083,0.008072774395670427,0.07680915596001611,0.08168860682141034,0.0158418908205345,0.12098357127253796
5000,base4,2,134,1,,27063.103453413,exchangeable_varying_sigma,0.2,fixed,0.2,0.2,fixed,0.2,1.0,0.6,0.01820733210447667,0.023764624738349758,0.00869077646879314,0.009273638786340858,0.01595502460627205,0.020881789461231693,0.007619208228392849,0.008331072887688813,0.07566321531998345,0.08119817627303998,0.04158364441393747,0.15970764849468497
5000,base4,2,134,1,,23640.522170981974,exchangeable_varying_sigma,0.2,fixed,0.2,0.2,fixed,0.2,1.0,0.9,0.017924291748430042,0.023453686759229608,0.009304154970058293,0.009971491808766985,0.010737916108735587,0.01415378978686021,0.007576056373760673,0.008099841322587365,0.0744250248092722,0.08101823881541513,0.06818015989646975,0.21195314992743033
2000,base1,0,135,1,,5167.065578897018,exchangeable_varying_sigma,0.2,fixed,0.2,0.2,fixed,0.2,1.0,0.0,0.03494041261975408,0.046685749691138256,0.01597427611271998,0.017824004448598867,0.03508222338448594,0.046947523555547044,0.016228662693264617,0.01808078544078965,0.14958809780670423,0.15937161422847948,0.011227889878938996,0.21198004450388142
2000,base1,0,135,1,,5282.545228021016,exchangeable_varying_sigma,0.2,fixed,0.2,0.2,fixed,0.2,1.0,0.3,0.035998211671513604,0.047439626942471225,0.011872640882525001,0.01501587978407026,0.03510442654446548,0.046486783347741874,0.011752449803056425,0.01469301649770777,0.14766348185065925,0.154741633977587,0.05504195081491359,0.2454561942967399
2000,base1,0,135,1,,6963.0425594340195,exchangeable_varying_sigma,0.2,fixed,0.2,0.2,fixed,0.2,1.0,0.6,0.03616467581760588,0.04766907040056468,0.013975035595977153,0.017499504090450178,0.032336059331419094,0.04283766049995096,0.01365077172750212,0.016502580347018386,0.14338434526508997,0.14969188929058022,0.12709362168326072,0.3421855274038353
2000,base1,0,135,1,,5834.928219321999,exchangeable_varying_sigma,0.2,fixed,0.2,0.2,fixed,0.2,1.0,0.9,0.03632487327887855,0.04789455315569915,0.016953525813162007,0.02025730285332332,0.026155651500429873,0.03429203829958362,0.01594345656527249,0.018799062295808203,0.13944742345711125,0.14579607699747973,0.20135057845937399,0.4662882103835719
2000,base2,0,135,1,,5158.4176561910135,exchangeable_varying_sigma,0.2,fixed,0.2,0.2,fixed,0.2,1.0,0.0,0.03645023335685472,0.04783861704536854,0.019844584814802058,0.021194523753968877,0.03667391670538643,0.04820492479360436,0.019911955882035814,0.021238296928160764,0.15857711530474058,0.1727478319415637,0.012942674927210416,0.22479012133016182
2000,base2,0,135,1,,5221.593366379006,exchangeable_varying_sigma,0.2,fixed,0.2,0.2,fixed,0.2,1.0,0.3,0.03648409404370764,0.04806124492086466,0.009527483627279315,0.01239910202986907,0.03586993878753884,0.047502069566808365,0.011460444180016419,0.013311949194103735,0.1489114452820411,0.1639061735731801,0.04078552011647152,0.23864903012859723
2000,base2,0,135,1,,6442.223485521012,exchangeable_varying_sigma,0.2,fixed,0.2,0.2,fixed,0.2,1.0,0.6,0.03647206444901257,0.04801215023511309,0.011570438771796768,0.014612750336108024,0.032940372286963976,0.04375202331896539,0.013389481348098572,0.015357686239782939,0.14390712610781942,0.1590356567990057,0.11673699501316315,0.33289709809570606
2000,base2,0,135,1,,6873.171482328005,exchangeable_varying_sigma,0.2,fixed,0.2,0.2,fixed,0.2,1.0,0.9,0.03635577479254178,0.04782285922234729,0.01381509207252965,0.017129881719406527,0.026170704391598295,0.03476949386806593,0.014937929029730554,0.017666078836124914,0.138979633380529,0.15535994432119876,0.19741629521217563,0.4612513492115964
2000,base3,0,135,1,,5265.20098768099,exchangeable_varying_sigma,0.2,fixed,0.2,0.2,fixed,0.2,1.0,0.0,0.05664252480281377,0.07124024624697173,0.01208964874908633,0.018005090728974295,0.05879164352266773,0.07408411696132008,0.010263417099436123,0.015979542386057456,0.2296707861913878,0.2736892994166674,0.04720157776784931,0.30715490186869765
2000,base3,0,135,1,,5249.0436115719785,exchangeable_varying_sigma,0.2,fixed,0.2,0.2,fixed,0.2,1.0,0.3,0.05538622837130109,0.07065330966830623,0.01916557148683601,0.026134363269445456,0.0570048762083817,0.07279994403478648,0.01833186375649279,0.02623853355405603,0.225382776775286,0.2743618046072155,0.1428588318697601,0.3358808224647362
2000,base3,0,135,1,,7373.131459261,exchangeable_varying_sigma,0.2,fixed,0.2,0.2,fixed,0.2,1.0,0.6,0.05572194467106763,0.07094133712582743,0.021038345645214257,0.028240036723064278,0.05587840315302626,0.07129507947556459,0.01994019642919173,0.028328087107353836,0.22477590545149326,0.275154191130731,0.2753246875222712,0.41857436455056146
2000,base3,0,135,1,,6461.993771264999,exchangeable_varying_sigma,0.2,fixed,0.2,0.2,fixed,0.2,1.0,0.9,0.05619944256638595,0.07132878033510705,0.024016835862397362,0.030570357129582476,0.05362162360703121,0.06839890754897975,0.022626692655409786,0.03098057054641921,0.22336964108257676,0.274702775710077,0.4048840984034581,0.5193058896250317
2000,base4,0,135,1,,4800.393393384991,exchangeable_varying_sigma,0.2,fixed,0.2,0.2,fixed,0.2,1.0,0.0,0.031450451300156994,0.043441468436386244,0.015916222148602,0.017803024856131985,0.031540322046098065,0.04366387999010599,0.015890783951808665,0.01777376099349644,0.18828374888552146,0.19317797943112572,0.01391442640263914,0.2667520845891433
2000,base4,0,135,1,,4888.535509935988,exchangeable_varying_sigma,0.2,fixed,0.2,0.2,fixed,0.2,1.0,0.3,0.032076724415172085,0.04370250234533539,0.011462338005673117,0.015614069526877493,0.031046389242881868,0.04266474956485842,0.010972798369644016,0.015367469915512159,0.18382153604287627,0.18783796795779348,0.042916713822467756,0.28955737238912166
2000,base4,0,135,1,,8073.853475946991,exchangeable_varying_sigma,0.2,fixed,0.2,0.2,fixed,0.2,1.0,0.6,0.0321067032645058,0.043888887302509894,0.014033089560096301,0.017999068634866684,0.02771448294485331,0.03850772919432468,0.012792062607760293,0.01710887609485089,0.1798552925556852,0.1841313279187562,0.10446490046934648,0.37369727036550326
2000,base4,0,135,1,,5028.103966380993,exchangeable_varying_sigma,0.2,fixed,0.2,0.2,fixed,0.2,1.0,0.9,0.03214828670697532,0.04405231068672982,0.01701157977727827,0.02064455301617727,0.019522801939402198,0.02794240683431037,0.014965319347418973,0.019206979036887176,0.1764611678341286,0.18172322486533649,0.16796320521541053,0.4887336519315976
5000,base1,0,135,1,,28686.362514142995,exchangeable_varying_sigma,0.2,fixed,0.2,0.2,fixed,0.2,1.0,0.0,0.022892114042530654,0.028493032191092144,0.009513426067557562,0.010108379668992785,0.022963371660032643,0.028578653819172177,0.009424073083645457,0.010113442665860067,0.03404059740562836,0.048548971474119046,0.02079742278670906,0.04829318751744093
5000,base1,0,135,1,,44162.10577254099,exchangeable_varying_sigma,0.2,fixed,0.2,0.2,fixed,0.2,1.0,0.3,0.024126234693679447,0.02984112799834142,0.013082114479351328,0.01442775772042848,0.023825038004216013,0.029446303172192326,0.012510775588470843,0.013774029593134722,0.04404306678843556,0.06596920136271837,0.04915907885668047,0.101737182774279
5000,base1,0,135,1,,27741.746591197996,exchangeable_varying_sigma,0.2,fixed,0.2,0.2,fixed,0.2,1.0,0.6,0.024125785748553803,0.029769263259749414,0.014205326136769711,0.015787661177739,0.022377290522898136,0.027417603311087023,0.012822906865309555,0.014400983261728794,0.04455457305904631,0.07036502144648585,0.08512556743894795,0.16356968006355246
5000,base1,0,135,1,,33268.031750780996,exchangeable_varying_sigma,0.2,fixed,0.2,0.2,fixed,0.2,1.0,0.9,0.02415823215267892,0.029715304938902093,0.015091775792785644,0.01694457808016357,0.01933810443526456,0.023021304584737237,0.012620415810160268,0.014658151656043486,0.04733775427343662,0.074296702961753,0.11947935341716975,0.2284074428153175
5000,base2,0,135,1,,32490.009974041983,exchangeable_varying_sigma,0.2,fixed,0.2,0.2,fixed,0.2,1.0,0.0,0.02422627697482098,0.03042870824359506,0.010110556003122662,0.011828344495007834,0.02441987739095579,0.030682940808207115,0.00997447363372303,0.011825603523704846,0.06453341447097628,0.07220373556344642,0.01519972412454281,0.04928934448002693
5000,base2,0,135,1,,37028.768380558,exchangeable_varying_sigma,0.2,fixed,0.2,0.2,fixed,0.2,1.0,0.3,0.02271172534773435,0.02860775637836804,0.01123233909572445,0.013132113043746053,0.022734757029296483,0.028689966086964346,0.010820794514741508,0.012523219414975318,0.07579584873636389,0.08705551141519514,0.03200836516869221,0.08333163189451159
5000,base2,0,135,1,,33578.42302322399,exchangeable_varying_sigma,0.2,fixed,0.2,0.2,fixed,0.2,1.0,0.6,0.022473087021714227,0.02829351926170288,0.012355550753140696,0.01442088931466105,0.021140635210400518,0.026685252476966057,0.011069152869032928,0.013191990602913147,0.07585191615234696,0.08908490844925933,0.06688364704546546,0.14001385782411405
5000,base2,0,135,1,,38810.54866129198,exchangeable_varying_sigma,0.2,fixed,0.2,0.2,fixed,0.2,1.0,0.9,0.02223680971933899,0.027951893575850487,0.013291225062130749,0.015501551629607329,0.01742512511089206,0.0222090255241627,0.011125451600679917,0.013447551000984458,0.07490484668734845,0.09033064505483226,0.10086152540383864,0.20237438838460134
5000,base3,0,135,1,,42486.137953005964,exchangeable_varying_sigma,0.2,fixed,0.2,0.2,fixed,0.2,1.0,0.0,0.04839614055467631,0.05981064769587278,0.00887888915483978,0.011942714526492598,0.0503462014568022,0.06256724291068012,0.007860008304638094,0.011117978872325693,0.37887790258523585,0.4208615939036783,0.022939917480798037,0.5375237162377517
5000,base3,0,135,1,,45539.18217859301,exchangeable_varying_sigma,0.2,fixed,0.2,0.2,fixed,0.2,1.0,0.3,0.0499464122129754,0.06205062624935392,0.017125087772033754,0.018798792867189256,0.05150074037618544,0.06444590391098325,0.017696067686869113,0.018864519372693248,0.3554555370891498,0.3999771884910639,0.14309476568088025,0.5158390065532025
5000,base3,0,135,1,,38931.68133215397,exchangeable_varying_sigma,0.2,fixed,0.2,0.2,fixed,0.2,1.0,0.6,0.050081643721039786,0.06219749329028304,0.01824829942944943,0.020052237433727145,0.05068482183472522,0.06367269751980742,0.018691592854568576,0.01994718065379708,0.3527985615151034,0.3980547754801801,0.25780102319982545,0.5328781602997946
5000,base3,0,135,1,,46312.19420518307,exchangeable_varying_sigma,0.2,fixed,0.2,0.2,fixed,0.2,1.0,0.9,0.050247674664934364,0.06235921044977375,0.019134749085465017,0.021111122568391857,0.04914615647130138,0.06227251488985174,0.019178132042112286,0.0206450586193606,0.3504445232369106,0.39639605475650513,0.37092829340788036,0.558145100931079
5000,base4,0,135,1,,41424.78043969604,exchangeable_varying_sigma,0.2,fixed,0.2,0.2,fixed,0.2,1.0,0.0,0.01780804436780903,0.023248654310967044,0.009466529931114631,0.01039617024903385,0.017832017451676965,0.02328346664234543,0.009428396806617612,0.010417270058310517,0.07180923602884423,0.08005478641395476,0.021366783445797424,0.10535551711897494
5000,base4,0,135,1,,46262.35246679303,exchangeable_varying_sigma,0.2,fixed,0.2,0.2,fixed,0.2,1.0,0.3,0.01880826008636934,0.02434862163892892,0.013243287753617453,0.014467719490671929,0.018204946612633294,0.02372135976515272,0.01281256910033747,0.013964411212857472,0.08575368045701545,0.09657849618992306,0.037445260252621404,0.14797926036615947
5000,base4,0,135,1,,39591.899150735,exchangeable_varying_sigma,0.2,fixed,0.2,0.2,fixed,0.2,1.0,0.6,0.01880225572030725,0.024255289023981382,0.014366499411036598,0.015810544993127933,0.01601166145374263,0.02096039323260951,0.013207210995885912,0.014669105777440707,0.0882177088734228,0.09957798281428593,0.06030686831086707,0.1971218948926635
5000,base4,0,135,1,,41767.45109191397,exchangeable_varying_sigma,0.2,fixed,0.2,0.2,fixed,0.2,1.0,0.9,0.018783086159907668,0.024169775968274097,0.015252949067050714,0.016942527036058502,0.010806528103281284,0.014256167981667258,0.012972843679967844,0.014979203636370994,0.09052935187812791,0.10225286577283274,0.08143833357696728,0.25451497654363375
2000,base1,1,136,1,,6963.9513105470105,exchangeable_varying_sigma,0.2,fixed,0.2,0.2,fixed,0.2,1.0,0.0,0.03490498568394892,0.04575085035134737,0.016035654926098653,0.019158825934137896,0.03500472564846776,0.04592467232075,0.01615936306747162,0.019312490785164053,0.21445653640865095,0.2241078489804057,0.0004302311243466315,0.3032877189366677
2000,base1,1,136,1,,5036.208567516995,exchangeable_varying_sigma,0.2,fixed,0.2,0.2,fixed,0.2,1.0,0.3,0.03669898142069554,0.04793607447525285,0.022051830105687037,0.025385631432916715,0.03610597250549846,0.04718681346352669,0.021526995178537456,0.02481354388675755,0.20524080376916623,0.22040259374967447,0.06402680153419021,0.3309701455941708
2000,base1,1,136,1,,7125.770576414012,exchangeable_varying_sigma,0.2,fixed,0.2,0.2,fixed,0.2,1.0,0.6,0.03663093685354283,0.04778769540225311,0.02410555322094382,0.027689360948423575,0.03328481195716794,0.04338239126030378,0.022929692866536427,0.026173616378305946,0.2031813621885819,0.2209627216545676,0.1342970242728711,0.4328664023705431
2000,base1,1,136,1,,7036.956794205995,exchangeable_varying_sigma,0.2,fixed,0.2,0.2,fixed,0.2,1.0,0.9,0.03645212578870304,0.04744804388706712,0.025795317364418563,0.029565837383933098,0.02717060480767182,0.034799630188564315,0.02433547625436472,0.027285649767446695,0.2002447622625611,0.2210125358699804,0.20793594665118764,0.5659907985872301
2000,base2,1,136,1,,5088.512928109005,exchangeable_varying_sigma,0.2,fixed,0.2,0.2,fixed,0.2,1.0,0.0,0.034917545926125615,0.0456975906063103,0.01220613588606187,0.014628097474939004,0.03513420317745547,0.04602022697719498,0.012054949274234006,0.014174233694302115,0.21330741364103264,0.224695752626108,0.014349981000993571,0.30208440797101854
2000,base2,1,136,1,,6907.82242823398,exchangeable_varying_sigma,0.2,fixed,0.2,0.2,fixed,0.2,1.0,0.3,0.03500254112221297,0.046217386580087096,0.023358033677551432,0.027615316358629825,0.03468528812009197,0.04566191020702415,0.02303984820080865,0.026497283860591418,0.2089566614621432,0.2244936156317724,0.04781273241419087,0.3279174706346432
2000,base2,1,136,1,,5642.364802249998,exchangeable_varying_sigma,0.2,fixed,0.2,0.2,fixed,0.2,1.0,0.6,0.03477897016839409,0.046008392045089656,0.0255786758504202,0.030002787777108852,0.031848029852100626,0.04190799313447941,0.02439732539077076,0.02744960066328563,0.20718840529686136,0.22470069974152376,0.11544482097406977,0.4231158816737563
2000,base2,1,136,1,,7438.156339746987,exchangeable_varying_sigma,0.2,fixed,0.2,0.2,fixed,0.2,1.0,0.9,0.034516599862975936,0.04565609454605309,0.02753477510614674,0.031970736759460175,0.025316353168697226,0.03328981147480551,0.025347309642671262,0.02811278891243654,0.20459374505400624,0.22453123578916065,0.18657085455178402,0.5521547944407628
2000,base3,1,136,1,,4903.816167123005,exchangeable_varying_sigma,0.2,fixed,0.2,0.2,fixed,0.2,1.0,0.0,0.05805891911458988,0.07272826328564524,0.017788602879005272,0.020229295746837753,0.060127234237959085,0.07536084689120594,0.01896027138153586,0.02162431759368677,0.1838031662111527,0.22313795184876273,0.008246981035591837,0.18548239555895335
2000,base3,1,136,1,,5466.4971710969985,exchangeable_varying_sigma,0.2,fixed,0.2,0.2,fixed,0.2,1.0,0.3,0.05762129313156898,0.07179299378795849,0.02472839185361242,0.026784978278747644,0.05938205742447835,0.07420458519695436,0.024759613665127828,0.026640632833822654,0.20397417698617915,0.24583672774517332,0.13674634617851933,0.261077597192932
2000,base3,1,136,1,,6672.716247167002,exchangeable_varying_sigma,0.2,fixed,0.2,0.2,fixed,0.2,1.0,0.6,0.05774637286673925,0.07187849609669295,0.026782114968864568,0.029010744347660135,0.05815210215035888,0.07271838147246228,0.027219017787021016,0.028951329787900524,0.20665893732636892,0.24935821645474426,0.273083710788538,0.3802534208868059
2000,base3,1,136,1,,7048.3558255859825,exchangeable_varying_sigma,0.2,fixed,0.2,0.2,fixed,0.2,1.0,0.9,0.05788278420244376,0.07195906995894547,0.028471879112341614,0.030811930876754334,0.05573765015433738,0.06988804155246917,0.0295202127304037,0.030896578219063706,0.20945731334229453,0.25289144337159225,0.40935328319397696,0.5201082662585453
2000,base4,1,136,1,,4679.283805321989,exchangeable_varying_sigma,0.2,fixed,0.2,0.2,fixed,0.2,1.0,0.0,0.03195303514744838,0.04248933752092971,0.015045912852667126,0.0175693994986159,0.03198979330151378,0.04260207909546477,0.015232776596994402,0.01772289409471046,0.2523258158134571,0.2571406664291193,0.004336215596762059,0.35687204537674616
2000,base4,1,136,1,,6056.569745620014,exchangeable_varying_sigma,0.2,fixed,0.2,0.2,fixed,0.2,1.0,0.3,0.0317680356339999,0.0434414504619988,0.022698019003222047,0.02621375295181416,0.030966780088645104,0.042473447743808325,0.022068163668994695,0.02552853692853507,0.24360837295987844,0.2518312075990287,0.04837467322840883,0.3778177937165878
2000,base4,1,136,1,,10205.315881429997,exchangeable_varying_sigma,0.2,fixed,0.2,0.2,fixed,0.2,1.0,0.6,0.031717549450186885,0.04331834248733884,0.024751742118477638,0.028551124896630198,0.02771795903635593,0.0381775575792555,0.023411519459078906,0.02682478206614676,0.24180696103476607,0.2516558117203867,0.10520331927320342,0.4669635955038956
2000,base4,1,136,1,,5701.587732853979,exchangeable_varying_sigma,0.2,fixed,0.2,0.2,fixed,0.2,1.0,0.9,0.03168275673330128,0.043045765910228156,0.026441506261955655,0.0304589964217449,0.019720154475851442,0.02775113605460515,0.024751468345173777,0.027828559884960347,0.2392033040212094,0.2509687765821127,0.16505585254813493,0.5889000953863925
5000,base1,1,136,1,,27537.473656798014,exchangeable_varying_sigma,0.2,fixed,0.2,0.2,fixed,0.2,1.0,0.0,0.02387378918274581,0.030131706804587568,0.01270412868771284,0.013725729181920852,0.023970947690491906,0.030235289334544595,0.012864361133647445,0.013911018082300447,0.03909126799143159,0.05592973778608515,0.020357922221309013,0.0445377407301947
5000,base1,1,136,1,,27967.701078442013,exchangeable_varying_sigma,0.2,fixed,0.2,0.2,fixed,0.2,1.0,0.3,0.023405388371360476,0.02895188350802825,0.006853431884432076,0.00869436292095569,0.022886809618089095,0.028253257665067696,0.006200223054716847,0.008293298553036352,0.03196400137161257,0.043210308461055974,0.030647429904811507,0.049760217034335995
5000,base1,1,136,1,,50153.32039207002,exchangeable_varying_sigma,0.2,fixed,0.2,0.2,fixed,0.2,1.0,0.6,0.02338571844626833,0.02895203988531463,0.008166866543135476,0.010300127132064262,0.02133110992623525,0.02615174535224617,0.00746944188067275,0.010080430732583053,0.03126164948892493,0.04237611802600285,0.0690438583699492,0.10434636501316771
5000,base1,1,136,1,,46326.722687108995,exchangeable_varying_sigma,0.2,fixed,0.2,0.2,fixed,0.2,1.0,0.9,0.023431224338799416,0.02899535051633304,0.010208716206364515,0.012262312160056327,0.01838432923161824,0.022128783989599863,0.009810873316856109,0.012835698016701803,0.03091511835527381,0.042157117702705554,0.10847756946647646,0.15991918580186143
5000,base2,1,136,1,,38843.805339464976,exchangeable_varying_sigma,0.2,fixed,0.2,0.2,fixed,0.2,1.0,0.0,0.023127702300790715,0.02986177009804552,0.014928010327202812,0.015955487888615973,0.02327920636966094,0.03006332981591812,0.015104208623282711,0.016115029862415257,0.05834857229844759,0.07080190402278362,0.016152193234208776,0.04554694784958724
5000,base2,1,136,1,,34388.322649498965,exchangeable_varying_sigma,0.2,fixed,0.2,0.2,fixed,0.2,1.0,0.3,0.022596615038897566,0.02871855673763457,0.004156195698122311,0.005706161016679299,0.022204403278151923,0.028185076877568525,0.004430556506681005,0.0057023234949725565,0.05083558000173524,0.061959252994026055,0.031518120452528275,0.052946263613915336
5000,base2,1,136,1,,47712.34480803,exchangeable_varying_sigma,0.2,fixed,0.2,0.2,fixed,0.2,1.0,0.6,0.02256492439805035,0.02870636588987259,0.005900479574556,0.007139655889735484,0.020507425788030376,0.026064122580657604,0.005608723999512663,0.007153639645206059,0.04752938208268671,0.059713478232887,0.069742802306064,0.107769149580129
5000,base2,1,136,1,,38715.35353421001,exchangeable_varying_sigma,0.2,fixed,0.2,0.2,fixed,0.2,1.0,0.9,0.02252292115725347,0.028725296868039686,0.00798483456687464,0.008985630121002713,0.016824365956284875,0.021872591484010263,0.007581431346547526,0.009480788218491198,0.044359446670630125,0.05784584667539295,0.10900417368648552,0.16416593398534715
5000,base3,1,136,1,,40739.5963841388,exchangeable_varying_sigma,0.2,fixed,0.2,0.2,fixed,0.2,1.0,0.0,0.049160906239666555,0.06126823784850593,0.010386599175421757,0.011375881063233,0.051188222418384735,0.06410848190318962,0.010507421656837906,0.01148098533605577,0.3911153821406314,0.43503676742600955,0.0011643086223675372,0.5523278070037256
5000,base3,1,136,1,,42818.73481538007,exchangeable_varying_sigma,0.2,fixed,0.2,0.2,fixed,0.2,1.0,0.3,0.0480406901927997,0.0597914772874377,0.009960878361468764,0.01023907295057689,0.049751974405269864,0.06233420383609431,0.008675247979060774,0.009269717744600359,0.4048591922468565,0.4467433272509221,0.10707581805437791,0.5735383282073612
5000,base3,1,136,1,,40158.25288478215,exchangeable_varying_sigma,0.2,fixed,0.2,0.2,fixed,0.2,1.0,0.6,0.04795420036558857,0.05974862934438159,0.01170516223790248,0.012059308722363282,0.048918583867075476,0.06160599520146305,0.0101738635089616,0.010935588881530428,0.4079404594188194,0.44950551289140395,0.22165945540723242,0.5841671053335308
5000,base3,1,136,1,,46103.33258865704,exchangeable_varying_sigma,0.2,fixed,0.2,0.2,fixed,0.2,1.0,0.9,0.0478808154410893,0.05973030996548729,0.013789517230220594,0.01423313406080797,0.0473738633431242,0.060384297733831145,0.012565432855971656,0.013489602628167075,0.4111432290036466,0.4523606472741327,0.33687420046364946,0.5996204498210915
5000,base4,1,136,1,,45976.85756496107,exchangeable_varying_sigma,0.2,fixed,0.2,0.2,fixed,0.2,1.0,0.0,0.018785881623413346,0.024761922404390308,0.012766327056764254,0.013774135974224883,0.018791293617971473,0.024780291876199897,0.012857583532548011,0.01389044586920065,0.07018002697852714,0.07889315239770489,0.01580146401981109,0.10140124494357274
5000,base4,1,136,1,,40534.81952771288,exchangeable_varying_sigma,0.2,fixed,0.2,0.2,fixed,0.2,1.0,0.3,0.01770033438020752,0.02286021513361808,0.006317878968563687,0.007506309746280821,0.01706526483642712,0.021953910323976766,0.005524781059710229,0.007160484558984397,0.05595898340797679,0.06387408162692446,0.016724328533620825,0.09157088168289146
5000,base4,1,136,1,,41513.868197220145,exchangeable_varying_sigma,0.2,fixed,0.2,0.2,fixed,0.2,1.0,0.6,0.01771446553023222,0.02283252243257163,0.008062162844997653,0.009199603001723107,0.014949523781930115,0.01917871518093991,0.0071016106794974665,0.008953291784690136,0.05334768478367024,0.06159222788297111,0.04258125263932311,0.1270897720714836
5000,base4,1,136,1,,41377.44829624798,exchangeable_varying_sigma,0.2,fixed,0.2,0.2,fixed,0.2,1.0,0.9,0.01778128844181361,0.022855989147393292,0.010146517837315377,0.011242970655952374,0.010009049044058787,0.012997217630750409,0.009939098791821394,0.011785884767596634,0.05085355670592789,0.059738174221773556,0.06965887587045716,0.17380601139911547
2000,base1,2,137,1,,5234.743748103996,exchangeable_varying_sigma,0.2,fixed,0.2,0.2,fixed,0.2,1.0,0.0,0.035038520624402304,0.04590297105458259,0.012260285573141655,0.01664251513300441,0.035172111467870824,0.04608591884866439,0.013536822011025296,0.018104022312898947,0.2057524130049017,0.22164890211459898,0.010049433333356547,0.2911967156464677
2000,base1,2,137,1,,6015.332509939006,exchangeable_varying_sigma,0.2,fixed,0.2,0.2,fixed,0.2,1.0,0.3,0.034734626467773845,0.04547635105112745,0.00797970755292611,0.012682454972808028,0.03400469947700779,0.044510766366802075,0.010327095678528617,0.01487836378350615,0.19245090685238062,0.20984335596271547,0.0609786642192634,0.31138965601667423
2000,base1,2,137,1,,5100.972230671992,exchangeable_varying_sigma,0.2,fixed,0.2,0.2,fixed,0.2,1.0,0.6,0.03486028126038055,0.04555857961463793,0.008266487573301284,0.013363121652152683,0.031299659303160345,0.04082131217333804,0.011606556401018361,0.016797107962028282,0.18921717583238906,0.20764744261641727,0.1323492571117556,0.4112712882319018
2000,base1,2,137,1,,6485.986725538998,exchangeable_varying_sigma,0.2,fixed,0.2,0.2,fixed,0.2,1.0,0.9,0.035104123979873614,0.045796960921290854,0.00830258930145146,0.01371088296072107,0.02541842609115206,0.03245810066336746,0.012373330786657033,0.01799404674945593,0.1852845920084015,0.20523095025060303,0.20622395861729803,0.5411123957943772
2000,base2,2,137,1,,5652.0582116210135,exchangeable_varying_sigma,0.2,fixed,0.2,0.2,fixed,0.2,1.0,0.0,0.0362424420778563,0.04737101185180851,0.01050418126521463,0.013318162018332597,0.036423424315092205,0.04763684962715825,0.010994920761832505,0.014911321207093334,0.20974979850237063,0.22784207866255643,0.01866288607315618,0.29736338639504545
2000,base2,2,137,1,,5388.117569920985,exchangeable_varying_sigma,0.2,fixed,0.2,0.2,fixed,0.2,1.0,0.3,0.03387695478486787,0.044993532435847694,0.012611277101122045,0.01530775071341526,0.03333927126959459,0.04443684682203921,0.014845057440239326,0.01800866024234783,0.1936622148974576,0.21649352614241185,0.03983218540814959,0.30213948904566423
2000,base2,2,137,1,,5374.077669672988,exchangeable_varying_sigma,0.2,fixed,0.2,0.2,fixed,0.2,1.0,0.6,0.0337410319064459,0.04474639357883984,0.012709457446201111,0.015856114023997316,0.030534933957066367,0.04065068717124511,0.016089616104969715,0.020034944386957056,0.19000875269140619,0.21509488939211696,0.11112367548533447,0.39427204924525777
2000,base2,2,137,1,,7674.051421326993,exchangeable_varying_sigma,0.2,fixed,0.2,0.2,fixed,0.2,1.0,0.9,0.03368371221942748,0.04455294281366395,0.012387669336231116,0.016016998483056395,0.02400541106046977,0.03188294980226999,0.016718034777820717,0.0213877979062543,0.1855383118440995,0.21340074918517288,0.1861354246696879,0.5213840162510134
2000,base3,2,137,1,,4935.249818791024,exchangeable_varying_sigma,0.2,fixed,0.2,0.2,fixed,0.2,1.0,0.0,0.05822168529514075,0.07243331628929056,0.020173261237549867,0.0265344949854956,0.059860328843223835,0.0746264736047344,0.01955394581882461,0.02704201197546972,0.18153560542283462,0.2075153349202017,0.015837892889450124,0.17473413668500257
2000,base3,2,137,1,,6700.776729705016,exchangeable_varying_sigma,0.2,fixed,0.2,0.2,fixed,0.2,1.0,0.3,0.057216038790786114,0.07172724697849472,0.009180003017572824,0.011474665651528874,0.0584742190907765,0.07349954340343579,0.008625384371844402,0.010945319837095074,0.18968861368807394,0.22215085203436094,0.11694906267132787,0.2331613888568467
2000,base3,2,137,1,,5961.496119440009,exchangeable_varying_sigma,0.2,fixed,0.2,0.2,fixed,0.2,1.0,0.6,0.05736747046484232,0.07173486167781927,0.009780273893422675,0.011998761662460288,0.05712738715308229,0.07177468426701489,0.008757208347256212,0.011410303638579901,0.19353504181244818,0.22748300451694445,0.2569124186403998,0.3557095597904419
2000,base3,2,137,1,,7107.462693612004,exchangeable_varying_sigma,0.2,fixed,0.2,0.2,fixed,0.2,1.0,0.9,0.057517336939282605,0.07178054263741183,0.01044807870908443,0.012390910796790422,0.0544893983782853,0.06854375952315742,0.008735874567263519,0.01152033245574743,0.1984227555914752,0.23357855253918486,0.39935593022712323,0.5056030894032636
2000,base4,2,137,1,,5152.059093922988,exchangeable_varying_sigma,0.2,fixed,0.2,0.2,fixed,0.2,1.0,0.0,0.03247982329616037,0.04332619717719329,0.011966502995824413,0.017225804283818442,0.03253079345924765,0.04343878002939218,0.013050717489277247,0.018472528465232438,0.24407317181100904,0.2533289053401694,0.010837527166942511,0.34536597472128167
2000,base4,2,137,1,,7422.32604306002,exchangeable_varying_sigma,0.2,fixed,0.2,0.2,fixed,0.2,1.0,0.3,0.031174993597468663,0.04198095758702225,0.007543980506445558,0.012244262961432249,0.030283944166646225,0.04091604222283093,0.009578753156730596,0.014273729555298351,0.22953356980925732,0.23931090111549508,0.041829315806824974,0.35469557274853464
2000,base4,2,137,1,,9383.078969758004,exchangeable_varying_sigma,0.2,fixed,0.2,0.2,fixed,0.2,1.0,0.6,0.03122686659666511,0.04193119910445763,0.0076421608515252065,0.012897340565961958,0.027036744981335264,0.036659479627094795,0.010836657094541041,0.01610177539742731,0.2261277997483858,0.23687820871105894,0.10319227209556686,0.4417891370863153
2000,base4,2,137,1,,5925.597555707005,exchangeable_varying_sigma,0.2,fixed,0.2,0.2,fixed,0.2,1.0,0.9,0.03133914862413158,0.04199154959972169,0.007320372741553963,0.013201739033085453,0.018982733576337,0.02612885377190664,0.011481032100762067,0.017129873010389724,0.22194054960343335,0.2340357319201005,0.1681100987371552,0.5630601423956555
5000,base1,2,137,1,,48087.55625884299,exchangeable_varying_sigma,0.2,fixed,0.2,0.2,fixed,0.2,1.0,0.0,0.024632570400808015,0.030400688708183035,0.0043762606830256845,0.006412102384160481,0.024714509445233162,0.030496466022332424,0.004197603733883018,0.006046820547141604,0.04643271045240321,0.06321523909674723,0.012361012614452063,0.0671107953904812
5000,base1,2,137,1,,27915.11615755601,exchangeable_varying_sigma,0.2,fixed,0.2,0.2,fixed,0.2,1.0,0.3,0.024498577076397958,0.03062766324740218,0.008766501658767412,0.009155165058954426,0.02404086743995027,0.029987229962253028,0.008542158306791725,0.00896574191104093,0.04807297679949534,0.06434037445183399,0.042493825181391165,0.10317022574114897
5000,base1,2,137,1,,45821.46375171302,exchangeable_varying_sigma,0.2,fixed,0.2,0.2,fixed,0.2,1.0,0.6,0.024539909149023178,0.030598698340648184,0.00977621035419901,0.010243966335544382,0.022407002589438754,0.02768304976700032,0.00969029965967455,0.010413678660250473,0.05024533126193464,0.06763176220280995,0.07958673607434219,0.16555663053844621
5000,base1,2,137,1,,47797.366825377976,exchangeable_varying_sigma,0.2,fixed,0.2,0.2,fixed,0.2,1.0,0.9,0.024545900233497373,0.030528579835928514,0.010764510495774315,0.011340595685249902,0.019110253336979594,0.022945703988613172,0.010861637392535067,0.012080270362122046,0.05252156648015925,0.07143550165257607,0.1155815198772695,0.23365369542026657
5000,base2,2,137,1,,40680.538615928,exchangeable_varying_sigma,0.2,fixed,0.2,0.2,fixed,0.2,1.0,0.0,0.023879037653254984,0.02999190678696382,0.004747978395434116,0.005552351761031224,0.024085436507911624,0.030257030329683642,0.004474988528495094,0.005085672394664391,0.059353568527572634,0.07301624811184816,0.007849795547410415,0.0708975204704339
5000,base2,2,137,1,,43976.04965079896,exchangeable_varying_sigma,0.2,fixed,0.2,0.2,fixed,0.2,1.0,0.3,0.02344764800521209,0.029819272988634602,0.008180560931079883,0.008991832943951417,0.02297009632545474,0.029219025786846015,0.007695751127416328,0.008492620756031554,0.055327586419143975,0.06845055182166546,0.047662404501621625,0.11079159147961704
5000,base2,2,137,1,,35008.201361126994,exchangeable_varying_sigma,0.2,fixed,0.2,0.2,fixed,0.2,1.0,0.6,0.023585679234237565,0.029850667239235892,0.00919026962650521,0.010014939105936786,0.021142838212093732,0.02689530752263951,0.008643430996125495,0.009651309735046727,0.05436958231187789,0.06860553559886218,0.08361502419169764,0.1730325635244664
5000,base2,2,137,1,,40406.91868550214,exchangeable_varying_sigma,0.2,fixed,0.2,0.2,fixed,0.2,1.0,0.9,0.023718886229586848,0.029886341740050806,0.010178569768079543,0.011047473448437248,0.017284045812460472,0.022300196901203405,0.009572050431666673,0.010894143047556608,0.05486865607799979,0.06969717223674912,0.1178592381596667,0.23983768457275903
5000,base3,2,137,1,,36615.206695557106,exchangeable_varying_sigma,0.2,fixed,0.2,0.2,fixed,0.2,1.0,0.0,0.048380099562493464,0.05972785771454196,0.00789659479284291,0.010528464011344479,0.05052577379504863,0.06265395825278482,0.00770529345425576,0.0094069354407993,0.3552089562460736,0.4011582009281988,0.010831644847031228,0.5010707678259555
5000,base3,2,137,1,,44572.512811353896,exchangeable_varying_sigma,0.2,fixed,0.2,0.2,fixed,0.2,1.0,0.3,0.04889530634438718,0.06055119141889064,0.007033493663876206,0.008455845224571192,0.05055456881923185,0.06294083239557138,0.007317564829879497,0.008723584360985798,0.3513873877330542,0.3937796201239719,0.11887341617667038,0.5009922444179875
5000,base3,2,137,1,,47114.74287285493,exchangeable_varying_sigma,0.2,fixed,0.2,0.2,fixed,0.2,1.0,0.6,0.04901521021911348,0.06065923669218977,0.007887435991030506,0.009419137304687967,0.04974436805867591,0.06212793092146391,0.008740951470666752,0.010245496174878852,0.34947644670464645,0.3910925743580619,0.23412938321603932,0.5146084480076886
5000,base3,2,137,1,,47130.70490051899,exchangeable_varying_sigma,0.2,fixed,0.2,0.2,fixed,0.2,1.0,0.9,0.04915439322831484,0.060788833838445626,0.008875736132605117,0.010433651667139207,0.04820169151570036,0.060717635425050175,0.010455616620637292,0.012007850744810405,0.34785187105439136,0.38873418284721495,0.34885879174567314,0.5380706656863856
5000,base4,2,137,1,,42049.470594248036,exchangeable_varying_sigma,0.2,fixed,0.2,0.2,fixed,0.2,1.0,0.0,0.018702154441472458,0.02444378815941868,0.004732108867399359,0.0066329989347067185,0.018744602001704185,0.024495799740732106,0.004336268501985083,0.006263448647923954,0.09061620289565685,0.09489415127894225,0.009766959190413923,0.1287647826950593
5000,base4,2,137,1,,42742.512001581956,exchangeable_varying_sigma,0.2,fixed,0.2,0.2,fixed,0.2,1.0,0.3,0.019190868410191596,0.024898276740082152,0.008183667531443811,0.008535319599150331,0.018450213590410453,0.0239443163348758,0.008040552650056043,0.008440209596149332,0.09254904485540147,0.09652532036717669,0.034269492169160753,0.15511370676053332
5000,base4,2,137,1,,42443.19534236705,exchangeable_varying_sigma,0.2,fixed,0.2,0.2,fixed,0.2,1.0,0.6,0.01925539475340114,0.024947966707280743,0.00919337622687319,0.009623218640540943,0.016097800329105915,0.020938749890502144,0.009213664702927005,0.009916949665865557,0.09472629897234813,0.09926322755236307,0.05832849029426934,0.20490870213275061
5000,base4,2,137,1,,9377.569523517974,exchangeable_varying_sigma,0.2,fixed,0.2,0.2,fixed,0.2,1.0,0.9,0.019277022309157583,0.0249873171686424,0.010181676368449466,0.01071904036343975,0.010712057693987639,0.014051711537261032,0.01040576260609058,0.011590043096943467,0.09686165284771435,0.10224510487906802,0.08096951699914379,0.26487341639336376
2000,base1,0,138,1,,6441.899984837044,exchangeable_varying_sigma,0.2,fixed,0.2,0.2,fixed,0.2,1.0,0.0,0.035601976373392887,0.04612805390405923,0.01967258215956115,0.021468906235734754,0.035713571677744596,0.04623547627748793,0.020346326628730482,0.022243655487869534,0.1716576981850655,0.18649099635679217,0.013272902202594292,0.2432580708479983
2000,base1,0,138,1,,7420.243498484138,exchangeable_varying_sigma,0.2,fixed,0.2,0.2,fixed,0.2,1.0,0.3,0.034418764897034625,0.0446495446457379,0.001957636022074827,0.002410524934626266,0.034147193457142254,0.04411945197895544,0.0014122806940242982,0.002010489499777996,0.18248971376091025,0.20249636479871808,0.08293671194208896,0.31087179881530824
2000,base1,0,138,1,,6810.000349821057,exchangeable_varying_sigma,0.2,fixed,0.2,0.2,fixed,0.2,1.0,0.6,0.03425942053823856,0.04451371485388407,0.0033503073162544916,0.004529812606555038,0.031637488798569355,0.04069428892454351,0.0019833901445041463,0.003200698408212681,0.18742286077939396,0.21035573504704255,0.14504642685977348,0.41993424841319094
2000,base1,0,138,1,,6487.938586534001,exchangeable_varying_sigma,0.2,fixed,0.2,0.2,fixed,0.2,1.0,0.9,0.0342783569575375,0.044416944478904284,0.005585159815114482,0.007414304884725377,0.025778651557253358,0.0326263378443136,0.005080166508764444,0.006765991405507524,0.19185318090781708,0.21798429993654234,0.20500839554371342,0.5500632870396954
2000,base2,0,138,1,,9594.1242843098,exchangeable_varying_sigma,0.2,fixed,0.2,0.2,fixed,0.2,1.0,0.0,0.03519046130140083,0.0455004984217722,0.013654790623685464,0.015834697888027518,0.03542831704818145,0.04576130182343091,0.014801301985955237,0.017043732362042485,0.17715790070710813,0.1990410490457612,0.0018564898951598573,0.2505484198263062
2000,base2,0,138,1,,8555.916150379926,exchangeable_varying_sigma,0.2,fixed,0.2,0.2,fixed,0.2,1.0,0.3,0.034546608452847356,0.04505895649064237,0.0077609107840307945,0.007769949647638265,0.034381007951689864,0.04471421576127416,0.006090788571133765,0.006406964813817538,0.18719250183335112,0.21082115506790394,0.08254182527554438,0.31695801687044417
2000,base2,0,138,1,,6646.1904494371265,exchangeable_varying_sigma,0.2,fixed,0.2,0.2,fixed,0.2,1.0,0.6,0.03434190597359168,0.044948397240520556,0.00936809885213205,0.009567534222299463,0.03169716309996989,0.041301804011172116,0.006368278265861116,0.006936306910017792,0.19127217763912113,0.21764220238542603,0.14497405462249702,0.42523568088381125
2000,base2,0,138,1,,6802.3279155022465,exchangeable_varying_sigma,0.2,fixed,0.2,0.2,fixed,0.2,1.0,0.9,0.034206217551430225,0.044851357415814516,0.011363863331539187,0.012090881058826186,0.025188818604719217,0.033073754440732246,0.007786466196446046,0.009775852964001084,0.19441530880540317,0.2238419767685764,0.2066055630245689,0.5556248819098801
2000,base3,0,138,1,,8071.709009123035,exchangeable_varying_sigma,0.2,fixed,0.2,0.2,fixed,0.2,1.0,0.0,0.05864957771126892,0.07318410715757435,0.02557168865787042,0.029255621656889223,0.06057504853294153,0.07565738161950972,0.026069033761855293,0.030750978507850305,0.2021343312549498,0.24038167990375486,0.0018534555356130708,0.21928166678663522
2000,base3,0,138,1,,8716.634716745,exchangeable_varying_sigma,0.2,fixed,0.2,0.2,fixed,0.2,1.0,0.3,0.057111146439420904,0.07091641159229614,0.007341173309323587,0.00870491742395332,0.05876263119343813,0.07320553634958145,0.0072916129611968195,0.007414756076521073,0.21619130468456085,0.2567278885700272,0.14398250533037607,0.28495701912855365
2000,base3,0,138,1,,7158.648053619079,exchangeable_varying_sigma,0.2,fixed,0.2,0.2,fixed,0.2,1.0,0.6,0.05700610151610643,0.0705808658722643,0.006117464746408868,0.007206053375492884,0.05749258414018058,0.07158863188123502,0.005936277578492619,0.006058297720533885,0.21981098987502617,0.26152224532464374,0.27652429045609633,0.38992881628767534
2000,base3,0,138,1,,8487.367181061767,exchangeable_varying_sigma,0.2,fixed,0.2,0.2,fixed,0.2,1.0,0.9,0.05686744502380007,0.0701923357811232,0.004722187399170574,0.005986997576851734,0.054863289259316404,0.0685795945012327,0.003148725113159556,0.004139927945072676,0.2248944190696579,0.26752871738347583,0.40878921328572604,0.5189623512036489
2000,base4,0,138,1,,7564.959249862935,exchangeable_varying_sigma,0.2,fixed,0.2,0.2,fixed,0.2,1.0,0.0,0.03221924664879812,0.04260427057511528,0.018746176421668856,0.020914748871872807,0.032267854166723224,0.042658404657591624,0.01941029273209592,0.02164493296586678,0.21096774252033132,0.2202514271279277,0.01035782107491352,0.29857722844510387
2000,base4,0,138,1,,7630.277270342689,exchangeable_varying_sigma,0.2,fixed,0.2,0.2,fixed,0.2,1.0,0.3,0.03065598719469616,0.04093136495408752,0.002728889250635941,0.0031589764524535967,0.030239996467975414,0.04027341907145169,0.0015212496448544638,0.0020237701683861217,0.21777850415089173,0.2300717471490189,0.06708471474233874,0.3501609817554072
2000,base4,0,138,1,,8899.786838551052,exchangeable_varying_sigma,0.2,fixed,0.2,0.2,fixed,0.2,1.0,0.6,0.03043162104071999,0.040705626303466434,0.004276713054150533,0.004768256584960442,0.027179169282951957,0.03630712379805912,0.0015904301085765404,0.002143270861271735,0.22212345286468804,0.23680292894461463,0.11874994906215536,0.44778418727441177
2000,base4,0,138,1,,10485.508359804284,exchangeable_varying_sigma,0.2,fixed,0.2,0.2,fixed,0.2,1.0,0.9,0.030336762561717613,0.040485633259999605,0.006272477533558307,0.007358768388747985,0.019207821193566895,0.02618106587364314,0.0035817939919508823,0.004998214202174423,0.22582404396375558,0.24321764427230963,0.1688409162953579,0.5701261581853414
5000,base1,0,138,1,,45585.09939628886,exchangeable_varying_sigma,0.2,fixed,0.2,0.2,fixed,0.2,1.0,0.0,0.02426361643139128,0.030680247151917583,0.012203195044654544,0.01701968807869291,0.024346713129920483,0.03077444109214294,0.01156239277659038,0.016496800838541763,0.04418510609057904,0.0572506473287493,0.0055441595395717995,0.04066698609111978
5000,base1,0,138,1,,43111.564288657624,exchangeable_varying_sigma,0.2,fixed,0.2,0.2,fixed,0.2,1.0,0.3,0.024510438273764874,0.03036261880150405,0.006932500480713116,0.00935795318837131,0.024021131819954848,0.02973945129680838,0.007761524463516994,0.00946082842125974,0.050017278315683526,0.06645495346747081,0.052531935493194515,0.10384619785542921
5000,base1,0,138,1,,39234.22562837601,exchangeable_varying_sigma,0.2,fixed,0.2,0.2,fixed,0.2,1.0,0.6,0.024684916933060234,0.030448604417519017,0.0073432124120770825,0.010420030949220815,0.022520491545983703,0.027616391940646155,0.008849967042062534,0.010671801365389758,0.05043277864061693,0.06806100719891599,0.08677025247214998,0.16493446490274088
5000,base1,0,138,1,,43489.71885301126,exchangeable_varying_sigma,0.2,fixed,0.2,0.2,fixed,0.2,1.0,0.9,0.024841793149188673,0.03053748712785393,0.008022710210490863,0.01139095381686077,0.01936799041924553,0.0230698216676724,0.009560623166017301,0.011597511143586417,0.05016786527454698,0.06882056339972754,0.1199962938770337,0.22846674283427237
5000,base2,0,138,1,,36430.983131341985,exchangeable_varying_sigma,0.2,fixed,0.2,0.2,fixed,0.2,1.0,0.0,0.02421362229577216,0.030392215163087363,0.00950623587387095,0.01369499646844628,0.024403301680248568,0.030630365232144085,0.009354707428286604,0.013279658259238226,0.0745384340500242,0.08271181487877295,0.011060837424687144,0.04883976040309435
5000,base2,0,138,1,,44243.344040619675,exchangeable_varying_sigma,0.2,fixed,0.2,0.2,fixed,0.2,1.0,0.3,0.02356238306593264,0.030004717436013555,0.007032944615334574,0.011662197299214472,0.02338144780726283,0.029745971942836208,0.007650731742736144,0.011499762004990423,0.08004275753102304,0.09120848739062336,0.0448410211017542,0.09661043624130963
5000,base2,0,138,1,,36628.618772268004,exchangeable_varying_sigma,0.2,fixed,0.2,0.2,fixed,0.2,1.0,0.6,0.023491564420475477,0.029940059321569724,0.008045821330525033,0.012729388594125314,0.021735445145834944,0.02766676527913449,0.008734071447175112,0.01278845613379788,0.08042005205622658,0.09209231364184962,0.07926737523737037,0.1567308609376129
5000,base2,0,138,1,,34816.980090569996,exchangeable_varying_sigma,0.2,fixed,0.2,0.2,fixed,0.2,1.0,0.9,0.02343926965208561,0.029832569224140848,0.00908409109503791,0.01371853828819225,0.017899586198208497,0.023077339831352642,0.009857973972929812,0.013867652397976323,0.0802147017421343,0.09218864090269571,0.1133681212711356,0.22076144019772972
5000,base3,0,138,1,,32561.145243178995,exchangeable_varying_sigma,0.2,fixed,0.2,0.2,fixed,0.2,1.0,0.0,0.04942457312693303,0.060965021956456096,0.021534803336735936,0.02364734833075526,0.051686961505104344,0.06404380408276808,0.0202614706962643,0.02191676304154425,0.38760037105716544,0.43248175655116117,0.0073383467948253105,0.5474888444924605
5000,base3,0,138,1,,33950.84138996608,exchangeable_varying_sigma,0.2,fixed,0.2,0.2,fixed,0.2,1.0,0.3,0.04958222474323035,0.061267803091996934,0.015899967972603513,0.017726960938510675,0.051340391936039474,0.06364865307482408,0.015925341344839805,0.018071317607983858,0.37507654277769553,0.4136039228505696,0.1395149597300507,0.541381911635349
5000,base3,0,138,1,,38437.37607560499,exchangeable_varying_sigma,0.2,fixed,0.2,0.2,fixed,0.2,1.0,0.6,0.0496239136390853,0.06138026397703283,0.016361081071726624,0.01841641691151431,0.05054906746711873,0.06281727136567343,0.016426382704365416,0.01889436435951569,0.3702330868504101,0.4079873979261585,0.2524664795309616,0.5513591245402409
5000,base3,0,138,1,,32372.18869200599,exchangeable_varying_sigma,0.2,fixed,0.2,0.2,fixed,0.2,1.0,0.9,0.04965039266052291,0.06151819741781313,0.016627475176253487,0.019039939787695578,0.04898025225177941,0.06138159680368698,0.016391411391195293,0.019397362301148458,0.3656139307161017,0.402406815490956,0.3634960031551151,0.5681139103860418
5000,base4,0,138,1,,36662.03251825203,exchangeable_varying_sigma,0.2,fixed,0.2,0.2,fixed,0.2,1.0,0.0,0.018875042957388777,0.024811842501810875,0.011957325140772829,0.01643382892246401,0.018911042612154778,0.024867421897747703,0.011399568451159817,0.016052813659367907,0.07286487536443545,0.08614415452883495,0.006072467980147508,0.1033026139393458
5000,base4,0,138,1,,29898.355020520044,exchangeable_varying_sigma,0.2,fixed,0.2,0.2,fixed,0.2,1.0,0.3,0.019011326959614033,0.02461936587209464,0.007870259235773919,0.010587487611459556,0.018291170027286262,0.0237927470607812,0.008296502511228154,0.010723456382346766,0.0828131258992852,0.09736424688026125,0.04015032437835048,0.14602133363473715
5000,base4,0,138,1,,28640.15069773898,exchangeable_varying_sigma,0.2,fixed,0.2,0.2,fixed,0.2,1.0,0.6,0.01913820237077299,0.02469551028052866,0.00833137233489531,0.01164654493902311,0.016143789258838276,0.020988241423610554,0.009383623080479131,0.011874831183658409,0.08646719428349632,0.10021068266772386,0.06126431334384552,0.19548713903291648
5000,base4,0,138,1,,26594.934490129002,exchangeable_varying_sigma,0.2,fixed,0.2,0.2,fixed,0.2,1.0,0.9,0.01915151649600922,0.024767905152861636,0.00885861513618863,0.012609475658688795,0.010900434895405103,0.014198187955856381,0.010089431626076895,0.012724258792500347,0.08926379970470831,0.10208318677421964,0.0809813620322779,0.2518403382267321
2000,base1,1,139,1,,6787.724797928706,exchangeable_varying_sigma,0.2,fixed,0.2,0.2,fixed,0.2,1.0,0.0,0.03620649434818633,0.04734130483856949,0.03660866725187642,0.04527729530896958,0.03641177285435859,0.04771729162344969,0.03742664976421273,0.045292081510022356,0.17347148888098712,0.18767442584928715,0.01960292066524557,0.2463934834363204
2000,base1,1,139,1,,7789.085291594267,exchangeable_varying_sigma,0.2,fixed,0.2,0.2,fixed,0.2,1.0,0.3,0.036334779982577996,0.0483633044831375,0.028240705876463434,0.03797228861919632,0.03548547766568999,0.04745777213312246,0.028151511263619505,0.03672967361009893,0.168160515546252,0.1878592714969046,0.0809999991581036,0.2903831840357086
2000,base1,1,139,1,,7525.088677546941,exchangeable_varying_sigma,0.2,fixed,0.2,0.2,fixed,0.2,1.0,0.6,0.03643006328793181,0.04839388990760638,0.03137165705813996,0.041912815982218826,0.032657272687112875,0.04360617738602792,0.0301892367043943,0.03826924593797522,0.17078242962618634,0.18817530984103917,0.14476133197323404,0.39667743025584173
2000,base1,1,139,1,,6469.008482262958,exchangeable_varying_sigma,0.2,fixed,0.2,0.2,fixed,0.2,1.0,0.9,0.036455913623402426,0.04831465566963899,0.034263747342439727,0.04542664019977105,0.02660471141875214,0.03484044808036828,0.0312017788979191,0.0382515005527673,0.17316738107474358,0.18808143322280185,0.20598954822912396,0.522251851192951
2000,base2,1,139,1,,7050.726791347843,exchangeable_varying_sigma,0.2,fixed,0.2,0.2,fixed,0.2,1.0,0.0,0.035543021003794924,0.04644024973141907,0.03782380101714433,0.04513541571581593,0.03579335022517572,0.04690736492635265,0.039301945266781185,0.045591919718174063,0.1745516513992377,0.19554087641541204,0.02934355132280025,0.2492186358748461
2000,base2,1,139,1,,6783.162963041104,exchangeable_varying_sigma,0.2,fixed,0.2,0.2,fixed,0.2,1.0,0.3,0.03624522160681574,0.04840345091028133,0.028588320624265667,0.03819582962421949,0.03566474855765194,0.0476638694360603,0.027238036886490916,0.03684467639840427,0.17210141291913617,0.1979061239081727,0.08556169902200117,0.29872067776377575
2000,base2,1,139,1,,6032.21245670924,exchangeable_varying_sigma,0.2,fixed,0.2,0.2,fixed,0.2,1.0,0.6,0.036279687842857664,0.04839544482961727,0.03171927180593878,0.042161903775222956,0.03281691216781816,0.04370735023541559,0.02976980074074219,0.03863011267098368,0.17455529105064407,0.19872071675021197,0.1505332937911098,0.40720021831059877
2000,base2,1,139,1,,9461.89645525068,exchangeable_varying_sigma,0.2,fixed,0.2,0.2,fixed,0.2,1.0,0.9,0.0362735356677712,0.04824466457161242,0.034611362090243125,0.0457053737648022,0.026238450651279072,0.03470413698352931,0.03165869769113519,0.03925009646132756,0.1765558279891373,0.19887488445879858,0.21381736604412682,0.5354900383979093
2000,base3,1,139,1,,8525.108303796034,exchangeable_varying_sigma,0.2,fixed,0.2,0.2,fixed,0.2,1.0,0.0,0.0580137333438641,0.07172763202332465,0.036124645379648435,0.045930961971211444,0.06023369106758766,0.07454210252595574,0.03587622783940733,0.045973991854398995,0.21653015302326184,0.25568816992231364,0.014291271734746102,0.2583929806404656
2000,base3,1,139,1,,6131.286205004901,exchangeable_varying_sigma,0.2,fixed,0.2,0.2,fixed,0.2,1.0,0.3,0.056995010678945426,0.07178869003373733,0.03125698116843635,0.0371117117998688,0.05875277938034954,0.0740275275721655,0.03313998262142423,0.03772175458676722,0.23299702914854395,0.2711627220466872,0.156929885365899,0.31782325976034037
2000,base3,1,139,1,,7784.971384839155,exchangeable_varying_sigma,0.2,fixed,0.2,0.2,fixed,0.2,1.0,0.6,0.05723416502567239,0.07191711168498414,0.034034364014222565,0.04099224425731919,0.0574694600506188,0.07233937127618424,0.035953219304214204,0.04055515246418535,0.2277481747154083,0.2686332973092978,0.2889335202481923,0.4157029903122962
2000,base3,1,139,1,,7816.433520917315,exchangeable_varying_sigma,0.2,fixed,0.2,0.2,fixed,0.2,1.0,0.9,0.0575781338214492,0.07204324239197789,0.036468015527590464,0.044464085333123717,0.05491247624141891,0.06907979071301378,0.03816597938796697,0.04261646872505323,0.2217837004915184,0.2658192185221112,0.4177327471394732,0.5323995207499737
2000,base4,1,139,1,,8980.647446068004,exchangeable_varying_sigma,0.2,fixed,0.2,0.2,fixed,0.2,1.0,0.0,0.03224127652131925,0.04350246331782037,0.03634492936773942,0.045233868053551986,0.032344523197376664,0.04378318241000041,0.037149495176333314,0.04530884991643091,0.21049500875733096,0.2189990084240426,0.02556297457713445,0.2990500483581151
2000,base4,1,139,1,,10170.638060161844,exchangeable_varying_sigma,0.2,fixed,0.2,0.2,fixed,0.2,1.0,0.3,0.032179135957361445,0.04475936165957758,0.028075545542672706,0.03773017397020703,0.031153524355041297,0.04368400253389408,0.02850556950421429,0.03655121636623218,0.20708094009585273,0.21925252893328312,0.07426046492378713,0.3391907022694596
2000,base4,1,139,1,,7835.593351031654,exchangeable_varying_sigma,0.2,fixed,0.2,0.2,fixed,0.2,1.0,0.6,0.03236609589287214,0.04481240801900431,0.031146775475987154,0.04168194955414334,0.027779578831958758,0.03934015194447165,0.030754616911235558,0.0381752836649411,0.20991271941806208,0.22091281453391975,0.1265119886510207,0.4361091160941065
2000,base4,1,139,1,,11831.511656939983,exchangeable_varying_sigma,0.2,fixed,0.2,0.2,fixed,0.2,1.0,0.9,0.03260769425764963,0.04475751665282714,0.03403886576028853,0.04520840986334569,0.01981509719447173,0.02876229763852204,0.03204113284335387,0.03828082621657055,0.21254039167571442,0.22236572294229928,0.17576283008507698,0.5547441764970943
5000,base1,1,139,1,,40201.464811678044,exchangeable_varying_sigma,0.2,fixed,0.2,0.2,fixed,0.2,1.0,0.0,0.02556017016334918,0.03185244898818991,0.010021756115185076,0.01276001588854292,0.02563010876448779,0.031931442773231164,0.00994317526116724,0.012817019031302957,0.04240509941908262,0.058287936178736524,0.000996769613058334,0.05922802625670187
5000,base1,1,139,1,,39793.051426450256,exchangeable_varying_sigma,0.2,fixed,0.2,0.2,fixed,0.2,1.0,0.3,0.024218905998373952,0.030244468113155665,0.009384266700194183,0.012236456724755946,0.023992821810068433,0.029648335940962892,0.008874575818377861,0.01173745751503375,0.0376862238295488,0.04975543394939761,0.045401406808139755,0.08831139855330433
5000,base1,1,139,1,,45498.77116751764,exchangeable_varying_sigma,0.2,fixed,0.2,0.2,fixed,0.2,1.0,0.6,0.02411634117041316,0.03019020266638293,0.010637369035311012,0.0137943066585063,0.022501805960588917,0.02738486817491534,0.009818954844856037,0.012998953841025182,0.04014227328729313,0.05230247781776676,0.08347267630526001,0.15138725933577898
5000,base1,1,139,1,,41821.04751815414,exchangeable_varying_sigma,0.2,fixed,0.2,0.2,fixed,0.2,1.0,0.9,0.023965131120231572,0.030080966376243502,0.011945127442025916,0.015414687403278919,0.019283741752181238,0.022816416562539164,0.010936951729236116,0.014432868245592475,0.042548105397107884,0.05483405636385313,0.1207286338371123,0.2184203673376154
5000,base2,1,139,1,,42792.28541603219,exchangeable_varying_sigma,0.2,fixed,0.2,0.2,fixed,0.2,1.0,0.0,0.024196207967540236,0.03079127266434231,0.01296861319676712,0.015619077962495797,0.0243462432182346,0.030970384345643164,0.012656270744855772,0.01565508745677202,0.0632072436464184,0.07386411711928624,0.011861340925336193,0.06226647071619133
5000,base2,1,139,1,,44490.66627901886,exchangeable_varying_sigma,0.2,fixed,0.2,0.2,fixed,0.2,1.0,0.3,0.024651561379662932,0.03117559393697038,0.006886297416445697,0.009116351458856307,0.024257183427686273,0.03059209100161068,0.006426173026041343,0.008997094165776008,0.06495375791988281,0.07141937998164428,0.05061315734020036,0.09890034271999705
5000,base2,1,139,1,,38136.53956005699,exchangeable_varying_sigma,0.2,fixed,0.2,0.2,fixed,0.2,1.0,0.6,0.024551380471430923,0.031201203009897475,0.008139399751559279,0.010664471516068905,0.02234497025516721,0.028210812956332775,0.007218180147588099,0.010285270512822053,0.06731222491687136,0.07411357441247311,0.0888109765457692,0.16344569883514648
5000,base2,1,139,1,,36586.417791805,exchangeable_varying_sigma,0.2,fixed,0.2,0.2,fixed,0.2,1.0,0.9,0.02428552452134008,0.031150034108308175,0.009447158158271102,0.012281385678511026,0.018222172777964934,0.023372284588596016,0.008186362007126552,0.011758629948583784,0.06889810034944172,0.07629296393747831,0.12626960837322398,0.2322374050684343
5000,base3,1,139,1,,35242.58688358305,exchangeable_varying_sigma,0.2,fixed,0.2,0.2,fixed,0.2,1.0,0.0,0.049110245749530844,0.06104695713813778,0.0090395335368786,0.012960442919351335,0.05113078330169665,0.06377413389918733,0.010009707312547286,0.014138271181473096,0.37527741942889026,0.4167400368026934,0.017281560759772843,0.5316821492066884
5000,base3,1,139,1,,34536.306875507,exchangeable_varying_sigma,0.2,fixed,0.2,0.2,fixed,0.2,1.0,0.3,0.048483127365670856,0.059900917779631316,0.009706818587101373,0.011941445596831452,0.050167356979644515,0.062289326005503,0.010126165664204045,0.01222875308918907,0.39108807761040737,0.43368388467924784,0.14550594537562664,0.5660131842540373
5000,base3,1,139,1,,36095.04118534998,exchangeable_varying_sigma,0.2,fixed,0.2,0.2,fixed,0.2,1.0,0.6,0.04866544054366847,0.06018330414582464,0.01099768413621835,0.013532741302608975,0.04950140576380375,0.061634755210463375,0.011540595969243589,0.013724148257595162,0.38787632511673,0.43061384069659253,0.25887456215222177,0.5768684226514552
5000,base3,1,139,1,,37217.76179277996,exchangeable_varying_sigma,0.2,fixed,0.2,0.2,fixed,0.2,1.0,0.9,0.048963023599629396,0.060610729885655336,0.012379761574383863,0.015192641653065143,0.04827740564405691,0.060685684775027095,0.01319880195512002,0.015444395863856222,0.3838659142133591,0.42641696851474653,0.3691333810240741,0.5907314146042113
5000,base4,1,139,1,,31493.437809958938,exchangeable_varying_sigma,0.2,fixed,0.2,0.2,fixed,0.2,1.0,0.0,0.019593534079452583,0.025720357297394476,0.010856711578077993,0.013696383542939434,0.019608614848068348,0.02574475937791172,0.010904358412186121,0.013859783882218934,0.08668320803255572,0.09019630088023237,0.0014477298093274705,0.12260282919011126
5000,base4,1,139,1,,29493.48181883397,exchangeable_varying_sigma,0.2,fixed,0.2,0.2,fixed,0.2,1.0,0.3,0.018460216302731956,0.02443802558466182,0.008539559640552474,0.01096950384971967,0.017847662053349953,0.023400777550989633,0.00805331916069671,0.010575626156619866,0.07696597633663846,0.08103634359954677,0.03943310412131823,0.13756867761292157
5000,base4,1,139,1,,28777.019491350977,exchangeable_varying_sigma,0.2,fixed,0.2,0.2,fixed,0.2,1.0,0.6,0.01850358347796482,0.024557736796881877,0.009792661975664141,0.0125460710577946,0.01567688855992167,0.020380974800597324,0.008866252062277258,0.01184825638335253,0.07965718195833635,0.08429468017908533,0.06373664783473265,0.18803028582922504
5000,base4,1,139,1,,25714.345200611977,exchangeable_varying_sigma,0.2,fixed,0.2,0.2,fixed,0.2,1.0,0.9,0.018627185384847547,0.024684593726412563,0.011100420382382736,0.014185345725295206,0.010577118317025319,0.01366459458504423,0.010155642019541888,0.013323283474798322,0.08280845471237046,0.08783496775733046,0.08618789764042545,0.24675320197453918
2000,base1,2,140,1,,8001.693947053049,exchangeable_varying_sigma,0.2,fixed,0.2,0.2,fixed,0.2,1.0,0.0,0.0361510521526834,0.04728210659740903,0.01603429657997213,0.017839472068528293,0.03629484388882092,0.04752899205616134,0.014579066011758318,0.016928689299386623,0.21174886472399368,0.22308541195448459,0.01636385894131542,0.300013204833648
2000,base1,2,140,1,,8227.332782430109,exchangeable_varying_sigma,0.2,fixed,0.2,0.2,fixed,0.2,1.0,0.3,0.03494308721627217,0.04549975332548987,0.027580665279873157,0.032801587845170656,0.03446192106311018,0.04497410407643978,0.02908881278375483,0.033380148246992696,0.23114843296436616,0.24119608273011015,0.13127163795281502,0.40601101035207227
2000,base1,2,140,1,,6797.344724564347,exchangeable_varying_sigma,0.2,fixed,0.2,0.2,fixed,0.2,1.0,0.6,0.03460694372547326,0.04491391828872181,0.029549875879426202,0.0358158963229491,0.031714592494894125,0.04105391214377652,0.0317460056530838,0.03589615729599582,0.24737891772698536,0.2563483127378646,0.18688609226162567,0.5380791670640783
2000,base1,2,140,1,,6282.977599273901,exchangeable_varying_sigma,0.2,fixed,0.2,0.2,fixed,0.2,1.0,0.9,0.03408577816962979,0.04431951543873703,0.03160686526345423,0.038416353860378366,0.025604872224495798,0.032453224515594854,0.03339234559364032,0.037545388741175724,0.26299761234987984,0.2711814036054963,0.23266304991095133,0.6866896971597098
2000,base2,2,140,1,,6999.929209296126,exchangeable_varying_sigma,0.2,fixed,0.2,0.2,fixed,0.2,1.0,0.0,0.03386816906248548,0.044564006424182775,0.01650956769156331,0.01735902721635776,0.034098087742780815,0.044921067456670585,0.014738006348544413,0.01602471412904631,0.21654219588100265,0.23352511603824874,0.016577365957898212,0.3067872294737634
2000,base2,2,140,1,,7326.16678151302,exchangeable_varying_sigma,0.2,fixed,0.2,0.2,fixed,0.2,1.0,0.3,0.03443054460057301,0.04579402969822009,0.029130758571657145,0.03423743877434548,0.03392844630007675,0.04522685890587677,0.030383731402414127,0.03443276143355303,0.2290041912232624,0.24321165918253448,0.13235222113250283,0.40397159226076557
2000,base2,2,140,1,,9290.584803116973,exchangeable_varying_sigma,0.2,fixed,0.2,0.2,fixed,0.2,1.0,0.6,0.0342908307813509,0.04536377578521434,0.031099969171210218,0.03719701584364282,0.031132006898241114,0.041281678326402144,0.03305636990255306,0.037060564885677535,0.2449425949003623,0.25827614655169023,0.1879413916404108,0.5356191984766144
2000,base2,2,140,1,,9557.057621331885,exchangeable_varying_sigma,0.2,fixed,0.2,0.2,fixed,0.2,1.0,0.9,0.034098396343019075,0.04495759780476999,0.03242752699390161,0.0397265894180263,0.024818625758907305,0.03271362424819333,0.03477657203565679,0.03898954299701595,0.2604012032947132,0.2734580435870026,0.23332339246375755,0.683224990209776
2000,base3,2,140,1,,7306.036849307828,exchangeable_varying_sigma,0.2,fixed,0.2,0.2,fixed,0.2,1.0,0.0,0.057173235855590684,0.07228284080404486,0.020989472866689812,0.02387595117122003,0.0592591341220556,0.0749603752287437,0.01672843611374064,0.019990099636764527,0.18728915508335559,0.22659396957473535,0.024359332079067594,0.20078801087168077
2000,base3,2,140,1,,7320.508320769761,exchangeable_varying_sigma,0.2,fixed,0.2,0.2,fixed,0.2,1.0,0.3,0.05622966396909858,0.07007768850562732,0.02220766641238614,0.027544131876833692,0.05821817556077943,0.07260585239080218,0.02559988066503069,0.029997608899042957,0.18384044052088092,0.21978200340108284,0.1916329750205321,0.3010903619853502
2000,base3,2,140,1,,8805.537364582065,exchangeable_varying_sigma,0.2,fixed,0.2,0.2,fixed,0.2,1.0,0.6,0.05580691511364109,0.0696627890792972,0.024176877011939102,0.030614303492009935,0.05674751264882718,0.07085299007748995,0.027937907936876727,0.0325587372319,0.17767677152464928,0.21093176025283397,0.3242227181775957,0.4425686336006129
2000,base3,2,140,1,,6607.950247282628,exchangeable_varying_sigma,0.2,fixed,0.2,0.2,fixed,0.2,1.0,0.9,0.055359922297806924,0.06925468897988299,0.026651688976736185,0.03330111161772374,0.05386874753235469,0.06769774347746008,0.02918568654882886,0.034089475757380465,0.17275555590947567,0.20261675906695312,0.45207253612903875,0.5987709058275055
2000,base4,2,140,1,,7685.70177203184,exchangeable_varying_sigma,0.2,fixed,0.2,0.2,fixed,0.2,1.0,0.0,0.031868205054252495,0.04291782903066423,0.01719167672637195,0.018787102009941912,0.0319233651387415,0.04308499388072182,0.01590012432395685,0.017816830812954605,0.2512429624945203,0.2589662501405769,0.017555634213009496,0.3557971745859466
2000,base4,2,140,1,,7959.678520038724,exchangeable_varying_sigma,0.2,fixed,0.2,0.2,fixed,0.2,1.0,0.3,0.031088003117277326,0.04175689244183226,0.027048598158498555,0.032193879848145035,0.03041372133664727,0.041036637949845176,0.028411561518786488,0.03259597642626421,0.26918190963804045,0.2752090663481566,0.12138089660430629,0.4498360712578184
2000,base4,2,140,1,,10815.30080146296,exchangeable_varying_sigma,0.2,fixed,0.2,0.2,fixed,0.2,1.0,0.6,0.03076211657561547,0.04116405826977751,0.0290178087580521,0.03520267198561088,0.027051237895296735,0.03653125295247022,0.03109108937499802,0.03515440601859909,0.28544158243597545,0.2909016005249805,0.1631840720918747,0.5733162252069439
2000,base4,2,140,1,,11319.218821272254,exchangeable_varying_sigma,0.2,fixed,0.2,0.2,fixed,0.2,1.0,0.9,0.030346806806031412,0.040576257577938084,0.030449485117054878,0.037796100254942344,0.018881561161091426,0.025801936567086278,0.03281725692122378,0.036953189327018604,0.3011322919217922,0.30632899921534046,0.19375367169667002,0.7153513325697289
5000,base1,2,140,1,,42735.600568431895,exchangeable_varying_sigma,0.2,fixed,0.2,0.2,fixed,0.2,1.0,0.0,0.02412422526607357,0.03004758087342639,0.014657043160727606,0.01583496593307538,0.024193344225594566,0.030129327130211096,0.014900623997454177,0.016000502389526838,0.05432235464497161,0.07237886231807733,0.013531058203269558,0.07892599474314664
5000,base1,2,140,1,,41881.934930884745,exchangeable_varying_sigma,0.2,fixed,0.2,0.2,fixed,0.2,1.0,0.3,0.023885544304474635,0.029623847498639045,0.007728950497387491,0.007874659726608226,0.02337289952375745,0.029010783400206103,0.00727615436517641,0.007640719895336993,0.0605972112286245,0.08074562447060847,0.056559377343753714,0.12587943047329347
5000,base1,2,140,1,,40217.09538309183,exchangeable_varying_sigma,0.2,fixed,0.2,0.2,fixed,0.2,1.0,0.6,0.024006885548498117,0.029625218054977035,0.00863632241891546,0.008715259453871523,0.021951126098090683,0.02687367305053449,0.007483591151220867,0.007839267304423032,0.06858012397703823,0.09084510188497069,0.09067958668620313,0.19136885450574317
5000,base1,2,140,1,,44120.56351001188,exchangeable_varying_sigma,0.2,fixed,0.2,0.2,fixed,0.2,1.0,0.9,0.024158422754315418,0.02966441912582181,0.009472837143338367,0.009547180070630426,0.01910974349536727,0.02265297445266123,0.00748001236962989,0.007761051287794425,0.07684431113603775,0.1014864281431857,0.1211941469714819,0.2605283700777986
5000,base2,2,140,1,,36062.36332062102,exchangeable_varying_sigma,0.2,fixed,0.2,0.2,fixed,0.2,1.0,0.0,0.023573026271020595,0.029744017549273888,0.014641106786210806,0.01599982929624444,0.0237308473986401,0.029954602063906422,0.015335040711266817,0.016669376663713383,0.06508291903350492,0.07925337356479693,0.01751645168735667,0.08441134651891674
5000,base2,2,140,1,,36011.21945642802,exchangeable_varying_sigma,0.2,fixed,0.2,0.2,fixed,0.2,1.0,0.3,0.02364022283108099,0.0301685263103997,0.007804663956383212,0.00789486937403309,0.02326112848281473,0.029726743823194266,0.0077615582065786864,0.007853099872642072,0.07251199019600602,0.09098067988984364,0.050274093290120336,0.12542835382054607
5000,base2,2,140,1,,33896.189894449024,exchangeable_varying_sigma,0.2,fixed,0.2,0.2,fixed,0.2,1.0,0.6,0.023546743961507948,0.02999186042430973,0.00871203587791565,0.00886058254411326,0.02146827092482614,0.027399991375608293,0.008071987309411985,0.008163043183825778,0.08040246366742156,0.10191845212829082,0.08475697465925514,0.1900531211342191
5000,base2,2,140,1,,36165.842106444994,exchangeable_varying_sigma,0.2,fixed,0.2,0.2,fixed,0.2,1.0,0.9,0.023420906212414883,0.029749916753736217,0.009548550602341013,0.009829162128528223,0.01757859995686797,0.02272209524096137,0.008157413649767714,0.008297021077020433,0.0883787956901113,0.11306120181886584,0.11707312080011023,0.2606531794272701
5000,base3,2,140,1,,36766.76893017697,exchangeable_varying_sigma,0.2,fixed,0.2,0.2,fixed,0.2,1.0,0.0,0.04880773192942645,0.06046906836771934,0.010318348013035591,0.012837607838960673,0.050773260099595326,0.06319213884505649,0.011289827883215295,0.014132732854630601,0.34626863273532354,0.38894141363819074,0.014693562758659993,0.4893100361052836
5000,base3,2,140,1,,32747.914925486024,exchangeable_varying_sigma,0.2,fixed,0.2,0.2,fixed,0.2,1.0,0.3,0.04824660358875054,0.059488773924477,0.008780676671664045,0.010014745239148226,0.05011112530407679,0.06218153671406386,0.008945276769172048,0.010352230798598474,0.3579750968974568,0.4027523753894871,0.12384835429225977,0.5096377455186127
5000,base3,2,140,1,,32434.154046273965,exchangeable_varying_sigma,0.2,fixed,0.2,0.2,fixed,0.2,1.0,0.6,0.04835022771323956,0.05966055917823966,0.009422758823574101,0.010884410523458215,0.049547855215876596,0.06169611715316315,0.009460100856609546,0.01081365899883058,0.3545541314832297,0.3984517917726687,0.23593990646543023,0.5178116367389094
5000,base3,2,140,1,,37213.66626238305,exchangeable_varying_sigma,0.2,fixed,0.2,0.2,fixed,0.2,1.0,0.9,0.04849389748017957,0.05997096402752849,0.010216415487738148,0.011753335029065844,0.04837515110681697,0.060849195623836,0.009857289731708685,0.011167646567466494,0.35030588094797294,0.3930313570662037,0.34482292867658004,0.5321379497924708
5000,base4,2,140,1,,32800.647437123,exchangeable_varying_sigma,0.2,fixed,0.2,0.2,fixed,0.2,1.0,0.0,0.018585848849133415,0.024044328879376322,0.013783726400103585,0.015198763485253125,0.01859813775046951,0.024069687337643687,0.014017525170090125,0.015365248675969589,0.09888555819937087,0.10295303663576745,0.018210351763654136,0.1417577437208094
5000,base4,2,140,1,,27351.038264469942,exchangeable_varying_sigma,0.2,fixed,0.2,0.2,fixed,0.2,1.0,0.3,0.017686424790927066,0.023497542230187334,0.007904165876912492,0.00808619215134458,0.016976647360191596,0.02258425265039825,0.007385055134626423,0.007678451644754827,0.09821037938004114,0.107022798792166,0.04218202859328768,0.16853401193617573
5000,base4,2,140,1,,28052.878735666047,exchangeable_varying_sigma,0.2,fixed,0.2,0.2,fixed,0.2,1.0,0.6,0.017746097777485002,0.023506270474397205,0.008811537798443347,0.008997797533519388,0.014907909668170618,0.019699063212765364,0.007567406911009475,0.00785952747064808,0.10308612474368851,0.11582295889027323,0.06315565011161928,0.22211822734342002
5000,base4,2,140,1,,24533.785308724036,exchangeable_varying_sigma,0.2,fixed,0.2,0.2,fixed,0.2,1.0,0.9,0.017923572218875684,0.023578773073934495,0.009648052522867975,0.00990288546839418,0.010164676343645264,0.013281809296455277,0.007522441137562924,0.007805283695220832,0.10837359703787722,0.1253661171803553,0.08026483779458038,0.2840439659152264
2000,base1,0,141,1,,5381.155755681917,exchangeable_varying_sigma,0.2,fixed,0.2,0.2,fixed,0.2,1.0,0.0,0.03533128571251047,0.04589192228260342,0.0251826761707466,0.029243768244263755,0.035467056330091555,0.046061780802277484,0.02294312306566816,0.02726829334396216,0.16929738338421055,0.19145323428355912,0.03789265325468898,0.24352592747791882
2000,base1,0,141,1,,5741.637169732014,exchangeable_varying_sigma,0.2,fixed,0.2,0.2,fixed,0.2,1.0,0.3,0.03473406210562473,0.045317937699300426,0.021348681191922986,0.025917259089068792,0.03421808836147611,0.04447874738041561,0.020436946604863032,0.024802586380972155,0.15587326990078337,0.18307565936472284,0.03403245433795904,0.2449292504642514
2000,base1,0,141,1,,5400.310591033194,exchangeable_varying_sigma,0.2,fixed,0.2,0.2,fixed,0.2,1.0,0.6,0.03479012966887453,0.04549380815550769,0.02354218457536636,0.028118746569682513,0.03155497185659507,0.04083392330887783,0.02244531756722834,0.026200923357886898,0.14800274120887685,0.1780797500055011,0.11144200842712049,0.3336730385706336
2000,base1,0,141,1,,5332.411992734065,exchangeable_varying_sigma,0.2,fixed,0.2,0.2,fixed,0.2,1.0,0.9,0.035095206628596706,0.045872282861539715,0.02552914129793349,0.029908230765276163,0.025675024435375712,0.03263123705379457,0.024769407814547145,0.02754354885132251,0.14175279355267958,0.17473501031282407,0.19323548992982542,0.4608469019122871
2000,base2,0,141,1,,5479.301434529014,exchangeable_varying_sigma,0.2,fixed,0.2,0.2,fixed,0.2,1.0,0.0,0.03488395904131327,0.04538294294264272,0.02781955834277429,0.031930597739381214,0.03511491521061261,0.04569862461689978,0.026862239463178533,0.029979307759195342,0.16843888043599925,0.19732542236007153,0.03575522399913217,0.2418912448283419
2000,base2,0,141,1,,5846.332357057836,exchangeable_varying_sigma,0.2,fixed,0.2,0.2,fixed,0.2,1.0,0.3,0.03447932357639745,0.04460899079583139,0.019809777989914623,0.023608584745107672,0.03397684226924148,0.04401183086580787,0.017766832841994762,0.02143631002654862,0.15359239212453876,0.1848046392580663,0.025949140843804563,0.2375720398164218
2000,base2,0,141,1,,5233.622737514088,exchangeable_varying_sigma,0.2,fixed,0.2,0.2,fixed,0.2,1.0,0.6,0.03433918439741925,0.04462347216525159,0.02135486119534702,0.02567514272036778,0.03105420108091948,0.04026747160518008,0.018311354419062786,0.02214340536764524,0.14565314218561706,0.18010857239968087,0.10322203033674865,0.3226234006559598
2000,base2,0,141,1,,6065.523428241955,exchangeable_varying_sigma,0.2,fixed,0.2,0.2,fixed,0.2,1.0,0.9,0.03436848536512973,0.0448134029468276,0.02244701257275615,0.02731022695194586,0.024600650103677752,0.03186972938440146,0.01928001619898989,0.022606400009373407,0.1394335406059709,0.17743090585602891,0.18492347859066371,0.4482308640920947
2000,base3,0,141,1,,5404.88258929993,exchangeable_varying_sigma,0.2,fixed,0.2,0.2,fixed,0.2,1.0,0.0,0.05667917787580637,0.07110955772660728,0.02111478727406005,0.02177817414618279,0.05876066111889341,0.07375444745066845,0.018781492523687743,0.019337016339457308,0.21650519762213388,0.24947198290927283,0.015672302426631663,0.23603838249035758
2000,base3,0,141,1,,5459.2187208549585,exchangeable_varying_sigma,0.2,fixed,0.2,0.2,fixed,0.2,1.0,0.3,0.056895633998626224,0.07148249561617091,0.030537794959270226,0.03599862896026135,0.05840293685271858,0.07339069489713494,0.029291702897770056,0.03507509964983181,0.2201379944362636,0.2491254252766183,0.11224636871528848,0.26624292584697856
2000,base3,0,141,1,,5577.840380734997,exchangeable_varying_sigma,0.2,fixed,0.2,0.2,fixed,0.2,1.0,0.6,0.056853389965074455,0.07156078302747064,0.032731298342711906,0.03821667605969284,0.05711395968291103,0.07182018827079009,0.03172209836551182,0.03719112685251585,0.22616376268617883,0.25588766062986923,0.25040285766722864,0.36587752604799895
2000,base3,0,141,1,,6079.718099468853,exchangeable_varying_sigma,0.2,fixed,0.2,0.2,fixed,0.2,1.0,0.9,0.05690463561543643,0.07171505617211786,0.03471825506527934,0.04003434126459311,0.05445526491146191,0.06876210347741274,0.03435918650820943,0.039098586123488856,0.23125966454724017,0.2616925047436651,0.3904849931958746,0.49358663488068294
2000,base4,0,141,1,,5206.763518821914,exchangeable_varying_sigma,0.2,fixed,0.2,0.2,fixed,0.2,1.0,0.0,0.03137390775941103,0.04203024727656967,0.024736558510571938,0.028399969252361476,0.03140747066837935,0.04213912457000804,0.02262612800881271,0.026633416745456905,0.20385204539127585,0.21749383178482787,0.033810900976528245,0.29079291929892004
2000,base4,0,141,1,,5311.541857965989,exchangeable_varying_sigma,0.2,fixed,0.2,0.2,fixed,0.2,1.0,0.3,0.031167301873133768,0.041584144819208996,0.021718007241624232,0.026954394068512962,0.030325217132162834,0.04059251556403087,0.020832994635030522,0.025793780800283647,0.19173709476397158,0.20807729857243296,0.021806928827350247,0.2912392971013001
2000,base4,0,141,1,,6334.527610821882,exchangeable_varying_sigma,0.2,fixed,0.2,0.2,fixed,0.2,1.0,0.6,0.031211067701202123,0.04170275850901792,0.02391151062506683,0.02913143442237006,0.027027713694662395,0.03634167911729097,0.02293423640336756,0.027211551502955667,0.18401820249459802,0.20226381105114472,0.08912172036998156,0.3671518935968641
2000,base4,0,141,1,,8287.535086337943,exchangeable_varying_sigma,0.2,fixed,0.2,0.2,fixed,0.2,1.0,0.9,0.03140775106922054,0.04201246321116122,0.025898467347637455,0.030889108163535833,0.019057690103697806,0.025990423547487203,0.025427617605187025,0.02858356579965362,0.17797798863836106,0.19824909423892378,0.1609237578443854,0.48417105740705957
5000,base1,0,141,1,,32549.85244085896,exchangeable_varying_sigma,0.2,fixed,0.2,0.2,fixed,0.2,1.0,0.0,0.02344025829269482,0.029466846585305562,0.006405713636131266,0.009043778330638255,0.023512463147600554,0.029554153710728715,0.006185464762977197,0.008814899924501756,0.028659844838170932,0.04037404834864096,0.0032763191038360944,0.01851163221970856
5000,base1,0,141,1,,36057.654090431985,exchangeable_varying_sigma,0.2,fixed,0.2,0.2,fixed,0.2,1.0,0.3,0.02414032791871949,0.030101298426532645,0.00517675234229302,0.005846663064536138,0.023585206218915113,0.029371016134186464,0.0054616806287498265,0.0061566644437220115,0.02926977460194849,0.04146833808950388,0.02954479048301928,0.052837147990491336
5000,base1,0,141,1,,34363.03537587798,exchangeable_varying_sigma,0.2,fixed,0.2,0.2,fixed,0.2,1.0,0.6,0.024255217421535268,0.030225207044639626,0.0057314585070273455,0.006577122700925745,0.021962674810398312,0.027141519857832027,0.006008539881713265,0.006831864698910947,0.028550895271182857,0.03928020511853091,0.06929278152197915,0.10857392909480569
5000,base1,0,141,1,,28292.633386514848,exchangeable_varying_sigma,0.2,fixed,0.2,0.2,fixed,0.2,1.0,0.9,0.02439726959796193,0.03034518868367838,0.006235971501290807,0.007354445003991929,0.018819113830341794,0.02269885712527914,0.006548054719061822,0.007486208190326136,0.028085840128608527,0.03728844025845392,0.11132584686528346,0.16681589786739398
5000,base2,0,141,1,,32727.818855141057,exchangeable_varying_sigma,0.2,fixed,0.2,0.2,fixed,0.2,1.0,0.0,0.02366794132559453,0.029940806760613996,0.0068306207889518855,0.008159251329880456,0.023838616766045883,0.030178271956600663,0.006517390926013875,0.007896002253689994,0.04713225673734542,0.05635367456027661,0.009013767562234784,0.02546389646887254
5000,base2,0,141,1,,35418.90942751407,exchangeable_varying_sigma,0.2,fixed,0.2,0.2,fixed,0.2,1.0,0.3,0.023676031139401064,0.02994027681423645,0.006709100990191785,0.007219623707535507,0.02326108193918046,0.0292934791770724,0.007413601852876164,0.007904295899560598,0.05098956989491719,0.06031736110418687,0.03025091155425863,0.05456139470984598
5000,base2,0,141,1,,35151.58580136695,exchangeable_varying_sigma,0.2,fixed,0.2,0.2,fixed,0.2,1.0,0.6,0.02372436702634725,0.03004043206211648,0.00693527194606583,0.007674192997490124,0.021405440972799342,0.026934322220755706,0.008148513213793881,0.008693594676492977,0.050386558207277186,0.059644104288687404,0.06998442840152042,0.11026899575906521
5000,base2,0,141,1,,35907.08111147513,exchangeable_varying_sigma,0.2,fixed,0.2,0.2,fixed,0.2,1.0,0.9,0.023800276578796048,0.03011952966571357,0.006969160088985238,0.008097599055612324,0.017413412582987304,0.022323965476313948,0.008604725633348645,0.009267127704497441,0.04989749892941618,0.05932829888330423,0.11208229549925897,0.16863982667346347
5000,base3,0,141,1,,21888.32856088993,exchangeable_varying_sigma,0.2,fixed,0.2,0.2,fixed,0.2,1.0,0.0,0.0481806687989061,0.06026020351888755,0.006963367887815458,0.009930975296854492,0.05012090267102366,0.0630297508169439,0.006178894001626911,0.009192696121401604,0.3910864683900619,0.43325361846972227,0.0045392850026443375,0.5531518763364159
5000,base3,0,141,1,,18130.99428484589,exchangeable_varying_sigma,0.2,fixed,0.2,0.2,fixed,0.2,1.0,0.3,0.0495289107433607,0.06103609550841876,0.006048390123066891,0.007185504993511905,0.051070582746886965,0.06332462730975857,0.005548923055772675,0.007453842076494478,0.38261521088287537,0.4230777612020336,0.11173047570789399,0.5440039477058407
5000,base3,0,141,1,,18486.073156164028,exchangeable_varying_sigma,0.2,fixed,0.2,0.2,fixed,0.2,1.0,0.6,0.04962917187452673,0.06116009983339136,0.006878808951466475,0.008029811997653161,0.05019811543603621,0.06254677175713326,0.006258507642047426,0.008486414225066194,0.38653724062622,0.4268120274287722,0.22634231262327004,0.5587848200203208
5000,base3,0,141,1,,21877.724061684683,exchangeable_varying_sigma,0.2,fixed,0.2,0.2,fixed,0.2,1.0,0.9,0.0497356194854537,0.061311283986477526,0.007890041953050084,0.008953771564487744,0.04858424202324927,0.06125978585132251,0.007038644998203572,0.009720665798288773,0.3912347772502426,0.43139491063956603,0.3420920453781575,0.5803375023672224
5000,base4,0,141,1,,18401.310370946303,exchangeable_varying_sigma,0.2,fixed,0.2,0.2,fixed,0.2,1.0,0.0,0.018055594520421804,0.02377758864532909,0.006663204732503231,0.008660246729774328,0.018072537432658665,0.023813618233998197,0.0065342908693908075,0.008586235592784368,0.055466526067770965,0.06051546591124227,0.005906911661405481,0.07883734942763133
5000,base4,0,141,1,,9377.745045172982,exchangeable_varying_sigma,0.2,fixed,0.2,0.2,fixed,0.2,1.0,0.3,0.018861563141442824,0.024519218666199216,0.005440370677450637,0.006254659411340095,0.01810140254379802,0.023391033598911138,0.005685790291630161,0.006599269134536999,0.05895852566736414,0.06353930951710046,0.019008808600739113,0.09738309455413875
5000,base4,0,141,1,,11359.264314393513,exchangeable_varying_sigma,0.2,fixed,0.2,0.2,fixed,0.2,1.0,0.6,0.01897656053882359,0.02469188080280672,0.0059950768421851985,0.006938546137147601,0.015793683288065036,0.020367413470233384,0.006454227503079779,0.007376901810640118,0.05524769625857721,0.060292307593024154,0.04709331602270339,0.13476126110043513
5000,base4,0,141,1,,11263.812471061945,exchangeable_varying_sigma,0.2,fixed,0.2,0.2,fixed,0.2,1.0,0.9,0.019198119184923406,0.02486620001247398,0.006499589836451769,0.007648025885005829,0.010592789314463872,0.013717904737738616,0.006950466814174244,0.008102124389129706,0.05091309047775932,0.05672614683280721,0.07772569450322586,0.1838149267557145
2000,base1,1,142,1,,5540.198749474948,exchangeable_varying_sigma,0.2,fixed,0.2,0.2,fixed,0.2,1.0,0.0,0.03417663328389311,0.04538939416529374,0.019072997965158767,0.020730253687103208,0.034443482146958956,0.045831383774579515,0.018972465981416525,0.021393194855092067,0.15963696791809373,0.1865890496112,0.020487109927905683,0.2270699151349396
2000,base1,1,142,1,,5600.715755113866,exchangeable_varying_sigma,0.2,fixed,0.2,0.2,fixed,0.2,1.0,0.3,0.035660359191535894,0.046999971448349775,0.03625246931549464,0.04244420379144463,0.03426539957350488,0.045636315621857236,0.03528994932510285,0.04073479528310423,0.13873936184819105,0.18293932718291328,0.004788505414923538,0.2065976929328795
2000,base1,1,142,1,,5006.2231956908945,exchangeable_varying_sigma,0.2,fixed,0.2,0.2,fixed,0.2,1.0,0.6,0.03626094955748991,0.047639108362643595,0.03989734939287043,0.04649954821880083,0.0316523469136785,0.04208784054536882,0.03704364367304992,0.043014898139906235,0.12019256123395954,0.1737874638751724,0.09292392302481078,0.26854440390402656
2000,base1,1,142,1,,6340.272188609,exchangeable_varying_sigma,0.2,fixed,0.2,0.2,fixed,0.2,1.0,0.9,0.03702138985923364,0.048319035377623276,0.043143985602744836,0.05009432179948729,0.026254923782684913,0.03437288182336168,0.03861180233273648,0.04421745461812692,0.12091808049798794,0.16660575326279076,0.19241442840440515,0.3852239714735637
2000,base2,1,142,1,,5743.360382191837,exchangeable_varying_sigma,0.2,fixed,0.2,0.2,fixed,0.2,1.0,0.0,0.03449777688260872,0.045799992073625305,0.021055904003398018,0.024241732899509802,0.03485410442436879,0.046371924588545735,0.021144863798224528,0.024451970768962102,0.1593502046432302,0.19230523843817054,0.005297002495080754,0.22544319130350599
2000,base2,1,142,1,,5597.710843610112,exchangeable_varying_sigma,0.2,fixed,0.2,0.2,fixed,0.2,1.0,0.3,0.034300384313685255,0.04598366933793854,0.035024653880058834,0.03762414033764269,0.033209549141638914,0.04502782268401963,0.034182441686580106,0.03683754451135888,0.1441180417665667,0.1904898335606149,0.010773358453741999,0.20633627255629863
2000,base2,1,142,1,,5752.540543941082,exchangeable_varying_sigma,0.2,fixed,0.2,0.2,fixed,0.2,1.0,0.6,0.03470853300311061,0.046389226963746096,0.03866953395743279,0.041701965832090786,0.030432029595666127,0.04132730354674672,0.036590128032158525,0.0392160963691666,0.13128334898148106,0.18112710467279203,0.07647659446842237,0.2571610345843377
2000,base2,1,142,1,,6093.2281248450745,exchangeable_varying_sigma,0.2,fixed,0.2,0.2,fixed,0.2,1.0,0.9,0.035169022452201035,0.04678614762511759,0.04191617016730809,0.04533154572495543,0.024398635973677595,0.03304273705104001,0.03816497022926797,0.040610992273060434,0.12788962749485794,0.17339372813932089,0.17579658757586503,0.3694890396951403
2000,base3,1,142,1,,5260.913401162019,exchangeable_varying_sigma,0.2,fixed,0.2,0.2,fixed,0.2,1.0,0.0,0.05759859657559442,0.07211660274105601,0.027090006468125982,0.02916946548329232,0.05973592283571402,0.07487226533499536,0.026180043223067634,0.02827714458727699,0.2289047723641599,0.2646306078322391,0.017752743170519468,0.27040492421997847
2000,base3,1,142,1,,5508.065773187904,exchangeable_varying_sigma,0.2,fixed,0.2,0.2,fixed,0.2,1.0,0.3,0.059706234360134704,0.07414878702818407,0.03816160095670891,0.04004745379391691,0.06121167965906353,0.07620742374661353,0.03765816449399202,0.03976581125975137,0.2631898849510551,0.29793770375064843,0.1155743483497153,0.3179887462387334
2000,base3,1,142,1,,5835.6346749220975,exchangeable_varying_sigma,0.2,fixed,0.2,0.2,fixed,0.2,1.0,0.6,0.06005422550609976,0.07467224521029003,0.04141942799946269,0.04380561444173882,0.05991818782457258,0.07463330020522985,0.03911557536280816,0.04153124007320182,0.28327633243793493,0.31810063412164297,0.26301972214034547,0.4210031624079125
2000,base3,1,142,1,,5923.091654905118,exchangeable_varying_sigma,0.2,fixed,0.2,0.2,fixed,0.2,1.0,0.9,0.06045563778177975,0.07518986356645767,0.04424985088877856,0.04713786199547341,0.05737935057584792,0.07172033508033619,0.03955403472508373,0.04227830923017893,0.30198889161796116,0.33778725224942285,0.41582100314468634,0.5488916552906566
2000,base4,1,142,1,,5184.563362190034,exchangeable_varying_sigma,0.2,fixed,0.2,0.2,fixed,0.2,1.0,0.0,0.03090819427947063,0.042085891256370744,0.021106135068153453,0.022808460723993722,0.031041730929778532,0.04243363217145286,0.020963123912557446,0.023154911610932746,0.19586173460146974,0.21127857357972407,0.024409903930867692,0.2783778521379504
2000,base4,1,142,1,,5545.792752650101,exchangeable_varying_sigma,0.2,fixed,0.2,0.2,fixed,0.2,1.0,0.3,0.03201413750030283,0.043629468073858535,0.034219332212498774,0.039722527852838495,0.03038055420311825,0.04201563371738375,0.03299370714924278,0.03801593706021637,0.17612290299767488,0.20430848152815256,0.013780215644835059,0.2558912721240623
2000,base4,1,142,1,,7458.04563488299,exchangeable_varying_sigma,0.2,fixed,0.2,0.2,fixed,0.2,1.0,0.6,0.032602031673105526,0.04426558467291784,0.037864212289874535,0.0437771296761934,0.027088245369987846,0.037855341399350324,0.034515177972424246,0.039874283220412164,0.15251851581581677,0.19072848817872964,0.06568842366222638,0.29974687672734796
2000,base4,1,142,1,,7528.544018496992,exchangeable_varying_sigma,0.2,fixed,0.2,0.2,fixed,0.2,1.0,0.9,0.03331419735044418,0.04491392249044653,0.04111084849974894,0.04736944678488557,0.01942945883124415,0.028091117976390124,0.03545418411137541,0.0404155219475824,0.1292017728969454,0.1786641282200733,0.1574553522179225,0.4018116557235682
5000,base1,1,142,1,,28119.949029091047,exchangeable_varying_sigma,0.2,fixed,0.2,0.2,fixed,0.2,1.0,0.0,0.024991043556859497,0.030642967250287475,0.008337395537159537,0.009616001063347509,0.025049898754056353,0.0307259575273024,0.008677799840665579,0.009800380102514987,0.032072013985320245,0.042866217668149305,0.01926360669336616,0.052464832853470214
5000,base1,1,142,1,,33921.195609371876,exchangeable_varying_sigma,0.2,fixed,0.2,0.2,fixed,0.2,1.0,0.3,0.023916715184967522,0.029570820740907215,0.010081570429322617,0.010967541857602087,0.023645177387741956,0.02897805438544895,0.010509811780096245,0.011313868848871358,0.027299986046075402,0.04306228666302174,0.02368402837981798,0.05677350524543534
5000,base1,1,142,1,,34026.586894971086,exchangeable_varying_sigma,0.2,fixed,0.2,0.2,fixed,0.2,1.0,0.6,0.023708305026842343,0.029509859316267543,0.010914618609487892,0.011857216205807744,0.02205786927383403,0.026808249856175737,0.011608654129977553,0.012286071588481575,0.024989531035522886,0.04066926560357577,0.06493462308623033,0.11273322600974396
5000,base1,1,142,1,,38932.35341333714,exchangeable_varying_sigma,0.2,fixed,0.2,0.2,fixed,0.2,1.0,0.9,0.02347071287094501,0.029426785226692443,0.011602319490308793,0.012577237461929831,0.018960459340590038,0.022552557778105227,0.012470638191855093,0.012986387138673781,0.025012296064718362,0.03869583137440645,0.10815964547052548,0.17540170511614275
5000,base2,1,142,1,,20280.057877793908,exchangeable_varying_sigma,0.2,fixed,0.2,0.2,fixed,0.2,1.0,0.0,0.02380006953746323,0.030154076434705898,0.007955488068875263,0.009016757968986745,0.023942448617946026,0.03034736649085105,0.007582126106796747,0.00899865320078241,0.05394524058622462,0.061150098997603264,0.014322031171929293,0.0550164743997454
5000,base2,1,142,1,,36192.38554255385,exchangeable_varying_sigma,0.2,fixed,0.2,0.2,fixed,0.2,1.0,0.3,0.023231794574147466,0.029348531183362336,0.00842221328469353,0.010011153652171936,0.022929361458086082,0.02886882649663284,0.008464366989075045,0.0100931165641131,0.056326827140547764,0.06337596016096458,0.02045905969411338,0.057570478624035235
5000,base2,1,142,1,,34714.48233689205,exchangeable_varying_sigma,0.2,fixed,0.2,0.2,fixed,0.2,1.0,0.6,0.02310184241845851,0.02929550524565394,0.00906214578410644,0.010772577039822498,0.021150152613824837,0.02666170291630591,0.008812639361473834,0.010673422617761738,0.05512437522480847,0.061799760608484924,0.061169447848570035,0.11100413971010678
5000,base2,1,142,1,,39751.74828941398,exchangeable_varying_sigma,0.2,fixed,0.2,0.2,fixed,0.2,1.0,0.9,0.02290921582840216,0.029228607650174182,0.009519437116491863,0.011352300260652915,0.017346239124762866,0.02235113313042284,0.009503227228473327,0.01085805991831505,0.0538931733286512,0.06024241670018358,0.1043838518695015,0.17319212127344902
5000,base3,1,142,1,,32522.831509677926,exchangeable_varying_sigma,0.2,fixed,0.2,0.2,fixed,0.2,1.0,0.0,0.04825292822941787,0.059914592951476296,0.00894270191248342,0.010441155533299011,0.050125052868227236,0.06258653741820139,0.008968494993850606,0.010123680889437749,0.37481502273922845,0.4163204808550456,0.028545493552649643,0.5329624835037154
5000,base3,1,142,1,,16157.993321675807,exchangeable_varying_sigma,0.2,fixed,0.2,0.2,fixed,0.2,1.0,0.3,0.04881416753209915,0.060808418976694666,0.014397922119627565,0.015567514477845538,0.050488011123792184,0.06321774203109103,0.014785545627340357,0.01583613155126602,0.380240439063161,0.4246967488780578,0.11124870786805649,0.5406225505477423
5000,base3,1,142,1,,17876.56059128791,exchangeable_varying_sigma,0.2,fixed,0.2,0.2,fixed,0.2,1.0,0.6,0.048807245097545415,0.060939719913658555,0.01523097029979581,0.016481904088531226,0.04958900759577281,0.062366918650993114,0.015876970189857065,0.016989265515130813,0.3833160078693593,0.42606949766022434,0.22728562340751668,0.5550812562897315
5000,base3,1,142,1,,17873.10835508816,exchangeable_varying_sigma,0.2,fixed,0.2,0.2,fixed,0.2,1.0,0.9,0.04882335573808043,0.06111089195591942,0.01591867118061252,0.0172481668974478,0.048047816666089316,0.061034055896888754,0.016681220189741136,0.017870821764713975,0.38583720276578504,0.4264884801916091,0.34326553130588633,0.5751025314678075
5000,base4,1,142,1,,22203.419240437448,exchangeable_varying_sigma,0.2,fixed,0.2,0.2,fixed,0.2,1.0,0.0,0.01886918729455607,0.024225475255771053,0.007928433375514882,0.008978881360791061,0.018887403828901597,0.024262887225280326,0.007889446410843826,0.00886590075662672,0.07694504436383959,0.07937847329776397,0.020371385332356932,0.1120189878114716
5000,base4,1,142,1,,13396.313307043165,exchangeable_varying_sigma,0.2,fixed,0.2,0.2,fixed,0.2,1.0,0.3,0.01811275509538427,0.023719768319282904,0.009997697622408958,0.011243997768095315,0.017409471082703458,0.022754453798057295,0.010384923995880535,0.011450441001847783,0.07043620114722231,0.07431362752421035,0.013865411055613064,0.11062183008033355
5000,base4,1,142,1,,11637.595902295783,exchangeable_varying_sigma,0.2,fixed,0.2,0.2,fixed,0.2,1.0,0.6,0.018075382499374442,0.023730053091244346,0.010830745802571595,0.012122929274387646,0.015205353123918484,0.019833659554823933,0.011480893030601541,0.01239504185593706,0.06658896587130195,0.07051298549076852,0.04259793766670861,0.14689134805413778
5000,base4,1,142,1,,11324.406687237322,exchangeable_varying_sigma,0.2,fixed,0.2,0.2,fixed,0.2,1.0,0.9,0.01801160332168472,0.023742792774263884,0.01151844668339086,0.012827347250499785,0.010245532145198107,0.013399524096495778,0.012331348680534787,0.013024311516904138,0.06301266119898344,0.06704383543432332,0.0733217438909266,0.19848930037851273
2000,base1,2,143,1,,5638.2371458730195,exchangeable_varying_sigma,0.2,fixed,0.2,0.2,fixed,0.2,1.0,0.0,0.03456922904468469,0.045619609176254974,0.0065716359686751324,0.007197166700124371,0.034720015662031416,0.04577348912062682,0.005694240401440953,0.0072461083307346725,0.18258831533953626,0.2006642613566469,0.012357373235180246,0.2586137055045381
2000,base1,2,143,1,,6071.820484740194,exchangeable_varying_sigma,0.2,fixed,0.2,0.2,fixed,0.2,1.0,0.3,0.03470457798065212,0.04538778735015811,0.011031672901740688,0.015078201569581751,0.034204477079129963,0.04499802220735805,0.011598233741445182,0.015382549775882094,0.1868183830174595,0.20228664327284265,0.05157311192796826,0.29833517224863
2000,base1,2,143,1,,5220.012617398985,exchangeable_varying_sigma,0.2,fixed,0.2,0.2,fixed,0.2,1.0,0.6,0.0346402478840487,0.045310477166728376,0.011242859489872609,0.015563428230159833,0.031718424819594596,0.041701943817753634,0.011388916681672509,0.015844699257562204,0.1856236558737204,0.1998173420002326,0.11874423210294777,0.394340080020722
2000,base1,2,143,1,,6015.9995082397945,exchangeable_varying_sigma,0.2,fixed,0.2,0.2,fixed,0.2,1.0,0.9,0.03444153594398896,0.04521959671048976,0.011043242641061032,0.015732085737606434,0.025958235317522473,0.033496945937199755,0.013038003105410007,0.016520267895496817,0.18383340924974226,0.19697061702501012,0.1876114442951431,0.5201596062037431
2000,base2,2,143,1,,5545.516529487912,exchangeable_varying_sigma,0.2,fixed,0.2,0.2,fixed,0.2,1.0,0.0,0.03425572815568412,0.045116754830474864,0.01701142128132785,0.018036402824449654,0.03441313786401773,0.045281921756589794,0.015951364405100643,0.017506716874066505,0.18425640173686914,0.20272372868703062,0.011389094748167135,0.2609089361396693
2000,base2,2,143,1,,5512.658459915081,exchangeable_varying_sigma,0.2,fixed,0.2,0.2,fixed,0.2,1.0,0.3,0.03357748318009639,0.04434259314897632,0.015843098483349985,0.017063169021940286,0.03311152813384134,0.04393009774851459,0.016127446780416402,0.017329908209351385,0.187535947210711,0.2038391665938982,0.04600635650936258,0.29643902937821615
2000,base2,2,143,1,,5836.352811000077,exchangeable_varying_sigma,0.2,fixed,0.2,0.2,fixed,0.2,1.0,0.6,0.03351068927713938,0.04436579182687181,0.016146071317550373,0.017206596572577917,0.03052950325188571,0.040611749608295264,0.016083415955669478,0.017404536326957765,0.18614805764987719,0.2016597015462034,0.11250128324433434,0.38977157235015014
2000,base2,2,143,1,,5788.523255771026,exchangeable_varying_sigma,0.2,fixed,0.2,0.2,fixed,0.2,1.0,0.9,0.033492209878344927,0.0444411606212337,0.015946454468737645,0.01689319936558675,0.024280088800536795,0.032364994893509275,0.01573327182739552,0.017516869605112475,0.18416654832359877,0.19907138918927247,0.18083434190916836,0.5139300557981744
2000,base3,2,143,1,,5457.007915792055,exchangeable_varying_sigma,0.2,fixed,0.2,0.2,fixed,0.2,1.0,0.0,0.05504770844464603,0.0696448134005679,0.010585418509815758,0.011465598285101627,0.05686807752984282,0.07201374347291056,0.009375305184547378,0.009523974681303239,0.19697486583719523,0.2381871934901707,0.010712513007788887,0.22289270507657935
2000,base3,2,143,1,,5816.716856111074,exchangeable_varying_sigma,0.2,fixed,0.2,0.2,fixed,0.2,1.0,0.3,0.05661726337049049,0.07170555739785886,0.014777822306684785,0.02027250645391938,0.05779962125274622,0.07351468276955539,0.015618376843263337,0.019751170447256716,0.20259610674223746,0.24036030867086816,0.15968381190052036,0.2920154309313697
2000,base3,2,143,1,,5598.543347700965,exchangeable_varying_sigma,0.2,fixed,0.2,0.2,fixed,0.2,1.0,0.6,0.05691407553163341,0.07204823042113925,0.014432073732427886,0.020463038405043828,0.056480800022858296,0.07199249342725854,0.014631174742523512,0.019844607264595398,0.20157277042292135,0.23804128965211402,0.29068225436832207,0.40667028477626943
2000,base3,2,143,1,,6276.965298347874,exchangeable_varying_sigma,0.2,fixed,0.2,0.2,fixed,0.2,1.0,0.9,0.057356549748700685,0.0724892722091787,0.014630511106977412,0.020325531570278343,0.054215217179438405,0.06921139925491872,0.014562714925571069,0.019856968359314737,0.20057168374185208,0.2359356539999055,0.41892091642848517,0.534120030927405
2000,base4,2,143,1,,5433.363700185902,exchangeable_varying_sigma,0.2,fixed,0.2,0.2,fixed,0.2,1.0,0.0,0.029981306312054642,0.041231730556143875,0.009224416810903885,0.010274670293322186,0.030016330399501766,0.04128053241306166,0.008295874155630711,0.010017931912130755,0.21914039229445695,0.22878720852789383,0.013646356157046121,0.3102774870684587
2000,base4,2,143,1,,6502.7742595621385,exchangeable_varying_sigma,0.2,fixed,0.2,0.2,fixed,0.2,1.0,0.3,0.03071361503241036,0.04152805696344183,0.011774029501291139,0.01511669812894947,0.02991389846923912,0.040732503024355306,0.012027007559799449,0.015188264714110711,0.22292326535515133,0.2321251951428706,0.04792320474219813,0.34795151740244556
2000,base4,2,143,1,,5875.8768386861775,exchangeable_varying_sigma,0.2,fixed,0.2,0.2,fixed,0.2,1.0,0.6,0.03073614296222473,0.041617262529535695,0.012077002335490555,0.015442727671797744,0.026877154552813233,0.03692764490895197,0.011663425300425231,0.015276410383452236,0.22191693633023818,0.2303316040766622,0.10267489874531349,0.4350472770688407
2000,base4,2,143,1,,6262.844799401937,exchangeable_varying_sigma,0.2,fixed,0.2,0.2,fixed,0.2,1.0,0.9,0.0307538784693302,0.04175387724765483,0.011877385486677758,0.015361996086245165,0.019116893012269903,0.026947292575278677,0.01091798541045369,0.015488344058458546,0.2204164910795436,0.2282734381788837,0.15813249331421653,0.5514411090055302
5000,base1,2,143,1,,33584.78861736599,exchangeable_varying_sigma,0.2,fixed,0.2,0.2,fixed,0.2,1.0,0.0,0.024675813223935843,0.030638918472866955,0.008522788937616016,0.009378124992319445,0.02476124881379089,0.030733271826106117,0.008512733811994522,0.00948456450556213,0.038516447977870336,0.048085656952458436,0.021821488840145745,0.05700440126515104
5000,base1,2,143,1,,34465.87415335607,exchangeable_varying_sigma,0.2,fixed,0.2,0.2,fixed,0.2,1.0,0.3,0.02373118100113241,0.02941294897623438,0.007916889553867545,0.010933383287841825,0.02339929749863813,0.028865749262798977,0.00781556480758383,0.010502972809359938,0.03608975027275027,0.04540138539631653,0.0464256635674446,0.08763293120506811
5000,base1,2,143,1,,25771.93200794398,exchangeable_varying_sigma,0.2,fixed,0.2,0.2,fixed,0.2,1.0,0.6,0.02362339400952896,0.0293279460439818,0.008531490658445329,0.011896694920949748,0.02192429386328848,0.02673701871539222,0.008371807799280012,0.011172885520390552,0.036418703598241176,0.047293335556310795,0.08268174480532142,0.14814400807416062
5000,base1,2,143,1,,35336.02226549713,exchangeable_varying_sigma,0.2,fixed,0.2,0.2,fixed,0.2,1.0,0.9,0.023503528519230477,0.02928976791552324,0.009016013095299397,0.012752199350016116,0.019015251698563967,0.022518831130626606,0.008916215774457337,0.011869291142190817,0.037463967749080875,0.0506213695965431,0.11650637981962852,0.21077362329341817
5000,base2,2,143,1,,30430.75075911591,exchangeable_varying_sigma,0.2,fixed,0.2,0.2,fixed,0.2,1.0,0.0,0.023071957176101096,0.029250479539010076,0.010061936528287713,0.012534610428063907,0.02328140338439205,0.029523518290333988,0.009912233876060439,0.012562518180919104,0.06431967172796887,0.07022677609911511,0.0224089116304535,0.057488652709292466
5000,base2,2,143,1,,34843.25953917997,exchangeable_varying_sigma,0.2,fixed,0.2,0.2,fixed,0.2,1.0,0.3,0.022980948266106718,0.029453645558584582,0.00570622725400266,0.00722708327317585,0.022692632368094774,0.029123266155969753,0.005388778248010123,0.006524717420535786,0.06453325988822314,0.0705663996001452,0.04153357321285073,0.08382145364619167
5000,base2,2,143,1,,34816.59186056792,exchangeable_varying_sigma,0.2,fixed,0.2,0.2,fixed,0.2,1.0,0.6,0.022933065989791574,0.0293750255563618,0.006320828358579028,0.008162777618477257,0.020995697987870987,0.02697221859770713,0.005909558400559012,0.0070616263332867685,0.0649970093172132,0.07221331734176246,0.07755515639599109,0.14356824747490857
5000,base2,2,143,1,,35173.52405593102,exchangeable_varying_sigma,0.2,fixed,0.2,0.2,fixed,0.2,1.0,0.9,0.02294915441011801,0.029326611327743304,0.006805350795435122,0.008987969182347903,0.017293816796206445,0.022532137493875025,0.006466746620815589,0.007694785522848596,0.06569244717453221,0.0747519937332209,0.11150975860184831,0.20655369059576745
5000,base3,2,143,1,,32681.919008819154,exchangeable_varying_sigma,0.2,fixed,0.2,0.2,fixed,0.2,1.0,0.0,0.049201957684359685,0.06058976220566536,0.008856671305397995,0.009312522690023453,0.05109210391958794,0.06325041236580681,0.00925398684899345,0.00990210958824114,0.3712042809587152,0.4127565138991485,0.012092910044635407,0.5253910574634924
5000,base3,2,143,1,,19927.99586869683,exchangeable_varying_sigma,0.2,fixed,0.2,0.2,fixed,0.2,1.0,0.3,0.048609526332392045,0.05990361780507961,0.011149727085543515,0.013217985048461365,0.05040565902978995,0.06243743135146231,0.010941985301654217,0.012925435723127446,0.3772884198936723,0.41771870339645173,0.11806011834624189,0.538123634995711
5000,base3,2,143,1,,18410.443080533296,exchangeable_varying_sigma,0.2,fixed,0.2,0.2,fixed,0.2,1.0,0.6,0.048536325514442265,0.059874727464602845,0.011764328190115803,0.014113637939151028,0.04960694657808064,0.06166309181663362,0.011364498594709532,0.01359117748776809,0.37525161928394957,0.4153142508866964,0.23126853494333888,0.5467073407734769
5000,base3,2,143,1,,15057.044549385086,exchangeable_varying_sigma,0.2,fixed,0.2,0.2,fixed,0.2,1.0,0.9,0.04853167479364971,0.059898541302837234,0.0122488506269679,0.014900458137043559,0.04807956104159126,0.060412802044194344,0.011700217937158613,0.014243508449884947,0.3722364622578606,0.41223374497748916,0.3428098637199529,0.5601679369024553
5000,base4,2,143,1,,12257.089439684525,exchangeable_varying_sigma,0.2,fixed,0.2,0.2,fixed,0.2,1.0,0.0,0.018521756120321795,0.02438762077327101,0.009128267067908424,0.010207469737572007,0.018583266042062622,0.02445254277877617,0.009113453661122956,0.010289042602023976,0.07680334624580147,0.08187487229609806,0.020308857054412478,0.11180591735862787
5000,base4,2,143,1,,12283.771868638694,exchangeable_varying_sigma,0.2,fixed,0.2,0.2,fixed,0.2,1.0,0.3,0.01770674208144667,0.023436412345146276,0.007789725255248764,0.009964747017683684,0.017238059361362964,0.022702070999194187,0.0074921521385026835,0.009462695177408414,0.07290262652637623,0.07908422673977929,0.0338867862629742,0.12770522372812856
5000,base4,2,143,1,,9617.023518074304,exchangeable_varying_sigma,0.2,fixed,0.2,0.2,fixed,0.2,1.0,0.6,0.01755921588180125,0.023338972360488246,0.008404326359825048,0.010914614081730917,0.015150685318551783,0.01988261095671473,0.007970544183358158,0.010043249602301718,0.07517990113485191,0.0824382165345187,0.0576584632242525,0.17516167694974308
5000,base4,2,143,1,,10043.998840777203,exchangeable_varying_sigma,0.2,fixed,0.2,0.2,fixed,0.2,1.0,0.9,0.017486462547846145,0.023308288728541873,0.008888848796681503,0.011753180895678233,0.010251352750263246,0.013450682523667568,0.008465903008369108,0.01068758239908717,0.07839053545079411,0.08692943806993744,0.07882029541034719,0.23086495956783074
2000,base1,0,144,1,,6896.604016559897,exchangeable_varying_sigma,0.2,fixed,0.2,0.2,fixed,0.2,1.0,0.0,0.03296779111480656,0.04304739407560922,0.02301397828308757,0.02576242439241436,0.03311001601266122,0.04325425779229323,0.02248726687724495,0.02481507430823916,0.17998924475137643,0.19320497507091425,0.005605321779858683,0.2546262175860996
2000,base1,0,144,1,,4561.575538536068,exchangeable_varying_sigma,0.2,fixed,0.2,0.2,fixed,0.2,1.0,0.3,0.03327038496188719,0.04395042098070323,0.018261707590316395,0.02227298904672581,0.03291568087401396,0.04321198782444603,0.01855853722223602,0.02294364032727781,0.17781198456439268,0.1903859730785979,0.047278816888553565,0.28326959602811674
2000,base1,0,144,1,,4734.764913667925,exchangeable_varying_sigma,0.2,fixed,0.2,0.2,fixed,0.2,1.0,0.6,0.03300283234148831,0.04364056870178669,0.020368979426864997,0.025023743726546113,0.030236131104631993,0.03943965966497773,0.021104589905715163,0.026036448462820067,0.17216368338841664,0.18607436607782088,0.11540256277878014,0.37195363585768426
2000,base1,0,144,1,,8021.83816576004,exchangeable_varying_sigma,0.2,fixed,0.2,0.2,fixed,0.2,1.0,0.9,0.03274723324608548,0.043177181218110025,0.02255269380675068,0.02774167300309914,0.024185814737542728,0.03099481088506865,0.023463810920678924,0.02931653430519506,0.1661725334212768,0.18166284545296515,0.18592407344069184,0.4906824845856961
2000,base2,0,144,1,,4641.771236953093,exchangeable_varying_sigma,0.2,fixed,0.2,0.2,fixed,0.2,1.0,0.0,0.032867788478764294,0.042966817244289406,0.01999774187097031,0.02296340414150527,0.033092999408665974,0.04330684707693037,0.019984347259313334,0.02243110444556662,0.18612866148121834,0.20447081888832616,0.015116968657256997,0.2638001099937079
2000,base2,0,144,1,,4713.730900772149,exchangeable_varying_sigma,0.2,fixed,0.2,0.2,fixed,0.2,1.0,0.3,0.033192980228452004,0.043898110835058936,0.02127794400243821,0.025107604581931096,0.0327304634034572,0.04322688522454652,0.020625828217403178,0.024584358926040807,0.18495328074315448,0.20296151855248634,0.04385922242212592,0.2916546965422804
2000,base2,0,144,1,,8416.143310560845,exchangeable_varying_sigma,0.2,fixed,0.2,0.2,fixed,0.2,1.0,0.6,0.03309767368144342,0.043647505059847776,0.023358851666098995,0.027547134835425417,0.029894260883682158,0.0393497223306839,0.022711818825437408,0.026790764953572035,0.17889542950670426,0.19812907966578952,0.11160173406002222,0.37840245274032985
2000,base2,0,144,1,,7002.098253214033,exchangeable_varying_sigma,0.2,fixed,0.2,0.2,fixed,0.2,1.0,0.9,0.03297779213018107,0.04324458454399403,0.02521158789391416,0.02989224555641263,0.023371009399447074,0.03064423320409814,0.02439052574795922,0.028800141921341584,0.17219712743959809,0.19319221348067364,0.18275819479623068,0.49689074673307204
2000,base3,0,144,1,,6270.800156631041,exchangeable_varying_sigma,0.2,fixed,0.2,0.2,fixed,0.2,1.0,0.0,0.05666588225235397,0.07094969420679713,0.02061042418809997,0.02412508571788468,0.05867384929187994,0.07355167989382952,0.02016443897364223,0.0231163341040759,0.19113282167656598,0.23150716180143904,0.0039668079395539626,0.20757744997797764
2000,base3,0,144,1,,6083.210302125895,exchangeable_varying_sigma,0.2,fixed,0.2,0.2,fixed,0.2,1.0,0.3,0.057492069676111694,0.07128695935395547,0.020958858566041294,0.02461172574321323,0.0593449600312696,0.07366239228741334,0.019903982122192493,0.023542515365984167,0.20188437476889387,0.243960228659518,0.11947578186127639,0.26079010346660186
2000,base3,0,144,1,,4167.539147553965,exchangeable_varying_sigma,0.2,fixed,0.2,0.2,fixed,0.2,1.0,0.6,0.0570178283420352,0.07064092224565088,0.023039766229703135,0.027432447560326,0.05760297733285872,0.07154312889484672,0.02231104151748077,0.02676851741392126,0.20845668873766152,0.25075486952874604,0.26133711433669043,0.37461457256092634
2000,base3,0,144,1,,6953.233038761187,exchangeable_varying_sigma,0.2,fixed,0.2,0.2,fixed,0.2,1.0,0.9,0.0563163215271324,0.06968433625679839,0.024892502457518853,0.03022819722365389,0.05420598951476264,0.06766676906922521,0.024244201308329577,0.029962637580120355,0.2161285601478113,0.25878730976151754,0.4078985528554383,0.5182196003905847
2000,base4,0,144,1,,7157.964288241928,exchangeable_varying_sigma,0.2,fixed,0.2,0.2,fixed,0.2,1.0,0.0,0.029392495465326438,0.039557038384927405,0.021418865343702714,0.02430894670613005,0.029450417283775926,0.03969829426854952,0.02109411205858447,0.02359191735690671,0.21940712342821855,0.22737270255024844,0.013905101333204675,0.31066798988320843
2000,base4,0,144,1,,4177.150458544958,exchangeable_varying_sigma,0.2,fixed,0.2,0.2,fixed,0.2,1.0,0.3,0.030019425111584452,0.04047246047864719,0.019856820529704472,0.023586368788906818,0.02954919416461379,0.03969146452737013,0.019923395029892293,0.023717482621479036,0.21521967252894997,0.22253339407781417,0.02979983655926327,0.3288011609532406
2000,base4,0,144,1,,4478.836872349959,exchangeable_varying_sigma,0.2,fixed,0.2,0.2,fixed,0.2,1.0,0.6,0.02963896769585464,0.03999737489048045,0.021937728193364814,0.026252266171727368,0.026253655539343952,0.035266953890305555,0.022518111596870116,0.026650511054015353,0.20894694028780048,0.21692256133998947,0.0897732698544732,0.40552518025172624
2000,base4,0,144,1,,6058.315637744963,exchangeable_varying_sigma,0.2,fixed,0.2,0.2,fixed,0.2,1.0,0.9,0.029192424769674423,0.03927576905096724,0.023790464421181504,0.02886353623658324,0.017937136259842165,0.024439898646338484,0.024869606130534863,0.029655481512407877,0.20207105520768398,0.21097384144136222,0.1540115833400748,0.5171225467235019
5000,base1,0,144,1,,44578.72398002609,exchangeable_varying_sigma,0.2,fixed,0.2,0.2,fixed,0.2,1.0,0.0,0.023834122525617146,0.02992064925577191,0.009639725524071899,0.014297727411744583,0.023891624603446467,0.02999325592242516,0.00994949657477777,0.014587292420573501,0.05756820879944123,0.06699179838501655,0.012019205019231068,0.08297476673429373
5000,base1,0,144,1,,47031.73569627898,exchangeable_varying_sigma,0.2,fixed,0.2,0.2,fixed,0.2,1.0,0.3,0.023452848195934895,0.029311262678061854,0.008699315561438797,0.010893889861960559,0.023069407925000188,0.02885636867970239,0.008392638694462246,0.01066246128305446,0.050729065250038126,0.05865338728409616,0.03398906871549784,0.09826623040647926
5000,base1,0,144,1,,35417.28451969591,exchangeable_varying_sigma,0.2,fixed,0.2,0.2,fixed,0.2,1.0,0.6,0.023502237320541516,0.02928364505587396,0.009769131604373094,0.012132569460712787,0.02169172995457797,0.026822637184367535,0.0092200515891048,0.011715185712268447,0.05092768781722839,0.058820385367780816,0.07222929568203729,0.1575811760624751
5000,base1,0,144,1,,37043.50286189001,exchangeable_varying_sigma,0.2,fixed,0.2,0.2,fixed,0.2,1.0,0.9,0.023597802678794695,0.029289294745343628,0.01083447736439666,0.013308132421993584,0.018827589267210752,0.022521272145871407,0.010161584840978816,0.01294725282207933,0.05115958136286648,0.058997147304861074,0.11047152179821895,0.22528687848035264
5000,base2,0,144,1,,29308.082091792952,exchangeable_varying_sigma,0.2,fixed,0.2,0.2,fixed,0.2,1.0,0.0,0.0235760672277296,0.030335256249818917,0.009928036648600744,0.014400446381940135,0.023714995140873826,0.03052916176182078,0.009860125079939816,0.014413285436008477,0.07306651472469457,0.08623731722036154,0.019645610575680764,0.09321191857008952
5000,base2,0,144,1,,34788.401747206924,exchangeable_varying_sigma,0.2,fixed,0.2,0.2,fixed,0.2,1.0,0.3,0.022811760366693537,0.029189107084924917,0.0077015560240036585,0.010063576336336878,0.02257305619818113,0.02897180301453174,0.00725269008180407,0.009902170995338981,0.06832662750299327,0.07814710468008242,0.02791421149392065,0.09851642188641245
5000,base2,0,144,1,,44401.96169336885,exchangeable_varying_sigma,0.2,fixed,0.2,0.2,fixed,0.2,1.0,0.6,0.022785696914245403,0.029099894806209423,0.008771372066940397,0.011206856625404328,0.021021280794584214,0.026954060007235752,0.008044424306198616,0.010963622675451846,0.0684697692141796,0.07807244231899832,0.06597130579093546,0.15535832858317997
5000,base2,0,144,1,,40740.11347708991,exchangeable_varying_sigma,0.2,fixed,0.2,0.2,fixed,0.2,1.0,0.9,0.02274380624488379,0.0290060577023379,0.009758991455958571,0.012280162228358841,0.01737223545846033,0.02249478999497707,0.00897274823017527,0.01220715426578605,0.06830572090554765,0.07781800178776223,0.10480795699557355,0.22323954207250604
5000,base3,0,144,1,,34524.409539785935,exchangeable_varying_sigma,0.2,fixed,0.2,0.2,fixed,0.2,1.0,0.0,0.04850017588517707,0.06055617231159091,0.012909750553201371,0.01418449100416589,0.050670409284901664,0.06349445060379494,0.013250683477604774,0.014756378033493322,0.36456163980604456,0.4068664905921791,0.022828923019422312,0.5170217204504052
5000,base3,0,144,1,,46909.37704931904,exchangeable_varying_sigma,0.2,fixed,0.2,0.2,fixed,0.2,1.0,0.3,0.04915703389075475,0.061099996882754394,0.016157259094868703,0.016997792217639012,0.05079349157444993,0.0635689401909149,0.016277309654747385,0.01722614893882746,0.3585076642416617,0.3999725170313673,0.12879890254047152,0.5156997749940647
5000,base3,0,144,1,,40876.13687858998,exchangeable_varying_sigma,0.2,fixed,0.2,0.2,fixed,0.2,1.0,0.6,0.049358209611549304,0.06128785161014157,0.017227075137804332,0.018270607655890277,0.050039302179138004,0.06284859399132663,0.01740075214565623,0.018549276172696656,0.35724935748919506,0.39778453480488024,0.24481595135520584,0.5319449773342859
5000,base3,0,144,1,,49213.013956081006,exchangeable_varying_sigma,0.2,fixed,0.2,0.2,fixed,0.2,1.0,0.9,0.04961529766970839,0.06154674290097749,0.018214694526821673,0.019501769024695945,0.04869573657517574,0.06163725596635853,0.01858639782126212,0.02004689853767108,0.35582687617439196,0.39513991478539634,0.35931094392119034,0.5558088857801876
5000,base4,0,144,1,,39789.87104997801,exchangeable_varying_sigma,0.2,fixed,0.2,0.2,fixed,0.2,1.0,0.0,0.018533865979567743,0.024253715175125694,0.009191031281275283,0.01381159793744285,0.018576918302688133,0.024314921145387,0.009302777014322472,0.013923158411479843,0.10166923713808071,0.10819730218466742,0.01765134352193118,0.14552024009598372
5000,base4,0,144,1,,25273.944548751984,exchangeable_varying_sigma,0.2,fixed,0.2,0.2,fixed,0.2,1.0,0.3,0.017963039170819702,0.02369289942984868,0.00984168843001998,0.01151453604367259,0.017267031998547882,0.022932912548707402,0.009664450791049495,0.011405828382033452,0.0968411976825015,0.10089874444708395,0.02515027582064533,0.15529356246589915
5000,base4,0,144,1,,24087.45272074896,exchangeable_varying_sigma,0.2,fixed,0.2,0.2,fixed,0.2,1.0,0.6,0.0180522853995586,0.023736121503438953,0.010911504472956413,0.012763580173980856,0.01515015198026527,0.02017011863606544,0.010525711889082912,0.012523060845626372,0.09712001058452566,0.10073693434568308,0.05001329977866387,0.2006472054154429
5000,base4,0,144,1,,29536.05671027297,exchangeable_varying_sigma,0.2,fixed,0.2,0.2,fixed,0.2,1.0,0.9,0.018154804236401083,0.02383283797372089,0.011899123861974864,0.01394600427572341,0.010147199488272779,0.013582472683073587,0.01152458543592011,0.013861143265684522,0.09740108799265355,0.10079674701078488,0.07464642912561148,0.2589338541601105
2000,base1,1,145,1,,6092.469755870057,exchangeable_varying_sigma,0.2,fixed,0.2,0.2,fixed,0.2,1.0,0.0,0.03378180383688629,0.04371219150257417,0.00987447749102284,0.012567172646009976,0.03394174104854942,0.0439774311901847,0.009099584921908349,0.011802059313461616,0.16686519310194375,0.18296054130547118,0.024630760673010947,0.237760777273223
2000,base1,1,145,1,,5843.366317201871,exchangeable_varying_sigma,0.2,fixed,0.2,0.2,fixed,0.2,1.0,0.3,0.03579350307187381,0.045795937771099415,0.009497657599225537,0.013593697537630817,0.03521491598116388,0.04500354531995293,0.00829505642828049,0.012258429077634032,0.19067593170756897,0.19909170851893424,0.10737018139814908,0.33800040173010915
2000,base1,1,145,1,,6494.174569210969,exchangeable_varying_sigma,0.2,fixed,0.2,0.2,fixed,0.2,1.0,0.6,0.035462635303022245,0.04558650787349957,0.011684759148544915,0.016036769967355924,0.03234931545262737,0.04128556033353251,0.010271793666268791,0.014502227315352946,0.19858547235471627,0.207435715690395,0.166314719017718,0.45422746044189544
2000,base1,1,145,1,,7245.330525378929,exchangeable_varying_sigma,0.2,fixed,0.2,0.2,fixed,0.2,1.0,0.9,0.03506771982180944,0.04528679970107502,0.014307939079520882,0.01870354786383979,0.0260970315108552,0.03296979948630083,0.013485840504975116,0.017044421090320984,0.20554866524361506,0.2153410553302392,0.22100819050006892,0.5869649048939067
2000,base2,1,145,1,,6535.106188287027,exchangeable_varying_sigma,0.2,fixed,0.2,0.2,fixed,0.2,1.0,0.0,0.032887983539318474,0.04314421946372279,0.007609002921292712,0.008669166244387126,0.03309134545350898,0.0434824771405909,0.00737175928468177,0.008704826771567602,0.17593776021316543,0.1962067026490708,0.005909245100797922,0.24890885212958236
2000,base2,1,145,1,,5381.825596370967,exchangeable_varying_sigma,0.2,fixed,0.2,0.2,fixed,0.2,1.0,0.3,0.0342319897444923,0.04426818245506336,0.014882609269200639,0.018178145425511945,0.03388843031380343,0.0438361417782026,0.013326652851400722,0.016596458487514492,0.1907829274638056,0.20754810205552976,0.08025756812098384,0.3203942638674327
2000,base2,1,145,1,,4936.248994702008,exchangeable_varying_sigma,0.2,fixed,0.2,0.2,fixed,0.2,1.0,0.6,0.0338693312477561,0.04386556932159717,0.016415087032439393,0.02046443101139909,0.031049977686467375,0.04022393347756095,0.01489164646691353,0.01871592526940844,0.19751114192316716,0.21530326523116744,0.13980884165945107,0.4294972319072984
2000,base2,1,145,1,,6642.1322331419215,exchangeable_varying_sigma,0.2,fixed,0.2,0.2,fixed,0.2,1.0,0.9,0.03344498416926454,0.043360595226723336,0.01794710563382214,0.022947812629797112,0.024518138793579974,0.03181137106606583,0.0161006431407099,0.020851410137720877,0.20289857410202694,0.22224794405384615,0.19763469484351937,0.5601169687722919
2000,base3,1,145,1,,5821.231300247135,exchangeable_varying_sigma,0.2,fixed,0.2,0.2,fixed,0.2,1.0,0.0,0.05670729385846422,0.07018299411861556,0.018062294122191652,0.020357558468793478,0.05858565121741378,0.07260568556137642,0.017630048036820167,0.020982320595100735,0.21215041879681854,0.24945862328846538,0.0009079030826717196,0.2397474227461535
2000,base3,1,145,1,,4231.702563259052,exchangeable_varying_sigma,0.2,fixed,0.2,0.2,fixed,0.2,1.0,0.3,0.055147168708525277,0.06849448612073149,0.008233865879416269,0.010070299245134211,0.05684332253560985,0.0706778089139329,0.006833486700740299,0.008202881975154272,0.19897199898318416,0.24062451972998003,0.1718028123228003,0.3149252029574044
2000,base3,1,145,1,,7463.668878596043,exchangeable_varying_sigma,0.2,fixed,0.2,0.2,fixed,0.2,1.0,0.6,0.05503802029507732,0.0683103973609948,0.010551306494506668,0.012407063189688806,0.055421714499891916,0.06894140700091203,0.008553517905575347,0.01022981510974808,0.19416880184734914,0.2354466917026251,0.2980458100376842,0.41772995840522736
2000,base3,1,145,1,,7683.983598019928,exchangeable_varying_sigma,0.2,fixed,0.2,0.2,fixed,0.2,1.0,0.9,0.054980814587323804,0.06816466548862585,0.013174486425482773,0.015159706816234098,0.05282127189432033,0.06597400435503821,0.010827563244572624,0.013016905196299791,0.19070935327600216,0.2312282820379155,0.41883297272607206,0.534349425109496
2000,base4,1,145,1,,9276.122971470933,exchangeable_varying_sigma,0.2,fixed,0.2,0.2,fixed,0.2,1.0,0.0,0.029936094630605013,0.03990302627024547,0.009409461182526863,0.01224426251835596,0.029988285680557447,0.040058100246399636,0.008822526302125336,0.011823146657492584,0.2068477515158209,0.21599528791381709,0.012611829331045394,0.292868756724216
2000,base4,1,145,1,,4355.612436584197,exchangeable_varying_sigma,0.2,fixed,0.2,0.2,fixed,0.2,1.0,0.3,0.030921293598679112,0.04078893610957043,0.009933544102053354,0.013738793627372558,0.030237056758739094,0.03990179331568411,0.008925404702168016,0.012663310573397181,0.2238916301835648,0.22921227126437335,0.09189869156454841,0.3723094756328678
2000,base4,1,145,1,,5048.938524115132,exchangeable_varying_sigma,0.2,fixed,0.2,0.2,fixed,0.2,1.0,0.6,0.030523960834615,0.04046812240877725,0.012250984717139174,0.016209759914741054,0.026876352834943315,0.03566296778560212,0.010915299971024639,0.01483676802543171,0.23145003075598886,0.2370708253763362,0.13845060067441406,0.47692670815275384
2000,base4,1,145,1,,10515.290277949069,exchangeable_varying_sigma,0.2,fixed,0.2,0.2,fixed,0.2,1.0,0.9,0.030025199182800867,0.040075164147642464,0.014874164648116278,0.018903860565240366,0.018778193134801387,0.02539865886015746,0.013910931082279088,0.017191783442984884,0.23810258465282383,0.24441681897496864,0.18022722886682485,0.6005336184559988
5000,base1,1,145,1,,28415.685728373006,exchangeable_varying_sigma,0.2,fixed,0.2,0.2,fixed,0.2,1.0,0.0,0.024356404844313975,0.0304211579694696,0.009463227174168504,0.011158231464858729,0.02439542193206784,0.030460254695932797,0.009317566030266539,0.011386142222977898,0.04687311908072565,0.056070181514826595,0.019616159674028886,0.05671928276695048
5000,base1,1,145,1,,41670.77635498997,exchangeable_varying_sigma,0.2,fixed,0.2,0.2,fixed,0.2,1.0,0.3,0.023729113581882993,0.029648768428468645,0.009802459189945295,0.011135946788491238,0.02324611025060455,0.029168429422436918,0.009314935890813988,0.011266887902621182,0.050841640890843254,0.061465923394159745,0.04742143941699217,0.0954935379112321
5000,base1,1,145,1,,38625.67646847083,exchangeable_varying_sigma,0.2,fixed,0.2,0.2,fixed,0.2,1.0,0.6,0.0238515520897827,0.029665529942356317,0.011270258716970946,0.012429170576466794,0.021748464859397597,0.02708883751623052,0.010497504157371218,0.012574638734088189,0.05611750732795375,0.06703563455675207,0.0802358940153769,0.15411565772128535
5000,base1,1,145,1,,26384.26410619612,exchangeable_varying_sigma,0.2,fixed,0.2,0.2,fixed,0.2,1.0,0.9,0.024030068735076283,0.029722126987391937,0.01274757226240475,0.013680564817733469,0.018758852910144685,0.022638275429324593,0.012217353677545978,0.014044129474523322,0.061627429231133984,0.07272274686070465,0.11090756521432277,0.2148654913727833
5000,base2,1,145,1,,39859.59430890321,exchangeable_varying_sigma,0.2,fixed,0.2,0.2,fixed,0.2,1.0,0.0,0.024001562583972878,0.03052059957960701,0.008061549881369146,0.009417738050709891,0.024127257323208237,0.030686346281295285,0.00801597469111276,0.009827310187797257,0.06758021878645548,0.07391844969824125,0.017600647155785396,0.05753557894763849
5000,base2,1,145,1,,40376.09100743593,exchangeable_varying_sigma,0.2,fixed,0.2,0.2,fixed,0.2,1.0,0.3,0.022917341604369586,0.029257190423092123,0.011204136482747762,0.012543356951651013,0.022762922138233013,0.0291410489704775,0.01069478270863454,0.012865830723926027,0.07311994568824219,0.08056486354479302,0.036204780044490625,0.08341279715679087
5000,base2,1,145,1,,32358.793253031792,exchangeable_varying_sigma,0.2,fixed,0.2,0.2,fixed,0.2,1.0,0.6,0.02275014845787968,0.029060029919080774,0.01267193600977197,0.013904225906191739,0.021092912579818095,0.02705318444968275,0.011753473300400871,0.014089575634906773,0.07793457214469908,0.0862642164873131,0.07007362435321707,0.14133614569653766
5000,base2,1,145,1,,43052.435649008024,exchangeable_varying_sigma,0.2,fixed,0.2,0.2,fixed,0.2,1.0,0.9,0.02252701756956288,0.028835508923282353,0.014149249555209173,0.015230750926564427,0.017253134638652152,0.022497103560314372,0.013363358269918482,0.015490794073871512,0.08309739493567715,0.0923185309170972,0.10295911761470844,0.2039526347843503
5000,base3,1,145,1,,46326.88769171701,exchangeable_varying_sigma,0.2,fixed,0.2,0.2,fixed,0.2,1.0,0.0,0.04870394035505383,0.05995741477609507,0.01128983289244001,0.013251829687108333,0.050583226351251336,0.06253809751070158,0.012229280701458567,0.01389980703038177,0.36097233882186164,0.3986735087415605,0.0013319617535716532,0.5104984143062392
5000,base3,1,145,1,,46461.32617068302,exchangeable_varying_sigma,0.2,fixed,0.2,0.2,fixed,0.2,1.0,0.3,0.04957530281420421,0.06132441256065348,0.010326374652227119,0.010830986126484355,0.05113552388337928,0.06358959913241441,0.011810406055771078,0.01228630104091613,0.35582250113952457,0.392330020793259,0.13414596112890959,0.5142981113811683
5000,base3,1,145,1,,44427.620664171,exchangeable_varying_sigma,0.2,fixed,0.2,0.2,fixed,0.2,1.0,0.6,0.04962748080023807,0.06140898176066872,0.01091824192471183,0.011855993599431739,0.05032294308330994,0.0628552844979414,0.012802108117027505,0.013597633812232566,0.3513435470214711,0.38786563888210596,0.24567241048224603,0.5255909168343367
5000,base3,1,145,1,,40914.115792647994,exchangeable_varying_sigma,0.2,fixed,0.2,0.2,fixed,0.2,1.0,0.9,0.04970073859962575,0.06149439226257668,0.011294261531687652,0.012842688651365225,0.04867678776568453,0.061421407421628084,0.013514445886447624,0.014912182663153225,0.3468150638131084,0.38334853842046346,0.35535321561295974,0.54403778344707
5000,base4,1,145,1,,26593.833021959,exchangeable_varying_sigma,0.2,fixed,0.2,0.2,fixed,0.2,1.0,0.0,0.01852810665942469,0.02458752059165415,0.009337961265343447,0.010725853031185555,0.018526422431320685,0.024579829202991853,0.009232673949720466,0.010854490365767954,0.07775697259813806,0.0838633653674711,0.016030404158453665,0.1119349036572985
5000,base4,1,145,1,,32260.108310989046,exchangeable_varying_sigma,0.2,fixed,0.2,0.2,fixed,0.2,1.0,0.3,0.018490039130859837,0.024297991930796306,0.009927725098772003,0.011277628906475178,0.017846089822250454,0.023642775465477214,0.009484862414527201,0.011460630153018713,0.0793791228026622,0.08761993254113752,0.03560767995811531,0.13786971400542186
5000,base4,1,145,1,,23795.263826033042,exchangeable_varying_sigma,0.2,fixed,0.2,0.2,fixed,0.2,1.0,0.6,0.018539438264755296,0.02426708563704032,0.011395524625795517,0.012575635499241991,0.015677877417823,0.020849465828904488,0.010628707214877686,0.012734993749408376,0.08310888082384245,0.09286972144323646,0.056604261912382436,0.1858131156423224
5000,base4,1,145,1,,29583.897419143002,exchangeable_varying_sigma,0.2,fixed,0.2,0.2,fixed,0.2,1.0,0.9,0.018686877720078446,0.024247759697101003,0.012872838171230097,0.013829339314002636,0.010521463419279224,0.014049305077860536,0.012318924541677143,0.014156957110931711,0.08663042990729848,0.0981437719550946,0.07543765328758656,0.24114552628620783
2000,base1,2,146,1,,7633.715329273138,exchangeable_varying_sigma,0.2,fixed,0.2,0.2,fixed,0.2,1.0,0.0,0.03473301792531044,0.04584605070363413,0.020663366179317577,0.026104731604852518,0.03492408745753363,0.04611430274760253,0.021313332626142767,0.026813248670709288,0.21850782773223315,0.22884557254306653,0.049777127363834696,0.3138754996937788
2000,base1,2,146,1,,7284.667473769048,exchangeable_varying_sigma,0.2,fixed,0.2,0.2,fixed,0.2,1.0,0.3,0.03547559692161758,0.04565449239018814,0.02145469709336846,0.027690863229412183,0.0344878052920911,0.04436022348656902,0.022196689681480572,0.02811275025415467,0.2118529155809948,0.21681287291108756,0.07391322987144802,0.34559926040371125
2000,base1,2,146,1,,7028.829670900945,exchangeable_varying_sigma,0.2,fixed,0.2,0.2,fixed,0.2,1.0,0.6,0.035814812043815904,0.046061518999477774,0.022915236442505538,0.030290212953395592,0.03193222439401638,0.040851121495455764,0.023807857364926355,0.03065626399342524,0.2091243974447462,0.21287033389378962,0.1507513760485844,0.4552169002830997
2000,base1,2,146,1,,4633.3191262760665,exchangeable_varying_sigma,0.2,fixed,0.2,0.2,fixed,0.2,1.0,0.9,0.0362420551349231,0.04666935875351142,0.023790276264548604,0.0325399224634148,0.026429781613908576,0.03323051106914714,0.024184575364479613,0.03232697356514414,0.20806996827934926,0.21067905171675472,0.22740394728045243,0.5970592250040214
2000,base2,2,146,1,,7759.670417367015,exchangeable_varying_sigma,0.2,fixed,0.2,0.2,fixed,0.2,1.0,0.0,0.033769953280628984,0.04482521821186368,0.021869059964277876,0.02817583139339886,0.034003991740217766,0.045129835978441314,0.022237078784984377,0.02897196488430839,0.2198311019504648,0.23531010789978804,0.032003934643102014,0.3128870022861464
2000,base2,2,146,1,,5709.1842794111,exchangeable_varying_sigma,0.2,fixed,0.2,0.2,fixed,0.2,1.0,0.3,0.03339275800641905,0.04398263774009517,0.020138277534876764,0.025642943194116457,0.03239529366694007,0.042746708213978656,0.020509021597274954,0.025577361752524907,0.21140705352405711,0.22087729763893396,0.07420522940919522,0.3451442191902733
2000,base2,2,146,1,,7117.800155299017,exchangeable_varying_sigma,0.2,fixed,0.2,0.2,fixed,0.2,1.0,0.6,0.03390920506525096,0.04452199576963353,0.021329959139343976,0.02813255150725763,0.029875262267654256,0.039296744751865134,0.022166202171366098,0.028038778121524506,0.20947060266053713,0.21690700330546234,0.1469627511399616,0.45249209789659395
2000,base2,2,146,1,,7482.333117033122,exchangeable_varying_sigma,0.2,fixed,0.2,0.2,fixed,0.2,1.0,0.9,0.03462579111189664,0.04536782997159349,0.0222049989613919,0.030261481040041185,0.02430197554307204,0.0317403310046495,0.022690047690889323,0.029730892218007177,0.2095382149420181,0.21513213176388746,0.21742745773346805,0.5896308352353792
2000,base3,2,146,1,,5703.248096332187,exchangeable_varying_sigma,0.2,fixed,0.2,0.2,fixed,0.2,1.0,0.0,0.05865782052066587,0.07316263401542736,0.015739513893515578,0.017762637225071574,0.06079680542423928,0.0758686145693817,0.015596564050627287,0.017700638890434793,0.16996549232887737,0.20689620452190385,0.07011291947295345,0.19475567742781866
2000,base3,2,146,1,,4435.335661527002,exchangeable_varying_sigma,0.2,fixed,0.2,0.2,fixed,0.2,1.0,0.3,0.058031381338164115,0.07172867240324121,0.0350760947733621,0.04452504543764104,0.05972637094751293,0.0738964081235506,0.036557357624490486,0.04627512796387358,0.16187086601197473,0.19479407827038772,0.1003464052767647,0.2018825392276026
2000,base3,2,146,1,,7360.583455503918,exchangeable_varying_sigma,0.2,fixed,0.2,0.2,fixed,0.2,1.0,0.6,0.05789995819264615,0.07160253449283627,0.03653663412250127,0.046940511793332446,0.05825998744602135,0.07215710263914463,0.038228252294019924,0.04910747293282608,0.16271999923826683,0.1960684216219445,0.24933150124038495,0.34024963453258233
2000,base3,2,146,1,,8958.296168216038,exchangeable_varying_sigma,0.2,fixed,0.2,0.2,fixed,0.2,1.0,0.9,0.05774848261099203,0.0714285444633712,0.03741167394454502,0.04892989369765715,0.055313480254955576,0.0688113848540433,0.03865538435010249,0.05103587289806944,0.1639372155711922,0.1977047081131403,0.4025404438185987,0.5120737351697677
2000,base4,2,146,1,,4789.042569522047,exchangeable_varying_sigma,0.2,fixed,0.2,0.2,fixed,0.2,1.0,0.0,0.031395030079239654,0.04262405183624049,0.020100588546892312,0.02425296344354118,0.03148974279767031,0.0428151290115607,0.020397293160128144,0.024586820467524414,0.2561485875006033,0.2628332892691733,0.052307793486011396,0.3664042214600313
2000,base4,2,146,1,,4567.423009763937,exchangeable_varying_sigma,0.2,fixed,0.2,0.2,fixed,0.2,1.0,0.3,0.03147270505322849,0.04172743584849874,0.023624129573262154,0.030204074022145765,0.03027795820100303,0.040338762568478854,0.024429490527291972,0.030692430855302686,0.24875882623195308,0.25104285714703495,0.05466249197217066,0.38798370163988793
2000,base4,2,146,1,,6563.24394554412,exchangeable_varying_sigma,0.2,fixed,0.2,0.2,fixed,0.2,1.0,0.6,0.03182730939431138,0.042084075112459166,0.025084668922398884,0.03272844858483332,0.027175088972852708,0.03630530087020387,0.026199467195569107,0.03340827655969217,0.2459319952112293,0.24748311937144954,0.12099035613041137,0.4847787001283546
2000,base4,2,146,1,,5972.881530666957,exchangeable_varying_sigma,0.2,fixed,0.2,0.2,fixed,0.2,1.0,0.9,0.032225346899410284,0.04263880655184746,0.025959708744442603,0.034877128448482786,0.01971874669471388,0.026716234781073697,0.0267451792608715,0.03526141973963819,0.2446766233900138,0.24574669813894087,0.18779837295629376,0.6179842327972835
5000,base1,2,146,1,,41830.142063532025,exchangeable_varying_sigma,0.2,fixed,0.2,0.2,fixed,0.2,1.0,0.0,0.024604142568852846,0.03050936787391442,0.007717423646501964,0.009789298860681287,0.024675063850889162,0.0305943177627157,0.007916104409185887,0.010121532814375788,0.05934456215021423,0.07287715891184562,0.004223101809577847,0.08411370498798146
5000,base1,2,146,1,,47724.164784094086,exchangeable_varying_sigma,0.2,fixed,0.2,0.2,fixed,0.2,1.0,0.3,0.024137705470822123,0.030166099108100787,0.011022325632956284,0.014675006047188235,0.0236384063564783,0.02942500373474453,0.011043619636459917,0.01471477855668967,0.06615997601192902,0.07522270409565904,0.041607346830952185,0.1250850710862992
5000,base1,2,146,1,,33239.61597835692,exchangeable_varying_sigma,0.2,fixed,0.2,0.2,fixed,0.2,1.0,0.6,0.02415861636634947,0.03019052526944773,0.012224771367077086,0.016322909129620877,0.02200618964588082,0.027122621298303153,0.012199798218245433,0.016194574085043687,0.0662170326894299,0.07412054325983454,0.08009401764050939,0.1870811293614085
5000,base1,2,146,1,,30739.112131600035,exchangeable_varying_sigma,0.2,fixed,0.2,0.2,fixed,0.2,1.0,0.9,0.024203508307979446,0.03019533349245391,0.013352279857388294,0.01785293434895666,0.018798451832518496,0.022552704039662873,0.013129444845989977,0.017610981254512936,0.06588537122977327,0.07314307557680905,0.11876417230912228,0.25815205119891255
5000,base2,2,146,1,,42728.93954598182,exchangeable_varying_sigma,0.2,fixed,0.2,0.2,fixed,0.2,1.0,0.0,0.023552059419164988,0.029513613114745835,0.006273480525264941,0.00998113001156717,0.023672363937889986,0.029667324585340323,0.006253415923700212,0.010116072741587672,0.06771360392299534,0.08451369947543151,0.007951604244659922,0.0876500958330804
5000,base2,2,146,1,,37558.721942285076,exchangeable_varying_sigma,0.2,fixed,0.2,0.2,fixed,0.2,1.0,0.3,0.023438160237149005,0.02974507842512712,0.010677267720488465,0.014128409325096594,0.02296928668931873,0.02903620909115199,0.011095180722042547,0.01421491003247733,0.06803888411003264,0.08390731906180782,0.04104454665446888,0.12560920195567254
5000,base2,2,146,1,,45891.515348749,exchangeable_varying_sigma,0.2,fixed,0.2,0.2,fixed,0.2,1.0,0.6,0.023491763750705993,0.02980103105507568,0.011868332969093578,0.01576525892969658,0.02120451482149955,0.026748216791553252,0.012214355936192065,0.015573658071206165,0.06817627557666363,0.0829006530524973,0.07955896181257927,0.18743527920042138
5000,base2,2,146,1,,41474.45168571896,exchangeable_varying_sigma,0.2,fixed,0.2,0.2,fixed,0.2,1.0,0.9,0.023579906363383987,0.02985322030845608,0.012958978479388539,0.017282814279537963,0.01731867122171795,0.022174907297079605,0.013100597792444463,0.016813854041177398,0.06858215885567355,0.08237367425232626,0.11839132941273667,0.2587274801704164
5000,base3,2,146,1,,45096.08950079203,exchangeable_varying_sigma,0.2,fixed,0.2,0.2,fixed,0.2,1.0,0.0,0.0485549924316689,0.06015991194943374,0.006724366091244993,0.008331075536463893,0.0506395601238449,0.06299490271122661,0.007053790054088016,0.008236154902297583,0.3414773788862173,0.38196656322767136,0.01662390562908131,0.4808595748129148
5000,base3,2,146,1,,33462.499497690995,exchangeable_varying_sigma,0.2,fixed,0.2,0.2,fixed,0.2,1.0,0.3,0.04878242742533062,0.060141385196983775,0.012192222496333546,0.016056382992076044,0.0506131211019471,0.06272817420405895,0.012891512504816488,0.01600262234423854,0.3329687325186283,0.3740018578162633,0.11633881915858851,0.47541878112148744
5000,base3,2,146,1,,46885.83932125702,exchangeable_varying_sigma,0.2,fixed,0.2,0.2,fixed,0.2,1.0,0.6,0.04882643395960913,0.06010451733683931,0.01338328774494403,0.01768899750140026,0.04980893202452119,0.06186857342293437,0.014126567246183941,0.017545134405837107,0.3326249834281296,0.3731481376832092,0.23287595942267908,0.494599159387503
5000,base3,2,146,1,,47051.091407954984,exchangeable_varying_sigma,0.2,fixed,0.2,0.2,fixed,0.2,1.0,0.9,0.04888510508355625,0.06004485820480789,0.014473933255238325,0.019206225907566876,0.048252690535631484,0.060340645440516684,0.015134228538016534,0.01894610303289176,0.3328360829804063,0.37271235979842504,0.3496583402027824,0.5256657549897659
5000,base4,2,146,1,,32120.988474202983,exchangeable_varying_sigma,0.2,fixed,0.2,0.2,fixed,0.2,1.0,0.0,0.01877050898414587,0.024681815574256374,0.0070134320430183805,0.009451408522446438,0.018794830892386656,0.024725472464601564,0.007165845996649461,0.009693369247143188,0.10227079443511587,0.10784554749092053,0.00949426688778756,0.14513415661228363
5000,base4,2,146,1,,31411.057891769975,exchangeable_varying_sigma,0.2,fixed,0.2,0.2,fixed,0.2,1.0,0.3,0.018711663854754135,0.0245799589273876,0.010988640794064017,0.01468985491912471,0.018007356749360517,0.02362394720260595,0.011166055181546244,0.014611563801181162,0.10877592507872673,0.11201759971582456,0.028023730921492518,0.17407416075383866
5000,base4,2,146,1,,23705.51799991395,exchangeable_varying_sigma,0.2,fixed,0.2,0.2,fixed,0.2,1.0,0.6,0.018750389760346552,0.024599131729372038,0.01217970604267582,0.01633778390009618,0.01579713957436569,0.02066346344801341,0.012295296271484735,0.01605899526475092,0.10879204358536458,0.11104374246966231,0.054078165777243115,0.22231138689682617
5000,base4,2,146,1,,29308.132054406044,exchangeable_varying_sigma,0.2,fixed,0.2,0.2,fixed,0.2,1.0,0.9,0.018880213740487206,0.0245947961171665,0.013270351552968837,0.01786624283836664,0.010632215025856798,0.01393982345444036,0.01318686634178512,0.017433983413778182,0.10840397138727946,0.11001290075821919,0.0804527996676877,0.28429635309784035
2000,base1,0,147,1,,8505.965989533812,exchangeable_varying_sigma,0.2,fixed,0.2,0.2,fixed,0.2,1.0,0.0,0.03509223714142606,0.04531938067292931,0.011726717384387075,0.015434588199091995,0.03517422981071696,0.04547562632460851,0.012401736805475572,0.016064774945316065,0.20847564054305615,0.2150484817084183,0.005757708997692807,0.29489951608349196
2000,base1,0,147,1,,7526.855792219751,exchangeable_varying_sigma,0.2,fixed,0.2,0.2,fixed,0.2,1.0,0.3,0.035337332213027296,0.04493880790213833,0.01848084472629069,0.02145719055822542,0.034540825533300484,0.04386347029575016,0.017269711595532727,0.020248358546221125,0.19913618710615838,0.20649454533247671,0.06488095995700616,0.3229008637229686
2000,base1,0,147,1,,5572.741601446178,exchangeable_varying_sigma,0.2,fixed,0.2,0.2,fixed,0.2,1.0,0.6,0.03553808433259622,0.04528305868387936,0.020767470031789442,0.02376498069992796,0.031900608993424694,0.04030835761049831,0.019901123693623846,0.022453577646610757,0.1984322509810023,0.2048348628139547,0.13432571326614529,0.42610346745358807
2000,base1,0,147,1,,8169.836628876161,exchangeable_varying_sigma,0.2,fixed,0.2,0.2,fixed,0.2,1.0,0.9,0.03573290304494576,0.045717684219320744,0.022950671910020592,0.025898424324390566,0.02586931246270412,0.0322807967280497,0.02259156371137,0.024647181335291476,0.19708129992349877,0.20292779027516628,0.20503222159796897,0.5582172393062987
2000,base2,0,147,1,,7203.087985720951,exchangeable_varying_sigma,0.2,fixed,0.2,0.2,fixed,0.2,1.0,0.0,0.033530308535628224,0.04399636316564849,0.010306302919267735,0.011061836851618585,0.033660136817146476,0.04420600697194603,0.010998179503087735,0.011742001679587118,0.20925824690199937,0.2171895463379353,0.010228329005730223,0.2961568135417645
2000,base2,0,147,1,,6793.060714803636,exchangeable_varying_sigma,0.2,fixed,0.2,0.2,fixed,0.2,1.0,0.3,0.03347066455747487,0.043437544103693916,0.022284290644569826,0.025064289824119842,0.032350158325715805,0.04209400260538893,0.02148182611209748,0.024187245680136887,0.20114354913629817,0.20753393746494278,0.07787162663566438,0.33309924171904026
2000,base2,0,147,1,,8235.332644400652,exchangeable_varying_sigma,0.2,fixed,0.2,0.2,fixed,0.2,1.0,0.6,0.03392700242425378,0.04403729889462875,0.024570915950066108,0.027478888123887178,0.029634127205871306,0.03854345130820357,0.02411005416125092,0.026510989967151358,0.20019702463456066,0.20613624457364288,0.1436824644206574,0.4366250389197942
2000,base2,0,147,1,,7747.743470611982,exchangeable_varying_sigma,0.2,fixed,0.2,0.2,fixed,0.2,1.0,0.9,0.03447214829895779,0.04485843446019023,0.02675411782830031,0.02972187233455168,0.023521725685413542,0.030685486084773162,0.026683276512188353,0.028762564537192115,0.1985772204617731,0.20441075737289333,0.2090463092579251,0.5644904357925982
2000,base3,0,147,1,,7113.24669573782,exchangeable_varying_sigma,0.2,fixed,0.2,0.2,fixed,0.2,1.0,0.0,0.057186969543624504,0.07147639716815508,0.01689333408447513,0.022232891459466712,0.05921361428976437,0.0739965005789286,0.017142356589019705,0.021598778277678043,0.18490375178906387,0.22481862658775004,0.009650853788431281,0.2097656434658656
2000,base3,0,147,1,,8184.603199266829,exchangeable_varying_sigma,0.2,fixed,0.2,0.2,fixed,0.2,1.0,0.3,0.0572766222594031,0.07137794206764012,0.008179793142178426,0.011241715221603572,0.05884995238256352,0.07346451135961676,0.00841659705036768,0.011736556758816394,0.19024738269117433,0.2293806521909946,0.14883722309024625,0.2731786481879015
2000,base3,0,147,1,,6125.726733228657,exchangeable_varying_sigma,0.2,fixed,0.2,0.2,fixed,0.2,1.0,0.6,0.05748265330148939,0.07162188036474848,0.010111144159223845,0.013132857522396593,0.05769635335599747,0.07202860633816371,0.009831317845176185,0.013174255528623531,0.19029344227775158,0.229405888783302,0.28917106034452483,0.40200816877934803
2000,base3,0,147,1,,8008.457982924301,exchangeable_varying_sigma,0.2,fixed,0.2,0.2,fixed,0.2,1.0,0.9,0.057826254661888746,0.07190449377770085,0.01186433028232331,0.014947921926217581,0.055358186702180484,0.06918623487309529,0.011473858864642805,0.01479788957664142,0.19123143597342704,0.23054215559931307,0.43057193405308664,0.5518888420605075
2000,base4,0,147,1,,8357.566806924064,exchangeable_varying_sigma,0.2,fixed,0.2,0.2,fixed,0.2,1.0,0.0,0.03107487304661745,0.04135337615310091,0.011173256101950843,0.014308754434817383,0.031116601936012952,0.04146886502081034,0.01186642788695913,0.01480961214587019,0.2443690525421039,0.2473769743663304,0.004979311700708613,0.3456309893868377
2000,base4,0,147,1,,8406.810237635858,exchangeable_varying_sigma,0.2,fixed,0.2,0.2,fixed,0.2,1.0,0.3,0.03125532804900724,0.040923470657659916,0.01753850899654716,0.02020364969058505,0.03014279727194634,0.039526758336112265,0.01691090953548227,0.01938841011118213,0.23776602260936883,0.24105176718766944,0.06047288206925355,0.37502305504523564
2000,base4,0,147,1,,11389.13225068478,exchangeable_varying_sigma,0.2,fixed,0.2,0.2,fixed,0.2,1.0,0.6,0.03164743109252623,0.041401036383280194,0.01982513430204444,0.022556037511966148,0.026974050912715354,0.03543346708426953,0.019681636039181993,0.021695199154907786,0.23698150446697264,0.2397522506094809,0.1176108130969265,0.4689368618019936
2000,base4,0,147,1,,9026.032042957377,exchangeable_varying_sigma,0.2,fixed,0.2,0.2,fixed,0.2,1.0,0.9,0.03212660800599128,0.04201791019520909,0.022008336180278226,0.02472959739749998,0.01911138427460196,0.025493688319868247,0.02248752124902073,0.024000161929157368,0.23546664097468475,0.23786744962358014,0.17563851641288475,0.5921148621941345
5000,base1,0,147,1,,45948.61958618788,exchangeable_varying_sigma,0.2,fixed,0.2,0.2,fixed,0.2,1.0,0.0,0.024783248565885433,0.03053242277333384,0.011091516080150243,0.012950826487477996,0.024900498515745086,0.030660762656145726,0.011706776540543778,0.013506681488596638,0.050667784242479655,0.06798661665215855,0.011285274517104009,0.05899531284120435
5000,base1,0,147,1,,44280.712390693836,exchangeable_varying_sigma,0.2,fixed,0.2,0.2,fixed,0.2,1.0,0.3,0.02235353046751861,0.028087243547896962,0.010631117477935187,0.013768840687975275,0.022126815620564767,0.027651859967967547,0.010421876913569522,0.013284203196030067,0.04871802723981692,0.0658472773921749,0.027037707294689572,0.0724075110546005
5000,base1,0,147,1,,43465.82854096359,exchangeable_varying_sigma,0.2,fixed,0.2,0.2,fixed,0.2,1.0,0.6,0.02225114312122695,0.028005876423082252,0.011762534061346488,0.015192594881834099,0.02074171872525303,0.02570676499802066,0.011112527491246402,0.014227830501479244,0.053059465687622015,0.07014284176080192,0.06450001638189418,0.12831415964293166
5000,base1,0,147,1,,42265.25229172362,exchangeable_varying_sigma,0.2,fixed,0.2,0.2,fixed,0.2,1.0,0.9,0.0221905520819762,0.02798786116997923,0.012819084561443969,0.016560010151704038,0.018060059256696456,0.02186052530563499,0.011649307208519644,0.014979233103766705,0.05817330932475816,0.07546182666728851,0.10159367197923097,0.19158019846553045
5000,base2,0,147,1,,50175.513117777184,exchangeable_varying_sigma,0.2,fixed,0.2,0.2,fixed,0.2,1.0,0.0,0.02246523844617737,0.02863390248344712,0.009212050313183062,0.014237262846125151,0.022675676379822134,0.02891675507410718,0.009908832754733421,0.01456061580582886,0.07746540618415149,0.08685039204735044,0.002045652140349925,0.062129200666478215
5000,base2,0,147,1,,49238.26340005826,exchangeable_varying_sigma,0.2,fixed,0.2,0.2,fixed,0.2,1.0,0.3,0.023399542960582855,0.02965754204871424,0.009990547108057593,0.011701434764459168,0.022800646754989478,0.0289745879847244,0.00951310360009043,0.011229826465159694,0.07066104483788452,0.07919961209517191,0.041451775717836925,0.09082471369619306
5000,base2,0,147,1,,45552.73201296711,exchangeable_varying_sigma,0.2,fixed,0.2,0.2,fixed,0.2,1.0,0.6,0.023526607080260865,0.029787970205317208,0.011121963691470893,0.013120423172784113,0.020919011568365332,0.026693743467256736,0.010030574281324312,0.012032707264651062,0.07340921357712937,0.08330438639146216,0.08040629302608071,0.15130963202124176
5000,base2,0,147,1,,49428.675488658715,exchangeable_varying_sigma,0.2,fixed,0.2,0.2,fixed,0.2,1.0,0.9,0.02366416227480917,0.029967611403038448,0.012178514191573564,0.014475408727284434,0.01708356752467048,0.022298760357810383,0.010343623862500734,0.012572576559749376,0.07713327112138359,0.0887823261713965,0.11949319087381083,0.21745984922371384
5000,base3,0,147,1,,42799.733378492296,exchangeable_varying_sigma,0.2,fixed,0.2,0.2,fixed,0.2,1.0,0.0,0.04907502035029513,0.060581486923863545,0.010437951026480652,0.013286861485634266,0.05123547179416049,0.0635059352332132,0.011652946059463987,0.014380911936213561,0.3652532607088918,0.4099482696386267,0.01456195740420132,0.5149185889008169
5000,base3,0,147,1,,50537.659191894345,exchangeable_varying_sigma,0.2,fixed,0.2,0.2,fixed,0.2,1.0,0.3,0.04757712954323969,0.0589810560361969,0.008653238637236549,0.012460375275039908,0.04933753170467865,0.06148895485580905,0.00773621203699601,0.010831831052442634,0.37474253651159484,0.4182688966658913,0.11289323753637195,0.5315133233530004
5000,base3,0,147,1,,44619.59284406202,exchangeable_varying_sigma,0.2,fixed,0.2,0.2,fixed,0.2,1.0,0.6,0.04771547737705797,0.05904797393963724,0.00967419421544749,0.01389272859477134,0.048692738445857336,0.06080228520979998,0.008621119369299157,0.011937010932291539,0.3746700540772448,0.41907472490814973,0.22707571149436173,0.5419703073480732
5000,base3,0,147,1,,45209.80556855118,exchangeable_varying_sigma,0.2,fixed,0.2,0.2,fixed,0.2,1.0,0.9,0.047948456591367594,0.05920268276168493,0.010675445015282087,0.015271294927472354,0.04750698146031934,0.05968928953035723,0.009385540865509759,0.01290480368522221,0.3732653249714719,0.4187814960805191,0.3402821938421706,0.557487398968205
5000,base4,0,147,1,,44292.252820191905,exchangeable_varying_sigma,0.2,fixed,0.2,0.2,fixed,0.2,1.0,0.0,0.01882998380700322,0.02438790729529718,0.010283587442337871,0.01321426503386418,0.018867018413818448,0.02445279700420199,0.010653349351722935,0.013499169313000603,0.08437096335018586,0.09349965540456606,0.009556102808686334,0.1199584865511162
5000,base4,0,147,1,,45254.77029729867,exchangeable_varying_sigma,0.2,fixed,0.2,0.2,fixed,0.2,1.0,0.3,0.017453260533612302,0.02264692008618015,0.009929201469081217,0.01253694165885071,0.01688260486157623,0.02180473048819814,0.009572705938194953,0.01203816308386181,0.0784302479633579,0.08711075130632136,0.020436760920157115,0.12606288473174962
5000,base4,0,147,1,,43745.898822957184,exchangeable_varying_sigma,0.2,fixed,0.2,0.2,fixed,0.2,1.0,0.6,0.017455467970439665,0.022696309353887126,0.011060618052493296,0.01398596642241233,0.014787764014011181,0.019085633572819526,0.0102082076555325,0.012976734558859636,0.0782116569079136,0.08909723156461434,0.04609612310659572,0.16800367564534952
5000,base4,0,147,1,,43338.455225588754,exchangeable_varying_sigma,0.2,fixed,0.2,0.2,fixed,0.2,1.0,0.9,0.017517257450902265,0.022849168609082527,0.012117168552595495,0.0153712035103732,0.009982140034818456,0.013034663110615075,0.010660678521472525,0.013671657266546578,0.07889476952563766,0.09243092231846714,0.07122981094432312,0.2231060922418237
2000,base1,1,148,1,,8071.720065112691,exchangeable_varying_sigma,0.2,fixed,0.2,0.2,fixed,0.2,1.0,0.0,0.03630623532346569,0.046811142562835334,0.013964563113780373,0.016286682011861557,0.03640124166441149,0.04700587487192763,0.013874335231417179,0.016304128033009763,0.21467155573906269,0.22199689666632844,0.018092580533633638,0.3042556874485631
2000,base1,1,148,1,,8177.985411113128,exchangeable_varying_sigma,0.2,fixed,0.2,0.2,fixed,0.2,1.0,0.3,0.033688132802176717,0.0441367627406639,0.018269921539254858,0.02082062620802748,0.033201101678852374,0.04343605353474871,0.019952282752325218,0.02265819388261185,0.2066384798371518,0.21615751669584382,0.05424080396213343,0.3278094726043944
2000,base1,1,148,1,,8766.630926134065,exchangeable_varying_sigma,0.2,fixed,0.2,0.2,fixed,0.2,1.0,0.6,0.03359528828148676,0.04413904296465109,0.019660118683628686,0.022474199593695482,0.03060598793721252,0.03991142975819648,0.022068368316821435,0.02523421454193203,0.20596920310592515,0.2164361172526133,0.12498771935031122,0.4291260180247828
2000,base1,1,148,1,,7290.406477591023,exchangeable_varying_sigma,0.2,fixed,0.2,0.2,fixed,0.2,1.0,0.9,0.03357419604301251,0.0443030187464215,0.020674943087574754,0.0237635507630962,0.02480905635805372,0.03182533192007003,0.023503558967347266,0.02756626860892731,0.20560831601053645,0.21729087277808617,0.19581437952082015,0.5626431977098675
2000,base2,1,148,1,,8700.254748380277,exchangeable_varying_sigma,0.2,fixed,0.2,0.2,fixed,0.2,1.0,0.0,0.033299248755335596,0.0439064394184039,0.011533568426079596,0.013843732202659026,0.03351186419433331,0.044238082509355535,0.01176753940485828,0.014186247835926652,0.21381876450004175,0.2266502484683221,0.01790885565968266,0.3030402592561329
2000,base2,1,148,1,,8511.965888200793,exchangeable_varying_sigma,0.2,fixed,0.2,0.2,fixed,0.2,1.0,0.3,0.03331445481830302,0.0436432828673404,0.018200028964325404,0.021930566918456466,0.03271404356108187,0.042835747000619824,0.019717490366175067,0.023635996608435947,0.2160000647671453,0.22945140523174787,0.05650398532923542,0.34222405054809407
2000,base2,1,148,1,,7727.2473223479465,exchangeable_varying_sigma,0.2,fixed,0.2,0.2,fixed,0.2,1.0,0.6,0.03326169132374667,0.043800093924306234,0.019590226108701536,0.023618796834709105,0.02989305051457691,0.039227520053897236,0.021832853489234888,0.026271720278270596,0.2154817777714918,0.23036927709307148,0.12503038068191935,0.44301919889614366
2000,base2,1,148,1,,8343.820859965868,exchangeable_varying_sigma,0.2,fixed,0.2,0.2,fixed,0.2,1.0,0.9,0.033312615895530966,0.04416048134388536,0.02060505051264594,0.024946444932535252,0.02352060839912871,0.031059126566273118,0.02334585729177857,0.028802729859709025,0.21504087305823316,0.23173451693739075,0.1936536264475639,0.5755784632773391
2000,base3,1,148,1,,8172.588421037886,exchangeable_varying_sigma,0.2,fixed,0.2,0.2,fixed,0.2,1.0,0.0,0.057019983481502744,0.07097069618426696,0.016667780823347078,0.018418194323812746,0.058967625895916274,0.07356683390707404,0.016358935764060806,0.01808714012756011,0.16121640882957672,0.19424409710671728,0.006009224288486812,0.16147979669190005
2000,base3,1,148,1,,7685.402581828646,exchangeable_varying_sigma,0.2,fixed,0.2,0.2,fixed,0.2,1.0,0.3,0.05605464706761401,0.06971200548073836,0.018098141837949056,0.019209935247833182,0.05794932031550764,0.0721956944274048,0.018504869495092002,0.01956501420491878,0.17595533413304776,0.21238050961498448,0.1296109336118995,0.24057536526260306
2000,base3,1,148,1,,10366.030038896017,exchangeable_varying_sigma,0.2,fixed,0.2,0.2,fixed,0.2,1.0,0.6,0.05613030101741449,0.06985306796602714,0.019488338982324716,0.020846892769074643,0.05673797385669675,0.07076757735116339,0.020330035105011662,0.021957656670847196,0.17518724427651874,0.2117522102834454,0.26722574877716326,0.3670110096758257
2000,base3,1,148,1,,8823.30182810966,exchangeable_varying_sigma,0.2,fixed,0.2,0.2,fixed,0.2,1.0,0.9,0.05638345837712299,0.07016335133540962,0.02050316338626773,0.02214729876500306,0.05419193502751194,0.06796101678532256,0.021644645033530585,0.024203702961213817,0.17341815768481633,0.21000606927422,0.40402276952652816,0.5138866650376662
2000,base4,1,148,1,,8247.053028401919,exchangeable_varying_sigma,0.2,fixed,0.2,0.2,fixed,0.2,1.0,0.0,0.03111092360717231,0.041979241538369225,0.013302068785340002,0.015705273031584324,0.03115003711353905,0.04212294307619438,0.013323021510036129,0.01576777249942506,0.2503053820975767,0.2548749928883439,0.013810696633834704,0.35428797773467796
2000,base4,1,148,1,,9177.344644099008,exchangeable_varying_sigma,0.2,fixed,0.2,0.2,fixed,0.2,1.0,0.3,0.029845321548456677,0.040116388298143096,0.01821110319776914,0.02072627201325599,0.02916456708888183,0.0392346807711247,0.01961904198890274,0.022290943605655512,0.24381653541098303,0.249606197353755,0.044099965629511684,0.37626369000723753
2000,base4,1,148,1,,8761.06800530618,exchangeable_varying_sigma,0.2,fixed,0.2,0.2,fixed,0.2,1.0,0.6,0.029817362790769027,0.04022625883803385,0.019601300342141387,0.022401403382345888,0.026025169911398555,0.035262241034966196,0.021625870182143375,0.024838221650886786,0.2432621254290548,0.2497766793855748,0.1032721554133399,0.46776171434566627
2000,base4,1,148,1,,8498.341972666793,exchangeable_varying_sigma,0.2,fixed,0.2,0.2,fixed,0.2,1.0,0.9,0.029813663283409036,0.040551965098255184,0.020616124746087428,0.023714963863793907,0.018165612542045132,0.025282951605539998,0.022984700670216546,0.027189520996314488,0.24304397632461552,0.2504386725424677,0.16223935071699325,0.5928324547295349
5000,base1,1,148,1,,48486.56593814725,exchangeable_varying_sigma,0.2,fixed,0.2,0.2,fixed,0.2,1.0,0.0,0.02305270569245731,0.029029206701831164,0.007572961795454275,0.008736910083240342,0.023131215918530613,0.029104763043304414,0.007553020064365992,0.008782580921671146,0.041925200616023554,0.05774379213684575,0.009102922042242922,0.04116666227561377
5000,base1,1,148,1,,44221.14305958431,exchangeable_varying_sigma,0.2,fixed,0.2,0.2,fixed,0.2,1.0,0.3,0.024610545786097802,0.030816992642293255,0.013043854190498125,0.014589720752680183,0.02409486865680783,0.03007400079806357,0.012848021781585395,0.014566840534048742,0.04967917732747256,0.06742729839482557,0.0549860941780293,0.10341356050016444
5000,base1,1,148,1,,43224.67192897387,exchangeable_varying_sigma,0.2,fixed,0.2,0.2,fixed,0.2,1.0,0.6,0.024763647349354646,0.030898566269039796,0.014062659383696552,0.01582335583249443,0.02249454656128175,0.027743319754147414,0.013840895159138916,0.01588079206000016,0.05852949276666609,0.07668111667767648,0.09047548532815441,0.16691455248242004
5000,base1,1,148,1,,48869.689284882974,exchangeable_varying_sigma,0.2,fixed,0.2,0.2,fixed,0.2,1.0,0.9,0.02490900217961099,0.030974565895149443,0.014901749666201294,0.016930781636963568,0.01918945780023154,0.023008377776963237,0.01436999960512754,0.016884006545579623,0.06884732676407686,0.087361429315722,0.12295715156735032,0.23194263625532902
5000,base2,1,148,1,,50062.3414346301,exchangeable_varying_sigma,0.2,fixed,0.2,0.2,fixed,0.2,1.0,0.0,0.02253429380943918,0.028864603102045368,0.010250428435941844,0.011940608414780585,0.022708646699309457,0.029085872084654976,0.010268404297093525,0.012246020390587632,0.05086054506882883,0.06428702325939795,0.016937361793614353,0.047174033395469245
5000,base2,1,148,1,,47172.2217541514,exchangeable_varying_sigma,0.2,fixed,0.2,0.2,fixed,0.2,1.0,0.3,0.023336959097096495,0.029789242145712155,0.01071737779878279,0.011464546155801841,0.02288183085907822,0.02908243491330874,0.010184949742479299,0.011200379991498364,0.060594789045756124,0.0777421465532092,0.0529795653561099,0.10628168022562086
5000,base2,1,148,1,,50071.46693841508,exchangeable_varying_sigma,0.2,fixed,0.2,0.2,fixed,0.2,1.0,0.6,0.02340106245527147,0.029858440462011766,0.011736182991983521,0.012680448446329793,0.021080921138278058,0.026687504365591523,0.011034303201076054,0.012381849570433687,0.06959806775964916,0.08792398100558418,0.08656360766918003,0.16808680829709072
5000,base2,1,148,1,,43494.09592104796,exchangeable_varying_sigma,0.2,fixed,0.2,0.2,fixed,0.2,1.0,0.9,0.02359439628068351,0.02994978770335695,0.012575273274489387,0.013773796330292807,0.017168865303359617,0.021955372605884958,0.011415427649310764,0.01334820108924615,0.08056518878600884,0.09961220977309643,0.11703849096005414,0.23190879355086536
5000,base3,1,148,1,,47950.40221325308,exchangeable_varying_sigma,0.2,fixed,0.2,0.2,fixed,0.2,1.0,0.0,0.05036836380610179,0.06206852993964236,0.008466314033965638,0.008998863889730943,0.05237467522237814,0.06483591401825313,0.008083294932511975,0.009179149988102103,0.3799991430692248,0.4219917872445672,0.006318388216071698,0.5375026953183616
5000,base3,1,148,1,,46153.56182710687,exchangeable_varying_sigma,0.2,fixed,0.2,0.2,fixed,0.2,1.0,0.3,0.049066894018122316,0.0608112045203939,0.011185455672694869,0.01361260913607224,0.050875952684819314,0.06339470906105182,0.011464947350253177,0.014819863365366493,0.38735126290407973,0.430110385731682,0.10949628807729736,0.5483944787743258
5000,base3,1,148,1,,44866.10980016319,exchangeable_varying_sigma,0.2,fixed,0.2,0.2,fixed,0.2,1.0,0.6,0.04905894900546616,0.06070196106598115,0.012204260865891492,0.014758543767724518,0.04992609866676604,0.062362826269551114,0.012806004270102062,0.016248990479386424,0.3842964107835718,0.42754991464729303,0.22620756076573595,0.5538493124065531
5000,base3,1,148,1,,45420.970175233204,exchangeable_varying_sigma,0.2,fixed,0.2,0.2,fixed,0.2,1.0,0.9,0.04902726074707345,0.060540712394733645,0.013043351148399676,0.015772646906755627,0.04826788365399127,0.06057893842192333,0.013944690184154479,0.017440964379387067,0.38152008991869024,0.4252812282410439,0.34233382353166764,0.567206637833495
5000,base4,1,148,1,,44854.05693541607,exchangeable_varying_sigma,0.2,fixed,0.2,0.2,fixed,0.2,1.0,0.0,0.018503183730339757,0.024311769898132947,0.008405496057706602,0.009814413102256572,0.01851759618386885,0.02432331036117135,0.008333609691744653,0.009836772826696177,0.07419806220999943,0.07975462104823447,0.012062043599053428,0.10611367243958154
5000,base4,1,148,1,,45377.73453891929,exchangeable_varying_sigma,0.2,fixed,0.2,0.2,fixed,0.2,1.0,0.3,0.01933692014871905,0.025045767155993992,0.011857907749836541,0.013218338406976168,0.018548159127512412,0.024111633947096412,0.011827623506794463,0.013336061071798713,0.08074894461284773,0.08886835273483587,0.04014458666670423,0.14322695323737816
5000,base4,1,148,1,,43075.75562467892,exchangeable_varying_sigma,0.2,fixed,0.2,0.2,fixed,0.2,1.0,0.6,0.019430986931584876,0.025066823561174845,0.012876712943036717,0.014435561600734927,0.016224026082029008,0.021118146796575563,0.012827692806167967,0.014619478574413055,0.08498994931752402,0.09650535155468612,0.0625059058118651,0.19456529492744246
5000,base4,1,148,1,,41856.922464859206,exchangeable_varying_sigma,0.2,fixed,0.2,0.2,fixed,0.2,1.0,0.9,0.019422383788701602,0.02506918050089612,0.013715803225543152,0.015524942384674178,0.010832105942886555,0.014236891811096039,0.013350678967114477,0.015601481327826012,0.08939211806770309,0.10563055677754428,0.0818818151173244,0.25306379462367545
2000,base1,2,149,1,,7961.667107393034,exchangeable_varying_sigma,0.2,fixed,0.2,0.2,fixed,0.2,1.0,0.0,0.03283774119139885,0.04378140487289003,0.0054179805773995615,0.0064381854495728676,0.03295303217850492,0.0440174229283204,0.004533689202106533,0.006100915361557938,0.18776946825530877,0.20895818272343766,0.020571804629581233,0.26659544440108607
2000,base1,2,149,1,,8995.467699368019,exchangeable_varying_sigma,0.2,fixed,0.2,0.2,fixed,0.2,1.0,0.3,0.034461998955335575,0.04532738385539873,0.011046401354765645,0.012083034300151774,0.033632952641282604,0.04426760813993189,0.010793021656301083,0.011853598785887967,0.1893284281929741,0.20792490849517573,0.09195748614646121,0.3258741646264082
2000,base1,2,149,1,,7272.242863863241,exchangeable_varying_sigma,0.2,fixed,0.2,0.2,fixed,0.2,1.0,0.6,0.03478754846636427,0.04580867465470616,0.010463881328666824,0.011827915001897126,0.030961240495203903,0.04074005670374604,0.010588271077911188,0.011940164160474389,0.19361031854276212,0.21097152839061853,0.1563497557991222,0.43856038488964955
2000,base1,2,149,1,,8394.787214482203,exchangeable_varying_sigma,0.2,fixed,0.2,0.2,fixed,0.2,1.0,0.9,0.035483461102290365,0.04656899494121533,0.009250253975332523,0.011102637681859966,0.02538539416175634,0.03310928447016763,0.010020737628103793,0.011520384934801805,0.19821883904776857,0.21453392974938842,0.21851455734702163,0.5732750122359084
2000,base2,2,149,1,,7393.387613506056,exchangeable_varying_sigma,0.2,fixed,0.2,0.2,fixed,0.2,1.0,0.0,0.034218491275647224,0.04533084973528021,0.005647144533598686,0.005968665878203746,0.03440936211589654,0.04567182455555253,0.0057993275487701335,0.006024301600191197,0.18509599858798856,0.2107032936734823,0.003932739783512526,0.26180450519747517
2000,base2,2,149,1,,9251.610665667802,exchangeable_varying_sigma,0.2,fixed,0.2,0.2,fixed,0.2,1.0,0.3,0.03487907443037481,0.04578886115463064,0.008199420774726768,0.010232153399183787,0.034247102543960045,0.0450028227659847,0.007981463129403343,0.009822946929917645,0.19019512373828765,0.2137731432497519,0.08724360574822398,0.3239868253426997
2000,base2,2,149,1,,9290.178133192938,exchangeable_varying_sigma,0.2,fixed,0.2,0.2,fixed,0.2,1.0,0.6,0.03505465093942146,0.04602389631205067,0.00835223128275242,0.010296111776195827,0.03147381166862463,0.04142778457142438,0.008430509971617511,0.009943411465474946,0.19509357212882236,0.21626658134323665,0.1531676065953324,0.4377799702242479
2000,base2,2,149,1,,8120.817888486665,exchangeable_varying_sigma,0.2,fixed,0.2,0.2,fixed,0.2,1.0,0.9,0.03537267578259198,0.04643486883039897,0.008204119554191452,0.010084560121291023,0.025286727584330138,0.0335553994010476,0.008718852602783794,0.010054360995359014,0.20045637363352,0.21953943778006968,0.21743183243805653,0.5756400958708586
2000,base3,2,149,1,,9013.998197506182,exchangeable_varying_sigma,0.2,fixed,0.2,0.2,fixed,0.2,1.0,0.0,0.057577844577041765,0.07234247887198766,0.005662171067324695,0.006346925267735349,0.05940143305367933,0.07477010743750961,0.004985251631158205,0.0067340183351308385,0.20127095034987114,0.23268841433576537,0.04321661969638213,0.21195610244253235
2000,base3,2,149,1,,9176.419585504103,exchangeable_varying_sigma,0.2,fixed,0.2,0.2,fixed,0.2,1.0,0.3,0.055497888566204016,0.07031010920681766,0.008853927551512819,0.010298908888433132,0.05717983548453377,0.07248334010940605,0.007057749213778608,0.008111264244279827,0.21226333848783543,0.24556722229271483,0.1391349261735758,0.2735728994062916
2000,base3,2,149,1,,7472.8967054169625,exchangeable_varying_sigma,0.2,fixed,0.2,0.2,fixed,0.2,1.0,0.6,0.05579965305453344,0.07059833195914128,0.00827140752541336,0.009590160812975063,0.05612794906627412,0.07112620866649604,0.006431073624643485,0.00744354967365908,0.20795261934171333,0.24055297891181748,0.2708143281623376,0.3797996903436648
2000,base3,2,149,1,,9139.737549366895,exchangeable_varying_sigma,0.2,fixed,0.2,0.2,fixed,0.2,1.0,0.9,0.05648370399335125,0.07112319608928551,0.007045140357429841,0.008316990912266922,0.054226245029188935,0.06867709430984675,0.0051825136558567575,0.00637746990427824,0.2039040463579037,0.23610976140045847,0.40211181794296147,0.5092670289234107
2000,base4,2,149,1,,8685.344354289118,exchangeable_varying_sigma,0.2,fixed,0.2,0.2,fixed,0.2,1.0,0.0,0.030492079705125772,0.04107308045883905,0.003509883606538755,0.004513089843207084,0.030510340620723997,0.041207490362359905,0.003383753028127101,0.004406804518910684,0.22710981493767246,0.23941279289510006,0.01563180855230619,0.32163592717530365
2000,base4,2,149,1,,8901.667486811057,exchangeable_varying_sigma,0.2,fixed,0.2,0.2,fixed,0.2,1.0,0.3,0.030331470110193562,0.041299060222039566,0.009404251847159317,0.010234610799342611,0.02932502478074008,0.04009438698181773,0.009114396711614736,0.009918182287135683,0.22664277210844158,0.23770735471825472,0.07037792430220977,0.3642900740076599
2000,base4,2,149,1,,9405.77688306896,exchangeable_varying_sigma,0.2,fixed,0.2,0.2,fixed,0.2,1.0,0.6,0.030627226070478807,0.04172560405720443,0.008821731821062412,0.009982106954426934,0.02617284123802357,0.03610646498138299,0.008742030461332984,0.009818050432838088,0.23079713647446048,0.24086658841221295,0.12286924100495683,0.46379197283164614
2000,base4,2,149,1,,8899.101304099895,exchangeable_varying_sigma,0.2,fixed,0.2,0.2,fixed,0.2,1.0,0.9,0.031228927540367053,0.04243593671155679,0.007595464653078449,0.009278452878586772,0.018668502638026305,0.026591297392660813,0.008050763894950436,0.009239186940402341,0.2352216654409744,0.24448367351493738,0.17335460518902757,0.5896713021175284
5000,base1,2,149,1,,43903.984520538244,exchangeable_varying_sigma,0.2,fixed,0.2,0.2,fixed,0.2,1.0,0.0,0.024278113742612944,0.030299139176508144,0.007652892781141785,0.008184793627712648,0.024331353294019985,0.03036222777463476,0.007479640040819691,0.008117483342327375,0.041456407156374234,0.0586227453555332,0.02897689036715206,0.06751985627471646
5000,base1,2,149,1,,42655.484657071065,exchangeable_varying_sigma,0.2,fixed,0.2,0.2,fixed,0.2,1.0,0.3,0.02425865389504406,0.029772614970156326,0.008746530905506242,0.009977543648611233,0.023981368141886294,0.02944410985688959,0.008582232109424243,0.010072903178092887,0.04179627940575962,0.05650053582612335,0.0425273579934215,0.09486825748958178
5000,base1,2,149,1,,45383.982905732,exchangeable_varying_sigma,0.2,fixed,0.2,0.2,fixed,0.2,1.0,0.6,0.02413678324033129,0.02959684080356553,0.009329296518648583,0.010511795794351715,0.022550026736483132,0.027377437579028493,0.00925559352584246,0.01100572769560889,0.043500023731385604,0.058552449512199504,0.07967614715670324,0.15722365424444487
5000,base1,2,149,1,,46983.963157391176,exchangeable_varying_sigma,0.2,fixed,0.2,0.2,fixed,0.2,1.0,0.9,0.02401666198032223,0.02949168441552637,0.009691015647735501,0.010849757025641227,0.0194098276942434,0.02294156652476306,0.009405211831630567,0.01156209149798691,0.04616525023437044,0.06108685539350179,0.11526423975919753,0.22396867831965328
5000,base2,2,149,1,,47025.94683191972,exchangeable_varying_sigma,0.2,fixed,0.2,0.2,fixed,0.2,1.0,0.0,0.02421612558701423,0.030589555073942218,0.007272286886461782,0.00940193650222597,0.024342268322311646,0.030767487835057884,0.007360228761283755,0.009572127777114754,0.06392964200830893,0.07546302600540457,0.018089256635679923,0.0630705220166028
5000,base2,2,149,1,,45905.31881472608,exchangeable_varying_sigma,0.2,fixed,0.2,0.2,fixed,0.2,1.0,0.3,0.023872845755854685,0.03016543329181038,0.008323872477871183,0.008859039607347288,0.02371843845274586,0.02993475857358971,0.008319654186620326,0.0089132675018773,0.05975956619063976,0.07187832345484346,0.040077456891611796,0.09358774041558719
5000,base2,2,149,1,,47914.8312826911,exchangeable_varying_sigma,0.2,fixed,0.2,0.2,fixed,0.2,1.0,0.6,0.023678313880951984,0.029934601283635495,0.008906638091014801,0.00945112510117272,0.022013583264045195,0.027755997224499146,0.009068941760685872,0.009777152019894052,0.063381394743336,0.07532305468818415,0.07775609431766373,0.1560539929480735
5000,base2,2,149,1,,42308.08446971886,exchangeable_varying_sigma,0.2,fixed,0.2,0.2,fixed,0.2,1.0,0.9,0.023465938131189377,0.029723600756869903,0.009268357220102413,0.009860730515689618,0.017983160010246555,0.023024806969898455,0.00932278639948872,0.010260409153593313,0.06752856095335728,0.079318600359737,0.11437402670461161,0.22398769122194465
5000,base3,2,149,1,,46350.40898881899,exchangeable_varying_sigma,0.2,fixed,0.2,0.2,fixed,0.2,1.0,0.0,0.04974115858078788,0.061086604262663026,0.004921976150568386,0.00588093278343025,0.05171640017655485,0.06388955247790715,0.0037718334635764017,0.00510092442916945,0.3761731822724184,0.42137852175342144,0.025531018349561053,0.5337753978339778
5000,base3,2,149,1,,48012.29081151914,exchangeable_varying_sigma,0.2,fixed,0.2,0.2,fixed,0.2,1.0,0.3,0.048314815489603535,0.05966697880898399,0.010148985452639384,0.010467482212642083,0.05013491840915251,0.06229308180033075,0.009442761893865365,0.009723965018301067,0.37879068266808774,0.4206283915310739,0.11848172406471516,0.5402859114612077
5000,base3,2,149,1,,45746.235556053,exchangeable_varying_sigma,0.2,fixed,0.2,0.2,fixed,0.2,1.0,0.6,0.048236237133101295,0.05963729628058033,0.010731751065786346,0.010998782666767895,0.049476447918781405,0.06174379252846176,0.009823439793868044,0.010158852991759315,0.37683198437423215,0.4190053481293218,0.23324988920614442,0.5495521208717122
5000,base3,2,149,1,,44363.76477882778,exchangeable_varying_sigma,0.2,fixed,0.2,0.2,fixed,0.2,1.0,0.9,0.04825191762611145,0.059726856890143724,0.011093470194870766,0.011324651961220488,0.04814502499809416,0.06077429688535432,0.009786100588643418,0.010266115449475187,0.3746503398288738,0.4173314102711009,0.3464081941278151,0.5649656736177506
5000,base4,2,149,1,,44803.18529633898,exchangeable_varying_sigma,0.2,fixed,0.2,0.2,fixed,0.2,1.0,0.0,0.018835582378249286,0.024806078128354534,0.006973497391889016,0.007918942509938517,0.018828010583162164,0.02481927685166006,0.006844729217482665,0.007851485889986137,0.0838466946644034,0.08982243133532845,0.027782517992015077,0.12392034329349214
5000,base4,2,149,1,,44911.201740868855,exchangeable_varying_sigma,0.2,fixed,0.2,0.2,fixed,0.2,1.0,0.3,0.017863604898741402,0.023617890581014097,0.00887909136526073,0.009428075751664482,0.017466984698155285,0.0231777833031092,0.008735415999996776,0.00943162880144695,0.08462030371063979,0.09026461181683691,0.0285463513390683,0.14010410958659464
5000,base4,2,149,1,,43084.09082517121,exchangeable_varying_sigma,0.2,fixed,0.2,0.2,fixed,0.2,1.0,0.6,0.017827727621801008,0.02339967784885702,0.009461856978400657,0.009994495823078674,0.015527289203229225,0.02050587834628181,0.00942033074998229,0.010282268483977779,0.0869624378932699,0.09325795792076645,0.05261848212351783,0.18765146804325342
5000,base4,2,149,1,,42075.82061240962,exchangeable_varying_sigma,0.2,fixed,0.2,0.2,fixed,0.2,1.0,0.9,0.017903151615112106,0.023291224277078377,0.009823576107492099,0.010361571061705759,0.01065818610121753,0.013975892478245499,0.00957864972041339,0.010729194879662073,0.08948598668030486,0.0965288835217972,0.0749213172574753,0.24550186463205625
2000,base1,0,150,1,,3150.2324338899925,exchangeable_varying_sigma,0.2,fixed,0.2,0.2,fixed,0.2,1.0,0.0,0.035404480876883464,0.04716321802229794,0.012650553613845511,0.016317213608911342,0.03552505958408767,0.04738987930530349,0.013324338697866228,0.016121442454085755,0.2256475626389361,0.2315729389276596,0.010474723934307545,0.3193199427610948
2000,base1,0,150,1,,3543.727251406759,exchangeable_varying_sigma,0.2,fixed,0.2,0.2,fixed,0.2,1.0,0.3,0.03618333291078143,0.049062370929766515,0.0178781818382676,0.01822515861360093,0.035338371307026134,0.04792734166655052,0.018467471888998804,0.01882118778827979,0.21129518042201953,0.21806413275266115,0.07362969386422699,0.3446689496130009
2000,base1,0,150,1,,3045.666952927597,exchangeable_varying_sigma,0.2,fixed,0.2,0.2,fixed,0.2,1.0,0.6,0.03644051416791491,0.049444543310316856,0.019748413105209917,0.020303848790572697,0.03266753440839476,0.04416557806677533,0.019698706403613805,0.020463540621164147,0.21349929774655907,0.21969242806339564,0.1401982550609866,0.4525485866647604
2000,base1,0,150,1,,3225.2945555634797,exchangeable_varying_sigma,0.2,fixed,0.2,0.2,fixed,0.2,1.0,0.9,0.036724721450768244,0.04985721510674972,0.021409669269181003,0.02235613749198834,0.02683923412996065,0.03566817457748024,0.020762941702621482,0.02224724659653981,0.21646444838678092,0.22217312200606648,0.20479668377652904,0.5883590960269625
2000,base2,0,150,1,,3162.671425092034,exchangeable_varying_sigma,0.2,fixed,0.2,0.2,fixed,0.2,1.0,0.0,0.035292638777978565,0.04718810964330347,0.014109795688400317,0.01586572486129858,0.035477268144901326,0.04747494762236477,0.014586044761022904,0.01570562070968554,0.22067782812718967,0.23116408566559682,0.003486203937097019,0.3121092284513946
2000,base2,0,150,1,,3840.8907583709806,exchangeable_varying_sigma,0.2,fixed,0.2,0.2,fixed,0.2,1.0,0.3,0.035584699943353185,0.048062279835760766,0.016418939763713017,0.016693245923664238,0.034806174045630585,0.04708891688516578,0.017336548038638627,0.01763802127114253,0.21029853836686357,0.2194361910211836,0.07434287949628851,0.3436867382381724
2000,base2,0,150,1,,2971.744592999108,exchangeable_varying_sigma,0.2,fixed,0.2,0.2,fixed,0.2,1.0,0.6,0.03572305398668838,0.04826785979356858,0.018289171030654028,0.01854950282579968,0.03191459047419665,0.04321157431677482,0.018791128786685027,0.019108746737310656,0.2130816725110459,0.22114008970208246,0.1405382567525798,0.4522343933959853
2000,base2,0,150,1,,3159.444414060563,exchangeable_varying_sigma,0.2,fixed,0.2,0.2,fixed,0.2,1.0,0.9,0.03586757130481883,0.04848092100291118,0.01995042719462621,0.020355276341210128,0.025525377531539658,0.034477105726718256,0.02004863959955283,0.020460187584581253,0.21692380703499084,0.22405424899462334,0.20404394500506096,0.5883713783759358
2000,base3,0,150,1,,3190.726286817342,exchangeable_varying_sigma,0.2,fixed,0.2,0.2,fixed,0.2,1.0,0.0,0.05801782837384823,0.07255952633108936,0.01560178869889342,0.01868804646133327,0.06012341225899449,0.07517043348615658,0.014182885598196138,0.017815065044767764,0.15307609946591194,0.18112572222345164,0.006607330985676484,0.1407519643517105
2000,base3,0,150,1,,2571.8448576899245,exchangeable_varying_sigma,0.2,fixed,0.2,0.2,fixed,0.2,1.0,0.3,0.058764604723538165,0.07326005726846715,0.02182184010643118,0.02314253048844257,0.06054344713324538,0.07545498346709394,0.024116014709189323,0.02496582885184226,0.1622201787998886,0.19282870335596675,0.15042080570073862,0.24721247923126208
2000,base3,0,150,1,,3705.347559853457,exchangeable_varying_sigma,0.2,fixed,0.2,0.2,fixed,0.2,1.0,0.6,0.058971328777754274,0.07354912043101285,0.023692071373372287,0.02486388919875653,0.0593278250008557,0.07387673206253456,0.02626209531508529,0.027232247664099176,0.15906581730820837,0.18899363045551737,0.28708422438206294,0.3898990948874246
2000,base3,0,150,1,,4499.200706103817,exchangeable_varying_sigma,0.2,fixed,0.2,0.2,fixed,0.2,1.0,0.9,0.05908594391859487,0.0738804179729063,0.025353327537344372,0.026507976564684604,0.05688271932177002,0.07078453225982635,0.02843969493185461,0.029565828960480336,0.15606642910473867,0.18496726294124283,0.4235102664686507,0.547625871895481
2000,base4,0,150,1,,2510.661515103653,exchangeable_varying_sigma,0.2,fixed,0.2,0.2,fixed,0.2,1.0,0.0,0.03222184485253877,0.043769258510947526,0.012372556686307185,0.01602658096914553,0.03227860805278472,0.04392725314362861,0.01293584767216166,0.01577301570777827,0.25924119811158736,0.26269067473730895,0.005745377634263849,0.36667182006680593
2000,base4,0,150,1,,2422.5196900907904,exchangeable_varying_sigma,0.2,fixed,0.2,0.2,fixed,0.2,1.0,0.3,0.032582038738730675,0.04524994124455288,0.018156178765804873,0.018253914177681546,0.03161917922066565,0.043989359379701186,0.01864968768553231,0.018831853204264684,0.24644426197609512,0.24996550449789356,0.06405068230095484,0.3890176836382853
2000,base4,0,150,1,,4483.378667068668,exchangeable_varying_sigma,0.2,fixed,0.2,0.2,fixed,0.2,1.0,0.6,0.032740259252408484,0.04560610516861887,0.020026410032749423,0.020215586465812212,0.028385398354650617,0.039746926675198656,0.020087688031334816,0.020556791077163076,0.24874055242400459,0.251767920839063,0.11998315080242467,0.4882130492495663
2000,base4,0,150,1,,3766.798904467374,exchangeable_varying_sigma,0.2,fixed,0.2,0.2,fixed,0.2,1.0,0.9,0.032844657104000384,0.04599283310947037,0.021687666196719732,0.022125738489989347,0.02047328563322639,0.02942426238125166,0.02140807221113765,0.022303758537205242,0.251846616347153,0.254510889809659,0.17374379744448332,0.6174547791668725
5000,base1,0,150,1,,18505.673785823397,exchangeable_varying_sigma,0.2,fixed,0.2,0.2,fixed,0.2,1.0,0.0,0.02467402458627007,0.030688100746415526,0.005675883751626157,0.00569706001330657,0.024797356552340225,0.030829710249765222,0.005733403834098691,0.005771872342508157,0.06763968274129348,0.07929578766147732,0.015366846570136906,0.09777936550586509
5000,base1,0,150,1,,15998.991978234611,exchangeable_varying_sigma,0.2,fixed,0.2,0.2,fixed,0.2,1.0,0.3,0.02277915007921639,0.02863271630182054,0.004469661231085192,0.005140614687271915,0.022543197230989385,0.02832458144984093,0.005216490720028583,0.0059613622177546125,0.0582401273928883,0.07411402333379258,0.02497330394870273,0.10071907277416538
5000,base1,0,150,1,,17290.042783613317,exchangeable_varying_sigma,0.2,fixed,0.2,0.2,fixed,0.2,1.0,0.6,0.02271752789243061,0.028551686016453314,0.004868232761245678,0.005523490906174931,0.02115852373899349,0.026309083079838258,0.006169398685935995,0.006956206742624963,0.05555580748089706,0.07150636657475148,0.06726217740658291,0.15720480653458074
5000,base1,0,150,1,,15125.722464027815,exchangeable_varying_sigma,0.2,fixed,0.2,0.2,fixed,0.2,1.0,0.9,0.02273377881399873,0.028611382250672408,0.00522089844783058,0.005789712462830921,0.018515603986311826,0.02218667906428007,0.006840251815742104,0.00757727418648742,0.05568275675880266,0.07036020977820413,0.11021911683436536,0.22728494088225717
5000,base2,0,150,1,,18167.628851355053,exchangeable_varying_sigma,0.2,fixed,0.2,0.2,fixed,0.2,1.0,0.0,0.023612183587271317,0.030125632207142657,0.0036906588165070836,0.0038335614833750085,0.02384232395115519,0.030446646283533163,0.003276445599933425,0.0035421313644812638,0.08194389579483458,0.09405398096738002,0.011849699015177014,0.09950983911295935
5000,base2,0,150,1,,17405.967804052867,exchangeable_varying_sigma,0.2,fixed,0.2,0.2,fixed,0.2,1.0,0.3,0.023404287687722892,0.03013065288902651,0.005905745260124995,0.006689999584085038,0.023404055148526157,0.030186555942597684,0.006437554596363193,0.0074094251361682744,0.08269474094547952,0.09425315580233348,0.020674272520479875,0.10120659773104836
5000,base2,0,150,1,,15537.82292912621,exchangeable_varying_sigma,0.2,fixed,0.2,0.2,fixed,0.2,1.0,0.6,0.023192063664352565,0.029922219458036345,0.006343841046675042,0.007053677182836611,0.021752098699062746,0.02808186981860479,0.007207168494912292,0.008234965577902705,0.08255805604091626,0.09299222793432649,0.06531048612676882,0.15808641709139928
5000,base2,0,150,1,,14047.221147664823,exchangeable_varying_sigma,0.2,fixed,0.2,0.2,fixed,0.2,1.0,0.9,0.023001989216707052,0.029716536571358025,0.006696506733262636,0.007288943163229555,0.01791953590610103,0.023362729427273854,0.007801420500666539,0.008562446943746466,0.08269950562611096,0.09238998550006933,0.11205623239000329,0.23242703659758304
5000,base3,0,150,1,,16575.573348140344,exchangeable_varying_sigma,0.2,fixed,0.2,0.2,fixed,0.2,1.0,0.0,0.049645660145584795,0.06088884185335599,0.0052971228651876034,0.005545417526248393,0.05170161322456351,0.06358320377399684,0.004269829261899144,0.00454059024347925,0.3349116627789244,0.37330091548241545,0.00558909084201847,0.47190680844689226
5000,base3,0,150,1,,16431.690930906683,exchangeable_varying_sigma,0.2,fixed,0.2,0.2,fixed,0.2,1.0,0.3,0.04969640743401143,0.0609568576863121,0.0031553351403734997,0.0037411380695834334,0.05150350841812407,0.06344974088779194,0.005044410579732372,0.005245216042017133,0.3499491706323738,0.39120161979283913,0.11703940585565398,0.49805513494284537
5000,base3,0,150,1,,17860.842995439656,exchangeable_varying_sigma,0.2,fixed,0.2,0.2,fixed,0.2,1.0,0.6,0.049780476573096456,0.061128662446312036,0.0035934309269250175,0.0040942957452031895,0.050740917360759565,0.06276970650773543,0.005779080501171374,0.006066172685279157,0.35343339867806906,0.39641476891571964,0.23664835378829607,0.5207674612080617
5000,base3,0,150,1,,19752.688123092987,exchangeable_varying_sigma,0.2,fixed,0.2,0.2,fixed,0.2,1.0,0.9,0.049928759396677035,0.061419692338641994,0.003946096613508199,0.004326740409199123,0.04935938703917331,0.06170084256546301,0.006125933668941319,0.0066187614954833765,0.3562604996204189,0.40136593445085034,0.3560556458435764,0.5521665394656644
5000,base4,0,150,1,,16248.658144387417,exchangeable_varying_sigma,0.2,fixed,0.2,0.2,fixed,0.2,1.0,0.0,0.018644001760802578,0.024649477817685762,0.004905302847045434,0.004912066392488172,0.018680200704680846,0.024712286606072525,0.004807106613742618,0.004819759018759343,0.11313215399284436,0.11601651606497701,0.014538649513839876,0.16102879191516065
5000,base4,0,150,1,,17301.707201925106,exchangeable_varying_sigma,0.2,fixed,0.2,0.2,fixed,0.2,1.0,0.3,0.01775334776545147,0.02354767378398045,0.004691639507732992,0.005346446967726326,0.017184571894925633,0.022922669250371848,0.005264802462381896,0.006102825296640564,0.10297378412778688,0.10825595774250796,0.013940117473572933,0.15803089102021434
5000,base4,0,150,1,,18859.99998341594,exchangeable_varying_sigma,0.2,fixed,0.2,0.2,fixed,0.2,1.0,0.6,0.017758460802578136,0.023499400106347604,0.005129735294283871,0.005720549105412304,0.015107262259403936,0.020133126250155144,0.006191761872229085,0.007010729997287614,0.09956468208282476,0.10608337514599021,0.0446134417100017,0.1994753093653342
5000,base4,0,150,1,,11874.207802220248,exchangeable_varying_sigma,0.2,fixed,0.2,0.2,fixed,0.2,1.0,0.9,0.01785370261592819,0.023592310319125925,0.005482400980869051,0.005970971541511338,0.010219024073861901,0.013574425006880563,0.006822167461078443,0.007493867382455504,0.09694436872828008,0.10525115571091302,0.07646517513503026,0.26010997866262364
2000,base1,1,151,1,,3214.536652910523,exchangeable_varying_sigma,0.2,fixed,0.2,0.2,fixed,0.2,1.0,0.0,0.03681133391733947,0.0464939821451958,0.017384204151259616,0.01885629593070825,0.03689311672600287,0.04660856549952455,0.017382340538159874,0.01908341972714951,0.18963272595672148,0.1978624813231242,0.022265750243194313,0.269392413821372
2000,base1,1,151,1,,2571.405681435019,exchangeable_varying_sigma,0.2,fixed,0.2,0.2,fixed,0.2,1.0,0.3,0.03294433254073404,0.04254054908395445,0.016488256408289464,0.020399139385777646,0.03231704464246693,0.04212101158621639,0.01575155071420903,0.020439740794956408,0.16933762349721024,0.18243019347339093,0.03188013601131667,0.26324087801320006
2000,base1,1,151,1,,3231.1982318898663,exchangeable_varying_sigma,0.2,fixed,0.2,0.2,fixed,0.2,1.0,0.6,0.03298649498299042,0.0423893177465333,0.01744070138652573,0.02173670656934054,0.029611718579633142,0.03856484071389281,0.01674350633163224,0.021966836889834324,0.16388848167568817,0.17934313601076107,0.10973195041862172,0.3549374901675898
2000,base1,1,151,1,,2808.3152499543503,exchangeable_varying_sigma,0.2,fixed,0.2,0.2,fixed,0.2,1.0,0.9,0.033109920040888474,0.04246304162993434,0.018018448794024283,0.022765439239550093,0.023830854643296005,0.030288841084148276,0.017859521090905744,0.02346440378961989,0.16053128110642068,0.17838920207604628,0.18949719343382176,0.48562537538140416
2000,base2,1,151,1,,2765.0592949977145,exchangeable_varying_sigma,0.2,fixed,0.2,0.2,fixed,0.2,1.0,0.0,0.03359511401036095,0.043574717054106635,0.019008452155546987,0.020953588691704845,0.03372477746699917,0.043747131893816966,0.01901366060321527,0.021609312724679273,0.18783104012163448,0.2023842106844226,0.013161063473726276,0.2660629794194912
2000,base2,1,151,1,,2621.2052676482126,exchangeable_varying_sigma,0.2,fixed,0.2,0.2,fixed,0.2,1.0,0.3,0.03393304493723313,0.0439425428331213,0.015702178009537687,0.019375527999343774,0.0328857543815965,0.042914984107185646,0.014440587334406785,0.019481021133937702,0.17358678402734926,0.19015538850600147,0.07597630320655496,0.2943673795385801
2000,base2,1,151,1,,3941.6942729409784,exchangeable_varying_sigma,0.2,fixed,0.2,0.2,fixed,0.2,1.0,0.6,0.03430468534643427,0.044272288974449625,0.016654622987776257,0.02055727988601142,0.02996280965685463,0.03925203356944905,0.01533205006182392,0.021046296629464906,0.16860932176128815,0.18675057617451918,0.15251127740839365,0.4009882752622516
2000,base2,1,151,1,,4354.6212601987645,exchangeable_varying_sigma,0.2,fixed,0.2,0.2,fixed,0.2,1.0,0.9,0.03486397045428832,0.04489746754965818,0.017232370395274615,0.021398568392275243,0.023749047858481913,0.03122774173154442,0.01629369761846622,0.022388836703519488,0.16583705854528136,0.18523010589522246,0.22882493759636113,0.5351462965178454
2000,base3,1,151,1,,3236.637089986354,exchangeable_varying_sigma,0.2,fixed,0.2,0.2,fixed,0.2,1.0,0.0,0.05730462052547395,0.07162589706665964,0.016311685566828174,0.01859081123577897,0.059341833240718095,0.07424015029024014,0.016580571442256012,0.01962074505863297,0.19398671767576597,0.23795920643907859,0.0037629632427953934,0.2111360476140403
2000,base3,1,151,1,,2854.4658788386732,exchangeable_varying_sigma,0.2,fixed,0.2,0.2,fixed,0.2,1.0,0.3,0.05625214233603581,0.07137806507320922,0.011750779112247284,0.01810764242025343,0.057969413330488787,0.0735270705152391,0.012102655165755594,0.01950335899664967,0.2051444746076172,0.24722403221486428,0.0947667540690573,0.24876541827857615
2000,base3,1,151,1,,3786.0840194784105,exchangeable_varying_sigma,0.2,fixed,0.2,0.2,fixed,0.2,1.0,0.6,0.05600920144542661,0.07108359448592692,0.013118303846539864,0.019144958756799467,0.05641332516462936,0.07173598370624684,0.01337916868845851,0.020275078608582554,0.21411376173771945,0.2554465519280833,0.24209846433504711,0.3528532615094392
2000,base3,1,151,1,,1844.9158166060224,exchangeable_varying_sigma,0.2,fixed,0.2,0.2,fixed,0.2,1.0,0.9,0.05584266849107011,0.07072066587538413,0.014480822022051448,0.019900285620477038,0.05330588015779989,0.06829751044245247,0.014917309675875512,0.02040743205292734,0.22273413438117606,0.26325072609996386,0.39386267667207764,0.4979724761382422
2000,base4,1,151,1,,4213.442196758464,exchangeable_varying_sigma,0.2,fixed,0.2,0.2,fixed,0.2,1.0,0.0,0.03217929313544192,0.042016862386204085,0.017738187235873712,0.019123963329077575,0.032184974518194416,0.042077698302115676,0.01777142601081594,0.01938947869966268,0.22514765265453088,0.22936659124854433,0.014345344578753546,0.31879466861247424
2000,base4,1,151,1,,3497.7339889723808,exchangeable_varying_sigma,0.2,fixed,0.2,0.2,fixed,0.2,1.0,0.3,0.030728832156248432,0.04013974331225616,0.014588011096120485,0.019161400837531255,0.029853179451865615,0.039302740767389814,0.013907812331717562,0.019527475122048638,0.20787079856167415,0.21487624958910495,0.0314566637396822,0.31883503416575754
2000,base4,1,151,1,,4375.312324080616,exchangeable_varying_sigma,0.2,fixed,0.2,0.2,fixed,0.2,1.0,0.6,0.03079597311341231,0.04009002355692699,0.015540456074356751,0.020414856096565657,0.02653027589681668,0.03515747125583269,0.014889641008587806,0.021033719656671127,0.2022127515759055,0.21057351628546847,0.10052621744472201,0.40373952069059954
2000,base4,1,151,1,,3459.3423221269622,exchangeable_varying_sigma,0.2,fixed,0.2,0.2,fixed,0.2,1.0,0.9,0.030975384688112013,0.04023982507514175,0.016118203481857635,0.02134525800835008,0.018477969023952063,0.024846725665546188,0.016331718674346518,0.02237721457688557,0.19848718582084557,0.20829617109925275,0.171954042426273,0.5282901785675518
5000,base1,1,151,1,,17627.701060979627,exchangeable_varying_sigma,0.2,fixed,0.2,0.2,fixed,0.2,1.0,0.0,0.02395644566913458,0.029942972451437098,0.004870322166075747,0.006025736757112591,0.024011102008991887,0.03001269290472815,0.004733860930062242,0.005649055163384244,0.058095129227758925,0.07236597663369058,0.004939531040521809,0.08242196833621368
5000,base1,1,151,1,,15552.318858942017,exchangeable_varying_sigma,0.2,fixed,0.2,0.2,fixed,0.2,1.0,0.3,0.02300758589249994,0.02870871737315493,0.00997907745582105,0.012019211016908652,0.02272199195214165,0.028325023310120306,0.010543001952244918,0.01292346713085492,0.04978769481847036,0.068578877114057,0.02038431691800735,0.0837525614620306
5000,base1,1,151,1,,17939.254597608,exchangeable_varying_sigma,0.2,fixed,0.2,0.2,fixed,0.2,1.0,0.6,0.022949990072474075,0.02857333954779446,0.010576087195762224,0.012574853094255323,0.021357397061754022,0.026351256484541497,0.012049507826386419,0.014505261672717209,0.050314175095848956,0.06945068775934415,0.06255423301619567,0.13709459024028964
5000,base1,1,151,1,,16065.918691892177,exchangeable_varying_sigma,0.2,fixed,0.2,0.2,fixed,0.2,1.0,0.9,0.022911805303131503,0.028433100777496556,0.010926831219885358,0.012783892115223258,0.0185501683791117,0.0222426975834462,0.013132031795722587,0.015380036247086462,0.052612052129539004,0.07168979101605603,0.10718914645945266,0.20456050382204732
5000,base2,1,151,1,,16066.349324801937,exchangeable_varying_sigma,0.2,fixed,0.2,0.2,fixed,0.2,1.0,0.0,0.022615882787913943,0.028965241127218752,0.005430707468785018,0.0060786706208811854,0.022783676192311184,0.02919805656510728,0.005147240311698664,0.0055488183599087535,0.06839614492519999,0.0813983165258635,0.00830862872302007,0.08828084140907329
5000,base2,1,151,1,,15793.634732857347,exchangeable_varying_sigma,0.2,fixed,0.2,0.2,fixed,0.2,1.0,0.3,0.022605982159677414,0.02883589020831182,0.010197669076564386,0.012113869743320287,0.022279144479206658,0.02852067170347244,0.01049195271398845,0.012811737974148243,0.05979726246676093,0.07451026566341543,0.022492523455055757,0.09037115061187877
5000,base2,1,151,1,,16495.39795483183,exchangeable_varying_sigma,0.2,fixed,0.2,0.2,fixed,0.2,1.0,0.6,0.022536988044708384,0.028710135015201692,0.010794678816507614,0.01265568906086392,0.020574145089876317,0.026446490160550118,0.011856633959465762,0.014276368600029126,0.054100205200455095,0.07198815741848212,0.06451248221181027,0.1440688956503335
5000,base2,1,151,1,,18138.75349920243,exchangeable_varying_sigma,0.2,fixed,0.2,0.2,fixed,0.2,1.0,0.9,0.02250499765112968,0.028553731841986705,0.011145422840633995,0.012848850028870776,0.016865192377907904,0.022103105891177213,0.012761286031024305,0.015015420050817256,0.04905853301148556,0.07106601138888105,0.10919012844046005,0.21207525761200244
5000,base3,1,151,1,,16037.698288645595,exchangeable_varying_sigma,0.2,fixed,0.2,0.2,fixed,0.2,1.0,0.0,0.04787283492591973,0.05994386367296819,0.007129034020372668,0.010861933976025454,0.04977840471440692,0.06263670152906607,0.006246110628322504,0.00846286249987838,0.35470988494549555,0.39745362112404037,0.00733759787273916,0.49910532895408677
5000,base3,1,151,1,,16077.74991044961,exchangeable_varying_sigma,0.2,fixed,0.2,0.2,fixed,0.2,1.0,0.3,0.04879453867484727,0.06028406025761219,0.008202588153789409,0.011289491576409195,0.050327037653677464,0.06277262017814876,0.01077337636622143,0.013104130924893128,0.36241681839479745,0.4070788498719258,0.12429500586247397,0.517837834256388
5000,base3,1,151,1,,18408.00639684405,exchangeable_varying_sigma,0.2,fixed,0.2,0.2,fixed,0.2,1.0,0.6,0.048890212988191115,0.06034820800332502,0.008629046646562222,0.011820131789875985,0.04947354060305798,0.06200782559401181,0.011985408672546424,0.014413969199699402,0.3660611042434519,0.410462224417624,0.24262671205367842,0.5395896082110148
5000,base3,1,151,1,,18658.12430697214,exchangeable_varying_sigma,0.2,fixed,0.2,0.2,fixed,0.2,1.0,0.9,0.048983005178230454,0.060444586573278225,0.00891600320915803,0.012045783266826102,0.0479130423964736,0.06073806730793467,0.012892252533442006,0.015133773757035639,0.3691325350694752,0.4133394370007033,0.3611637206594672,0.5687172805256869
5000,base4,1,151,1,,17010.67440601345,exchangeable_varying_sigma,0.2,fixed,0.2,0.2,fixed,0.2,1.0,0.0,0.018000956595229954,0.023679724171243022,0.005334434983189695,0.00686043392464766,0.018016626402215418,0.02371002952019281,0.005106150250151681,0.006493420597979614,0.10188484977531576,0.10487762949505941,0.0025631710950977135,0.14412371021229453
5000,base4,1,151,1,,16099.472675688565,exchangeable_varying_sigma,0.2,fixed,0.2,0.2,fixed,0.2,1.0,0.3,0.017723349267420103,0.023102309984735104,0.009493931682352685,0.011664329619871138,0.017075081125360842,0.022443205237659684,0.010220228351093347,0.012787187329736808,0.09248672134340365,0.09683116518855343,0.009901282902044839,0.1407338003470861
5000,base4,1,151,1,,15587.459348567761,exchangeable_varying_sigma,0.2,fixed,0.2,0.2,fixed,0.2,1.0,0.6,0.017699068219068678,0.02300525833543972,0.010090941422292277,0.012221123396628664,0.015034366329923875,0.019775522370916752,0.011711461143714769,0.014372620334750976,0.08825037252936194,0.09467038164434793,0.03970770767345244,0.17740638360384894
5000,base4,1,151,1,,13657.835815221071,exchangeable_varying_sigma,0.2,fixed,0.2,0.2,fixed,0.2,1.0,0.9,0.017689114958615294,0.02290934437908738,0.010441685446423155,0.012431517874132035,0.010187364231863592,0.013482783375535868,0.012773686512016519,0.01521428058260925,0.08434672534570042,0.09366256860546152,0.0718947861922653,0.23326112849167066
2000,base1,2,152,1,,3116.470389002934,exchangeable_varying_sigma,0.2,fixed,0.2,0.2,fixed,0.2,1.0,0.0,0.03621532636829744,0.048809694317471924,0.007339454530207318,0.009060158843796828,0.03631452240334509,0.0490209224023917,0.007620082864997685,0.008698442171312,0.18509017662060945,0.20133866403945366,0.015365367590388024,0.262355326470298
2000,base1,2,152,1,,3598.4823787044734,exchangeable_varying_sigma,0.2,fixed,0.2,0.2,fixed,0.2,1.0,0.3,0.03601566668735368,0.0467102525802817,0.009554971379785102,0.010951902906108653,0.035548334039601615,0.04598308718873426,0.009953202671642139,0.011400518416277079,0.1874937850741321,0.20372134948799556,0.09638150796503889,0.3263739138179
2000,base1,2,152,1,,3304.930166721344,exchangeable_varying_sigma,0.2,fixed,0.2,0.2,fixed,0.2,1.0,0.6,0.035669046996414724,0.04621273966681857,0.010192309408485145,0.011988538247244471,0.03250345635210451,0.041980617495115516,0.010331184247441352,0.012174620782161569,0.1963800264382179,0.21199529180887672,0.15485894036904518,0.44105023632922535
2000,base1,2,152,1,,3251.333388246596,exchangeable_varying_sigma,0.2,fixed,0.2,0.2,fixed,0.2,1.0,0.9,0.035292459754418054,0.04578886909186841,0.010638237561495442,0.0129554943809084,0.026235869062872737,0.03361326530737964,0.010116851099063698,0.012144412848665293,0.20370984780425128,0.21896418003970852,0.20974516109855823,0.5731450740296657
2000,base2,2,152,1,,3611.7870724070817,exchangeable_varying_sigma,0.2,fixed,0.2,0.2,fixed,0.2,1.0,0.0,0.036315487604019536,0.04851179227820249,0.008190529834883553,0.009747891695144542,0.03659883379193418,0.04886649620849405,0.0068734935839801226,0.009354043569248642,0.18416214976620673,0.20781222295993443,0.0052166090320444,0.26051414607172263
2000,base2,2,152,1,,3042.1554520037025,exchangeable_varying_sigma,0.2,fixed,0.2,0.2,fixed,0.2,1.0,0.3,0.03484224350989623,0.04562294624714807,0.009763630145249863,0.012154343653822978,0.03449068487117329,0.045173775852030855,0.009321384525326173,0.011023103668369933,0.18646184411537542,0.2070167391861599,0.08605877272984933,0.3182187460480988
2000,base2,2,152,1,,3435.453756902367,exchangeable_varying_sigma,0.2,fixed,0.2,0.2,fixed,0.2,1.0,0.6,0.03448201760208558,0.045074312973091835,0.010400968173951211,0.013284135563582372,0.03147229338170207,0.0412401739252053,0.009601079449107014,0.011633566095904047,0.19577596999610491,0.21584773375886962,0.1432899693634267,0.4300670464492605
2000,base2,2,152,1,,3681.8783543342724,exchangeable_varying_sigma,0.2,fixed,0.2,0.2,fixed,0.2,1.0,0.9,0.0340485139710817,0.04461847378628087,0.010846896326959371,0.014348236858394918,0.024917842510939207,0.03268980123919072,0.00931952465785392,0.011520637718782364,0.20379470836139157,0.22390438061834467,0.1965481205852495,0.5604813246737042
2000,base3,2,152,1,,2747.2324347654358,exchangeable_varying_sigma,0.2,fixed,0.2,0.2,fixed,0.2,1.0,0.0,0.05608570629886306,0.07080456893550331,0.013361779610512325,0.014144535743112235,0.05835627711256234,0.07363315494859134,0.013895550043659305,0.014626076491765677,0.1937741986216729,0.2291302431578747,0.010728488128276132,0.20713982313298934
2000,base3,2,152,1,,3077.5658957557753,exchangeable_varying_sigma,0.2,fixed,0.2,0.2,fixed,0.2,1.0,0.3,0.056493140478871495,0.07017961221142645,0.00834057599362395,0.00951538593469354,0.05794451184759422,0.07203751412657274,0.008999355730979638,0.010311074115864327,0.1835079445262997,0.21450522695096727,0.194290616356594,0.31549822512700987
2000,base3,2,152,1,,3682.383052728139,exchangeable_varying_sigma,0.2,fixed,0.2,0.2,fixed,0.2,1.0,0.6,0.05656567034445889,0.0702285678081849,0.009134600441177088,0.010512110834147576,0.05627438420584936,0.0701155926502505,0.00935097176573775,0.010977663732109727,0.1769572038479621,0.20508422804200674,0.31850197147896575,0.43722633237375197
2000,base3,2,152,1,,3747.483848544769,exchangeable_varying_sigma,0.2,fixed,0.2,0.2,fixed,0.2,1.0,0.9,0.056823846467359634,0.07051525449314765,0.00999564139069345,0.011557409756581077,0.053783381003595795,0.06718267148892519,0.00946933116276949,0.01123397237614869,0.17141169441451887,0.19704983736338336,0.4380158147073922,0.568467707792053
2000,base4,2,152,1,,2450.850135050714,exchangeable_varying_sigma,0.2,fixed,0.2,0.2,fixed,0.2,1.0,0.0,0.03226826615611929,0.04470779718366861,0.00820333265357484,0.009560765177249528,0.0323323606269182,0.044881563475565815,0.008394261533790331,0.009163086048624456,0.22021840064356996,0.2303806489540123,0.010336250193396157,0.3116443738219946
2000,base4,2,152,1,,2747.0924516450614,exchangeable_varying_sigma,0.2,fixed,0.2,0.2,fixed,0.2,1.0,0.3,0.031019839736060487,0.04237621626730067,0.008356647850440588,0.01024629044795203,0.030265339906826078,0.04139719188516864,0.008660850196873432,0.010376177075893087,0.22505179652476281,0.23470372134175033,0.09008063644526271,0.37284317899510006
2000,base4,2,152,1,,4517.997803013772,exchangeable_varying_sigma,0.2,fixed,0.2,0.2,fixed,0.2,1.0,0.6,0.03076786788238695,0.041939229207454874,0.008993985879144017,0.01139031637438573,0.026739799892531745,0.03687578361723683,0.008968785602995022,0.01111756627625458,0.23426704125775927,0.2435729299996965,0.1350062554377221,0.4783038048452602
2000,base4,2,152,1,,3939.1006770571694,exchangeable_varying_sigma,0.2,fixed,0.2,0.2,fixed,0.2,1.0,0.9,0.03054385426135086,0.04165465584278938,0.009625351391546813,0.012469897147898715,0.018702230841240265,0.02666482736694392,0.008588899932414892,0.01097460545121059,0.2419949623628823,0.2512903859696735,0.1748943609927569,0.6021928045637653
5000,base1,2,152,1,,16373.091660836712,exchangeable_varying_sigma,0.2,fixed,0.2,0.2,fixed,0.2,1.0,0.0,0.02430791958974946,0.029994723582670132,0.014261228264060066,0.014721388631351986,0.024377318090671316,0.030061117905258478,0.01472407580570878,0.015147532093892394,0.048015894076478,0.06497755016933932,0.004904091704891998,0.05685945197350516
5000,base1,2,152,1,,17862.581966140307,exchangeable_varying_sigma,0.2,fixed,0.2,0.2,fixed,0.2,1.0,0.3,0.02404025973416974,0.029988211320946975,0.014950508418374975,0.01715010266213297,0.02346882070951719,0.029242354080673535,0.015732706836696156,0.01775929434539881,0.046342267275955557,0.06059227869456921,0.0581895148331632,0.10623757270044598
5000,base1,2,152,1,,17572.152773200534,exchangeable_varying_sigma,0.2,fixed,0.2,0.2,fixed,0.2,1.0,0.6,0.024130373275652248,0.03006429952370214,0.016105408136450228,0.018543250214514417,0.021866237946975987,0.026937117729572583,0.01655105804251837,0.018672599025189755,0.049174332490818214,0.06430656172177063,0.09189846610264696,0.16839477287494883
5000,base1,2,152,1,,18282.247760929167,exchangeable_varying_sigma,0.2,fixed,0.2,0.2,fixed,0.2,1.0,0.9,0.024208448626974913,0.030168976670129317,0.016967286519401853,0.019639584778096564,0.018790321033920632,0.022393921205795423,0.016688463528399214,0.01886401862930236,0.052885944508756895,0.06868292904795567,0.12193760065853376,0.23167625754267307
5000,base2,2,152,1,,17396.30226774607,exchangeable_varying_sigma,0.2,fixed,0.2,0.2,fixed,0.2,1.0,0.0,0.02399811303601125,0.03028507263286004,0.01532600288982347,0.016029446100984845,0.02414690506248727,0.030477565973780936,0.015835759937203098,0.016503616839620976,0.07319005207206654,0.08442982311726809,0.0012159186132513786,0.05843869167048389
5000,base2,2,152,1,,17101.978126151487,exchangeable_varying_sigma,0.2,fixed,0.2,0.2,fixed,0.2,1.0,0.3,0.023238609324333904,0.02932996855753508,0.013885733792613458,0.015975587759295952,0.022894821488905683,0.028992265863292562,0.014734940472146324,0.01652740246754324,0.07407613943556589,0.08303592938505888,0.04831984472266804,0.09793947818139218
5000,base2,2,152,1,,14036.038387968205,exchangeable_varying_sigma,0.2,fixed,0.2,0.2,fixed,0.2,1.0,0.6,0.023188811923993632,0.029249300329623133,0.015040633510685963,0.017389705114245948,0.021126177757269753,0.026813728347676643,0.015541174402067676,0.017477886842141896,0.07738036659481272,0.08681510424692442,0.08210741559918522,0.1598537105003358
5000,base2,2,152,1,,21748.3490809761,exchangeable_varying_sigma,0.2,fixed,0.2,0.2,fixed,0.2,1.0,0.9,0.023069890814565938,0.029162430070790366,0.015902511893643098,0.0185100528940367,0.017237083738451613,0.022265732048680213,0.01571298721902882,0.017792361339130845,0.08129805583996048,0.0913415551951071,0.11305091162320269,0.22493881277248337
5000,base3,2,152,1,,15375.130193335004,exchangeable_varying_sigma,0.2,fixed,0.2,0.2,fixed,0.2,1.0,0.0,0.04930404851139642,0.060405397031045915,0.01112701074534797,0.01148177901821464,0.05130808558505028,0.06308723566821678,0.011696741663042798,0.012074087358837237,0.3642647387398287,0.40452593666149606,0.015511993968630228,0.5153332385777895
5000,base3,2,152,1,,12569.709121267311,exchangeable_varying_sigma,0.2,fixed,0.2,0.2,fixed,0.2,1.0,0.3,0.04887912881107252,0.05997546190858179,0.018084725937089416,0.02024529269962624,0.05059435097294756,0.06235531107372096,0.018036735131411047,0.01990268562649748,0.36671312676801343,0.4047014433268129,0.11320721204505885,0.522342747287538
5000,base3,2,152,1,,16681.226605315693,exchangeable_varying_sigma,0.2,fixed,0.2,0.2,fixed,0.2,1.0,0.6,0.04880657536272413,0.059908447570354274,0.019239625655164627,0.02162672856254323,0.04972977504711275,0.06150195336876506,0.0188598236671869,0.020917189399031935,0.36204717091943556,0.4006697085713184,0.2268731966130051,0.5279457742357443
5000,base3,2,152,1,,21175.800905956887,exchangeable_varying_sigma,0.2,fixed,0.2,0.2,fixed,0.2,1.0,0.9,0.04875448531561711,0.05982218068099552,0.020101504038113116,0.022711380719703387,0.048024639274308036,0.05999063152212254,0.01908025396581431,0.02134429987115028,0.35734510758643856,0.39682764245538854,0.33985310108777966,0.5420923606405024
5000,base4,2,152,1,,14871.192896784283,exchangeable_varying_sigma,0.2,fixed,0.2,0.2,fixed,0.2,1.0,0.0,0.01918457681778464,0.024826043736998725,0.014007055879337149,0.014481355093188583,0.019210929135744143,0.024850201665028947,0.014499417194944186,0.014980583880731351,0.08424541590551121,0.09310445086822322,0.008106961260675125,0.11960272307218871
5000,base4,2,152,1,,16488.112610853277,exchangeable_varying_sigma,0.2,fixed,0.2,0.2,fixed,0.2,1.0,0.3,0.01832788285988971,0.024204895695524968,0.015204680803101306,0.01730744043960926,0.017600438099617897,0.023372244665976722,0.01564246922186449,0.01759983627483108,0.08019706312472126,0.08884360333324383,0.039786789353491225,0.14220135778639764
5000,base4,2,152,1,,15343.257960789837,exchangeable_varying_sigma,0.2,fixed,0.2,0.2,fixed,0.2,1.0,0.6,0.018410784983563997,0.024180000968867688,0.01635958052117291,0.018708468645795697,0.015423643906562954,0.020431838576123285,0.01641692087138283,0.018500174131669683,0.08528309265385313,0.09404033033834468,0.06092550407283037,0.1933944005131225
5000,base4,2,152,1,,9287.175496521406,exchangeable_varying_sigma,0.2,fixed,0.2,0.2,fixed,0.2,1.0,0.9,0.01851696897821407,0.02415922133878085,0.01722145890413103,0.019812614213961525,0.01038872911900534,0.013645995498335936,0.016520434754428354,0.018687396666364226,0.09075426520113236,0.09986741696789417,0.07874904026848417,0.25191832945067805
